{"[20]": [2.0, 1.9998732810558355, 2.0, 1.9999989164443392, 1.9999886477992106, 2.0, 1.9999999965863111, Infinity, 2.0], "[40]": [1.2146725871983617, 1260676.4561144582, 1.0, 0.8145695321344419, 0.020965348278412677, 0.521928691355956, 0.06675049780491982, 2.220446049250313e-14, 1.0173242983530923], "[60]": [1.5571096808965539, 1538406481468147.2, 2.428571428571429, 4.262285217086907, 5.109952215537825, 0.8541280491962757, 1.3709774695722166, 39.69480047268842, 2.1042727699840658], "[80]": [1.3514349190471235, 3.40077629912588e+24, 0.5714285714285716, 0.8869738770146107, 0.9748512532582432, 0.298426889449652, 0.12718827671455313, 4.501028375546831, 5.074762115857768], "[100]": [0.2887629155413214, 2.414254885475781e+32, 0.0, 0.039261650831230545, 0.0909835518483358, 0.11088301302426179, 0.2316714645732014, 1.8584684712438824, 1.539595916195573], "[120]": [0.2531248673934494, 7.576325486168787e+35, 0.0, 0.0028107690345847325, 0.007354346720420463, 0.011101890095847031, 0.02600807527908219, 1.0144810644274946, 0.9919433431960807], "[140]": [0.20516323543076376, 4.537767621226321e+50, 0.0, 0.00020119188885887795, 0.0005929939059059567, 0.0011663708641762686, 0.003004479083977918, 0.5375802243562596, 0.5515841973965541], "[160]": [0.17323160659312287, 1.9472354461076123e+59, 0.0, 1.439913777112085e-05, 4.780054254150004e-05, 0.0001226407333048193, 0.00034705427513944195, 0.3541174755373238, 0.3617805029896323], "[180]": [0.15008351039668233, 2.8311610852975855e+67, 0.0, 1.0305233832288233e-06, 3.853054034774722e-06, 1.2893444233746546e-05, 4.006886243607278e-05, 0.26400315823574694, 0.26866550236809716], "[200]": [0.1324473633213975, 1.9258664884755883e+77, 0.0, 7.375285925839304e-08, 3.105821546876668e-07, 1.3557604910963963e-06, 4.624057514440622e-06, 0.2104459871633836, 0.21351634957817972], "[220]": [0.1185882630276075, 1.6198306258292654e+85, 0.0, 5.2783704377580065e-09, 2.5035010317220637e-08, 1.424795447681979e-07, 5.341464077474147e-07, 0.17495284851047938, 0.17709799169438692], "[240]": [0.10758015912636376, 9.5085081810186e+93, 0.0, 3.777642535273252e-10, 2.0179900187866266e-09, 1.4977285714497868e-08, 6.170135263822839e-08, 0.14970380356116492, 0.15127232215301378], "[260]": [0.0984039237414428, 3.8746981460246653e+102, 0.0, 2.703596363410375e-11, 1.6266354687616982e-10, 1.574887255260931e-09, 7.118735279307943e-09, 0.1308232759840817, 0.13201218094667483], "[280]": [0.09030906883695256, 1.5387735893052318e+111, 0.0, 1.9349192592593463e-12, 1.3111774198274138e-11, 1.6561786812208907e-10, 8.223881799539511e-10, 0.1161716787334352, 0.11709941788706421]}