{"[20]": [0.3316169649380072, Infinity, 3.428571428571429, 0.5678509823095093, 0.14781497125684417], "[40]": [9.91916935315848, 16.71246241230672, 30.285714285714285, 12.618868282753695, 21.68673678694227], "[60]": [6.791774544367328, 29.098934881970607, 21.714285714285708, 7.114725258647098, 5.897280740825963], "[80]": [23.224792188676048, 31.590810873580267, 101.42857142857142, 7.067021007074288, 52.97074367085219], "[100]": [26.469817608813628, 71.65630529585417, 249.14285714285717, 14.56759377657761, 154.8636039480105], "[120]": [48.640114915923505, 553.0869079997483, 633.0, 85.24851463164873, 60.11539137250884], "[140]": [6.6213919787446684, 336.6676087186115, 1237.5714285714284, 617.0379573553892, 101.40182942689262], "[160]": [92.94339459123967, 730.6203305898889, 1280.1428571428569, 1025.7886058855738, 37.65917373621414], "[180]": [90.97076126721731, 3170637256.2711396, 2029.0, 1601.5800404975507, 13.641057356213423], "[200]": [378.0735349927236, 1.8504648253188729e+25, 4938.142857142857, 3618.5409166857626, 1276.5374631092163], "[220]": [776.4262816985356, 365.54753218374026, 3044.7142857142862, 7076.945156847629, 468.2010470829118], "[240]": [840.7042286948927, 3.0783565576359566e+32, 3053.0, 14282.27126559912, 2474.93968873403], "[260]": [468.26850386296064, 7.997825539666995e+52, 4849.5714285714275, 7812.296813897364, 1314.9195130153112], "[280]": [450.77776966623605, 9.05353540325716e+41, 3254.7142857142862, 3063.340992186069, 916.7738069833067]}