{"[20]": [0.0, 0.00012671894416448786, 0.0, 1.0835556608317027e-06, 1.135220078943924e-05, 1.587101661449283e-42, 3.4136889582377806e-09, Infinity, 0.0], "[40]": [2.430153879248209, 964084.2791195012, 2.0, 0.9400706197419924, 0.23288003706083327, 2.8527594539804584, 2.55434264791246, Infinity, 2.0248724423933577], "[60]": [15.805170040487917, 1538406480248654.0, 15.857142857142858, 18.52382156991997, 19.905731436038447, 11.803700064442461, 10.770150026866009, 13.052401823461526, 7.490034943986011], "[80]": [53.212568751407844, 3.40077629912588e+24, 137.14285714285714, 4.851066739641425, 11.417451533864437, 183.40000886727697, 20.970989653939142, 138.53208982023511, 128.77700187987153], "[100]": [221.73877041926653, 2.414254885475781e+32, 804.4285714285714, 187.81574738600943, 146.9236926524702, 136.91088888927266, 132.09253035707047, 155.4653945089799, 84.7803437697612], "[120]": [1854.5966243331686, 7.576325486168787e+35, 2644.8571428571427, 673.3231354354211, 188.42267463964527, 279.2175940002935, 271.86064401717704, 686.7553313304006, 565.2651605684296], "[140]": [698.1087955404728, 4.537767621226321e+50, 906.7142857142862, 280.09836536667535, 557.7773595167091, 348.2832324269348, 452.4252418395372, 311.5345118408186, 445.6134784238493], "[160]": [133.01635709758193, 1.9472354461076123e+59, 2582.4285714285716, 507.101996305988, 546.7208203345053, 469.075197655824, 432.9217806554798, 1751.9101059173117, 1666.070133728901], "[180]": [211.83086835376776, 2.8311610852975855e+67, 1354.5714285714284, 238.11136212019233, 238.08140626298973, 257.8743639209447, 282.6004239556214, 52.867582214104914, 49.19359408980881], "[200]": [179.00326391371482, 1.9258664884755883e+77, 371.71428571428567, 88.13455156917763, 89.08908803691611, 98.1875160328882, 124.46638750696161, 239.3624070118127, 202.36702523817144], "[220]": [4.518678812460166, 1.6198306258292654e+85, 96.28571428571428, 18.25773988831837, 18.63718690232976, 22.375613222386946, 32.55851410119335, 46.30996734385329, 35.671438156285774], "[240]": [35.59102121847263, 9.5085081810186e+93, 18.714285714285715, 0.18155389296026314, 0.12520242453111408, 1.2899121340602555, 4.06791498343501, 56.93556829687327, 55.72920053950227], "[260]": [37.000994617462766, 3.8746981460246653e+102, 1.2857142857142865, 4.13754098944775, 4.18324772823381, 3.658150797068812, 3.4430914141908904, 47.217063587673096, 49.63372419241739], "[280]": [28.867629172256557, 1.5387735893052318e+111, 2.571428571428571, 1.224219714054772, 1.2869654349150221, 1.0767366707698733, 1.5395281405138581, 42.90390948555056, 43.62843089215023]}