{"[20]": [4.921621730669447, 2.173291326585087, 4.0, 3.238078141639356, 0.6076162941583201, 1.6948523497892953, 0.2534301296505106, Infinity, 4.020107336990707], "[40]": [77.70156856909745, 2836762974.6685257, 84.71428571428571, 138.1064467009703, 140.21628298176046, 166.13553688989447, 165.64941630370652, 183.5578193329004, 265.54990574613737], "[60]": [725.2992935188686, 1.687067479009144e+18, 1163.857142857143, 1052.0926387448421, 2.984580742162734, 37.224109841843074, 52.28511628459637, 422.0602152576637, 377.5556805908584], "[80]": [2586.158394877997, 3.729403789879908e+27, 5027.571428571428, 2404.567505415729, 748.6110552341752, 600.9358015463804, 769.0353281901434, 7361.726988378432, 6878.871007307162], "[100]": [911.499253327006, 2.647552091869952e+35, 2672.5714285714284, 122.77267681535795, 892.6732132158177, 250.77128567770615, 115.24984953241437, 68684.72480107658, 50587.640598476944], "[120]": [649.989505766757, 8.308450134770628e+38, 2834.8571428571427, 30.294143958377845, 25.120117678967517, 92.62460381762548, 31.228900182823054, 20595.89966742356, 14987.180100998241], "[140]": [102.08019523303028, 4.976266294395922e+53, 628.5714285714286, 94.45783342262968, 74.16362029106637, 67.3154554583912, 81.35012672427936, 386.4771224981398, 351.5781306691995], "[160]": [503.60834609168614, 2.135402919236706e+62, 138.28571428571428, 71.33474927114514, 61.403418076589375, 61.63146966359711, 61.22014275249309, 636.2689632054446, 658.0755553215112], "[180]": [419.56885511651603, 3.104745092395459e+70, 53.14285714285714, 33.53617282724352, 29.10569950665157, 31.280937181546978, 28.75656332648419, 231.13227967337752, 245.1106853797486], "[200]": [428.4642162524917, 2.1119689227880706e+80, 5.0, 33.33789835870547, 30.600939896229455, 32.88357824841958, 30.319934092772243, 394.64145298117, 379.5669825397403], "[220]": [331.6522599278086, 1.776360035683665e+88, 11.857142857142854, 22.34432073563139, 20.120216626677262, 22.257464501413825, 19.874121381115863, 183.36320666394505, 201.64823788903982], "[240]": [348.586410496055, 1.0427345148083256e+97, 4.714285714285715, 17.20973407401251, 15.678762487683677, 17.193625782789635, 15.506863788095473, 241.53343658343658, 239.773478596036], "[260]": [267.3218145838789, 4.2491225503989994e+105, 5.714285714285715, 24.439486688774775, 23.09868978544825, 24.436559667286776, 22.947467564037453, 121.16249880971017, 132.62206040707892], "[280]": [269.40180305483375, 1.6874702090631743e+114, 10.571428571428573, 35.14347457616676, 33.54701632533974, 35.14295052539484, 33.36681337586184, 142.8930415064377, 139.81266074393804]}