{"[20]": [4.0, Infinity, Infinity, 4.0, Infinity, Infinity, Infinity, Infinity], "[40]": [16.095635438543628, 84.00428350187767, 75.21606768737394, 7.144146566580869, 457.2389372143609], "[60]": [74.11310247927453, 353.1291198990074, 1323.0547735055186, 668.3994840768908, Infinity, 1418.178593969584], "[80]": [2343.600892577898, 3991.4315962232436, 11051.861029643596, 12006.627585321045, Infinity, 7718.65239458912], "[100]": [8375.346749432774, Infinity, 3289.2579917874646, 18469.223159282014, 4602.753973741055], "[120]": [1543.375896679348, Infinity, 6186.776059201782, 5849.009978361975, 3175.20050303866], "[140]": [198.80742159513142, Infinity, 1079.8891930764653, 14597.075756430977, 325.34297712060425], "[160]": [474.14985563896875, Infinity, 183.60592377914995, 3747989.0101670055, 55.43282042338767], "[180]": [251.3210700112565, Infinity, 17.75463581168038, 3094611.4157829233, Infinity, 3.5574908794407607], "[200]": [130.24537440280557, Infinity, 2.3583043678298243, 2777066.1788504734, Infinity, 0.40372501394174815], "[220]": [100.21360082520526, Infinity, 1.942495639282788, 2678533.0900853616, Infinity, 0.9429048111182542], "[240]": [92.6044177882558, Infinity, 0.0, Infinity, Infinity, Infinity], "[260]": [90.28364541599245, Infinity, 0.0, Infinity, Infinity, Infinity], "[280]": [92.07131671935454, Infinity, 0.0, Infinity, Infinity, Infinity]}