{"[20]": [Infinity, Infinity, 0.0, Infinity, Infinity], "[40]": [Infinity, 18.528592368540544, 0.1428571428571428, 0.7656417960006419, 0.5373940540339612], "[60]": [0.26891972316052337, 0.27748876116027077, 1.4285714285714284, 3.0962556987112593, 0.45503666596270254], "[80]": [0.8452867054263855, 8.9543375723474, 3.0, 0.7843302003059878, 1.093870380309177], "[100]": [1.5530568522104218, 1.954096779891682e+20, 2.0, 0.6045235913328827, 1.5250795613691341], "[120]": [0.007947361947789583, 3.206688675211598e+27, 0.0, 0.0, 0.0], "[140]": [0.10929071230081497, 6.551653470210162e-110, 0.0, 0.0, 0.0], "[160]": [0.07485757624041614, 1.3041780475250356e+40, 0.0, 0.0, 0.0], "[180]": [0.04434414138084514, 1.3277288656138148e+57, 0.0, 0.0, 0.0], "[200]": [0.037701002453539426, 4.648489115818834e+56, 0.0, 0.0, 0.0], "[220]": [0.03278891618407777, 9.082409193381921e+76, 0.0, 0.0, 0.0], "[240]": [0.007687060534623297, 4.2272281910739696e+77, 0.0, 0.0, 0.0], "[260]": [0.005711241382390463, 8.603035038763147e+81, 0.0, 0.0, 0.0], "[280]": [0.03870549087801556, 8.671413251078722e+99, 0.0, 0.0, 0.0]}