{"[20]": [Infinity, Infinity, Infinity, Infinity, 4.0, 33.57959965394773, 4.974755838149815], "[40]": [Infinity, Infinity, 73.57026881620244, 84.71428571428571, 58.58033719696061, Infinity, 93.99999888939784], "[60]": [34.86760458888148, 1109.433279474988, 193.14285714285714, 319.7388952629207, 196.8306381306703], "[80]": [27.164924049160618, 58.8940178958228, 234.71428571428572, 578.4497480116249, 127.22018212621771], "[100]": [6.4564787507381425, 495.6567015940409, 279.57142857142856, 887.9961460640451, 22.61096573029772], "[120]": [835.4678529918801, 5.542761543504704e+25, 1062.7142857142858, 1998.036252980175, 844.1991374083905], "[140]": [4856.045899209061, 5581.896108802874, 4018.1428571428573, 6433.045360311826, 1616.5359800062151], "[160]": [2248.9353464852793, 3.262503504708279e+44, 3281.7142857142853, 2807.0643500251463, 1615.4654983360888], "[180]": [421.14267144655946, 1.0194382104094179e+21, 2024.5714285714284, 564.5744271732358, 491908.21395002364], "[200]": [667.8178083149726, 5.458168068718567e+33, 419.8571428571429, 159.4889388174468, 128.21810666065193], "[220]": [483.196425709755, 1.423543300768056e+73, 103.71428571428572, 56.474867604349264, 49.086737663915514], "[240]": [70.5237845062095, 2.5045477449157836e+49, 43.285714285714285, 7.785524995080591, 11.941813162703472], "[260]": [34.892129202143394, 8.353922561642218e+78, 6.7142857142857135, 2.2835855165367867, 0.013278738497342069], "[280]": [296.8108218287358, 5.606071120270415e+62, 2.2857142857142856, 0.6756681295967562, 0.7021378814648642]}