{"[20]": [0.8451298898053818, 3.855891944082998, 0.1428571428571429, 3.3590859150824057, 2.805838044899373, 2.823151445070811, 2.5611144682243796, Infinity, 0.02469931535772385], "[40]": [14.971386925105772, 40.17889830308078, 18.57142857142857, 0.24971123055528466, 0.19287930550400745, 0.4155887564508305, 0.32129151111260157, 44.015787529793855, 27.56826472819605], "[60]": [175.40034456824029, 1538406420492877.8, 274.57142857142856, 222.44621819441753, 227.78584661442403, 137.7060723840675, 130.6758862911034, 67.10090479415913, 26.998010809625896], "[80]": [540.588179827816, 3.40077629912588e+24, 2379.714285714286, 848.998497724755, 741.5057595605267, 723.7771233034023, 648.3252813281988, 1317.9783611292614, 1387.2222547413494], "[100]": [761.7691245281076, 2.414254885475781e+32, 363.42857142857156, 83.91372130461514, 413.52673960292304, 959.5484068020751, 407.78137646096184, 8454.997613061256, 6223.1838229595105], "[120]": [442.0278057068067, 7.576325486168787e+35, 2299.857142857143, 108.68960718893595, 192.08911163918856, 119.23252043681941, 185.2080491673196, 4095.87051451527, 2861.1946639234197], "[140]": [96.21366300038812, 4.537767621226321e+50, 655.5714285714287, 31.43811409623231, 3.8603491406614694, 9.222580242335653, 4.36241449526176, 222.07696215234148, 195.53623297663478], "[160]": [128.98558740522367, 1.9472354461076123e+59, 129.71428571428572, 60.11564327256606, 44.5007725522529, 45.33203081997624, 44.596219116901295, 157.63783433813393, 144.88602390925405], "[180]": [5.527401952896071, 2.8311610852975855e+67, 35.85714285714286, 41.14060695959481, 32.917278845407736, 37.29579952866775, 35.78955767338964, 22.373367421772087, 22.307708245799972], "[200]": [82.02919337992944, 1.9258664884755883e+77, 22.85714285714286, 22.967182504978116, 16.45045883746741, 22.12327724514954, 20.777205969813913, 81.16833114406907, 82.34378863190837], "[220]": [35.187580469960494, 1.6198306258292654e+85, 5.142857142857146, 19.136946088453534, 16.249375930534278, 18.964262302976646, 18.37243505101684, 52.39289802539645, 52.260528530345056], "[240]": [37.409471584762514, 9.5085081810186e+93, 2.7142857142857153, 12.559555891713986, 10.75004574758334, 12.525503019815368, 12.141620865799975, 31.035647920843964, 31.42975713446151], "[260]": [31.63666453157066, 3.8746981460246653e+102, 3.7142857142857153, 10.07039765985835, 7.751781121359556, 10.063840206544832, 9.563405693553534, 25.002283992338285, 27.704387519524573], "[280]": [34.58263892588252, 1.5387735893052318e+111, 9.714285714285714, 18.08449603472468, 16.773605693432433, 18.083254460089854, 17.799672650965118, 37.86290883101258, 40.391585173359616]}