{"[20]": [Infinity, 5.402378807790231, 7.0, 6.9999991742219665, 6.999986322904732, Infinity, 6.999995971601631, Infinity, Infinity], "[40]": [38.865256743224386, 6300165700.566138, 41.713315944453804, 7.924257583770162, 9.716942714260579, 48.762311890220325, 20.254387167898294, Infinity, 2.4647744851740554], "[60]": [207.0863059118116, Infinity, 280.1006581216979, 313.555114026685, 310.31079152914987, 215.42609275352888, 1137774.0605628525, 34.66236965027792, 41.22253006149436], "[80]": [1096.9889509925547, Infinity, 2195.7491955718865, 119.56671870366341, 213.93608688575304, 130.91628145548768, 3582.59298879763, 750.2414354204376, 608.7964437843573], "[100]": [268.8543083622331, Infinity, 5780.732355163344, 1280.2719904491203, 1149.5041403534026, 1107.211868843842, 744.801326811568, 6314.849800441178, 3982.6378136299822], "[120]": [1424.6618567525331, Infinity, 1463.7711170863365, 227.69915315651926, 1744.4029825145988, 2637.87934615321, 650.9882214350484, 14867.319647837041, 8369.423121347692], "[140]": [1154.3104289840326, Infinity, 4460.305131747049, 219.46219398441383, 458.131764494476, 224.7586274566975, 327.57821428155887, 21077.398502278727, 15195.869967173237], "[160]": [343.5041606378038, Infinity, 1317.4012261625658, 1.464621426005873, 9.203348898925745, 10.0389239599978, 4.007422037737734, 284.58399363228125, 406.6607982763352], "[180]": [83.74400893573835, Infinity, 339.9337409640016, 13.728265825599678, 6.849578030559434, 18.08310715856071, 13.209396596616557, 85.51972010576445, 84.42720900367193], "[200]": [108.85113985055756, Infinity, 75.29294490657948, 9.21917152093141, 7.111381493547905, 10.58823418700015, 9.033106708126706, 372.45646155777877, 382.8851508910331], "[220]": [90.56253036475725, Infinity, 18.235007148482943, 0.7176531113137739, 0.2531797656344374, 1.0800744306419525, 0.7373756867218744, 319.05514602227595, 328.50702694655627], "[240]": [77.20830993095551, Infinity, 0.4133623720468663, 4.07908413834362, 4.032517601612642, 4.167085759115851, 4.134200424794758, 250.41150874314005, 251.4789955317469], "[260]": [73.97979567654636, Infinity, 3.016858952941027, 1.4209031597055133, 1.2317775253698309, 1.4412003592891707, 1.297281726708462, 206.67525201355957, 206.34976431744366], "[280]": [65.76924118861945, Infinity, 0.7088692293077894, 0.025517402499420493, 0.02296823918135328, 0.020806194654975307, 0.0186122736741855, 166.28591798231665, 167.91155207140866]}