{"[20]": [2.607842593190807, 3.4877370693912413, 1.8614205541064859, 1.449129854291018, 2.3019523890460887, 2.6268799750682077, 18.237063622862024, Infinity, 1.3564111037645632], "[40]": [0.9935605924630349, 10018117.21247442, 10.326806017971464, 7.435988985396391, 6.330403362166616, 5.778715782633994, 11.55165576732486, 2.496714213968382, 8.774133367027618], "[60]": [55.51194633844901, Infinity, 92.58445369924947, 91.69650943494302, 93.54944808811383, 7.561277728336491, 28.238038322476896, 303.83415915048545, 12.930428493330723], "[80]": [10.398755061269016, Infinity, 20.09993359014878, 87.20497399643608, 6.972516032750355, 22.568373550313837, 249208.72473083012, 130.50717057842218, 186.28090393146766], "[100]": [4.234474534163081, Infinity, 1.500291343547037, 164.64898253536848, 6.921883199171283, 1.5475465497291931, 11.535037324409112, 250.8575977854113, 143.82879601413535], "[120]": [20.03833339071363, Infinity, 31.11992896925282, 232.32579740658167, 39.869316338650115, 36.78224107187231, 39.22699242394469, 15.318167737384064, 20.296158795549747], "[140]": [207.12668151760803, Infinity, 416.02468009182905, 653.784328523814, 374.4023841907605, 444.51962277313623, 374.3897027673358, 275.967988707476, 275.75594474091855], "[160]": [1210.3590568516943, Infinity, 4846.228377134874, 2848.8080442628348, 2182.973419897251, 1919.3330805650724, 4298.392589741435, 260.73017697793335, 242.62214834189427], "[180]": [955.5654717794544, Infinity, 1233.1707633140757, 3442.552734791465, 1874.205764760479, 3123.6750042815693, 468.39273072851614, 1140.7676176666025, 1203.8385144096285], "[200]": [76.61512090615959, Infinity, 4959.710757803978, 1082.8590006726251, 4536.475112559225, 3552.103888157393, 90851.12284423495, 909.3058918131994, 343.35305640994835], "[220]": [91.62100575636705, Infinity, 1335.137767918391, 634.4387149454975, 1305.1627047827494, 1246.4188579007653, 17106.879791794276, 106.98140142749268, 128.9417401725179], "[240]": [60.54361659748004, Infinity, 211.2400750773777, 260.7184653356694, 429.62906833874956, 449.1772299947154, 3741.197992282659, 180.78985040403867, 163.0665633001321], "[260]": [46.49102907330694, Infinity, 28.779389180927183, 101.0118168941073, 155.15605633858885, 174.09676397598682, 1054.226452166064, 113.98079396018525, 115.28026036343388], "[280]": [36.68143999222599, Infinity, 2.993743628848504, 41.057239065007344, 52.79580691008186, 63.58222416511701, 336.86886498649363, 63.46138058488592, 65.94180889933904]}