{"[20]": [2.0, 1.8610357511668285, 2.0, 1.9999993602635626, 1.9999898707876245, 2.0, 1.9999999996917397, Infinity, 2.0], "[40]": [2.270837835622549, 1273472900.2474914, 1.0, 4.881259709825087, 3.0064758823328406, 1.820430551998272, 2.3057550766299473, Infinity, 0.31594269874780156], "[60]": [1.824269366425121, 1.6870675712868388e+18, 1.5714285714285716, 1.3850313266052094, 1.578791731972124, 2.9872422282734874, 1.7636218596382696, 5.014069107507963, 2.864048102113461], "[80]": [0.5349810732452389, 3.729403789879908e+27, 0.1428571428571428, 1.7339227687328378, 1.9403116975419716, 1.512311878559033, 1.5735376417278002, 0.06883662130814816, 0.19446782469220913], "[100]": [1.7703849370768046, 2.647552091869952e+35, 2.0, 0.15282295309493865, 0.005743603021741412, 0.6182295238504606, 0.6557511312806522, 2.0187109379768726, 2.1143390271366593], "[120]": [0.2799874935180722, 8.308450134770628e+38, 0.0, 0.00026834306296096374, 0.017722621859459466, 0.11202733133435248, 0.17108445990252455, 0.17302063864384856, 0.27968191848734064], "[140]": [0.2525706273422159, 4.976266294395922e+53, 0.0, 1.6285323269656843e-05, 0.0019030081271368805, 0.024377074817405846, 0.04252730909814826, 0.7838012958239802, 0.7680089359132338], "[160]": [0.26268183217472674, 2.135402919236706e+62, 0.0, 9.883123756906506e-07, 0.00020496945332637687, 0.005578055401928671, 0.011153370676428905, 0.4358574814501142, 0.45736582652928703], "[180]": [0.16797274060108913, 3.104745092395459e+70, 0.0, 5.997792741559547e-08, 2.2076595614553697e-05, 0.0012795221853251619, 0.002934736088855977, 0.28717087502362537, 0.30087182579051797], "[200]": [0.11004220204826809, 2.1119689227880706e+80, 0.0, 3.6398937878682923e-09, 2.3770607513498967e-06, 0.00029344051360517847, 0.0007718626472374576, 0.21409955725058727, 0.22357433241844776], "[220]": [0.08606426575384812, 1.776360035683665e+88, 0.0, 2.2089501928284837e-10, 2.56001157875695e-07, 6.728948073473908e-05, 0.00020305150998370337, 0.17066562264727986, 0.1776050620715447], "[240]": [0.05253159671744689, 1.0427345148083256e+97, 0.0, 1.3405503672716436e-11, 2.757021692562372e-08, 1.5429751895593836e-05, 5.340325432849871e-05, 0.14188022262209027, 0.1471779466210195], "[260]": [0.05775758118227836, 4.2491225503989994e+105, 0.0, 8.135427671027857e-13, 2.9691838938154256e-09, 3.5381159278782664e-06, 1.4045101451383702e-05, 0.12140278705128671, 0.12557620072337844], "[280]": [0.04420223034400267, 1.6874702090631743e+114, 0.0, 4.937164503977467e-14, 3.1976701336990884e-10, 8.112970607266525e-07, 3.693067717146565e-06, 0.1060904112664308, 0.10946050928844556]}