{"[20]": [12.865304470154154, 6.009195912178922, 14.86292193178932, 31.865379488879626, 11.490386431878195, 20.627779521470874, 67.45075702024482, 29.037681180183046, 15.612471731048533], "[40]": [186.44778211270474, 110.4650641956237, 245.89384525080064, 159.92591102858822, 268.56685711093263, 173.5768807661244, 118.75733225885527, 238925.2099776889, 181.5627992422161], "[60]": [16.914274070866288, Infinity, 302.7949531509939, 435.428019556637, 55.62708138448071, 187.20447652765878, 6927201.680729809, 986.3435872504062, 562.8173877278065], "[80]": [103.09286853291368, Infinity, 67.23926747747463, 643.2771622210081, 30.605271494591733, 74.90232239936238, 31.118276566969417, 10855.209491281685, 2176.3299747495735], "[100]": [86.4264099006295, Infinity, 1.2680324942351113, 693.6156900788598, 3.653799904404727, 33.56332522863996, 2.3401056273946064, 391.0851444492865, 281.36738171017004], "[120]": [478.77018223667943, Infinity, 636.445493788272, 1405.6656252674477, 617.6097404785356, 709.6865210074683, 614.9810384702104, 514.2585520847668, 520.1712686937934], "[140]": [7719.052602648682, Infinity, 12256.799398100768, 13267.508623065209, 11845.687518124238, 13638.310772586963, 16486.111313785223, 7946.875335592375, 7366.672035422072], "[160]": [11086.316076153333, Infinity, 13606.029721213376, 16536.68456575624, 2895.067402937842, 6818.9593911885195, 205384.40535487855, 15820.249900316005, 14457.34353598059], "[180]": [578.8872325551253, Infinity, 19164.899681307903, Infinity, 3226.0321469906594, 20791.4730693342, 13542.311542918445, 158408.8039639115, 9880.358235671927, 12429.451674459537], "[200]": [2659.4441402816983, Infinity, 6368.032160167204, Infinity, 347.8460499675199, 4351.368376082423, 3559.7817421088694, 4349.239099988269, 25112.70171607039, 23708.56089137414], "[220]": [677.5852234279429, Infinity, 1161.6430560750987, Infinity, 129.87062504123253, 977.6563113252229, 1198.5943636240715, 1752.8898646473779, 1205.7470958718889, 1028.9553976411516], "[240]": [357.51740236660817, Infinity, 206.68980226020935, Infinity, 52.280609500507396, 247.3715590988779, 427.42277620349444, 591.6849760220435, 1211.9206833245103, 1142.8397893361252], "[260]": [346.67185927138644, Infinity, 27.9393202690494, Infinity, 17.815576647943907, 60.37496940929572, 145.54361972279315, 187.50640520784526, 600.1283392271844, 611.1903383417715], "[280]": [285.632616987465, Infinity, 1.695889687638562, Infinity, 3.632924378792824, 12.426416675591403, 44.38115072709865, 58.49206232853938, 682.0029733059022, 664.0499613012445]}