{"[20]": [17.418831222166062, 3.4675807152626597, 17.857142857142858, 55.93163927793327, 53.394481899534526, 56.027454757723135, 53.45085149456101, 5.698297615169549, 4.596538601488195], "[40]": [134.47342316118494, 157.15727080617887, 184.57142857142856, 3.8000117282869894, 208.62806814940024, 4.335793311038259, Infinity, 3541.523132395607, 177.55635197751565, 2.294113566538215], "[60]": [1223.08886921148, 1.6870673840567342e+18, 1840.142857142857, 1854.6767548655234, 1900.8863040929746, 157.62606624772934, 150.31344675352898, 1432613.9949818454, 109.57900751907437], "[80]": [5780.442598285201, 3.729403789879908e+27, 13067.714285714286, 9043.48621340599, 33.01406575886722, 264.1884630623026, 523.3484756023208, 4698.322159255113, 4357.778096293892], "[100]": [8658.067963252353, 2.647552091869952e+35, 11406.285714285714, 7875.974410250077, 491.9005386624922, 793.2310362253338, 1782.1749047112025, 126294.60486339132, 118674.64915845366], "[120]": [3724.3215665399894, 8.308450134770628e+38, 15764.285714285714, 5081.861460384251, 1537.42843682487, 4117.612045644659, 1561.6653620970392, 224251.9364333397, 156862.3563088779], "[140]": [659.512974662488, 4.976266294395922e+53, 8148.857142857143, 1336.5407430073428, 71.21224279801254, 449.84239360500715, 73.94114524818406, 6279.079753959975, 3118.744483722803], "[160]": [2222.8789327858103, 2.135402919236706e+62, 2008.8571428571427, 388.1512515392071, 69.62668167888751, 59.875404015478125, 67.11404293056785, 2938.1901328350873, 2942.572651581294], "[180]": [495.12407008156424, 3.104745092395459e+70, 447.8571428571429, 131.54536448696592, 55.861632208181504, 22.299403351871803, 55.180466247051214, 1298.971268988917, 1314.84210613681], "[200]": [446.6660288674402, 2.1119689227880706e+80, 103.57142857142858, 50.09617922620093, 30.58223117889468, 24.686500164759963, 30.47490432247814, 784.3237337545263, 827.3007848703116], "[220]": [318.90740189276676, 1.776360035683665e+88, 28.42857142857143, 25.29540115783547, 18.211180048459724, 19.57421939038388, 18.22328489484907, 583.3649987860217, 599.1797895535356], "[240]": [295.31208414177945, 1.0427345148083256e+97, 15.714285714285715, 8.311549083278818, 5.481886903891971, 7.047802614693404, 5.49917202142047, 487.99145862333916, 497.360187254465], "[260]": [307.81779098418065, 4.2491225503989994e+105, 0.7142857142857135, 9.014927852317662, 7.272869462396065, 8.73923320362773, 7.288204919475133, 481.45606552685143, 488.58257653597326], "[280]": [247.57453797398193, 1.6874702090631743e+114, 1.2857142857142856, 5.55144828226101, 4.748443928509721, 5.491801446616476, 4.756065797655218, 368.88864411150354, 373.7799287005052]}