{"[20]": [8.566819103778652, 25.506275579882043, 8.428571428571429, 44.68540393529328, 43.7791465796614, 44.80241811531838, 43.83951127065663, 3.000000000000009, 1.5056341183014457], "[40]": [69.06064821588038, 219.67615061403438, 75.85714285714286, 15.117807766444813, 88.02040701421923, 15.305398970297475, Infinity, 3962.558826285648, 4.163127844807477, 5.548734344917648], "[60]": [602.9704557921152, 1.6870674790091436e+18, 666.4285714285714, 678.3733451680014, 698.6218620952408, 36.15311186632266, 37.18402281166084, 330.98375639436745, 53.586182663690806], "[80]": [2902.241598876468, 3.729403789879908e+27, 5116.0, 513.2394682750819, 11.373898302460475, 265.54382535928653, 400.3095020239707, 519.824104898219, 534.653954282232], "[100]": [2563.4606294127298, 2.647552091869952e+35, 7505.857142857143, 455.92280911281705, 304.90538990764617, 264.00780265022877, 695.9881890401666, 30796.96821258902, 14320.745582346652], "[120]": [834.3992578692796, 8.308450134770628e+38, 6925.571428571429, 46.78998719422634, 1085.3278369405834, 2704.9522837251716, 698.8367973854183, 4913.230400414281, 14029.472146046402], "[140]": [781.3434816280137, 4.976266294395922e+53, 4847.0, 48.51662335529272, 173.46951935402376, 52.30113223538865, 108.80191274240588, 10637.245529808337, 9133.273509540937], "[160]": [444.44038942998486, 2.135402919236706e+62, 1221.7142857142858, 76.44185595957555, 21.09823549763638, 3.50248604359075, 36.057497187959314, 388.8730294480629, 416.01363969133035], "[180]": [227.03977295972936, 3.104745092395459e+70, 279.14285714285717, 33.19113473330391, 16.174564557679545, 10.647693401686738, 19.819283645434226, 223.65581877928855, 283.2559516173065], "[200]": [290.8048236434379, 2.1119689227880706e+80, 55.28571428571429, 17.196956799419745, 13.165929526794063, 11.309365655772865, 13.993948639378083, 503.0539349877997, 519.48295495429], "[220]": [131.43297883380137, 1.776360035683665e+88, 11.0, 10.075497077141824, 8.742537535177991, 8.691042857652251, 8.909889614891648, 403.9995338435999, 393.0986927278614], "[240]": [184.46518033648954, 1.0427345148083256e+97, 0.5714285714285712, 9.849463699171013, 8.869955989586519, 9.539054299886448, 8.888891626561051, 319.95550714224123, 319.2428431232594], "[260]": [105.04841980450283, 4.2491225503989994e+105, 4.142857142857142, 6.212975917028778, 5.362203007992012, 6.145414939716433, 5.35176647621002, 217.7440515314115, 212.18872572236347], "[280]": [125.77065556091839, 1.6874702090631743e+114, 5.714285714285714, 0.5468493560017664, 0.03250489331816098, 0.532448825626024, 0.02293541648647679, 218.4828802407588, 214.49930652952338]}