{"[20]": [2.0, Infinity, 2.0, Infinity, Infinity], "[40]": [0.7732192487877497, 0.7443611567670969, 0.10079460255909227, 0.695382398012997, 14.971479011673148], "[60]": [2.038553398588491, 6.449792636841653, 2.062097266829356, 4.261058309152752, 63.82542695405231], "[80]": [0.7034544729566399, 2.7038990988265112, 0.988380636625857, 3.31953691551227, 42.60946587987747], "[100]": [1.9834941718452013, 504018.65894863114, 3.673306132450481, 0.23458692816737625, 66.87767568437212], "[120]": [1.151630005912676, 5.547178670173407, 5.183243803934291, 0.7663877954615891, 111.00687051558795], "[140]": [7.145333870625718, 1.3153594292212587, 10.954345011187645, 11.756369300533356, 776.5339485549028], "[160]": [4.4709017960489765, 18.836390597282396, 4.362010556512185, 2.2486351794191997, 1622.1832274558553], "[180]": [1.0009176276310114, 10828505.80795835, 9.45285035612384, 3.74555957347527, 1831.9062132873798], "[200]": [3.613988061629739, 31.762833345301008, 36.666159725934804, 31.116361431301648, 3085.7440689169885], "[220]": [1.248277171448366, Infinity, 72.97600462163771, 1.6205677649860508, 6950.113814484561], "[240]": [1.4666111046387054, Infinity, 247.64357595501738, 95.42042417027515, 21137.006362728684], "[260]": [28.445087741258146, Infinity, 268.03219508983017, 648.251550154381, 49248.72216991906], "[280]": [37.71638619803413, 6.846180435148052e+19, 70.58546937054274, 34.87906926434844, 85.00206515950752]}