{"[20]": [6.0, 5.8610357511668285, 6.0, 5.999999360263563, 5.9999898707876245, 6.0, 5.99999999969174, Infinity, 6.0], "[40]": [49.19139015609965, 46.68455398289552, 53.42857142857143, 20.68615170553202, 24.019926940720886, 55.67176505806357, 48.952883380931866, 2277.0921630867597, 31.826502607124855], "[60]": [208.85695171411115, 1.687067504418937e+18, 347.57142857142856, 361.35536093737153, 374.6457280250436, 197.5697644084271, 212.01241406953105, 113.45575470566769, 104.59454996569411], "[80]": [1076.1779615265614, 3.729403789879908e+27, 2055.142857142857, 1973.2504621860699, 857.7038457102049, 839.9019160821636, 751.4367657264897, 164.54081376233944, 170.93993841635438], "[100]": [2379.6831142262217, 2.647552091869952e+35, 8541.142857142857, 1404.052968179536, 1212.9705352888122, 1649.2079405067016, 2236.302157719856, 3890.826944871338, 3819.819695397302], "[120]": [4474.525769149986, 8.308450134770628e+38, 5246.0, 2318.045223178822, 145.45349609742698, 477.61705807325416, 77.09283203080486, 56224.36593320432, 53812.179999217195], "[140]": [848.6590282323486, 4.976266294395922e+53, 8471.714285714286, 1350.598624540773, 460.3050452487332, 91.06306976021915, 370.1825969532438, 12992.053351115614, 9217.847170522073], "[160]": [765.8446894395875, 2.135402919236706e+62, 5530.285714285714, 312.81644087920677, 201.617530397481, 45.60874225436373, 201.723452322718, 1772.249584581577, 3215.1717633672074], "[180]": [262.09133205732905, 3.104745092395459e+70, 1581.0, 162.92668753047622, 43.63127885799679, 84.81656007921015, 43.83050323993359, 864.2661181636887, 997.7805241519144], "[200]": [457.3847695357317, 2.1119689227880706e+80, 440.57142857142856, 21.679501890859996, 9.696098084598248, 4.5700893934890985, 9.71999481799071, 632.3892920226992, 544.6468854771189], "[220]": [258.47777545445115, 1.776360035683665e+88, 73.28571428571428, 30.34404857004846, 22.75739310864671, 26.642426381104926, 22.74516476108974, 429.8239318727806, 482.8902123421775], "[240]": [185.19921368513906, 1.0427345148083256e+97, 28.42857142857143, 10.315472150925848, 7.766422232535618, 9.517391097852165, 7.764297025087924, 382.90008704278966, 386.3465475639778], "[260]": [167.10836738714215, 4.2491225503989994e+105, 12.285714285714285, 2.0512657149101576, 0.9238162521986961, 1.879449533100726, 0.924410274959576, 336.77961431461694, 352.0489320196794], "[280]": [152.81371547308026, 1.6874702090631743e+114, 1.4285714285714284, 1.6034717071288074, 1.3801288392167126, 1.5665198989713112, 1.3801522300274351, 280.64038019244185, 286.6772800814515]}