{"[20]": [4.918041478110941, 0.7979837231858209, 6.857142857142858, 8.868303828532856, 8.640003809316152, 8.872128740526726, 8.642557597469217, 0.06039711833000183, 0.2218439218134094], "[40]": [23.576916532820675, 39.66289111567312, 60.57142857142857, 2.2929101632764315, 68.98344307287766, 2.3524604432593463, 766.2435918057532, 40.8620631435211, 8.010088294673025], "[60]": [19.243976894000753, 1538406310736996.8, 298.0, 207.5693064773784, 231.82921080837542, 230.85527066632085, 230.1391633050457, 55503.464326118185, 255.09715352716444], "[80]": [64.43306510406876, 3.40077629912588e+24, 67.14285714285711, 366.90075715899496, 0.37433128475868216, 55.85934292489492, 5.013468072903379, 1798.5102241410673, 497.1328105117368], "[100]": [22.3673973051757, 2.414254885475781e+32, 44.428571428571445, 529.1991111610635, 27.00873061676873, 90.85846458400101, 13.1237113991549, 90.80588367602172, 125.75655762145789], "[120]": [11.632178142578596, 7.576325486168787e+35, 89.14285714285711, 658.0510111502472, 54.79739331993005, 162.10617495224312, 46.29577584210392, 94.39007047169389, 55.48384459595627], "[140]": [1640.7217083294681, 4.537767621226321e+50, 3779.5714285714284, 4394.62993439087, 3171.9513842489278, 4158.698393656207, 3085.446013073401, 485.25765658281125, 408.445251125504], "[160]": [27012.721708329467, 1.9472354461076123e+59, 14501.571428571428, 17212.163917808262, 5028.67217732047, 6076.1057698766635, 1105.5600364005732, 643.4202345652593, 604.8081312677496], "[180]": [18.838949363762367, 2.8311610852975855e+67, 9992.714285714283, 9629.544099622479, 13821.21521717526, 15439.436469074739, 15427.123083279359, 2745.357293644345, 2760.919614894934], "[200]": [916.1442202945145, 1.9258664884755883e+77, 6880.428571428571, 750.579717109219, 4108.967219523371, 6565.192653336273, 8194.139036226354, 2377.981837276998, 2234.146841904345], "[220]": [1012.0, 1.6198306258292654e+85, 1357.7142857142858, 149.7086711634065, 1022.3138167890434, 2328.9120666138515, 3173.759651213949, 125.90201095842951, 27.28096425320973], "[240]": [176.0, 9.5085081810186e+93, 265.0, 108.39825479930039, 284.80632594009785, 822.6519655452638, 1165.0573591318898, 110.09589934748317, 123.31470223145965], "[260]": [15.0, 3.8746981460246653e+102, 41.714285714285715, 52.621338106741135, 85.4726473180459, 290.32233203050004, 420.6585548003854, 104.04579223359248, 105.170140257306], "[280]": [2.0, 1.5387735893052318e+111, 2.7142857142857144, 15.916982855302312, 23.199716682284173, 94.83304063758844, 140.93881068440697, 99.1246384353957, 102.58254366941301]}