{"[20]": [1.1049987659346214, Infinity, 5.005660507504188, 1.431788243004998, 465280.74570446176], "[40]": [2.8851900945574, 32.9119536332586, 3.729542588178358, 1.3931723114467436, 69.17378858753051], "[60]": [2.995931024429169, 7.1028875548485555, 0.730690594000859, 1.7527986288352115, 208.50496875219295], "[80]": [0.6879922252420426, 1.0261128518641824, 10.252152384383795, 7.017437736421105, 434.2589136294777], "[100]": [17.551191562257742, 25.117944875567215, 36.90641027188358, 6.581027880857902, 1816.4220082950053], "[120]": [23.001676087138854, 4.861344493287041, 64.2634376332418, 4.618041876274444, 9216.975006182582], "[140]": [16.204855299122727, 1.9624801427672194, 60.89269218612994, 9.951233947650184, 23888.261617441596], "[160]": [13.696882995772603, 2.9214249857322754, 60.54593931314598, 33.49759320637415, 98.63396158502711], "[180]": [3.162415635059056, 19.97867336255649, 170.55087217164427, 32.37197503282146, 226.920291333255], "[200]": [53.203931737313894, 316.6209964597102, 707.9128511963571, 158.77609869229408, 146.90861755056795], "[220]": [107.50812634929966, Infinity, 1176.2354120054756, 15.514985383209762, 198.15620321755395], "[240]": [46.664418367250256, Infinity, 400.5631594597777, 63.22079069909056, 1293.5171794375035], "[260]": [234.83468083717204, 2061366542.5800261, 1337.0752355535847, 114.01455148908737, 260.9392205649822], "[280]": [9.737771784463812, Infinity, 1038.0918145734818, 287.39740653476804, 127.86769920341295]}