{"[20]": [3.7778133536342047, 10.71156877255857, 10.395081571766672, 12.169527014299808, 7.753725296628178, 8.184710143552165, 9.623522168436384, 21.65581973427634, 17.187607033949103], "[40]": [0.9362772556088295, 4.317801402316098, 8.089517772299336, 17.90835673806021, 21.546314309746595, 8.845971930023225, 721.2303219801377, 3.812391671443594, 11.158464300772284], "[60]": [1.3283841787984847, Infinity, 2.6074998819070676, 33.45676503143062, 31.004924521536292, 17.631984921668867, 132.3864179939003, 15.48762574506447, 1.2428481210728015], "[80]": [20.13237141438027, Infinity, 25.144072685244215, 66.68868322892786, 22.50646210832741, 17.073941095389667, 17.04386166759253, 22.105212503416467, 18.696878367582602], "[100]": [43.94908911137365, Infinity, 53.580467864838255, 103.94626507825957, 48.77488885412172, 24.50836300727925, 18.444539100481265, 26.378921062543544, 25.2133812557706], "[120]": [60.04076639218483, Infinity, 186.1226765659691, 242.88830807939993, 140.51154063582007, 97.72031080745825, 63.446183651471884, 27.220418245082264, 27.434450985338977], "[140]": [64.93645909512884, Infinity, 198.0086327076243, 238.06230400474985, 91.07452307286717, 96.06992888097295, 279.375159090214, 23.92677808832789, 2.5600383313583444], "[160]": [15.771434264067524, Infinity, 210.16090579605074, 397.22789317503486, 105.86445085536822, 186.81363524066518, 13797.725809286017, 178.58287218401637, 169.493568492378], "[180]": [224.0324003249249, Infinity, 562.6036758416832, 878.5381200538817, 439.09209713038985, 611.9295407721622, 290.5574297609069, 269.7036046195444, 264.5227007941062], "[200]": [370.9864853705527, Infinity, 1691.5242236613371, 1372.93300039456, 1009.0503206981957, 1114.3664613503738, 447.9785628157453, 452.053959644184, 435.9817017964649], "[220]": [53.23254780088969, Infinity, 2633.0148012781224, 3103.657102606432, 141.30646427955125, 482.8032972777856, 942.0589019781405, 596.8091338577227, 520.6794129801004], "[240]": [38.96280102240859, Infinity, 140.79140155913473, 5584.131133376948, 1312.3566127105023, 1023.8326588704338, 10512.330487416835, 715.0131752980047, 747.0084251751845], "[260]": [35.98349598305855, Infinity, 2933.3300755481437, 2936.9349117242546, 2223.3745472886767, 1393.4579105558828, 38300.35543036801, 218.2785262708977, 254.40767887992268], "[280]": [302.0687964550837, Infinity, 1704.0458836401167, 842.6395690311623, 1106.3339533370436, 1029.1878912937411, 9608.75405581754, 299.3073161894535, 285.5396159143779]}