{"[20]": [10.500988247905498, 4.286278120993211, 11.24996646987047, 9.163092704034451, 11.377574868738908, 5.861617311480323, 17.426863113934093, Infinity, 1.8190118662668364], "[40]": [41.09920653062788, 12.861798588747138, 110.37198678571237, 2.812421773198193, 116.3020372210401, 20.69586962277509, 34.09226172675564, 2.3522579321551693, 2.2302622439260853], "[60]": [14.133660552445969, Infinity, 355.8230902854868, 362.37762013452203, 86.62202373484311, 18.026116165019197, 265126.6800397595, 734.6719268262037, 229.18905890279308], "[80]": [31.335849038527225, Infinity, 207.81859458738765, 719.751207802973, 135.7640421341827, 204.52689878081046, 133.95593002862893, 539.9468518301683, 718.0775813127027], "[100]": [46.586564398547736, Infinity, 227.3796519422854, 1050.8762257437731, 173.39320319361636, 393.8217039000903, 52.996212511714525, 333.3905571794601, 321.84798984584455], "[120]": [181.65715667174965, Infinity, 355.82934261143, 1410.0522375611579, 310.3173510990912, 635.7594554306895, 121.36754235664723, 176.62401123510372, 176.37495170586405], "[140]": [1368.7103285556625, Infinity, 8658.031186879141, 8447.894296151393, 5493.187982131116, 5831.118318465409, 6153.9217137947335, 903.9145669750915, 639.3574863111157], "[160]": [984.7569191938186, Infinity, 412.1918857243038, 13127.128129968154, 7183.0127038298815, 6158.693220440819, 81434.83544632126, 500.988245123849, 600.8901537765029], "[180]": [1366.5895670943437, Infinity, 6665.801126040902, 1989.8001785983774, 4197.822939790707, 3335.2260149485546, 63165.446244499704, 313.7323797251642, 92.62633487351366], "[200]": [141.58501476487464, Infinity, 1477.4679198825122, 46.09142785523398, 993.7388032877935, 1081.8635567015824, 7922.654027491851, 174.19646847860014, 37.97055395842525], "[220]": [178.9148545448087, Infinity, 272.09250492865596, 22.34138469498834, 212.55305130981753, 294.23735142537936, 1573.723041259273, 178.64936865451003, 164.45410461391614], "[240]": [155.76694900671473, Infinity, 98.35408460081052, 21.497582944711624, 84.78440325446486, 108.32121868259824, 408.6047496279361, 77.01883419874387, 80.18926381039957], "[260]": [153.95309700034852, Infinity, 17.35068409842145, 16.167644565701412, 25.348564484616556, 38.30735486350886, 118.12585590052142, 80.48850894932147, 82.5152921935689], "[280]": [154.23880934850928, Infinity, 2.5342924152400204, 2.8946638029090526, 6.0378309253086675, 9.62872784600785, 33.6326901854194, 110.27947209859262, 109.67665926222638]}