{"[20]": [Infinity, Infinity, 7.827271174232874, 2.399893547628028, 17.45097971975778, 4.25623448976196, 304.62259445676455, Infinity, 5.022863474209721], "[40]": [11.652213169133718, 35.0025401988373, 48.76777196837421, 4.342520624005482, 48.156752765616396, 5.076033835062458, 22.60362050962026, 542.0864216836371, 52.53793150691075], "[60]": [116.29422422397562, Infinity, 462.50912646630843, 380.12956347771205, 304.2758560136875, 20.162244441356062, 213.95246380171636, 255.22166638277244, 15.770992225929144], "[80]": [974.2634259958666, Infinity, 3094.780827781549, 1978.327742296006, 1261.6916661268244, 270.8625301214487, 666.5081811335805, 698.6479622025331, 316.7410579250649], "[100]": [443.42780832344056, Infinity, 6763.723418453336, 517.5546624724877, 473.3398792003686, 478.78509260597895, 2432.914635093065, 1195.8875085136583, 3121.8587529035767], "[120]": [98.46638635941322, Infinity, 4934.866530361569, 44.82675995884853, 1338.0298161087462, 2366.6742923149313, 557.7548145254254, 1125.2920656160038, 1014.7867600064883], "[140]": [588.6507668336117, Infinity, 4168.420259762687, 79.73595123655674, 455.212280589113, 650.8214781149594, 325.172466314559, 1196.899897014498, 440.91561088943666], "[160]": [123.21358320441212, Infinity, 1103.2961444481168, 123.38769318970797, 58.65128735642872, 133.36971541850713, 25.56720278382184, 400.7111046215339, 387.57208104296177], "[180]": [145.55961437212866, Infinity, 183.0484295997135, 89.47525766087911, 39.284677285226415, 1.8630815784469572, 48.14381386299796, 11.144065966790448, 38.06483728269951], "[200]": [181.1191851540621, Infinity, 62.5931731291959, 34.58611082109517, 12.832753816810795, 10.244398034784528, 15.707096580854333, 223.089695062063, 212.71192475843168], "[220]": [148.44164798952178, Infinity, 12.025806039828113, 11.544903756741606, 6.428666492144774, 5.43220058801388, 7.0773860356797424, 111.0647974992566, 107.64544062544802], "[240]": [128.5961251839924, Infinity, 5.614810402216752, 2.7381893799853025, 0.35031555644566503, 1.2700616169055636, 0.5959515456741908, 95.77860544856316, 96.25508495718212], "[260]": [121.05037000755921, Infinity, 1.9168096811395916, 4.039778899401486, 3.4783147655725424, 3.6964393907685102, 3.534212496594176, 70.0657134190266, 69.63989329112722], "[280]": [111.347646987356, Infinity, 2.608763567452236, 0.7860796521355352, 0.008016833482600006, 0.7071624464629762, 0.07579612460617105, 49.80943739785287, 50.06928293291822]}