{"[20]": [3.0, Infinity, Infinity, 3.0, Infinity, Infinity, Infinity, Infinity], "[40]": [0.3520428423327129, 5.614323477201524, 1.0, 3.1014776895244442, 7062.651045758831], "[60]": [2.040150891139544, 27119479045715.832, 2.384634628092582, 1.6384586326463533, 9377.62882690611], "[80]": [0.2520176941305438, Infinity, 0.0, Infinity, Infinity], "[100]": [0.22360231979505338, 5.624360771906185e+18, 0.0, Infinity, Infinity], "[120]": [0.20232925483549608, Infinity, 0.0, Infinity, Infinity], "[140]": [0.1861344225120268, Infinity, 0.0, Infinity, Infinity], "[160]": [0.1742299105520709, Infinity, 0.0, Infinity, Infinity], "[180]": [0.16504422578417377, Infinity, 0.0, Infinity, Infinity], "[200]": [0.15675578397431772, Infinity, 0.0, Infinity, Infinity], "[220]": [0.14950760632841933, Infinity, 0.0, Infinity, Infinity], "[240]": [0.14312672009457075, Infinity, 0.0, Infinity, Infinity], "[260]": [0.13602533154061855, Infinity, 0.0, Infinity, Infinity], "[280]": [0.13085908382501507, Infinity, 0.0, Infinity, Infinity]}