{"[20]": [Infinity, Infinity, 0.5761069826110188, 0.5339122674644247, 134.44216736829546], "[40]": [Infinity, 9.96646946377672, 9.0, 3.3379168672831865, 19.500114411465397], "[60]": [5.82382055473325, 217.04262938082047, 94.83648981968321, 132.61132377920725, 295.1015645413174], "[80]": [5.905834193206463, 80.96682192732771, 130.58800170794834, 338.493970487276, 121.69372870184681], "[100]": [11.727724301596155, 19800.777874653162, 116.76416562542501, 490.47470998990786, 268.52858460998556], "[120]": [7.723086323177647, Infinity, 139.1840527900406, 735.2217774309456, 314.2496918949201], "[140]": [409.0404782389388, 628.1498899732665, 1397.2993173501702, 2285.012941226335, 901.5009066479645], "[160]": [653.6377098761583, Infinity, 708.5303874264536, 2214.6653261101774, 3569.2769572838038], "[180]": [605.3548373027263, 1393.0228605883954, 1754.4801632621616, 787.8268905123049, 571.8097186964843], "[200]": [105.55512164146094, Infinity, 624.9066914895093, 218.46136413240342, 147.8449430079233], "[220]": [21.347242748720536, Infinity, 128.02513013629127, 77.52713446543648, 46.95220194706285], "[240]": [20.386891793484526, Infinity, 32.32560049373751, 33.00205133586128, 7.705710081478394], "[260]": [19.751516060559915, Infinity, 13.300081049534983, 1.57887615939114, 3.596445053353625], "[280]": [56.37749440282364, Infinity, 0.3194072215836517, 1419.7863427088112, 0.4870986189074104]}