{"[20]": [Infinity, Infinity, 3.86877418212326, 3.0971389500958093, 25.603356521176234], "[40]": [Infinity, 56.197769866103265, 32.885850043487835, 4.968709182873552, 206.91377805363987], "[60]": [1.560861060674731, 7.166258175594641, 280.1119817648163, 386.74193252571274, 116.96073499974904], "[80]": [60.85415785444621, 160.78030174235417, 83.2711775146168, 526.8914093736207, 47.33394117057926], "[100]": [13.652029368308972, Infinity, 56.114142150779095, 624.9950213893196, 30.337555801909343], "[120]": [6.221695403209117, 5.721853265485404, 76.92335756772592, 724.9218432671138, 30.787693721701295], "[140]": [253.5583355626192, 51872.81000022167, 1553.8822162560828, 455.0584744221689, 2975964.170025191], "[160]": [60.268267460117485, Infinity, 11658.34562137983, 10065.049364542188, 4664.068035792996], "[180]": [5392.79029391435, 64122026141486.38, 2487.617754701657, 18806.563285746703, 1126516701.9651291], "[200]": [2296.696044393008, Infinity, 7839.460448538341, 4090.2235179725544, 731946.1989617448], "[220]": [115.2943996601407, Infinity, 1763.8112764184812, 876.5881214930953, 80970887.28776418], "[240]": [112.53215230768183, Infinity, 457.26521662466797, 127.29320802455197, 37745952.843202144], "[260]": [116.13941695183313, Infinity, 61.9506539355782, 12.611777175401476, 16097125.351211218], "[280]": [400.48607459562226, Infinity, 4.3038855712849955, 1.121143427004927, 9066236.826647006]}