{"[20]": [Infinity, Infinity, 2.0, Infinity, Infinity], "[40]": [Infinity, 11885.201538459845, 1.955119910526947, 3.9683377336778687, 28.559176386147833], "[60]": [1.6283374625948641, 35.10169525821208, 1.2564625963264426, 14.521068627995797, 22.033403471852786], "[80]": [0.47415567601532177, 0.8063244221749346, 4.927253406500966, 6.158628239815161, 3.1353274212183893], "[100]": [0.5008726275833523, Infinity, 3.049106954829911, 0.2046930722075864, 1.205764429072829], "[120]": [0.4228092963985544, Infinity, 1.3494806525383136, 0.31205832382085513, 0.3769237569406189], "[140]": [0.6556106550382236, Infinity, 1.0, 20645.180215203603, 0.7669543605399481], "[160]": [1.6077697347757678, Infinity, 2.581140463551248, 20833.602388884025, 1.5594724479923543], "[180]": [3.120402712089019, Infinity, 7.688977407323546, 3.310573212707731, 3.371611662847047], "[200]": [2.203314271393984, Infinity, 17.858961436338806, 36.64259623323058, 4.583883312417846], "[220]": [2.9158340198711765, Infinity, 67.15301217568098, 123.82865284459916, 240.2292574622572], "[240]": [19.447678705099648, 113698413775312.06, 53.20704789024285, 73.67247121707928, 260.79287890706115], "[260]": [0.9709140249634076, Infinity, 18.542869105602787, 48.06505341743592, 91.46625548613592], "[280]": [11.876561994651855, Infinity, 86.35352417174532, 24237.41073094633, 125.32457497580947]}