{"[20]": [0.0, Infinity, 0.0, Infinity, Infinity], "[40]": [1.2681445926955934, 6.551221304720611, 2.7142857142857144, 2.4616925019275664, 1.8057017590939903], "[60]": [2.593264088659196, 2.4373990510049772, 3.7142857142857144, 1.959861911318527, 3.3386475751602678], "[80]": [1.3294692268014834, 3.383637380116852, 0.8571428571428572, 0.9834516985442594, 0.8145884717603211], "[100]": [1.9258337740007319, 10.347828866250358, 0.0, 2.60756866390729, 0.8874603102037089], "[120]": [2.6593130487097034, 1.554794549076139, 2.857142857142857, 1.2461066078271505, 3.1104415412172264], "[140]": [0.9502011863895312, 8290376406.955718, 0.2857142857142858, 0.2020341162816246, 1.1237414825603804], "[160]": [0.5909295692776819, 2.4609801905529176, 0.8571428571428572, 0.41763136362942355, 1.17689638329061], "[180]": [1.4673822211277097, 2.2523175341007927e+29, 2.142857142857143, 1.3140801775673019, 1.0574969924062465], "[200]": [0.10059156737904384, 5.685208881187471e+30, 1.0, 0.7084237543248804, 0.8964317627056293], "[220]": [1.1863440157895622, 1.814314767625951e+47, 0.8571428571428572, 2.8417636927903933, 1.1331250657886862], "[240]": [2.3615491136193922, 3.752810198100664e+52, 1.2857142857142856, 5.542035894660643, 2.252981126966734], "[260]": [5.67130657628798, 1.299849752220346e+33, 7.857142857142857, 3.4830673297548795, 6.391377130977446], "[280]": [7.456190482494559, 1.428192056218979e+76, 14.142857142857142, 14.811509050432146, 8.971486176828172]}