{"[20]": [Infinity, 6.402378807790232, 8.0, 7.999999174221965, 7.999986322904732, Infinity, 7.999995971601632, Infinity, Infinity], "[40]": [2.2674205276815154, 2362062673.339811, 6.711028205167568, 66.38372201383248, 44.0115796681642, 14.633090761140881, 2.823891599677495, Infinity, 67.3215464642057], "[60]": [5.266079025230975, Infinity, 5.507725267610775, 20.52621171757885, 20.2083676336247, 19.211110672619867, 202.8248045827387, 93494.09589035761, 18.981669923087303], "[80]": [1.3753152711143377, Infinity, 3.2909976942790435, 25.395619994748767, 19.18723676711437, 4.711521024263095, 137.68330263788314, 0.49940696631195397, 1.2924515508436618], "[100]": [29.692782600543843, Infinity, 32.994165701855465, 58.177137231627036, 54.194826664926445, 37.763450573609525, 23.5602420239664, 18.790034538471353, 24.97747466895814], "[120]": [5.749426405456269, Infinity, 45.21613209586596, 76.48064793566137, 74.42295542292665, 12.441607818485581, 10.452050304811142, 29.225647698265448, 23.091035667682032], "[140]": [34.36465974370778, Infinity, 88.58748417433603, 143.4345525005608, 133.9015164314364, 8.332372571300152, 25.61318991366249, 1.610679283449268, 5.9009006810952], "[160]": [10.425718051510655, Infinity, 25.947947227797616, 100.84089954236832, 51.83638563191119, 52.94213017398121, 87.71435485070529, 98.37286227397433, 105.5747810859846], "[180]": [99.74799732786994, Infinity, 142.65185870491473, 276.7428823472592, 154.76156754796375, 152.76400841420656, 32354.074764856447, 24.733080292608218, 29.936679467749965], "[200]": [254.01323428306773, Infinity, 539.7324940994955, 753.6296837399383, 417.90606237977164, 421.5987952319859, 317.1236325347075, 251.66423197938232, 262.90473413741665], "[220]": [269.28841652094377, Infinity, 1291.2779589656661, 724.6813534945404, 305.82076148051067, 387.00348855685644, 1210.7051544362707, 183.28827472629536, 166.18690409925924], "[240]": [33.0391961076018, Infinity, 1494.5419903520349, 806.5422247929245, 94.51569451613331, Infinity, 517.8310329548576, 7003.296102175621, 223.59160036548727, 214.52351158636216], "[260]": [581.890504839866, Infinity, 785.8482787557725, 290.5410534084063, 2316.9884071437446, Infinity, 1268.5068619418357, 83259.99246237705, 1002.4182036391963, 1114.835244113548], "[280]": [152.30179981286284, Infinity, 1493.7437153896626, 588.7921775879214, 1177.3255961828543, Infinity, 4496.547912272316, 12592.422577685653, 1990.91640380495, 1875.996446975731]}