{"[20]": [Infinity, Infinity, 4.428571428571429, 6.1578886275676386, 0.12628606447229007], "[40]": [Infinity, 13.272912364378818, 29.857142857142858, 22.14154500594971, 15.120097347140955], "[60]": [32.7313083272644, 120.02127506586856, 124.85714285714286, 202.73397155699297, 83.66877436329725], "[80]": [32.57219068298792, 57.66774226009147, 6.285714285714278, 213.2170814055128, 32.83032250678343], "[100]": [3.771737929921244, 4.0237134020738696e+16, 25.142857142857167, 229.3945477215966, 11.83340819076119], "[120]": [27.271267985677014, 1049.860328514583, 36.14285714285717, 249.18100772243892, 36.44078336695753], "[140]": [147.504519557986, 1092.159067939141, 1094.142857142857, 1424.9184462034627, 402.02353485293474], "[160]": [142.91074629501236, 2.082617077132453e+28, 7046.428571428572, 6859.720914602692, 859.9544707997102], "[180]": [304.5972479649645, 864648568359170.4, 2726.5714285714275, 7908.901502376453, 82914.68249118149], "[200]": [464.8491887996115, 1.0772177950679772e+40, 4614.0, 1401.8992944465958, 57842.47952010835], "[220]": [91.24797149249548, 1.4586622253420252e+69, 985.5714285714287, 226.83050924160813, 11189.492759624036], "[240]": [8.937940141835924, 2.0294833402101768e+34, 194.42857142857144, 37.26242295403327, 4266.866528421252], "[260]": [17.143373470380013, 1.0172900592572948e+76, 15.714285714285715, 5.8802955355898225, 17758.84260790862], "[280]": [9.232749120710874, 2.355865944667778e+80, 1.1428571428571432, 2587.9762403023233, 55.87185752466838]}