{"[20]": [8.512057059156277, Infinity, Infinity, 60.333631487184554, 39.3173006230881, 90980.64584407325], "[40]": [99.20830272719014, 878.6998712012015, 1257.1125259044768, 523.2578545106803, 3596.4687102889975], "[60]": [4614.090606940235, 10275.754477963563, 21068.664345754903, 13058.19994227143, 16623.043762566725], "[80]": [78449.45036733564, 98543.61252030173, 4463.605183702381, 24355.908311649364, 8017.095135831694], "[100]": [2895.6505883672926, 21671.869241684788, 21858.38482200692, Infinity, 3496.616385609997, 3880.697402202907], "[120]": [1603.9646011250322, 1.1434149977653324e+21, 4492.000850320843, 20.211440748319998, 416.416311208115], "[140]": [448.0914272766936, Infinity, 810.3525939520378, 23.51917244791367, 62.92635857221161], "[160]": [3065.489629754768, Infinity, 147.23788268028275, 31.299650352911453, 2.1128613892534176], "[180]": [3037.474047812704, Infinity, 43.051831178644626, 0.72034947561043, 5.735146877226229], "[200]": [2111.0075382396735, Infinity, 3.727153204152041, 1.1051136925106848, 0.1999405044159544], "[220]": [1387.2799545801277, Infinity, 0.15455997282375397, 3.4495539598252436, Infinity, 2.903734042570728], "[240]": [833.4859768421711, Infinity, 2.613189989808762, 1.5202097364765763, Infinity, 0.7552293071519453], "[260]": [435.6990815917349, Infinity, 0.9432270647697388, 0.07815119062095519, Infinity, 0.3018277286097495], "[280]": [308.0468690244062, Infinity, 0.0, 0.0020421643316305897, Infinity, 0.05439415617662563]}