{"[20]": [14.30292136310776, Infinity, 6.285714285714286, 6.539487260985678, 6.780425289889804], "[40]": [6.053279278858923, 621.3241504057224, 103.28571428571428, 31.951078926592274, 26.88909393841945], "[60]": [27.740741070445893, 666.5422350475365, 2219.4285714285716, 673.6584794871046, 557.4797111647454], "[80]": [2915.9978716363476, 792.9759337710129, 10766.42857142857, 7584.247839818134, 6546.326145591465], "[100]": [610.4284265062615, 29681.089343358537, 8832.285714285714, 1266.375687431133, 2528.6322286957056], "[120]": [149.10871084648807, 15162.839081571423, 2926.4285714285716, 505.16525145865944, 410.8635794142833], "[140]": [115.90555718900256, 1.6988924234481052e+16, 485.71428571428567, 64.71975822534426, 51.73521062975357], "[160]": [402.626554834647, 1.4723338377624297e+18, 80.0, 2.500631789566569, 4.397134323924838], "[180]": [379.34570340686173, 3.973752064951386e+24, 10.857142857142858, 0.25581442061191595, 0.9195392427730606], "[200]": [292.44415027729895, 336081751.31040704, 0.5714285714285714, 2401.297744788321, 1.1112868110343324], "[220]": [213.3012840626281, 2.2343115572284428e+27, 0.0, 14546.229769644699, 0.5384399690141013], "[240]": [141.3688062400621, 3.4704499730558726e+36, 0.0, 0.0040568909406142025, 0.03041995718893829], "[260]": [67.83172459883133, 3.965165486372256e+29, 0.0, 0.0, 0.0], "[280]": [17.249298633405736, 3.0284855948823276e+79, 0.0, 0.0, 0.0]}