{"[20]": [0.0, Infinity, 0.0, Infinity, Infinity], "[40]": [24.859417220874448, 1.20705838035137, 48.57142857142857, 3.9327402665600033, 2.0897534313144206], "[60]": [40.274504607784365, 3598.108135032033, 1754.2857142857142, 718.5288405471706, 1208.7718440689223], "[80]": [2478.8813447762077, 7258.689517535058, 17387.571428571428, 15665.110681223341, 12233.597700858456], "[100]": [8581.328003604372, 34826.93313002635, 10547.0, 14800.786144364543, 12258.841409523222], "[120]": [2250.1228867119644, 1337529722481418.0, 7107.0, 2322.525519831903, 3063.3255910190655], "[140]": [58.881720463819875, 2.581736719628795e+19, 1264.0, 494.0429092368746, 585.0853595491869], "[160]": [64.06303434196246, 1.1281376591989636e+22, 345.1428571428571, 2554.9658007451335, 177.25612780889048], "[180]": [202.74847310475883, 8.91374473325192e+23, 94.28571428571428, 5402.829588286733, 46.952249232766945], "[200]": [301.4657994645004, 874357868431224.2, 31.714285714285715, 6193.352936834641, 15.590102093695137], "[220]": [276.4300968753691, 1.8937090405455047e+30, 9.142857142857142, 6127.937036597394, 3.3885446435355746], "[240]": [177.0225605821446, 3.951574498818835e+18, 2.857142857142857, 0.3100279599544431, 0.8085416224613946], "[260]": [15.040112976157587, 1.1762238900304013e+36, 0.8571428571428571, 0.020834764254585192, 0.19006957409334754], "[280]": [210.3902006156745, 4.452833342855465e+61, 0.0, 0.0, 0.0]}