{"[20]": [Infinity, Infinity, Infinity, Infinity, 19.033744251699762, 2.0218136947913017, 122.94580455207996], "[40]": [Infinity, Infinity, 57664.12839290517, 207.98204453524227, 100.27336777970055, 250.4797097150429], "[60]": [1019.8140325962102, 1246.1558464185673, 88.23374950317135, 382.0657367098939, 121.48275500957209], "[80]": [7.189377705035398, 98.13033502077269, 39.71196242107529, 321.8418594813797, 24.924194849009044], "[100]": [11.191576959661045, 32.62167395785955, 26.71551820304444, 296.4895945842749, 15.522398932689102], "[120]": [155.59853690837224, Infinity, 125.96632571269338, 423.1480121681775, 138.36112216476286], "[140]": [167.78128077021572, 270.452812686998, 3439.8080951470074, 4101.201970310999, 1455.797538760314], "[160]": [6015.051775638476, Infinity, 23112.685859713773, 29170.32981175617, 7591.383377806503], "[180]": [53946.15716173601, Infinity, 4366.864239866043, 6972.448436789515, 58700265.81173225], "[200]": [6829.864850944425, Infinity, 21356.856134814847, 11949.193365024668, 28456150.936867066], "[220]": [297.8478721059802, Infinity, 8129.018477068427, 2547.9470748520257, 925137.6443751807], "[240]": [439.1535674102783, Infinity, 1946.337576109767, 248.29297791176216, 359824.8370281477], "[260]": [249.4133550456148, Infinity, 190.39770190321775, 54.26714625157092, 3431473.7579794507], "[280]": [1383.6177651989356, Infinity, 37.433174872544164, 14.912819773774263, 142645730.9755465]}