{"[20]": [4.0, Infinity, Infinity, 4.0, Infinity, Infinity, Infinity, Infinity], "[40]": [0.10326800142597037, 164.4888282794187, 5.571428571428571, 1.8514758965172877, 3.3661758865551628], "[60]": [1.5833045996485602, 1.6890000283921047, 0.14285714285714235, 3.4283011341890663, 2.359142532257348], "[80]": [7.459079949601392, 5.658253077224138, 11.142857142857142, 2.4515465778501735, 9.906760210735712], "[100]": [2.2420977302521834, 12.610354553405934, 9.714285714285715, 5.69231630695505, 2.5706502533154563], "[120]": [12.1550226171371, 7.706722954383302, 5.857142857142854, 16.928626307626523, Infinity, 0.9985942184914265], "[140]": [15.2230570481412, 66351665.48678832, 2.2857142857142847, 5.912543305864467, Infinity, 5.6477681624115945], "[160]": [5.046550378115626, 1.9485719922256806e+19, 9.57142857142857, 9.700932906450582, Infinity, 1.5100712453022922], "[180]": [7.889508206097119, 8.061832461177488e+24, 29.42857142857143, 19.8210338328894, Infinity, 11.410786428302302], "[200]": [9.276566278656077, 3.6607752835080673e+24, 103.42857142857143, 151.16576374561384, 65.9122020157013], "[220]": [34.43724912972448, 4.458731388902845e+30, 251.28571428571428, 6.0782797889327185, 171.5816059141555], "[240]": [38.38351125608642, 1.256596260064518e+36, 721.4285714285714, 219.5045167066835, 216.5308101279968], "[260]": [172.74872193170177, 2.118264778230791e+41, 791.1428571428571, 537.7620633949216, 226.58074510686674], "[280]": [53.19435277807406, 1.7104405064154496e+46, 511.14285714285734, 792.2472250510218, 55.867669372746604]}