{"[20]": [0.0, 0.00012671894416448786, 0.0, 1.0835556608317027e-06, 1.135220078943924e-05, 1.587101661449283e-42, 3.4136889582377806e-09, Infinity, 0.0], "[40]": [12.941886743028487, 2579464.997474435, 16.42857142857143, 8.20333970702341, 7.632135727658298, 6.428853865539839, 5.136884325083171, Infinity, 8.68092303712379], "[60]": [46.80530336092265, 1538406426590219.0, 90.28571428571428, 73.82912991356815, 78.6522515656245, 20.209094759743977, 17.460872390303365, 185.72180309052675, 12.562324473867449], "[80]": [250.16623446311087, 3.40077629912588e+24, 840.1428571428571, 522.7877957643354, 182.68306775300084, 179.54798803814492, 171.70097487247676, 38.484820716694, 53.99484525611183], "[100]": [459.9817265772044, 2.414254885475781e+32, 3800.8571428571427, 723.0272427242935, 317.63195411343986, 334.9577532099647, 278.15985351042036, 1130.0597506984177, 1238.7713130616103], "[120]": [517.1367146414595, 7.576325486168787e+35, 370.28571428571377, 265.8064335913514, 402.7770821103077, 68.0137478228171, 10.952265291631193, 871.9814775462783, 760.3559595653132], "[140]": [787.0585152697813, 4.537767621226321e+50, 3446.2857142857147, 377.9518041215115, 380.20395876979, 403.96449494709304, 358.73742884696003, 2586.3494597526246, 2155.6152436771054], "[160]": [90.97079428731331, 1.9472354461076123e+59, 1284.0, 111.68367977744856, 101.81789749081622, 130.0311369205706, 118.64485864379822, 149.5625426031437, 297.84276210916767], "[180]": [83.85262470791622, 2.8311610852975855e+67, 254.57142857142856, 2.3536090115604225, 5.123133799417786, 3.485856161511748, 3.643280488300661, 65.48991798029277, 50.19443496913391], "[200]": [40.144733741662094, 1.9258664884755883e+77, 56.85714285714286, 6.165399752748982, 7.051314654559981, 4.406196493610906, 4.517894080231876, 76.9799785917474, 75.58014303135445], "[220]": [35.74663621581112, 1.6198306258292654e+85, 10.428571428571427, 8.082218485787488, 8.482015220883529, 7.617355653791273, 8.172592875905082, 51.862260256496555, 52.894554928427], "[240]": [31.048609570826557, 9.5085081810186e+93, 2.1428571428571423, 5.784065444819097, 6.071086081296228, 5.669989618291485, 6.414581884934771, 43.92392990395723, 47.2420116867861], "[260]": [29.531456980794246, 3.8746981460246653e+102, 0.8571428571428572, 1.9226173546605034, 2.00689954640611, 1.8958263469882939, 2.1244876247896225, 32.267766517176206, 36.86226005705711], "[280]": [26.121167600229455, 1.5387735893052318e+111, 0.0, 0.6653572887786754, 0.6955108874387503, 0.6592477398738352, 0.746593040864632, 34.27336804109957, 35.62010340242564]}