{"[20]": [0.8179010381252961, Infinity, 3.8677816090949872, 0.9394652979006441, 331.96375197965665], "[40]": [7.265287513202986, 24.221744131079166, 13.009935465087016, 7.219537443764388, 72.64248847360034], "[60]": [8.976182535562454, 18.976375712037235, 2.1848053878421765, 0.25959809444001203, 449.4543208702955], "[80]": [3.67991311005599, 20.946428527443505, 7.231824086475359, 6.789436807696165, 773.0330809296894], "[100]": [0.9802522215602931, 15.435081947249815, 35.373407993560534, 18.27124308640589, 1999.3364080964852], "[120]": [8.774566982089393, 35.99335838001962, 101.79313258179424, 1.4413011390001553, 9784.69014074322], "[140]": [5.544876640912243, 82.32700513330109, 197.5171197597014, 137.57617400902168, 22659.054000334592], "[160]": [2.664634887381542, 54.3297673540806, 187.07197374011088, 83.92201536272827, 195.20014245076186], "[180]": [64.72717664914076, 54.0519603069602, 328.59072775111804, 42.493664340159114, 113.2135809852647], "[200]": [5.775125360867829, Infinity, 1241.211817524502, 53.061818349799985, 182.85818639649534], "[220]": [44.01886378206813, Infinity, 2742.187370862114, 1508.8501467825447, 409.9571419098259], "[240]": [296.83868436957533, Infinity, 1398.0851339714661, 323.1628123637599, 406.56940034216797], "[260]": [523.6039180512819, Infinity, 2151.5734777525618, 269.9449330495478, 1105.559310580726], "[280]": [435.5441232090272, Infinity, 2419.557740580995, 57.00810005682036, 867.9949044140154]}