{"[20]": [1.2297030077668012, Infinity, Infinity, 7.428571428571429, 4.433629917336404, 8.997764959086755], "[40]": [346.06374777633437, 1611.4374868213777, 285.2857142857143, 39.176589724955136, 142.8420846104618], "[60]": [441.22068209038025, 8019.161972003198, 6327.714285714285, 4343.40383256887, Infinity, 5732.500611302983], "[80]": [12909.857751381765, 44425.3447384914, 32361.714285714286, 37516.364014407285, Infinity, 26625.763562578122], "[100]": [18132.851609045974, 334981.68903789244, 21309.428571428572, 12900.843507280646, 27458.286771573563], "[120]": [3707.5327879612432, 2.0396864831834536e+16, 13811.142857142859, 30.45581385132209, 5750.3817337438395], "[140]": [935.5373824563401, 8.345962209597365e+18, 2758.5714285714284, 124.90416588559606, 837.1523296255825], "[160]": [1761.069078695142, 1.1626134083721658e+20, 721.2857142857143, 35.36775107299391, 217.46774828693253], "[180]": [970.155050373477, 3.220410711314284e+24, 134.71428571428572, 37432.6991484299, 31.081331109086832], "[200]": [373.12005397342114, 4.125105972829313e+26, 37.857142857142854, 27308.020394840652, Infinity, 8.236246872682301], "[220]": [146.66353213886634, 3.0680853631595377e+30, 8.857142857142858, 15434.831043812463, Infinity, 2.3691745319430613], "[240]": [105.64157054216395, 1.3354510183186655e+29, 1.0, 0.14980387498335143, Infinity, 0.9038875540540886], "[260]": [161.87123861965125, 4.421494049193827e+43, 0.0, 0.006912215752386074, Infinity, 0.09582232946203954], "[280]": [276.83388195701133, 1.3303770932932124e+43, 0.0, 0.0, Infinity, 0.0]}