{"[20]": [Infinity, 14.40237880779023, 16.0, 15.999999174221967, 15.99998632290473, Infinity, 15.999995971601633, Infinity, Infinity], "[40]": [85.08896082463991, 82.63159025783006, 111.70871513255499, 8.566039274262808, 128.27217157647613, 121.76065791428144, 345.4709563216102, 22909.042440794263, 13.615194097107269], "[60]": [1313.195834316056, Infinity, 1933.9805417303317, 1963.4466057449024, 1952.7578551137872, 636.3184414943859, 528.733769384415, 24256.517401059453, 613.5371930236819], "[80]": [7068.691027187779, Infinity, 17668.15016484572, 7823.3760743382645, 4897.276020007611, 575.9712466310923, Infinity, 8417.608287716392, 8421.21698369844, 8682.80106097506], "[100]": [8236.685698430263, Infinity, 618.8778641106054, 1477.1974193512633, 14013.837023463217, 9068.552564131329, 6912.288587377235, 21681.507483676804, 11593.274266994722], "[120]": [5644.865216252568, Infinity, 13577.756717308284, 200.41788072806293, 1842.4601817954433, 1946.939026954744, 1887.842788310787, 544857.4873049976, 341924.97956216114], "[140]": [1049.3366439143479, Infinity, 3002.5614340913885, 103.0128382736458, 318.7923653769747, 372.9038294603256, 444.11193970844636, 15226.723750842417, 12789.43490855988], "[160]": [494.04419417967597, Infinity, 428.95116874194923, 11.174914772823993, 40.48574786889217, 59.783855186448875, 66.25583185421875, 522.3162956789012, 676.475985357356], "[180]": [322.50749999722177, Infinity, 71.11529493048408, 7.572185393031092, 11.844582689803204, 16.370645238954534, 12.951153880993274, 1304.938887890931, 1341.3372264784673], "[200]": [306.8916532002374, Infinity, 7.260045865083899, 1.4453439036129796, 1.9893460911991234, 2.9751316200842344, 2.404237315583448, 1266.9785099452445, 1251.6473880843585], "[220]": [278.77887885164307, Infinity, 0.23588265809858505, 0.2546778245549227, 0.28735585616124976, 0.5136392405668677, 0.47424015798783437, 1038.4577011316362, 1024.66978535097], "[240]": [259.65641377389375, Infinity, 0.0, 0.03502170686184647, 0.03988185705494322, 0.07801425983170511, 0.07742991533748732, 886.2128271655018, 875.5156535646234], "[260]": [244.1483754828378, Infinity, 0.0, 0.004814607087982266, 0.005534219868955582, 0.011846288478153196, 0.01265579199430343, 756.9764305443513, 748.9351152502148], "[280]": [230.80948952710384, Infinity, 0.0, 0.0006617343739444516, 0.0007678257615610733, 0.001798784520998528, 0.0020643235422100766, 660.7229524853665, 654.3427643169886]}