{"[20]": [Infinity, 1.6615804916722952, 3.0, 2.9999991742219647, 2.999986322904732, Infinity, 2.9999959716016313, Infinity, Infinity], "[40]": [22.256878889308997, 11280834605.766699, 23.410986915622527, 15.687963213809867, 30.71095127651923, 25.695327716376063, 11.21760173291585, Infinity, 1.7143685071096784], "[60]": [25.271982106473438, Infinity, 105.60260713568874, 99.20179384847233, 102.16272903691728, 117.75334275636764, 586.1834507425448, 78.47981377300687, 158.64904254984694], "[80]": [6.290954963209254, Infinity, 2.733782103115038, 97.10098768295187, 16.326632738241514, 78.62293521741171, 11.338025598296337, 46.66720197255939, 358.54532227542484], "[100]": [6.617722018593936, Infinity, 23.341989687875273, 108.26781683575105, 5.579288406594571, 73.04442033752974, 3.9259037141549062, 403.37244860548486, 157.538482429741], "[120]": [35.39400013568076, Infinity, 7.31346925691428, 111.1974226741818, 9.742602876198234, 3.045455594432966, 9.427765721457359, 23.642688442706525, 19.271685471515912], "[140]": [331.4802674643131, Infinity, 370.1705134680027, 502.01045235511225, 379.1697876352419, 397.70748567292685, 378.62522873921057, 327.91502294296043, 330.2087943331085], "[160]": [2600.0244655394954, Infinity, 3912.746153910014, 3106.1240081127453, 3747.619773530751, 4532.941075249172, 24218.883300359972, 557.6018332800263, 531.3947406193645], "[180]": [533.51574581585, Infinity, 12489.941186272317, 8694.807294150214, 4489.31201738313, 4194.907037767846, Infinity, 78503.82075845363, 9904.728962302026, 10323.68256450162], "[200]": [1937.0252400635848, Infinity, 4425.3938474384195, Infinity, 5474.2244017230505, 11103.24670344505, 9429.949206968322, 15029.974903073964, 28239.01896741059, 24576.719039019612], "[220]": [1804.9169201433274, Infinity, 7717.170314684562, Infinity, 893.5007447858941, 5746.272179926554, 4432.953032009505, 72146.77443351728, 16971.638886557397, 15261.091992352072], "[240]": [195.41968715206022, Infinity, 2845.296520962885, Infinity, 424.4148772408651, 2145.1676915792355, 1905.5578560771698, 10226.5779915601, 918.306417344503, 1101.4015251095273], "[260]": [235.3019825557461, Infinity, 467.97356636417277, Infinity, 255.57331463728153, 676.4374836203999, 842.2851303550075, 2178.296444392184, 768.0778452248218, 838.0851264032649], "[280]": [295.34341740635546, Infinity, 51.70795556177099, Infinity, 103.66787727223314, 210.1622609178077, 336.99160681111056, 655.0214319928698, 329.7751227096406, 347.275929255153]}