{"[20]": [2.674371406206648, 16633.162892044675, 2.181828883678955, 76.3059928097413, 1165.2227332421508, 1.7697107005990622, 10.569454879446935, Infinity, 1.2968084788477119], "[40]": [2.958373516472494, 583628183.4134866, 3.3568954633780557, 0.2654979769759826, 2.669848373220431, 0.5919491698326863, 18.66003338323573, 18.208678729167644, 3.9045535154017865], "[60]": [2.704160506897978, Infinity, 3.7748188441953703, 1.518038665088689, 1.1951360157419548, 5.025322491476546, 59353.737563873896, 1.683684721166164, 9.141030974118951], "[80]": [8.959802364721536, Infinity, 9.493559997695556, 15.336803301703398, 15.60875744524958, 14.661702618457891, 16547.62466873362, 4.678000361813505, 7.623071803639518], "[100]": [8.953370122156187, Infinity, 9.828937941716765, 18.11234107182696, 14.613005792204634, 2.175565043477474, Infinity, 3124.415618486696, 18.881434267890395, 17.41844197097774], "[120]": [1.2618947992091483, Infinity, 1.0349372067066287, 12.719867363170621, 11.760228384092754, 12.342970496031398, 9.327275010470633, 18.9326784103379, 18.87517863289019], "[140]": [9.711769031143767, Infinity, 15.893003583517272, 34.66810447223071, 35.27820358419376, 13.471933443746876, 1679.1084190954564, 5.595397358922157, 8.76159410140387], "[160]": [6.255338808611524, Infinity, 3.68405896936583, 32.388302068481956, 31.46138659598994, 2.58373105192801, 7.325055397910319, 8.18835069902237, 8.337414222109329], "[180]": [26.141818815052208, Infinity, 35.58220057552383, 73.36132553300098, 72.32999174084797, 39.17433795217057, 24.638034421775888, 23.33121685687812, 24.12676265259957], "[200]": [99.56345228997395, Infinity, 110.80498640779912, 149.51466978856465, 110.6993695428217, 84.44372903461496, Infinity, 99.64107136792906, 41.25425814982171, 41.87870047650946], "[220]": [171.75629577973058, Infinity, 339.5843018550836, 206.3187527014427, 144.5360935676074, 141.51797078976062, 684.1147543244839, 47.69324747533319, 51.51183692004904], "[240]": [173.7290280390035, Infinity, 605.1296302740403, 254.30374623971412, Infinity, 256.4345939486251, 89.8914527054593, Infinity, 1286.6035132095562, 9.258806180232934, 6.837374147710549], "[260]": [396.4217836103194, Infinity, 200.3226741312188, 143.83321946733244, Infinity, 104.565987365636, Infinity, 632.8852656013835, Infinity, 2374.6710764456398, 641.8323982340728, 666.5867329868954], "[280]": [53.992555161172106, Infinity, 468.0753491361623, 624.2352774998855, Infinity, 485.3995974947574, Infinity, 2684.530388482452, 8597.306410724836, 1489.7746065225494, 1498.236513967573]}