{"[20]": [15.30476109666552, 197.2932001587643, 14.0, 100.0170000163793, 89.68761286944181, 15.58535182314896, 14.97632063849106, Infinity, 14.942576379687365], "[40]": [188.4160217717578, 779.2016003746205, 241.85714285714286, 69.10708346041156, 261.28181779625334, 68.58936011320719, Infinity, 270.8344392658492, 139.82826870737634, 96.52991727124083], "[60]": [1250.3174687796209, 1.6870673171888082e+18, 2001.2857142857142, 1986.0213401911421, 1572.1162231994776, 854.0364580283931, 913.3823516073417, 1196.4313042607218, 1137.214556623182], "[80]": [3594.5820223245937, 3.729403789879908e+27, 10285.142857142857, 9208.53613159107, 7085.598708455704, 3370.6326212060503, 2713.3249327572757, 6200.612031459197, 4135.764008245067], "[100]": [8019.742704734268, 2.647552091869952e+35, 6164.428571428571, 4299.72767278731, 323.74851808409585, 1195.5301086497275, 7027.696457739494, 13301.67016340381, 16590.817996636575], "[120]": [1352.458724209897, 8.308450134770628e+38, 11494.0, 820.6932994262079, 2133.5543671965224, 3957.554920001312, 5.323060646642261, 82961.29278080717, 85212.26064861726], "[140]": [705.9934580068175, 4.976266294395922e+53, 5449.0, 420.61907093902414, 235.32189008881915, 586.5763523920568, 5.986594691496521, 2269.587828793313, 697.2509616717482], "[160]": [950.9382863049022, 2.135402919236706e+62, 1306.2857142857142, 207.65377000516122, 34.173919991205935, 81.51261096597489, 82.91431492712815, 44.745415962354286, 23.869843588835465], "[180]": [705.0925537658486, 3.104745092395459e+70, 308.0, 73.76042019008614, 20.47154172087646, 7.962028656295701, 33.662375474335505, 1415.1378606788048, 1264.7018161639544], "[200]": [225.71200683284587, 2.1119689227880706e+80, 67.42857142857143, 34.75130904920556, 19.944401666665, 13.415041136617994, 23.392591353910298, 714.649109443901, 733.7998315765947], "[220]": [222.93744983136457, 1.776360035683665e+88, 21.714285714285715, 15.953554705600625, 10.826067130405786, 10.669034841849552, 11.931092666422442, 547.4212310575657, 563.8600389472789], "[240]": [169.9615479243157, 1.0427345148083256e+97, 11.285714285714285, 4.9092232621427705, 2.5993111534596114, 3.6392195862416394, 3.06680185660334, 437.8960123740767, 444.267824108372], "[260]": [153.485513544711, 4.2491225503989994e+105, 2.2857142857142856, 7.60950236673942, 6.709999521095472, 7.3097117137260135, 6.88758982340829, 326.3373008238224, 339.78263265753355], "[280]": [214.57209057841965, 1.6874702090631743e+114, 4.714285714285714, 0.6257825730187145, 0.27988186003838544, 0.5558050567100656, 0.10420738857250411, 359.6135402130211, 365.00762703131585]}