{"[20]": [Infinity, 0.9917785513114644, 2.0, 1.9999991742219654, 1.9999863229047314, Infinity, 1.9999959716016316, Infinity, Infinity], "[40]": [1.8915679453274752, 10695166854.422178, 1.0, 3.566301473486725, 1.9888956796633224, 1.1482760998153874, 8.192168722747173, Infinity, 0.24390953912786967], "[60]": [6.445938510588529, Infinity, 7.034856923032878, 10.366911309575624, 10.036423419596971, 5.065754458287453, 64756.476374157035, 3.06232752421396, 5.7344990473239115], "[80]": [27.29136599983094, Infinity, 27.666074694257087, 31.26917839914043, 29.078942603330187, 5.919727166070969, 29.71624739433264, 19.126005481461167, 8.261504043201173], "[100]": [33.01699828550573, Infinity, 40.517798883528904, 48.861313817994166, 49.17323222071233, 8.57334256722486, 3727.598056360609, 57.974631410032266, 53.62045780283542], "[120]": [44.53797823597072, Infinity, 224.81150876123323, 255.25118462675317, 241.9329394655136, 80.14435793944814, 69.54592445188815, 21.917212862857788, 32.562199473806906], "[140]": [49.526442598572835, Infinity, 491.8956974524164, 31.319432782169443, 60.155401953141066, 72.38773136260743, 4316.152623466592, 194.21336907818363, 182.30409391740733], "[160]": [55.87903535929608, Infinity, 943.3946346021347, 483.9784467807937, 220.82083032296737, 215.81973443990853, 168.54161607996136, 239.63397704025678, 301.8434949940262], "[180]": [303.9693356864455, Infinity, 135.15218397274458, 92.89624737876629, 189.09577366210982, 199.73452277610068, 205106.4146641014, 347.03270855664306, 419.2951090935807], "[200]": [26.143305438815915, Infinity, 739.8557227142492, 72.54969918079242, 68.63874600353114, 43.73481664039209, 1376.2476602925176, 131.03307841603288, 328.759513834591], "[220]": [99.10284214096511, Infinity, 657.0971891230388, 42.75507456251536, 37.254380347386366, 29.557974711108024, 35.067187056767175, 152.03836969261957, 174.65906181948895], "[240]": [32.99841339459716, Infinity, 319.41899565551523, 20.2372470320665, 17.31453781046178, 15.5924687401552, 29.75801711225729, 54.74385390814079, 50.11670208286599], "[260]": [23.66033966885168, Infinity, 91.1544479175933, 6.36987610902291, 4.673967786014591, 5.29020710484859, 8.263582485962125, 15.249308619872043, 7.5827590756309755], "[280]": [23.122399045946505, Infinity, 50.94590845077831, 0.956898436302584, 0.7666230566325192, 0.6075484231413328, 2.58874216891646, 46.93213549710345, 44.967734681593676]}