{"[20]": [5.403771664995525, 256.97422887443736, 5.142857142857143, 22.13424088614518, 21.994103123399874, 3.65935403895778, 4.20713717612213, Infinity, 1.979262595324113], "[40]": [17.24388013134966, 10.764641831488742, 23.285714285714285, 1.997184487935364, 1.0659754392753626, 12.514557285264573, 9.52384732764489, 1.2350309803532937, 2.3809247550075483], "[60]": [10.226720044023352, 1538406403419433.5, 4.0, 25.247993329997442, 35.74621566382479, 19.71922953509599, 17.066440427041513, 198.63040952484846, 27.117177181996325], "[80]": [8.439066876549305, 3.40077629912588e+24, 1.5714285714285694, 58.95080654311541, 10.220147475109428, 7.811795433561969, 13.51130337755022, 327.8687884313015, 30.388872574054503], "[100]": [11.80897254151003, 2.414254885475781e+32, 28.714285714285708, 26.29314776030228, 16.46508133433774, 24.940788863788114, 16.08779428790561, 1.3733587139543104, 3.5094431654000218], "[120]": [5.027980528570808, 7.576325486168787e+35, 5.714285714285715, 32.16310874550925, 2.1117938729200603, 0.7668640039997143, 1.33180817503861, 2.6895700453489653, 0.7242604721904229], "[140]": [135.21991981794378, 4.537767621226321e+50, 161.14285714285714, 217.28907261421958, 143.34818438138439, 182.2151843982125, 143.29597723978816, 107.17605438640143, 107.82041500123307], "[160]": [565.4080033938781, 1.9472354461076123e+59, 1855.7142857142858, 2347.1186934071984, 1518.9997955325257, 2232.2366014831064, 1583.8759933919453, 100.17637461753202, 95.12938478801289], "[180]": [11.498073600170756, 2.8311610852975855e+67, 7424.285714285715, 12049.503034132686, 3585.5120267369493, 4062.4194186994864, 5933.82916333098, 37.865453979331505, 63.44024606825769], "[200]": [1177.8086496316464, 1.9258664884755883e+77, 918.2857142857138, 12963.784665279416, 5666.0534961018675, 7173.969864448212, 6866.697057129124, 6239.441088656746, 6703.815308629346], "[220]": [537.7220636017719, 1.6198306258292654e+85, 5696.0, 4247.771056237073, 4089.6225183120205, 5679.783976341561, 6352.225952253324, 2380.5129983911665, 926.9547448242638], "[240]": [367.46519509779137, 9.5085081810186e+93, 2250.0, 485.62608557385465, 1692.0003355154886, 3023.8891372547096, 3764.9076774929035, 171.52522034167896, 135.2460400578709], "[260]": [129.007654829079, 3.8746981460246653e+102, 288.0, 32.16995109611372, 534.4347708991318, 1242.9476086020973, 1638.8000832591435, 4.123422340332951, 2.540456634672921], "[280]": [202.66684486770737, 1.5387735893052318e+111, 18.142857142857146, 24.737464427600642, 163.43135441372317, 456.5097678129616, 617.2120247635764, 85.34284336621926, 83.57775131393097]}