{"[20]": [15.290268978890646, 196.2932001587643, 14.857142857142858, 194.2734559357895, 183.9849459044417, 16.523745354524486, 11.21721235749456, Infinity, 24.505119774236427], "[40]": [96.78425746102508, 55.27318127280614, 115.42857142857143, 16.976187160736146, 133.52216896893933, 59.043013074388114, 25.10446443941612, 332.79757959708496, 44.77684079167332], "[60]": [716.2437981028327, 1.6870674201653875e+18, 910.0, 952.8620930317084, 981.0427320654989, 26.81169713293616, Infinity, 262.8443510799101, 800.1689730378025, 184.73726325093662], "[80]": [2478.663249175181, 3.729403789879908e+27, 4967.428571428572, 4121.842078000482, 975.440990097788, 1045.157080732205, 1278.560744586358, 2487.2581711351813, 2327.5431948563273], "[100]": [2236.0498250719593, 2.647552091869952e+35, 3220.2857142857147, 2537.09365489628, 1161.3819186299224, 493.0787463239685, 397.93883142780396, 34716.90877733458, 31840.205129856127], "[120]": [1260.042096482438, 8.308450134770628e+38, 5650.714285714286, 418.52543993364816, 1328.520558659964, 2186.13469218542, 210.33522404135147, 14466.08519971976, 10155.67782701192], "[140]": [436.74629928464856, 4.976266294395922e+53, 2761.285714285714, 106.19402569715828, 184.954846221425, 329.15203464171645, 45.32582815360888, 4703.107451752463, 1757.474888716728], "[160]": [265.76550167626283, 2.135402919236706e+62, 652.7142857142857, 35.604387853560496, 24.919479234428053, 75.44652503770772, 2.6583021781316916, 625.2891777893425, 584.6446174300477], "[180]": [137.4966376259381, 3.104745092395459e+70, 115.0, 30.484075549898577, 15.938797117498162, 0.8150340982174598, 22.534893617937463, 324.6363116216759, 334.31170968311864], "[200]": [175.32672512491172, 2.1119689227880706e+80, 35.0, 11.41825893076371, 6.095014294199574, 3.8042408153103207, 8.078686681700598, 414.3696122772436, 423.76885483248327], "[220]": [77.44215282831055, 1.776360035683665e+88, 11.428571428571429, 2.6137750655875776, 1.0982222838139348, 0.7655178578805191, 1.610449469966147, 223.3833673305945, 221.6150913072336], "[240]": [143.7782398608715, 1.0427345148083256e+97, 2.0, 1.6093623692441281, 1.0145466172799291, 1.175541636466837, 1.190023266708777, 255.67949057450915, 253.63041836906476], "[260]": [154.67751495105836, 4.2491225503989994e+105, 1.5714285714285714, 0.08964631721111659, 0.24143142657301786, 0.18930988217388914, 0.19836390529172296, 183.03528120165186, 181.41589842593584], "[280]": [64.41052084375042, 1.6874702090631743e+114, 1.0, 0.9974694172911028, 0.9985759091207606, 0.9749022296908186, 0.9991046860292142, 179.28670458988927, 177.2083929934015]}