{"[20]": [11.0, Infinity, Infinity, 11.0, Infinity, Infinity, Infinity, Infinity], "[40]": [10.322432543969313, 175.13869945950574, 172.14285714285714, 62.146748733213386, 52.83570460241921], "[60]": [5.303195208622128, Infinity, 3346.285714285714, 1790.346584475016, 1316.3132841886732], "[80]": [13206.99808270632, 32406.994186128017, 11290.428571428572, 12674.210039428066, 1972.877026701568], "[100]": [1789.521851835957, 1391.8041679915214, 9313.428571428572, 2900.0698723005216, 6025.039906449734], "[120]": [360.2395365771438, 6.461393735405757e+18, 4515.571428571428, 778.3723716974796, 955.0144215061241], "[140]": [220.47704933387791, 1.3357206674365257e+24, 654.8571428571429, 25.185544670149454, 100.28540042638485], "[160]": [891.2332634351205, 3.988063764243592e+28, 114.14285714285714, 3.262890232769049, 17.650789128861305], "[180]": [865.9137109619243, 5.048251207351465e+20, 13.857142857142858, 3.070007179221607, 0.9494451924747622], "[200]": [658.1673672363908, 2.2168207057291353e+36, 3.428571428571429, 14058.352376096589, Infinity, 0.12456237138717441], "[220]": [473.1095548843887, 6.879397541932909e+25, 1.5714285714285714, 12167.34398888157, Infinity, 0.34944264869681657], "[240]": [313.77918823593217, 3.2676217926891027e+24, 0.0, 0.0, Infinity, 0.0], "[260]": [151.19822660756603, 1.0411588315981054e+43, 0.0, 0.0, Infinity, 0.0], "[280]": [34.95337246795353, 2.167776765516918e+61, 0.0, 0.0, Infinity, 0.0]}