{"[20]": [Infinity, 0.9985431594900871, 1.0, 0.9999987085353498, 0.9999851957270451, Infinity, 0.9999912063607439, Infinity, Infinity], "[40]": [2.20555832077427, 429741.19585934567, 7.4609896229365145, 4.353341336649386, 5.698843895537907, 7.394554356725358, 264.60406939376463, Infinity, 0.9420717552138774], "[60]": [37.560755534527466, Infinity, 71.29177101602667, 65.73729088589252, 68.2193122606702, 8.404021651277391, 31.258677466931267, 106235.87364371469, 5.319968985888622], "[80]": [291.5760180055331, Infinity, 887.2199028150995, 206.616409770736, 129.81634953556713, 77.95297015892345, 328.00530208568176, 147.78574385347676, 104.7028119282862], "[100]": [3535.3687405348514, Infinity, 6419.10608705391, 1875.3291009045136, 1427.8041785734183, 1357.849163057893, 3342.82665038657, 1351.4777559528163, 1356.9495885673161], "[120]": [423.1957462256364, Infinity, 1863.0596474766928, 2129.3145486777944, 4063.733620782365, 1517.526910961325, 10331.004031259552, 3392.7102310887167, 1818.4965941279434], "[140]": [107.68149115134585, Infinity, 6504.338645151688, 506.68676134098735, 2210.727568125144, 1389.7897746171989, 8605.068077723332, 5344.358349743728, 4038.531208527066], "[160]": [87.33623369217862, Infinity, 2115.3087959896734, 203.60273999913937, 684.6684994005756, 604.230313342665, 1070.00109979383, 1382.7816514223264, 1031.867807863905], "[180]": [96.92807933663501, Infinity, 369.2535655095034, 53.84025058655084, 142.1743833309718, 156.65360545486482, 201.20092021217926, 356.6300198232486, 295.58413411451374], "[200]": [84.27034649433845, Infinity, 60.541297511015856, 22.764802851418352, 38.88402836047948, 49.498383656447466, 51.8106849925766, 165.62272152210923, 177.746344965572], "[220]": [47.701041061571104, Infinity, 8.749790325808274, 6.079406214480899, 8.326409275658186, 12.125574844359367, 13.136879388346893, 68.34512924231889, 73.02988395654968], "[240]": [52.04825064527252, Infinity, 0.9682386199387715, 0.9608701102750338, 1.3809198238138336, 2.3102720479356713, 2.723609393625098, 78.37146111466281, 79.73448402257323], "[260]": [47.819096518235845, Infinity, 0.0, 0.2607237290192778, 0.2985355822222593, 0.5585619750658479, 0.6961635628375467, 60.697965312297534, 63.461294733835814], "[280]": [45.23977517711633, Infinity, 0.0, 0.049976622141592826, 0.05661144838462066, 0.11515022710629368, 0.14960618925854235, 52.473223387654436, 54.6304887735691]}