{"[20]": [Infinity, 0.5478876864646284, 1.0, 0.9999991742219653, 0.9999863229047318, Infinity, 0.9999959716016313, Infinity, Infinity], "[40]": [3.5960637735683525, 8.607874543997491, 4.191343150986671, 14.350162740521867, 17.94554251779403, 5.025444630362854, 69.02008078784232, Infinity, 6.995964604629942], "[60]": [1.4221857415562942, Infinity, 2.886500988744306, 1.0206937378608094, 0.9533993103053836, 0.6526621791472558, 0.662009721985472, 3.8977302745816784, 13.843499610800793], "[80]": [2.8503713323925175, Infinity, 3.5851244916321825, 5.814119941248585, 5.921521637492446, 5.776725533524221, 104.81612565979736, 0.6947612077732634, 1.677892428618021], "[100]": [0.39474300832413, Infinity, 1.57828341162799, 2.7008241124123056, 2.993189167061289, 2.652928467672207, 8.153586120845747, 0.18266069964266052, 0.08578199275498281], "[120]": [1.460557308364724, Infinity, 2.573421956584983, 0.7028693244592086, 0.9995362914557242, 1.9362649072579723, 3.039554246782551, 2.5809808258686675, 2.1998627608564303], "[140]": [0.7582256752499863, Infinity, 1.7045871587555526, 3.77723138279033, 3.9999729703259312, 2.3408597334592924, 15217.60265092315, 0.07529446939972054, 0.07378716763307151], "[160]": [0.36005194817610964, Infinity, 0.592192909747469, 2.7029826334514406, 2.999998381224757, 0.9786751762794401, 5912.714013269109, 0.3822327539407368, 0.3960880101081474], "[180]": [0.7475156468933616, Infinity, 1.6668228479462694, 0.07425428030055917, 2.2597366408918736e-08, 1.1494866572344713, 0.7792604571404056, 2.3768245013005216, 2.5127099728863733], "[200]": [1.3768969840196932, Infinity, 3.0, 2.999999999219808, 2.9999999945782525, 2.3441824974096686, 2.0299448965116733, 0.03419009779618328, 0.10073168910514202], "[220]": [0.5186227394704835, Infinity, 0.8711355075055336, 3.7772371989009854, 3.999999999682665, 3.211222056747581, Infinity, 3.209402643392938, 0.583296501276803, 0.5117894510259168], "[240]": [0.49213300337755095, Infinity, 0.7490255186570359, 3.5544743978797873, 3.9999999999806026, 2.4442303339439424, 1.5046226107350302, 0.2435997917016161, 0.20438633213180327], "[260]": [9.725817545787633, Infinity, 9.337271304580383, 13.628728664901427, 13.999999999998808, 10.45188296495827, Infinity, 9.28061229783284, 11.010260764198176, 11.010755918050942], "[280]": [11.583294875582238, Infinity, 15.096280000941723, 33.36640612556673, 34.9999999999999, 11.372221965060792, 575.1062317586559, 1.7183305235704525, 2.12026413904476]}