{"[20]": [Infinity, 2.4610412883214257, 4.0, 3.9999991742219647, 3.9999863229047325, Infinity, 3.9999959716016313, Infinity, Infinity], "[40]": [2.4493827962905055, 2476979210.5666194, 4.868045459319948, 17.27445226431152, 9.986960467611121, 8.005122561130724, 1.879471592616752, 18.19121080840326, 2.046523076519529], "[60]": [0.7647613415462453, Infinity, 0.24264242141065043, 10.544387346884884, 10.248566317837144, 6.963944446618052, 0.5540356524126719, 30.18421606363396, 15.108464316272773], "[80]": [12.913284404602097, Infinity, 10.115890924914057, 24.149675827412047, 23.14747703109203, 18.276125717658328, 10.643053096407689, 11.709987494482759, 9.475172322161018], "[100]": [3.863427929977609, Infinity, 8.052765370911912, 27.390081902893673, 22.262245644767653, 1.1498602699866038, Infinity, 27.90781508257664, 4.555457014588175, 2.8223778810703517], "[120]": [3.3697587002331097, Infinity, 4.752088458482243, 31.310861411171164, 29.34182511833771, 1.01441704681063, 3.152100994703087, 6.149783709049327, 4.9145319833796846], "[140]": [1.4858812229466825, Infinity, 1.3236915411201569, 37.339203794531734, 38.03106921904418, 6.165399663670756, 1.4694555291985631, 10.163442444755596, 9.654946936215024], "[160]": [5.1810883547530855, Infinity, 8.379370223286804, 44.41606756388866, 44.56280987522596, 9.90293057737803, 2.4999208616890978, 2.559208974305723, 1.909842817816717], "[180]": [13.217091910732707, Infinity, 24.85694929409267, 74.96328798607749, 73.41161986127068, 29.998433769679718, 6.5887122813511665, 12.004364425604358, 11.99440932003036], "[200]": [78.38625514794673, Infinity, 95.68895541611253, 147.3624020140979, 114.73843889371192, 81.7099909757855, Infinity, 70.78134277026611, 32.15361344640165, 31.979834849635797], "[220]": [194.91086259843007, Infinity, 231.78036913108804, 149.21207964145754, 112.01642050423838, 106.06730437764199, 131.28443058039323, 97.23606214730944, 98.73245665522636], "[240]": [198.60199486174287, Infinity, 677.2712926735829, 329.4228860007122, 213.87530587966262, 134.47958196874967, 3503.5873925019637, 61.3904524529781, 60.896130116727356], "[260]": [16.436727475711635, Infinity, 716.9570621925793, 336.1797249430121, Infinity, 106.72183365774823, 235.52661225384017, Infinity, 7446.027698629724, 715.9991597942336, 717.6406394661491], "[280]": [63.28118342621884, Infinity, 456.5182071463272, 263.0853929318168, Infinity, 106.19991579755737, Infinity, 1650.4627946251276, 17557.663075175984, 281.82262235986457, 294.212957103653]}