{"[20]": [Infinity, Infinity, 3.0, Infinity, Infinity], "[40]": [Infinity, 52.859616977641906, 41.31495269626418, 3.8003668252108644, Infinity], "[60]": [97.67962137862382, 142.1157064154615, 467.72762169110354, 642.5076631499891, 293.99380951535153], "[80]": [120.79602534821802, 511.448510168798, 588.4746835497118, 1575.6857915760627, 172.84229871407197], "[100]": [8.009387575986851, 72.2410191094165, 767.9796144226727, 2877.3599425643642, 250.88572173689428], "[120]": [77.79966812113554, 255.27407503370975, 717.3111639805113, 3896.4404545181724, 216.48852521072806], "[140]": [2064.030470396324, 4220.84400953457, 5461.562352324763, 9806.236023954521, 2364016.451558338], "[160]": [3003.168266245578, Infinity, 1011.2243368615632, 7204.486356246301, 3928.7030082050255], "[180]": [2153.6648086913383, 3.466837909080916e+18, 6180.728247714921, 4453.6197548831, 2104.3335835768826], "[200]": [326.24934163265044, Infinity, 1929.6917556987287, 1028.635856426358, 31872.46308080534], "[220]": [98.43739746577943, Infinity, 410.06198037097545, 379.6801533467042, 12007.757176813198], "[240]": [73.2191354101845, Infinity, 170.6911794626516, 96.60599290037493, 16935.62707206431], "[260]": [74.730010575229, Infinity, 56.442476326172454, 12.58616119352052, 4527.432300106418], "[280]": [221.0485237691323, Infinity, 1.4123296377412404, 9.793554846375033, 1.1121361963902523]}