{"[20]": [13.921621730669447, 11.173291326585087, 13.0, 5.761921858360644, 8.39238370584168, 7.305147650210705, 8.74656987034949, Infinity, 13.020107336990707], "[40]": [175.7241543183883, 200.10216451106942, 201.85714285714286, 63.12608820831315, 218.12591092140323, 124.78573597646651, 91.4907182873454, 74050.21728175943, 70.54887354798299], "[60]": [1473.957788867883, 1.687067384056735e+18, 2384.285714285714, 2303.4276284381726, 2326.918674548963, 32.725628955492994, 16.718152241989173, 408.27054251277787, 401.2179756130313], "[80]": [257.0993406656453, 3.729403789879908e+27, 10161.714285714286, 2061.764385734905, 3096.1314655912574, 3042.7277228920793, 2845.5253357711445, 9757.624511058988, 9777.719071904557], "[100]": [1309.3296375075242, 2.647552091869952e+35, 5701.714285714286, 155.06202409981051, 1118.5236363530676, 94.509115073668, 690.6181019166543, 101952.01649280178, 94455.13838494068], "[120]": [3422.1597887482976, 8.308450134770628e+38, 5349.428571428572, 248.5820806822005, 4.7410491054261, 60.073003424719445, 65.92218307697249, 56410.272224176035, 41908.630809580274], "[140]": [731.0925473801381, 4.976266294395922e+53, 1285.0, 220.93115633338675, 132.82704681107816, 101.9820538057524, 138.83824002095434, 1844.3011693615467, 2165.293799308211], "[160]": [553.4815819482105, 2.135402919236706e+62, 241.42857142857144, 156.00955577482637, 125.1803509446843, 122.33272815352147, 124.99669147049848, 972.1526614741274, 986.4169546214735], "[180]": [431.13896636634354, 3.104745092395459e+70, 93.28571428571428, 79.1705393768325, 62.95563418804248, 71.5565238562474, 62.523391571088474, 771.4954282180115, 748.8777504550299], "[200]": [310.309961684819, 2.1119689227880706e+80, 36.14285714285714, 44.55963964885263, 36.68848401426933, 42.99916928024814, 36.45177805929146, 552.6042010763774, 551.8870716282521], "[220]": [330.22815106396274, 1.776360035683665e+88, 5.0, 37.02568943710015, 33.09075089581249, 36.72031210891326, 32.964839631987424, 298.4213791119743, 312.4022832025332], "[240]": [190.72746490270492, 1.0427345148083256e+97, 3.2857142857142847, 39.49934802845045, 34.73679390030005, 39.44110874385242, 34.579872162357866, 254.01067043987092, 274.590878136942], "[260]": [249.03523485683127, 4.2491225503989994e+105, 16.142857142857146, 54.028368493665084, 49.97322094202781, 54.01744670216293, 49.83917590362077, 221.31745054753748, 219.74899033648353], "[280]": [325.72967592754185, 1.6874702090631743e+114, 3.0, 58.32178176400764, 51.934386503684905, 58.31975717425785, 51.72302034440738, 267.8624363816607, 264.9440363259995]}