{"[20]": [Infinity, Infinity, Infinity, Infinity, 11.428571428571429, 90.12833035742003, 13.767197415843734], "[40]": [Infinity, Infinity, 118.51337496659494, 143.28571428571428, 142.49091026522893, Infinity, 163.99984409963943], "[60]": [1047.5299828083116, 859.8451362176604, 193.42857142857142, 395.79791985681567, 241.7762558386039], "[80]": [24.052484150655857, 125.97283414797857, 13.571428571428555, 428.42610070765716, 7.348474397653092], "[100]": [20.172492685492898, 3.565418621211773e+22, 19.142857142857167, 402.8021392416862, 2.2384776871157896], "[120]": [259.52481296593663, 5.553663344105686e+31, 242.28571428571428, 648.6192354793591, 272.56540593992594], "[140]": [876.6752742217759, 62140.564275360564, 5506.0, 5426.594834117819, 3439.017977333665], "[160]": [3639.2903144957963, 58514.38192670657, 9178.0, 16874.83731430149, 6593.432401647518], "[180]": [7317.980983687947, 5.453542769063713e+31, 10066.285714285714, 5676.5421019262285, 264016.47290163697], "[200]": [373.4830154482397, 1.288547499223054e+40, 4345.142857142857, 852.9997245600326, 244120.76043467436], "[220]": [756.0529985336499, 2.987890590699315e+67, 727.0, 155.92468226007597, 13672.69444300096], "[240]": [19.824765914439382, 6.774725094880492e+29, 129.57142857142858, 20.373559069287968, 82.0601425275986], "[260]": [68.04866807622408, 6.140750856049576e+81, 11.142857142857142, 7.142286416153324, Infinity, 3.0064056852111243], "[280]": [1013.4155707997098, 2.8206083717838804e+73, 4.0, 2.5335170910713307, 367.82127826299217]}