{"[20]": [Infinity, Infinity, 6.857142857142858, 13.529045441142472, 0.03794243565219446], "[40]": [Infinity, 194.76541296486283, 60.57142857142857, 43.101794632960605, 40.27276195811062], "[60]": [13.845617845540232, 1.690911023551621, 298.0, 471.327302924004, 56.91830083387583], "[80]": [32.219807131074845, 87.7346472836798, 67.14285714285711, 590.9164198997015, 11.367300652350536], "[100]": [19.720788455846787, 4.806320038355453e+20, 44.428571428571445, 685.8661733040442, 11.106158725210435], "[120]": [25.212694203665478, 2.0887393486590845e+19, 89.14285714285711, 740.5809632838461, 31.275274888789227], "[140]": [167.67683985256554, 1473.0501043583163, 3779.5714285714284, 2414.2601500814694, 1611.8669282221722], "[160]": [685.7393568666557, 4.0607222765777775e+27, 14501.571428571428, 23944.950823283893, 1.343416445513867], "[180]": [762.0967365524994, 2.624257652010833e+25, 9992.714285714283, 13541.541864275923, 612532.3794871998], "[200]": [596.3769622296768, 8.50309457182186e+44, 6880.428571428571, 2457.9105656534293, 260162.4842779924], "[220]": [122.58167629368518, 1.3869216159623812e+60, 1357.7142857142858, 428.94533144823856, 108090.16267569503], "[240]": [22.10241403542858, 4.32777709080314e+34, 265.0, 75.4096743837426, 35091.23506537151], "[260]": [10.27656866629404, 1.024402870863394e+79, 41.714285714285715, 3.117999479769372, 10636.587986147217], "[280]": [36.5798542136385, 2.078670103137908e+79, 2.7142857142857144, 0.637689891171364, 3042.186412866049]}