{"[20]": [8.368030659874208, Infinity, 9.06771524140861, 8.508775542898736, 24.672111432551436], "[40]": [0.4744157016146701, 26.00182367255099, 58.674196524216846, 13.607056627714732, 1429.417052033005], "[60]": [25.44278205146057, 4979.837697694922, 784.6811043744552, 197.25509856276716, 7729.286754702334], "[80]": [144.70683230212558, 5650.785287444136, 9905.611215499779, 4823.252201924941, 3225.581554399652], "[100]": [3403.5218782178367, 36012.66937108072, 383.21118510783947, 5105.840179698669, 1430.7480896355928], "[120]": [112.66861122593815, Infinity, 7612.197884560528, 809.2678399796221, 1594.6458815939734], "[140]": [85.66466232374391, Infinity, 1544.9990635083318, 109.4310234991992, 255.7159319019607], "[160]": [168.2755339446693, Infinity, 218.48451764242628, 3811835.544486967, 26.482282334077063], "[180]": [177.1887492114285, Infinity, 29.044181551308355, 10404799.95414276, 1.6662694117764], "[200]": [145.42452012327317, Infinity, 5.573305840670908, 10385568.066012189, 2.409788231406834], "[220]": [110.1593834425468, Infinity, 3.14236769178648, 10024580.723901218, 1.7193986863024753], "[240]": [85.08449362650215, Infinity, 1.0, 0.9080099865081618, 0.7631872879837127], "[260]": [65.34726609341499, Infinity, 0.3032678824750642, 0.6682950290055354, 0.38770632920947184], "[280]": [59.646829267391006, Infinity, 0.419404775603831, 0.007705670598713625, 0.09565453773196772]}