{"[20]": [Infinity, 0.00038431969908012077, 0.0, 8.756466713984944e-07, 7.900128624105816e-06, Infinity, 2.5035488720457547e-06, Infinity, Infinity], "[40]": [5.160454594875011, 10286784.629669743, 6.261196405980336, 3.1125598427957013, 4.954497753934271, 4.433640455527114, 3.3081317525554077, Infinity, 1.966776106131695], "[60]": [13.737046926578783, Infinity, 64.9050810973692, 41.23599803466534, 32.67261676101651, 13.807450935245512, 178.46817039000183, 11.817616664328225, 16.8783952692359], "[80]": [4.086570288951073, Infinity, 12.422621191878054, 67.746038737964, 1.4561628154616337, 44.52244288370702, 13.191903525371712, 37.09896969179, 11.528117479944987], "[100]": [11.942450653750717, Infinity, 3.2894195797592594, 95.67564303738149, 14.309036798643008, 58.644162783332284, 14.953610584299502, 146.5425006501785, 70.18456500682842], "[120]": [12.657455167666287, Infinity, 9.256162420042731, 76.75408325993384, 1.018010784319521, 8.050722337193989, 0.8774639576441848, 3.2313389840568836, 1.9829661624719392], "[140]": [76.08427026235522, Infinity, 102.58518643960018, 199.09723753347893, 103.71168623342746, 118.60414546524626, 103.44823894582505, 77.55431682678329, 79.07317461200213], "[160]": [588.891727202379, Infinity, 1393.4434175911088, 978.2086016734114, 1222.5922163561563, 1811.412212834632, 9290.005153289423, 138.08829911351705, 130.094729684778], "[180]": [586.4030863469568, Infinity, 6942.414523366041, 4668.885215753381, 2913.050613745222, 2770.464960250876, 30464.41010930344, 1478.7749508846705, 1620.264947631115], "[200]": [896.5244555738557, Infinity, 449.53241828265305, 5588.522333125665, 3939.3012372226867, 4348.562109599209, 6136.004698957827, 4038.9618158673375, 3607.6043057764778], "[220]": [399.3501332497611, Infinity, 4780.424373265715, 1087.4453622098906, 4203.888497384449, 3585.7247595199574, 84745.14201962361, 2180.5546939079486, 1977.2995181939625], "[240]": [96.25713579227154, Infinity, 1863.5053377881634, 396.12468942905997, 1536.6983157784346, 1551.7508721508761, 18907.83393521618, 60.25772699839142, 15.562202752918903], "[260]": [80.55586645541165, Infinity, 353.07407223216967, 253.52326542903594, 568.965859853577, 742.9703001355482, 4745.6407614747095, 125.3921194225256, 146.95335709768324], "[280]": [78.2657874641232, Infinity, 39.98382903600286, 103.02166577903976, 179.21103512322188, 295.1433193277844, 1456.5763802017495, 61.06726917277595, 65.31191110466676]}