{"[20]": [3.0, Infinity, Infinity, 3.0, Infinity, Infinity, Infinity, Infinity], "[40]": [2.1212831740918783, 4.513542046421355, 4.890071578060011, 3.4149063020322212, 33.52654347961096], "[60]": [8.582203949139943, 53.67151995231353, 0.3675819189326712, 1.9908055786136516, 140.2306568389204], "[80]": [1.257357160042319, 3.592030318842591, 0.496576952642412, 5.657099180691398, 95.78897533984262], "[100]": [1.2184938753390835, 85596828.068838, 2.5790934947530886, 5.86579574278024, 148.95417991897872], "[120]": [4.962587155423044, 5.957496065243062, 11.959079051099648, 0.5288633253091808, Infinity, 246.77858375584267], "[140]": [4.957529257936636, 8.98708009852304, 12.992719072437014, 13.953135791044057, 1703.2772567075006], "[160]": [8.52287739842912, 21.400107386679828, 6.363616864368784, 4.99919294708262, 3557.2551532373923], "[180]": [5.842748907667977, 11890341194.054976, 20.317423643150242, 16.987006151983497, Infinity, 4006.9899717825047], "[200]": [1.191092227375714, 49.444542032800825, 69.14318732495266, 98.57787797570097, Infinity, 6731.908410600135], "[220]": [70.48175715767213, Infinity, 237.5806788649315, 87.96137761229507, Infinity, 15114.932558785615], "[240]": [11.02826958682731, Infinity, 535.8457345903824, 277.1170714876313, Infinity, 45847.890099201395], "[260]": [28.695016685215506, Infinity, 403.93447765150415, 1126.962569103758, Infinity, 106734.13376534678], "[280]": [2.6581225256969696, 7.507747020419979e+22, 200.9862795793329, 293.57768170493097, 157.43251009047555]}