{"[20]": [5.0, 382.1862722641289, 4.428571428571429, 72.15062957219071, 69.36925746183874, 4.841960370317673, 4.962863338961149, Infinity, 4.0860578577822535], "[40]": [6.922979474642446, 2460639455.268217, 9.428571428571429, 29.503941054174803, 25.915047955724603, 1.4130059347030652, 4.971704155744554, 10.659595653674614, 14.12229882318627], "[60]": [7.9184974311775065, 1.6870675686121236e+18, 3.2857142857142865, 16.437034828670544, 17.302083956743513, 14.077298810702747, 14.138848502087551, 134.55257073730343, 70.33533178533985], "[80]": [5.948278855810306, 3.729403789879908e+27, 3.2857142857142847, 18.02883568683795, 18.60540818127942, 12.988802870488884, 12.403576110057397, 8.041533660682896, 6.605243516782563], "[100]": [1.8969759089388383, 2.647552091869952e+35, 1.571428571428573, 20.037675221129064, 21.02893271504656, 8.411679537282891, 0.999326483761692, 0.9331731849945939, 1.4342970825737353], "[120]": [2.1432100966704404, 8.308450134770628e+38, 6.0, 27.85638552211856, 29.245716066260975, 10.801661734115758, 1.9998488775801277, 2.751373248771145, 3.9227844632033317], "[140]": [9.049718880218705, 4.976266294395922e+53, 8.42857142857143, 17.64335461493004, 18.746698629567103, 10.455451960427496, 12.398525524523066, 10.523469849849263, 10.835692645903364], "[160]": [14.964868724044422, 2.135402919236706e+62, 15.714285714285715, 37.82071892419843, 38.90332689761903, 14.90503822863107, 12.941985937334472, 18.589586720375433, 18.02271720894024], "[180]": [8.732290688438681, 3.104745092395459e+70, 12.857142857142854, 49.74737567985332, 51.89273333910364, 16.36306549745673, 4.550973387391522, 12.599704538036647, 12.299572147705177], "[200]": [44.52058063945056, 2.1119689227880706e+80, 51.57142857142857, 89.39714663975407, 90.66776877361417, 46.740959905813526, 38.939393842691004, 32.636005003407746, 32.47668495206136], "[220]": [25.781187413113344, 1.776360035683665e+88, 159.85714285714286, 146.67915473856922, 125.3948377488166, 145.14158715980923, 127.17394254257658, 22.985450605629694, 16.309810909649627], "[240]": [49.78697150738628, 1.0427345148083256e+97, 358.85714285714283, 221.11022805960584, 122.10746154750132, 125.88420424984565, 98.63066223736644, 109.63605268487959, 106.1694238996804], "[260]": [347.97522229737933, 4.2491225503989994e+105, 462.57142857142856, 298.6292110019657, 52.51018700362124, 212.27245611898365, Infinity, 15.743994517212741, 279.14253093567527, 278.6030086641738], "[280]": [128.38660141992978, 1.6874702090631743e+114, 458.7142857142858, 246.34722996193568, Infinity, 2.9238767703986923, Infinity, 1241.6616796876024, Infinity, 524.7472946082612, 322.27756089570585, 323.78921753876693]}