{"[20]": [13.168902995439527, 10.240102015635177, 23.0, 0.5242265322689832, 2.297551623271616, 1.7491450779120932, 3.2315071521754106, 4.294753086419782, 5.904296396307501], "[40]": [187.89547468032794, 25.977795672037416, 364.8571428571429, 353.56355888360144, 278.42934788386714, 81.59978546249442, 80.06295625997672, 3206199.6804987355, 28.319972648375312], "[60]": [3.8062928880694926, 1538405677811682.5, 886.2857142857142, 811.917216656587, 239.40454985098404, 401.67158291242004, 41.977440414312696, 5018.470908589774, 487.594548416605], "[80]": [60.90274569859048, 3.40077629912588e+24, 225.71428571428578, 1429.2863584080108, 78.9857518983672, 237.4607121453182, 49.84739350156815, 10402.288743648718, 57.10417659620498], "[100]": [242.09359579000966, 2.414254885475781e+32, 256.14285714285734, 1970.7015535900805, 212.51804232054928, 445.70389048464267, 176.1952844164898, 111.5032310266397, 194.59401511344367], "[120]": [479.8825651280508, 7.576325486168787e+35, 219.42857142857156, 2228.2975436565475, 242.65126728149426, 601.9296311071539, 206.86580455986586, 336.25613241190877, 316.0247988332562], "[140]": [3399.618151402672, 4.537767621226321e+50, 16536.857142857145, 17503.72586536638, 13334.833830221047, 18984.38155428953, 12997.24776515681, 988.9580424413907, 870.3484056578745], "[160]": [6438.171232567445, 1.9472354461076123e+59, 14827.428571428572, 47934.4231751591, 4761.270635992187, 6533.581192150945, 20833.144228461402, 3639.919585449192, 3918.3791785389913], "[180]": [1291.956337483818, 2.8311610852975855e+67, 23695.571428571428, 14918.307626219825, 18524.364416210177, 21249.50120013087, 21334.175744634085, 10119.7445425107, 10213.017335924727], "[200]": [583.5557055696518, 1.9258664884755883e+77, 7431.714285714286, 2741.1306905401993, 3804.889382177038, 7525.7477990517455, 7632.879825978851, 694.3430702735777, 975.745372532454], "[220]": [88.03488924875273, 1.6198306258292654e+85, 1574.1428571428573, 534.1224353681981, 828.8277357264742, 2633.5730548544834, 2570.821839843105, 190.9539202415499, 51.8590141560303], "[240]": [221.15949239156362, 9.5085081810186e+93, 336.0, 58.18206922245324, 201.02012121073835, 948.5083454943424, 904.3263223395131, 264.2502848713458, 277.7155510408755], "[260]": [158.5363456481482, 3.8746981460246653e+102, 36.85714285714286, 15.043495667608866, 28.864514017505627, 304.73737789200936, 285.37217018977805, 246.2344324563715, 256.3659332391587], "[280]": [57.70854644863903, 1.5387735893052318e+111, 6.428571428571427, 4.297503809168624, 7.7438759405919875, 97.00834732509564, 89.69430142135496, 164.01626035781425, 167.11078978491642]}