{"[20]": [Infinity, 0.9917785513114644, 2.0, 1.9999991742219654, 1.9999863229047314, Infinity, 1.9999959716016316, Infinity, Infinity], "[40]": [5.584385496253292, 1777816869.3830106, 6.319601241119781, 3.11217982418021, 1.8924452584524742, 2.1251629386155715, 7.590046547627023, 2.9699987145537063, 0.24890984055481427], "[60]": [1.6535122952667223, Infinity, 2.8502255343923606, 3.937297394238001, 2.8355900208985956, 11.345920857051674, 12.716616233556085, 107.77823759279221, 20.246657901572235], "[80]": [Infinity, Infinity, 0.6579618746808171, 4.934984999537102, 4.649947388812009, 4.404230442313173, 1992.3997036296353, 48.97983445004743, 21.071747289039884], "[100]": [1.2305651075816106, Infinity, 3.1423407067433975, 0.7179125422335955, 0.8578833208403135, 0.4408543019080091, 2697.659915255193, 0.6107228059380205, 0.8990563327661766], "[120]": [0.8772576809201983, Infinity, 1.9524161326775138, 2.9957339369406744, 2.9887198005465727, 2.9349297424268035, 286.50916529808114, 0.05580794292024686, 0.10768159447155166], "[140]": [5.832535873651788, Infinity, 12.238874745934227, 16.554172751846874, 16.999099534341696, 16.544093124390287, 71.88659909512951, 6.603150552671034, 7.627303962380323], "[160]": [98.37559564415095, Infinity, 107.05605723699071, 133.47533267926735, 135.99987428913187, 133.47284312893672, Infinity, 96.20539845894903, 49.86536374023773, 48.88953088863369], "[180]": [136.7739372613269, Infinity, 334.3666445004912, 521.5155505835821, 537.9999515137566, 521.5114722796499, Infinity, 531.6653091508073, 237.24490150731316, 231.12400470472622], "[200]": [354.63670701301913, Infinity, 1018.3278881691491, 1661.6410110496365, 1717.9999861497806, Infinity, 1661.6401946187461, Infinity, 1716.9917114086786, 132.5800410983048, 115.23027162833837], "[220]": [571.4772832986899, Infinity, 1089.441693439639, 3107.2401499178973, 3282.999996608903, Infinity, 3107.239986503007, Infinity, 3282.8395138263945, 1632.4402994389834, 1643.7990875809614], "[240]": [124.87711076424361, Infinity, 1670.0023908712972, 1020.42949435462, 1224.9999995058422, 1020.4294718824095, 26793.764143140208, 12890.898741434039, 11808.3000219401], "[260]": [57.86525317524676, Infinity, 546.1253517723421, 254.41824853053416, 310.99999995809367, 254.4182466279924, 9013.413261619919, 2556.0485142276234, 1983.474102335512], "[280]": [52.533241295196326, Infinity, 244.4849445072918, 537.0901260196274, 560.9999999972055, 537.0901257563524, 2113.7502709448263, 201.1940033841822, 170.9360288717793]}