{"[20]": [7.982977326427301, 42.3788813143802, 7.428571428571429, 39.790347849922824, 32.64558850483544, 5.962120488211026, 12.727687845529562, Infinity, 6.994368924728606], "[40]": [191.94664459222724, 2695541424.2942357, 285.2857142857143, 411.31944256828956, 262.6998280259646, 595.6846241940242, 590.7292816100628, 679.882657605392, 1012.768902164697], "[60]": [4874.52520896907, 1.6870672382847168e+18, 6327.714285714285, 5857.233951496006, 2058.4656590179748, 1781.470107864413, 1707.065462748992, 16408.76934096233, 1747.5890000299605], "[80]": [4176.862694826574, 3.729403789879908e+27, 32361.714285714286, 16931.547509783257, 430.30241112801014, 3685.7513938065676, 3548.4008328503332, 650414.1990892922, 81344.60485075274], "[100]": [811.3260427675777, 2.647552091869952e+35, 21309.428571428572, 8374.05901172877, 10978.51685255822, 8615.451659435188, 8215.483472109194, 692499.1847310257, 338659.2305231444], "[120]": [6802.6990503599845, 8.308450134770628e+38, 13811.142857142859, 1691.4042570646325, 652.2410173874732, 370.9711769387386, 353.3654015332759, 22115.10112065333, 28204.67381408041], "[140]": [466.16663598617197, 4.976266294395922e+53, 2758.5714285714284, 698.9616780944552, 294.09698252762223, 368.7094224413629, 336.6430416369657, 3325.493847647627, 3041.7443527964983], "[160]": [248.0, 2.135402919236706e+62, 721.2857142857143, 162.1994795528849, 74.79490433795107, 106.23690612271042, 103.69175242226956, 189.6685324196345, 86.5230058633548], "[180]": [50.13643414872058, 3.104745092395459e+70, 134.71428571428572, 53.23112331688462, 35.08340939926521, 44.43648029244238, 45.22279674781045, 1443.9053395739313, 1599.9187089664356], "[200]": [386.46917888917505, 2.1119689227880706e+80, 37.857142857142854, 9.936769374027275, 6.137973675521749, 8.59593707580849, 9.101982866637636, 1562.3549058956328, 1604.251241604171], "[220]": [350.66078283149363, 1.776360035683665e+88, 8.857142857142858, 0.5093042788815028, 0.11717875022574065, 0.30823709296497737, 0.3644128060323175, 1295.3826848339236, 1339.095969325659], "[240]": [407.14914994387436, 1.0427345148083256e+97, 1.0, 0.07948485237308306, 0.18310379279589845, 0.109278890108827, 0.10362896388879517, 1078.956063476615, 1102.4694563008054], "[260]": [373.7289492335449, 4.2491225503989994e+105, 0.0, 0.0006056723211895218, 0.0008445776848096862, 0.0049819987363394986, 0.016512185696156374, 932.4622246698946, 949.0571980690764], "[280]": [327.65289641388154, 1.6874702090631743e+114, 0.0, 7.013680092444132e-05, 9.85887748129218e-05, 0.0007085757832001066, 0.0026910511425262754, 810.3959066081361, 824.0767740175409]}