{"[20]": [39.20695070789614, 1444.1645330041492, 39.42857142857143, 213.38878710902188, 209.0205836806097, 40.494046503514625, 40.98369563442875, Infinity, 43.45402882923031], "[40]": [367.2808781605444, 164.19877645224022, 467.42857142857144, 116.86675559171931, 507.6217802098846, 398.5156847784496, 335.3367795263854, 599.9055853261542, 128.26348695494312], "[60]": [4047.6808973324323, 1.6870671165851548e+18, 6156.0, 6053.550394752411, 5221.991790667254, 2040.0091016704682, 1878.2924014364135, 1435.434334335242, 217.7426454662691], "[80]": [71.05344181520195, 3.729403789879908e+27, 19947.285714285714, 2311.386710435916, 2163.740416632354, 2168.3882960915253, 3114.291163994865, 5660.8607310663065, 471.5632654952133], "[100]": [995.9855289255429, 2.647552091869952e+35, 14023.571428571428, 119.496429293029, 134.32206411125117, 7330.022847230019, 1404.7116019661662, 181183.3410410969, 137975.56097148822], "[120]": [3874.0921692694046, 8.308450134770628e+38, 9453.0, 819.8913300033159, 216.46075490571138, 45.32187008614892, 313.4831558597193, 37276.906853918816, 38823.622827155705], "[140]": [1448.2169996968787, 4.976266294395922e+53, 2134.5714285714284, 553.0813126760809, 312.2904608568265, 244.3922347734191, 320.0449888989789, 1763.0349350529, 1881.360101389987], "[160]": [393.6242670282463, 2.135402919236706e+62, 500.8571428571429, 292.54708321966314, 203.61485626385723, 212.48095831557345, 202.5153086019925, 776.3671906484587, 893.9013179749459], "[180]": [515.0079388639588, 3.104745092395459e+70, 156.0, 162.3999198961312, 123.51202534289014, 145.1435808686149, 122.24003521947294, 1237.2920531457105, 1291.9573779348532], "[200]": [489.4194169817756, 2.1119689227880706e+80, 76.42857142857142, 92.12381238611731, 70.42266574013578, 88.69009870659467, 69.52336563206896, 1035.8450410191522, 1040.1790804126454], "[220]": [396.4854204528219, 1.776360035683665e+88, 17.42857142857143, 73.66688381694655, 60.89916076980144, 73.00747937332144, 60.33804868776636, 1094.5599561691022, 1125.906471310058], "[240]": [269.6457544176519, 1.0427345148083256e+97, 3.857142857142861, 72.57279981889441, 63.058520036192064, 72.4485425061273, 62.633943518807335, 688.0841057125049, 700.7399378763391], "[260]": [42.407658779866324, 4.2491225503989994e+105, 6.714285714285708, 78.3558914771823, 68.45024254818814, 78.3327356324765, 68.00683734771184, 425.069170373774, 445.95325606494134], "[280]": [365.61211605493554, 1.6874702090631743e+114, 2.4285714285714306, 77.68829466220284, 66.60959271348058, 77.68400901389634, 66.1134268322109, 475.77750258623587, 491.49467762899064]}