{"[20]": [21.0, Infinity, Infinity, 21.0, Infinity, Infinity, Infinity, Infinity], "[40]": [18.49117064716951, 471.1729250355224, 35.8256550656532, 17.26081451167372, 455.9923534573882], "[60]": [2.4878350504904256, 39.685391251192925, 65.83741756187662, 28.84193463090032, 2896.0840789785793], "[80]": [1.5051439275979122, 68.3483445947741, 172.23036764047777, 37.62365005432133, 9634.809208998866], "[100]": [20.80200622972061, 179.59163222587537, 523.1677315608998, 110.58264897257352, 42174.862539978625], "[120]": [230.9304704459049, 398.69534322841884, 1225.6127409971036, 513.0952174881832, 454.70231270460016], "[140]": [154.63321052775134, 63.326070237754585, 1672.081851181112, 1504.4144380524083, 828.2574645805882], "[160]": [231.13219069346928, Infinity, 1004.9424276923781, 2606.1468081939574, 710.7935280464194], "[180]": [89.4016279401812, Infinity, 1214.5976387203148, 3197.857102370421, 628.8363216639693], "[200]": [1093.3110502226748, 2473.479443619091, 749.840179197871, 1593.9501541986442, 905.105770216053], "[220]": [467.0201311650148, 5795218419530.694, 1968.223725704304, Infinity, 2368.46278595415, 680.3130501165869], "[240]": [38.08674190184649, Infinity, 2169.6969667906073, Infinity, 2048.3716937053237, 401.2643335674125], "[260]": [60.764459146145455, Infinity, 1576.26255795725, 4125.018822439271, 278.6207391663202], "[280]": [29.799440984991573, Infinity, 700.1973771376058, 1693.59482268277, 130.73763369990954]}