{"[20]": [Infinity, Infinity, 3.0, Infinity, Infinity], "[40]": [Infinity, 18.680265747670965, 3.8571428571428568, 11.724220634438947, Infinity], "[60]": [0.5324521109609179, 235.75985456015047, 30.714285714285715, 53.3371678511316, 1.456066597743046], "[80]": [0.9477869298403618, 1.7019860501168296, 0.5714285714285694, 53.50697316661851, 1.7096906996384433], "[100]": [2.201735808159583, 151.1380683800065, 5.0, 48.61557466542804, 1.0372163446149472], "[120]": [0.9040352640875327, 7.8405114211294e+20, 7.142857142857146, 34.19575050028179, 0.6995420993291859], "[140]": [25.481682936935584, 655116123160.6738, 167.57142857142856, 555.2501527426123, 20.688251041362577], "[160]": [97.42471207571543, 2.044195321055597e+25, 1497.5714285714284, 951.6918880744461, 414.1329094834084], "[180]": [218.13004991456455, 3.81853356923473e+17, 1506.4285714285716, 2786.915187091181, 4134.505863073637], "[200]": [304.2255695849658, 1.1514395102790634e+44, 2252.857142857143, 728.0314538184193, 6160.47731211897], "[220]": [107.76947654202036, 1.0869591026712255e+60, 803.4285714285713, 71.35591230258302, 2922.9384192790635], "[240]": [4.5367970456342235, 1.593407232823353e+29, 156.0, 17.52481662272737, 709.2046932889419], "[260]": [16.543147899863442, 1.864242918108333e+80, 15.857142857142858, 0.8802871180413838, 55.661871869093574], "[280]": [0.11980494021765331, 4.895505425454249e+68, 0.7142857142857144, 3236.206274110016, 1.9897037323054305]}