{"[20]": [8.0, Infinity, Infinity, 8.0, Infinity, Infinity, Infinity, Infinity], "[40]": [3.0591894141501665, 10.422943972073725, 8.285714285714286, 1.616286602417567, 4.91001838262096], "[60]": [4.523455916749601, 341186.59926723066, 6.857142857142858, 2.7768331424573987, 4.7102820774943375], "[80]": [7.408478364193904, 36.86958987857898, 4.714285714285715, 12.482917553642153, 1.8761805791630906], "[100]": [15.133007423954531, 40.86182965139051, 35.57142857142857, 15.637286504691588, 23.752707536420957], "[120]": [4.109069937015619, 190.46123030842915, 50.0, 4.587417048128799, 23.395327000271465], "[140]": [25.364443022855426, 16.59764331185832, 93.42857142857142, 64.00462862609473, Infinity, 56.45937669943248], "[160]": [16.871921021098842, 77.05801626676072, 28.428571428571416, 8.222216274230249, Infinity, 2.5488913226723753], "[180]": [35.822691545458724, 139.99888152071617, 148.57142857142856, 120.60196822554974, 13.749837704967376], "[200]": [11.74517799553007, 7.532671909420471e+19, 567.0, 208.91778748944535, 201.2086202339317], "[220]": [11.41483894507519, 3.5307165748873214e+29, 1393.857142857143, 886.139759747185, 519.652637550395], "[240]": [57.60612278839835, 4.788920032358923e+25, 1658.7142857142858, 2028.518761053323, 356.4996423173461], "[260]": [465.2398040652074, 2.8277621203999233e+41, 842.8571428571431, 1639.223190877657, 905.8555837830672], "[280]": [260.43406261939253, 3.3289435499944075e+51, 1623.4285714285716, 299.53107810928077, 392.28569446080064]}