{"[20]": [1.0, Infinity, 1.0, Infinity, Infinity], "[40]": [0.08000462398327944, 0.06023099478301723, 0.0, 0.3677546761824942, 469.26289412494305], "[60]": [0.07121328208978991, 0.2643668347454701, 0.0935174724505192, 0.30944905031702685, 1518.9971201973342], "[80]": [0.18238283441278008, 1.1909611872058243, 0.0, 0.09169963364660713, 0.7167051347402555], "[100]": [0.079076165945507, 3.230099994437395e-130, 0.0, Infinity, Infinity], "[120]": [0.07217569381229047, 6.837970038504757e-73, 0.0, Infinity, Infinity], "[140]": [0.0685538510551201, Infinity, 0.0, Infinity, Infinity], "[160]": [0.06293057032819785, Infinity, 0.0, Infinity, Infinity], "[180]": [0.05673172806037871, Infinity, 0.0, Infinity, Infinity], "[200]": [0.054475817159366946, Infinity, 0.0, Infinity, Infinity], "[220]": [0.052149887486683054, Infinity, 0.0, Infinity, Infinity], "[240]": [0.049989810667402476, Infinity, 0.0, Infinity, Infinity], "[260]": [0.0475289059502534, Infinity, 0.0, Infinity, Infinity], "[280]": [0.04589881438217243, Infinity, 0.0, Infinity, Infinity]}