{"[20]": [4.174043600753924, Infinity, 5.59778444119039, 4.647481263748677, 149.4478417788142], "[40]": [19.71304161421283, 1775.0940391776694, 102.51104604906044, 17.848751467307657, 263.89551738807967], "[60]": [332.61983384837083, 985.412812496668, 2789.2432498498392, 946.2441001589293, 10096.45378716389], "[80]": [2800.0396926215185, 4261.535781285261, 4695.074900593936, 3703.077424856629, 48755.945755431894], "[100]": [389.9556729940893, 5492.232709522277, 5785.730961681353, 3770.40426716785, 1075.7563205814374], "[120]": [665.765926723049, Infinity, 1171.7855679057643, 1478.8826723709283, 357.53829831533267], "[140]": [67.52080063515322, Infinity, 215.1351096058373, 436.3427606118431, 112.68481027197912], "[160]": [266.1225373130201, Infinity, 41.31069741390782, 128.5979085013069, 34.70971441545244], "[180]": [214.39940050662597, Infinity, 32.34346876232677, 3939.6755539979426, 12.944707721666438], "[200]": [129.9839247173762, Infinity, 4.865042313788126, 4914494.30127298, 2.410116427588768], "[220]": [89.50417526190812, Infinity, 0.5653774631151086, 4677922.626248614, 0.8068815809563609], "[240]": [70.03237154433941, Infinity, 1.3245506979360415, 0.25327397370229254, 0.09227188958874129], "[260]": [61.34086155055999, Infinity, 0.0, 0.0006362356227164644, 0.013823896217764408], "[280]": [56.03537764994752, Infinity, 0.5970700813300344, 0.001239423466561014, 0.027700538002625598]}