{"[20]": [6.0, 211.46310989659153, 5.571428571428571, 9.61516200651448, 9.549469286100823, 4.812356583651911, 5.119525905370954, Infinity, 5.138707714598977], "[40]": [29.17990375695372, 2.5449676264739765, 70.0, 4.427426309291107, 74.30630725944579, 21.890444129211602, 18.231019880038062, 163.79703549063913, 4.1042557858156385], "[60]": [653.6841164589753, 665139300711265.5, 1609.0, 1085.1158096771794, 681.4671167460456, 665.606012906725, 681.4666738506442, 312.66665545167507, 39.83103440662444], "[80]": [1442.9209105315276, 3.40077629912588e+24, 8314.714285714286, 112.387669820273, 323.07105853334724, 244.6797868965241, 435.86622314576925, 12231.426245858964, 7990.7672853998465], "[100]": [378.0079737811011, 2.414254885475781e+32, 6786.285714285714, 1140.574393449313, 970.4724296521454, 1357.9468275100826, 1090.2562631298842, 15717.29411089213, 8958.648608960859], "[120]": [133.56334371103912, 7.576325486168787e+35, 2364.714285714286, 189.0984669340287, 83.873750981267, 164.40575108018993, 167.61422190293524, 11257.943399013731, 4801.659624881264], "[140]": [24.590412050959458, 4.537767621226321e+50, 344.0, 12.08466052279644, 37.854071361452185, 19.494499135336895, 20.419777458864786, 138.898545389928, 15.087401631629405], "[160]": [104.90719177200799, 1.9472354461076123e+59, 59.85714285714286, 11.872967417113252, 19.04113866873622, 13.151593000873213, 18.477938950766504, 216.0663354722152, 222.1527299583305], "[180]": [81.52484336682028, 2.8311610852975855e+67, 14.857142857142858, 3.1604783092504265, 4.925327749376138, 3.3600380025615717, 5.513912023653611, 189.7588896907569, 186.64676542193587], "[200]": [93.55489401033583, 1.9258664884755883e+77, 1.5714285714285716, 0.9278217997332374, 1.2403779874260965, 0.9570330565378111, 1.3773092344624325, 159.23144218366886, 157.12241123003284], "[220]": [66.08910534324741, 1.6198306258292654e+85, 0.0, 0.020060959615145018, 0.02353336466695023, 0.0159600811965332, 0.06233590440815645, 106.96753240099031, 107.85787430727277], "[240]": [57.70637101810962, 9.5085081810186e+93, 0.0, 0.0023854822253782395, 0.0027474705570104075, 0.0018259165611970414, 0.00821663855678251, 88.12432373017408, 89.20218858029857], "[260]": [52.01290717740403, 3.8746981460246653e+102, 0.0, 0.000283661534271066, 0.0003207611011271851, 0.00020891077335031595, 0.0010830556542503343, 76.33064260162507, 76.96352396742493], "[280]": [46.31033797727514, 1.5387735893052318e+111, 0.0, 3.373064796653663e-05, 3.7448176439338466e-05, 2.39014315581169e-05, 0.000142759838833214, 66.78976449766857, 67.2949604807315]}