{"[20]": [5.241359372125585, Infinity, 16.142857142857142, 7.5568894440715155, 8.198146252801262], "[40]": [8.027490240154904, 1.5962670745261676, 27.285714285714285, 6.642273742355755, 8.167966843893453], "[60]": [23.989241204650256, 22.753291319459095, 28.42857142857143, 16.81184741158829, 15.368929383641358], "[80]": [5.0908824132384325, 35.59410786894429, 61.428571428571416, 9.556416874361787, 19.63321740487399], "[100]": [35.3627470468449, 1121.0829716525245, 158.0, 55.422569850784726, 53.859017692523764], "[120]": [11.80086244047925, 235.7693567891347, 463.1428571428571, 65.31289697209354, 234.475328704126], "[140]": [92.37732158047629, 52.95705074304078, 883.7142857142858, 372.0752522126395, 493.95296185445795], "[160]": [50.80570416268711, 2.076288595511918e+17, 947.2857142857142, 471.14828769579526, 68.88496828739335], "[180]": [84.28890933987623, 611.5146525333603, 1921.7142857142853, 1055.4425223552125, 163.19554872985373], "[200]": [33.05272958281057, 6.08001031675003e+17, 5524.571428571429, 3207.335703970981, 1378.6088155992766], "[220]": [531.5034409948275, 107.20047582959523, 4258.0, 5430.591314091362, 1637.75928334954], "[240]": [137.46479338470817, 8523423.295126403, 2799.8571428571413, 4403.915408741326, 1058.922223533311], "[260]": [28.878633883578004, 17081239791699.781, 6230.714285714286, 1851.1613804328736, 1463.0140993639561], "[280]": [130.43912895926587, 4.298041405401303e+57, 3493.4285714285706, 452.056062737558, 732.6359809777296]}