{"[20]": [6.0, 5.8610357511668285, 6.0, 5.999999360263563, 5.9999898707876245, 6.0, 5.99999999969174, Infinity, 6.0], "[40]": [26.0, 183282287.35282698, 19.857142857142858, 1.1400224029967099, 7.128399472687505, 24.753451890193194, 10.440968826170414, Infinity, 42.48821268697902], "[60]": [97.31535867251182, 1.6870675512264755e+18, 194.71428571428572, 131.76276132175738, 88.4552085292193, 101.37487545626675, 101.78250863380873, 60420160.50772625, 98.16628619882187], "[80]": [1046.8033266686184, 3.729403789879908e+27, 1226.857142857143, 803.8476770048236, 231.81229880024716, 315.9615898170048, 331.1566410080188, 671.6372915332463, 708.3398266482905], "[100]": [633.8090875718717, 2.647552091869952e+35, 3170.285714285714, 1563.3088743503467, 2.5859525390224007, 46.51288350112827, 352.2125911419089, 167.35345731902453, 386.96051433972116], "[120]": [402.10601185491123, 8.308450134770628e+38, 1432.1428571428569, 183.46480335202386, 197.9785421202182, 34.99173477718341, 197.75862765340617, 18611.278338393342, 17340.92490863659], "[140]": [520.0025061012202, 4.976266294395922e+53, 2333.5714285714284, 86.8602345879458, 257.5237341509994, 290.9965917812565, 187.6873603976485, 788.453681288122, 306.3725811999907], "[160]": [169.22618443750525, 2.135402919236706e+62, 650.1428571428571, 13.919743942982876, 32.44507972554618, 3.1796312657647263, 14.054360230610541, 970.4542636100884, 888.8084384724079], "[180]": [284.3893751285166, 3.104745092395459e+70, 137.42857142857142, 0.21768828608409052, 2.709675095367942, 4.4743482203619465, 2.4904121536094976, 82.17473416317733, 147.57625734129843], "[200]": [293.3357700094647, 2.1119689227880706e+80, 24.285714285714285, 6.769743736442672, 5.676736609352719, 7.986429671619527, 7.134495377505971, 286.985856225631, 282.3068838385188], "[220]": [226.1709379178062, 1.776360035683665e+88, 9.857142857142858, 1.8307966414020673, 1.448860128230137, 2.1352016916668, 1.8250304531436243, 135.08963460593193, 132.87664723809746], "[240]": [226.56342140036122, 1.0427345148083256e+97, 0.5714285714285716, 1.5053535540242167, 1.3656546908443192, 1.5763330697947355, 1.462104717045, 132.2497033823051, 131.68223103143953], "[260]": [195.37424139989685, 4.2491225503989994e+105, 1.1428571428571428, 0.1260639324562446, 0.17940362726410974, 0.1102171534569476, 0.1535980483291137, 126.79644741986282, 124.76664188679143], "[280]": [174.234495801285, 1.6874702090631743e+114, 1.0, 0.990127392459346, 0.992160204902505, 0.9935625394044667, 0.9948908601136591, 98.75439091152472, 97.86579443410582]}