{"[20]": [18.181016172874976, 4.625380201068129, 19.285714285714285, 3.4009791795564652, 2.510225513220824, 7.586329796451697, 4.282118383824706, Infinity, 5.6972359272258934], "[40]": [117.97697810583193, 12.788769509410514, 146.42857142857144, 10.538635116290266, 170.34988153093218, 82.15543037892948, 70.68809258921371, 84.0294671685283, 23.811786205472146], "[60]": [50.25356016768433, 1538406108298534.5, 534.0, 482.515190875774, 203.50820381591473, 23.75904416240496, 46.66920959889194, 1681.9768951830615, 796.1192130169961], "[80]": [146.63795575114773, 3.40077629912588e+24, 389.1428571428571, 1013.5288107751737, 243.283387373702, 399.74561906104714, 40.415659215268306, 5298.230749534281, 1260.298912262706], "[100]": [6.223006549217644, 2.414254885475781e+32, 513.4285714285716, 1632.2398609283744, 338.79656187871524, 788.9997890700065, 59.2894775164782, 54.37908453787941, 8.971513526755189], "[120]": [129.9718427747739, 7.576325486168787e+35, 805.8571428571427, 2378.326837144619, 573.1790147132424, 1330.8791769482245, 272.5394093709292, 59.37159622678337, 52.655896825508535], "[140]": [4162.213347283763, 4.537767621226321e+50, 20418.428571428572, 18593.516816604584, 13133.407422919372, 15881.66346482399, 12946.721723023584, 706.6028212963611, 919.7116467337873], "[160]": [2379.934519584749, 1.9472354461076123e+59, 2562.857142857145, 28667.3759051243, 17451.60571060932, 10381.493062141264, 24197.92371389104, 5031.339508134071, 3290.953413925352], "[180]": [3935.1004993988154, 2.8311610852975855e+67, 16933.0, 5197.259714716647, 10202.46527480273, 13356.328045301943, 14365.762333425406, 6583.059650034003, 7573.655555803925], "[200]": [457.17403963984, 1.9258664884755883e+77, 3803.7142857142853, 904.5980526367648, 1864.8843425739815, 4101.562820867226, 4632.399760959398, 1057.004599095324, 656.1567194778327], "[220]": [135.59719093378044, 1.6198306258292654e+85, 777.2857142857142, 284.49026645548383, 376.64150894696445, 1195.6282545833665, 1381.4829504212748, 355.58234292927955, 312.21498116491284], "[240]": [8.615282746222874, 9.5085081810186e+93, 278.42857142857144, 21.348619936398393, 143.8188153014205, 423.10016246646717, 490.01148969838073, 12.830280712657242, 18.82883394884061], "[260]": [155.17098362772958, 3.8746981460246653e+102, 33.71428571428571, 4.393670842915213, 21.978987065374163, 128.54659762836664, 154.02038860056433, 226.8622432533196, 231.20238134215708], "[280]": [113.6932685674492, 1.5387735893052318e+111, 5.428571428571427, 10.850612221090538, 1.9052607643223425, 28.78619406912044, 36.520337185358805, 177.31445475315252, 182.2559170311883]}