{"[20]": [14.990466019182316, 21300.75682184104, 14.571428571428571, 132.2589372476062, 155.5036536986759, 14.499932538117939, 14.593290249461097, Infinity, 14.18334265068117], "[40]": [66.97281439906256, 514.5259773458051, 158.42857142857142, 228.38137212846277, 169.83305617950893, 236.04670883222656, 236.0573805081683, 206.60421799881573, 174.42205930697992], "[60]": [211.21105328231295, 1.687067446912562e+18, 350.2857142857143, 401.5997375991944, 442.0797545444675, 232.35441514777403, 203.6587348924453, 834037.191891754, 766.51817070271], "[80]": [150.6227960593195, 3.729403789879908e+27, 176.71428571428567, 607.1679330124123, 120.61722154875383, 178.25679430329808, 109.21728821686213, 2932.3243258274097, 1889.108289308163], "[100]": [84.64711847508693, 2.647552091869952e+35, 160.8571428571429, 805.8561183181106, 100.17938369984279, 249.82595570599904, 25.55284167561922, 25.166189113952214, 19.671908665015394], "[120]": [848.5569717671617, 8.308450134770628e+38, 892.5714285714287, 1679.6838407726289, 870.2964866012126, 1043.8865697212268, 796.4309965510727, 837.9377437997025, 814.6487819794679], "[140]": [2809.2146353592743, 4.976266294395922e+53, 8694.857142857143, 8740.342400067875, 7795.266742784914, 9884.814937622803, 7535.810759425936, 3301.2113029162265, 2860.9362766049617], "[160]": [6603.439906992518, 2.135402919236706e+62, 2670.0, 310.4484022624838, 13528.247855540238, 12881.54620557851, 12887.235705247218, 5815.695815674493, 5864.785766219476], "[180]": [1644.1631411130925, 3.104745092395459e+70, 6104.857142857143, 3052.6568607564923, 3651.3409560690216, 3976.1954060327707, 4103.34694355084, 4541.406273473271, 4409.896254454627], "[200]": [237.6052239557489, 2.1119689227880706e+80, 1430.857142857143, 995.3749834858165, 933.0566637757227, 1087.4239024230558, 1211.1893881212077, 344.3902068620257, 269.2988004894637], "[220]": [485.2611919576061, 1.776360035683665e+88, 285.57142857142856, 297.26693849307276, 273.1522201641709, 333.3308111583586, 388.9166326689604, 533.7724055271252, 513.9159800645635], "[240]": [172.68661401009695, 1.0427345148083256e+97, 74.28571428571429, 94.29201971423782, 85.6236959389906, 109.03538104036281, 130.2721455246643, 396.5345784469658, 407.46214895569716], "[260]": [171.4995539492361, 4.2491225503989994e+105, 12.428571428571427, 26.893219325447916, 23.82189287573529, 32.56691672139022, 40.37578273245499, 226.94602533535533, 243.1932551086274], "[280]": [130.47714734725287, 1.6874702090631743e+114, 3.0, 6.459184860248733, 5.571162417147127, 8.51879415705898, 11.03349331597763, 213.67644096862824, 220.94049659335724]}