{"[20]": [0.6787183839539455, Infinity, 1.4285714285714286, 2.646549028067141, 2.8310044412224666], "[40]": [73.01190528575967, 35.09992068605274, 86.28571428571428, 2.3631707133693567, 8.057132997695533], "[60]": [172.51536652545883, 972.4872107127399, 1867.7142857142858, 768.3509604209326, 1278.8351077832667], "[80]": [2793.3044463440383, 3440.2580919684333, 19931.714285714286, 18282.56716208397, 14195.963724527355], "[100]": [10827.98064420432, 89343.36789284313, 9260.428571428572, 9145.976783246228, 12661.248331921182], "[120]": [3100.5547081349723, 18599998331911.535, 10205.142857142859, 2611.134682679409, 4384.603612228049], "[140]": [170.0860745388611, 7610736009967737.0, 2001.5714285714284, 629.6542837231464, 700.8110755504263], "[160]": [189.45916167095743, 1.0602096102708291e+17, 519.2857142857143, 119.39243466208416, 170.27580065381767], "[180]": [203.56471086040693, 2.936652169771463e+21, 93.71428571428572, 2858.743519951133, 24.47878954929618], "[200]": [362.5287987263439, 3.7616104598947034e+23, 21.857142857142854, 8317.282980545295, 0.25272279023684874], "[220]": [345.33235146250837, 2.7977362190366266e+27, 6.857142857142858, 13212.201623995528, 1.6633607658872913], "[240]": [224.70196035414102, 1.2177736796714949e+26, 1.0, 0.4465541940158605, 1.036842832122958], "[260]": [29.62021078547255, 4.0318649476507715e+40, 0.0, 0.013105054886571392, 0.0725502915355742], "[280]": [237.4461444737567, 1.2131491683055499e+40, 0.0, 0.0, 0.0]}