{"[20]": [41.86292553237711, 19.37453478612656, 45.027989035580205, 9.796127358361092, 6.559586182130781, 23.963273565770326, 82.46899216723544, 14.384667029717516, 24.845738399736682], "[40]": [453.82811609384675, 74.71477448908063, 615.838853228593, 674.1238679163149, 660.979216371354, 176.03096133034077, 140.02396087039412, 9.561436426807154, 8.773565147569412], "[60]": [3666.5415499446617, Infinity, 6649.150511243585, 6683.3099143865475, 4291.784770337251, 1255.6241996990007, 931.7804418257858, 1542.1832715973878, 1697.5975044827817], "[80]": [15452.688201428868, Infinity, 33945.58107868388, 15916.422715202983, 5763.481494469717, 6460.841488393056, 3384.0610421987685, 15101.43421531311, 4512.931678793688], "[100]": [9228.994723593361, Infinity, 2065.8835719186227, 38044.55351513364, 4031.323503372231, 5829.683433187193, 18225.078428136363, 288936.75246680266, 252458.4852420338], "[120]": [6427.696333068508, Infinity, 28374.39302213459, Infinity, 14870.059992601036, 4731.107674013166, 6712.0969040391155, 1432.0182553895006, 733.5804914727988, 8017.993161944627], "[140]": [793.1296622433159, Infinity, 9827.225227604635, Infinity, 3968.7934974568084, 780.043030357752, 622.8494746651651, 334.2761300043935, 8877.119567536307, 9304.7857951608], "[160]": [1707.8021268076611, Infinity, 2499.032032647709, Infinity, 1093.7818806843386, 35.0857600493084, 3.6578024160336615, 246.0698087419091, 2929.7007453470014, 2973.675880633791], "[180]": [1759.2054434130746, Infinity, 635.3166332633143, 329.8016717546944, 46.3526014606344, 78.88009927057145, 130.4692306901445, 2006.749308617275, 2034.311638829636], "[200]": [1681.149275253079, Infinity, 187.66485327027272, Infinity, 115.3897027099361, 30.35159264984898, 54.4471663457666, 56.71964717372898, 999.5947747446643, 1018.6571980716734], "[220]": [1528.683368210298, Infinity, 66.79588576812169, Infinity, 38.83507628972318, 7.546695053100945, 24.27081494407145, 17.488898118804734, 977.5861027694746, 1021.572808185115], "[240]": [1406.005759435293, Infinity, 16.996764314536872, Infinity, 23.619719567661527, 10.34725791564717, 20.166196427172586, 14.601059896232789, 1142.9424258675851, 1153.3244500909736], "[260]": [1169.2960555482118, Infinity, 14.349115528834462, Infinity, 8.21276641166393, 1.1390818632362567, 7.397153568868166, 3.411011922025463, 909.7085672870114, 906.0803383560648], "[280]": [1030.572620516624, Infinity, 2.3317056995749814, Infinity, 3.6280507536067983, 2.154279833664462, 3.4358475482965236, 2.627888443899361, 812.3006925423163, 805.7362266161824]}