{"[20]": [Infinity, Infinity, 2.0, Infinity, Infinity], "[40]": [Infinity, Infinity, 1.3384269021167694, 1.8928324466397664, 15.775212378242236], "[60]": [3.370872412849928, 7.284257268275443, 1.0877467850715286, 11.08422163307816, 46.368830690254555], "[80]": [1.2715655874305432, 4.359852590616596, 0.6361692209938379, 4.233421684850813, 1.1847035627757632], "[100]": [0.579033800558412, Infinity, 1.1426262518349053, 1.911778439301868, 0.5193395888789749], "[120]": [0.2537508685526532, Infinity, 0.18391941991752764, 0.927552401341802, 0.19184142613057256], "[140]": [0.3617018002360642, 7.129513790422535, 5.249695046010587, 6628.76911911235, 1.5455943673710364], "[160]": [13.829400885237584, Infinity, 30.145152065085515, 5294.193770843775, 69.99525575827984], "[180]": [14.363861600312994, Infinity, 145.28943521645783, 108.53992585421521, 456.87937611370256], "[200]": [5.697453695530063, Infinity, 484.41725025208035, 918.686844366438, 212095.85504643497], "[220]": [130.1534158991347, Infinity, 943.9814353863748, 2333.6666635880447, 619824.9626510644], "[240]": [21.216666369715455, Infinity, 1002.432945998076, 1091.2859760186202, 868850.5438263954], "[260]": [10.780382071475845, Infinity, 423.1352120336154, 211.51245740379977, 163372.71655496483], "[280]": [9.11603137125537, Infinity, 124.9677377756182, 6305.335827151541, 83908.91526957079]}