{"[20]": [10.083760296318014, 10178.69597231865, 9.514000694880519, 163.8293652205043, 920.2691420297954, 5.503061340246262, 9.721944239520429, Infinity, 6.7278096302042245], "[40]": [53.033100156184425, 27.078876631330594, 58.99295794265046, 6.140283629198828, 5.479789786001753, 49.13582939979856, 25.57795761752407, 17.76759376738534, 13.757589500696515], "[60]": [25.905125113401468, Infinity, 3.7959973359367893, 61.670044527915046, 52.48896414921367, 1.5377064125435702, 582898.6537788416, 2421.856325936884, 46.479271786454795], "[80]": [5.408422597352905, Infinity, 3.401207561994077, 76.47065673586647, 7.519709027454168, 3.2476142001874133, 13.605591024294048, 1148.0098621356192, 117.74645509961552], "[100]": [4.660143960652731, Infinity, 20.126972733259823, 47.586190874445826, 7.9283518623063856, 18.942465994550542, 7.117825299040362, 17.69743757902247, 8.786071255239154], "[120]": [9.389921692103565, Infinity, 14.504466313479739, 66.24833198294816, 23.745681754185775, 24.861594222131796, 25.19780519734703, 32.61818072162317, 25.42892899045003], "[140]": [441.71105231244655, Infinity, 467.7097692305961, 562.3998855026766, 468.93602153058197, 517.16833090784, 468.7890879040934, 433.91100880478416, 434.6821124197005], "[160]": [2531.306816705157, Infinity, 4699.629390938885, 5614.000265080546, 4509.192420900784, 5435.361903036436, Infinity, 4652.742991510875, 1039.1424256892863, 1000.5042122394665], "[180]": [568.5137014677712, Infinity, 10726.751110567458, 18594.95309995205, 3004.6948422031965, 3729.7877583853083, Infinity, 10895.15052140003, 26.372961164299948, 440.5842854534767], "[200]": [2500.991560560777, Infinity, 4443.1118235136055, 13778.574458409135, 11215.936198016267, 8419.73944804752, 11064.217779697152, 59632.40977117725, 63366.46082249353], "[220]": [1216.6620524608736, Infinity, 7959.547589431813, 3733.947437258528, 5620.059126206063, 4190.613930620487, 56487.012595995024, 15447.386182182609, 6845.07419018794], "[240]": [Infinity, Infinity, 2469.1692054397354, 356.3150344343729, 2087.444654304989, 1954.9114981973541, 8696.528216759052, 217.8067792744203, 70.81947471970967], "[260]": [248.89903119144353, Infinity, 267.10101843467083, 46.837533131236526, 606.120962658424, 768.8666278208432, 1906.653527426361, 65.1996501509567, 62.17786629963737], "[280]": [343.8668987000452, Infinity, 20.606167355662933, 28.990269505722353, 181.50489500237694, 287.26134040841424, 576.5996929142398, 361.87384876028847, 356.91275327975853]}