{"[20]": [11.469871805032952, 5.012499230357442, 12.285714285714286, 17.269674109694957, 17.04389431234354, 9.005618189187519, 8.017888978533904, Infinity, 3.096125314838133], "[40]": [50.917887344844075, 22.383238307245676, 119.57142857142857, 1.8268585972290055, 134.07738127557886, 35.93836066596742, 26.583747900069937, 2.7217919710763, 4.190340104721201], "[60]": [23.165874998504137, 1538406149761688.5, 418.0, 373.0051396289846, 153.93630132002102, 32.06155026310614, 19.896040231494112, 829.782318630881, 262.402487015082], "[80]": [57.87441714289844, 3.40077629912588e+24, 238.28571428571422, 725.2364342837917, 149.18560983281577, 235.07854892036517, 95.19057539216237, 680.7586469895737, 772.9893781940696], "[100]": [82.73746280474643, 2.414254885475781e+32, 254.28571428571422, 1062.0788884752988, 187.95514348602728, 436.23088264897524, 78.02986466548805, 345.42311729588846, 331.31777779789945], "[120]": [226.78412809456813, 7.576325486168787e+35, 399.0, 1425.2902432420008, 323.9765351209571, 687.904564731745, 207.31892257768277, 185.0619218598963, 182.18463999328924], "[140]": [1618.1738161611338, 4.537767621226321e+50, 9633.571428571428, 8862.625845748178, 6582.309228523878, 8546.750637233845, 7289.408169876062, 940.4678211070968, 680.1800922762523], "[160]": [1374.1307768115112, 1.9472354461076123e+59, 769.5714285714275, 13444.265145835032, 10137.289209984541, 11058.453226255173, 10932.338739012259, 558.6581420550647, 658.6866408845672], "[180]": [1816.034259198931, 2.8311610852975855e+67, 8229.42857142857, 2136.632410267004, 4946.822306684311, 6195.076343881825, 7412.586241943833, 373.3765762725661, 150.16085316174212], "[200]": [113.56461734739241, 1.9258664884755883e+77, 1997.1428571428573, 83.90141311228876, 1230.791384710706, 2034.7294113291287, 2854.6427495303633, 187.90353667771956, 50.916561071932165], "[220]": [308.9277783733214, 1.6198306258292654e+85, 366.42857142857144, 37.67262416894113, 258.06856795983174, 551.9881955697447, 850.0346449129277, 183.49313316715188, 168.9123417351509], "[240]": [276.44518795469776, 9.5085081810186e+93, 127.14285714285714, 27.205202323153785, 92.68557429473859, 195.3549643335848, 299.3911683259759, 79.6933524337471, 82.61069275476373], "[260]": [292.4904628976883, 3.8746981460246653e+102, 24.285714285714285, 17.988408265280636, 26.865741169928647, 65.76307927893022, 104.59959903013204, 81.49374801036116, 83.4593987887608], "[280]": [294.8526511977361, 1.5387735893052318e+111, 3.571428571428571, 3.47368614384712, 6.377445948875414, 16.972332560306732, 27.832123745957034, 110.75824380234465, 110.13670568874436]}