{"[20]": [13.921621730669447, 11.173291326585087, 13.0, 5.761921858360644, 8.39238370584168, 7.305147650210705, 8.74656987034949, Infinity, 13.020107336990707], "[40]": [175.7241543183883, 200.10216451106942, 201.85714285714286, 63.12608820831315, 218.12591092140323, 124.78573597646651, 91.4907182873454, 74050.21728175943, 70.54887354798299], "[60]": [164.98725264916584, 1.687067384056733e+18, 453.85714285714283, 505.2831933971524, 193.82810944975563, 76.29317613038836, 140.0537731534331, 1026.1154292995516, 2050.7042377268576], "[80]": [16.29275020145019, 3.729403789879908e+27, 441.28571428571433, 1004.8472644216729, 309.3589896508579, 458.2745108343455, 6.440262719343309, 3692.113974594117, 498.35758650143646], "[100]": [112.28032702931023, 2.647552091869952e+35, 715.8571428571429, 1698.6694715942012, 577.8708877481283, 893.5482769823893, 235.0527423247181, 667.9389801089947, 421.26829293926403], "[120]": [1442.6495367086359, 8.308450134770628e+38, 2087.1428571428573, 3524.7270286475155, 1943.9329469310333, 2497.6407899311425, 1543.6324659380298, 1144.9072569913988, 1196.8134220323554], "[140]": [2020.6651524186927, 4.976266294395922e+53, 7449.714285714285, 6825.827121379492, 5233.129306106426, 7771.460059078713, 2952.514333434505, 2929.1441882606377, 1511.8980915189277], "[160]": [549.6281109720476, 2.135402919236706e+62, 6552.142857142857, 3340.826421444206, 7638.952923331444, 7579.669139106851, 7269.928559812852, 13213.099330517602, 11238.569722275708], "[180]": [1142.2104509939509, 3.104745092395459e+70, 3707.7142857142853, 1539.6588369920264, 1508.5020059179774, 1555.9604887846467, 1639.8063862015329, 9779.554580645734, 9235.336869778297], "[200]": [743.462000254247, 2.1119689227880706e+80, 836.0, 380.3231896709058, 371.19657096796504, 402.13498465271425, 465.93645327436843, 1391.7385588250681, 1203.0141780397284], "[220]": [472.974830198516, 1.776360035683665e+88, 211.71428571428572, 79.56138743120454, 77.31908818110281, 89.60921976587423, 111.37275405203076, 817.3500983139936, 837.7415535250652], "[240]": [279.85866290070635, 1.0427345148083256e+97, 68.85714285714286, 20.88623219751053, 20.190074446005497, 24.905032257435515, 32.648707957008384, 461.35204261314874, 459.3709850973889], "[260]": [181.23711676504627, 4.2491225503989994e+105, 26.142857142857142, 11.329907590635825, 11.145245921078496, 12.780927617229818, 15.237164663095072, 397.29019176373225, 402.8586398547556], "[280]": [161.9032382195237, 1.6874702090631743e+114, 3.0, 1.123425412894326, 1.0742844979667332, 1.613437311507198, 2.3844322014260495, 252.61975445691945, 255.50643155321706]}