{"[20]": [3.000256154970862, Infinity, 0.17523453047254475, 1.0445723191002876, 3.7773115659823806], "[40]": [3.3692153518528234, 9970.771059741666, 17.12743057384748, 0.3957547025350646, 295.51216081308274], "[60]": [11.799458289471298, Infinity, 578.1377811373513, 196.6628003275409, 5721.934667473163], "[80]": [101.3769041696772, 639.944786500675, 7487.298244249063, 7099.7954308051485, 93808.2085858455], "[100]": [5133.63539796199, 8782.468928505474, 1124.3425904309584, 7085.879615067254, 2744.371629716251], "[120]": [1582.9783645348718, Infinity, 4916.41200235319, 35146.057171783104, 2558.835785623238], "[140]": [123.48453821412971, Infinity, 914.1237861466495, 135.4294823499884, 325.90534957339315], "[160]": [135.51198629438917, Infinity, 184.78320197683607, 26.38851376452638, 65.69502503573858], "[180]": [103.66897011225038, Infinity, 33.08691634651049, 2973178.765762824, 7.498443299139969], "[200]": [110.82688322289324, Infinity, 8.99312668090006, 3582701.156208416, 3.0799519141559726], "[220]": [107.38083011689307, Infinity, 1.0, 3382467.370379999, 1.4418122208379587], "[240]": [96.04034615351733, Infinity, 1.0, 0.29857336564887704, 0.7055226194134454], "[260]": [85.76789939815276, Infinity, 0.0, Infinity, Infinity], "[280]": [94.29015168491733, Infinity, 0.0, Infinity, Infinity]}