{"[20]": [Infinity, 0.9985431594900871, 1.0, 0.9999987085353498, 0.9999851957270451, Infinity, 0.9999912063607439, Infinity, Infinity], "[40]": [9.49901162967039, 3196847.2092608153, 23.500530195705863, 12.869805054488362, 13.032308908017828, 7.764756478716831, 146.06755638297156, Infinity, 26.40066675842536], "[60]": [85.37573102449365, Infinity, 111.35035004451069, 114.91443380394806, 117.45472980639315, 18.860151400223675, 47.354324878043194, 3028.3781856577257, 79.79946181577058], "[80]": [45.546421052304495, Infinity, 29.044519194677704, 117.30355048773927, 5.4385544239044155, 68.43692445872013, 141047.44596289692, 47.81172800886642, 97.37227733935944], "[100]": [41.20727481185729, Infinity, 9.667708848926404, 188.67785432336646, 17.043365998206813, 15.610735094798187, 19.51828004521483, 41.338052246736275, 70.70974456238255], "[120]": [4.5086599687249675, Infinity, 10.782268546478338, 208.2217412624673, 12.310502777472335, 9.053566980809139, 12.069606158054595, 21.80125426356232, 22.20914345761491], "[140]": [333.35359546138267, Infinity, 560.7940423419666, 812.8611319080094, 521.2384032574818, 609.0382463885942, 521.0060628302887, 246.6305969677831, 254.70101215675416], "[160]": [1585.0654435808788, Infinity, 6229.480787470723, 3758.9142413220657, 3018.260946005289, 2450.11207513844, 5497.030606974731, 336.7830272212383, 359.5535032855546], "[180]": [221.94518203540744, Infinity, 4081.7168381712686, 12362.488666155687, 1365.0399215217747, 4027.6415114562224, 38906.98753166239, 6371.041369214807, 6273.408366208326], "[200]": [1179.2629699834247, Infinity, 8031.467683047958, 1304.135911431558, 7751.765294911593, 6209.360158152254, 156368.6540927286, 2758.0524169762757, 2134.611419937007], "[220]": [134.35420065394337, Infinity, 2284.7785782117417, 461.91030091912666, 1872.1465393416431, 2129.4851841382547, 29056.982380242593, 1187.6961458048445, 1059.703564420759], "[240]": [100.34980543897883, Infinity, 496.9539655763141, 261.61868955144547, 605.9529235365993, 789.0015804803971, 6019.089684798976, 182.9290458841492, 144.45607302958481], "[260]": [70.53732041443718, Infinity, 85.61421438086204, 127.17112454793276, 211.41507889696183, 316.3234525107972, 1664.78925275256, 96.86438807857509, 105.9816243936815], "[280]": [46.36520367088782, Infinity, 5.524486006482008, 43.66159676017362, 56.66522056463631, 111.51504343970545, 533.2102464403113, 42.17075945655648, 43.24113560458054]}