{"[20]": [20.99889681013541, 30.881072855946357, 21.142857142857142, 143.36769644637684, 142.86048460695233, 21.134290793394285, 18.928558372785364, Infinity, 15.73712426292699], "[40]": [390.3959764357772, 117.76371674540593, 459.2857142857143, 35.202490815913734, 479.8114808071691, 459.28730356957976, 455.34949662360634, 90.63679573429954, 176.6552121794257], "[60]": [6142.707746956563, 1.6870671272840187e+18, 9304.142857142857, 2796.257474181398, 1642.1758044292837, 375.66522461271416, 4.642422277222067, 6976.025152192471, 2102.4934004855604], "[80]": [4742.78027449251, 3.729403789879908e+27, 2300.4285714285706, 3494.677468382022, 8884.03604096259, 3268.064544667479, 2728.8651328539636, 257051.5540524684, 219384.64216340162], "[100]": [1666.5805962387767, 2.647552091869952e+35, 9718.857142857143, 104.13946399320685, 68.74131211423128, 312.92493294527367, 457.75355117997424, 126535.20309360136, 31069.973296611406], "[120]": [1522.652699632853, 8.308450134770628e+38, 1959.2857142857142, 381.47413096765564, 377.81024831786783, 335.46519503765023, 252.3758228958469, 15521.213992383484, 9412.123350714552], "[140]": [627.9658962125977, 4.976266294395922e+53, 450.1428571428571, 225.38500467786787, 214.67057805249084, 209.58795997585315, 203.52025696329036, 353.68317939822043, 424.82790151302925], "[160]": [425.94470788278977, 2.135402919236706e+62, 165.14285714285717, 82.53395027108306, 78.08783051983156, 79.65093315345317, 85.39793538458717, 1068.5420709963134, 1034.2472883115313], "[180]": [337.11632546408555, 3.104745092395459e+70, 50.57142857142857, 36.648461590814684, 35.015511169185416, 36.210518412220665, 40.1704896788873, 1013.3628994924081, 975.1712372120295], "[200]": [317.3594839383418, 2.1119689227880706e+80, 24.42857142857143, 10.728265548718701, 10.111873318060614, 10.66539414120442, 12.546640692048772, 747.6756578310074, 763.324844178383], "[220]": [296.68222166761825, 1.776360035683665e+88, 7.7142857142857135, 1.549743434506851, 1.4263226529661042, 1.5410023644757933, 1.9274619665947057, 692.652578491596, 685.2291206949963], "[240]": [314.30123596726344, 1.0427345148083256e+97, 2.0, 0.14901598811419123, 0.19018938600266114, 0.1502050522983217, 0.011637736802957828, 621.9223352995925, 617.6860305784769], "[260]": [269.17499758261647, 4.2491225503989994e+105, 0.8571428571428571, 0.07430869771250774, 0.09490113535069473, 0.07446790863108495, 0.0018865506203014678, 515.714507268709, 506.71634750632757], "[280]": [247.70243307201372, 1.6874702090631743e+114, 0.0, 5.838361402974289e-06, 5.69773381554199e-06, 2.690371669231841e-05, 0.000295589532603265, 456.1721580972877, 452.59583165185336]}