{"[20]": [Infinity, Infinity, 5.97331266875563, 1.8150765859382882, 49.27438211800079], "[40]": [Infinity, 25485.51533898645, 77.41255354488382, 1.957002913629108, 100.37479819985153], "[60]": [101.01967139979915, 331.1008552726108, 88.95234619565588, 278.65333406751773, 39.99979051126676], "[80]": [3.1274759873996554, 48.71213619215909, 10.484028378855086, 239.144423138228, 13.303889818309731], "[100]": [3.0157298360367215, 5.3077000365356835, 18.45476688372453, 205.21671112498373, 7.447722807813183], "[120]": [29.622248314672987, Infinity, 16.59341943224018, 222.14494832300431, 18.028265130376894], "[140]": [30.682089580019664, 1185.9373787943807, 1184.2975270736677, 1609.4167315101156, 215.038072581266], "[160]": [448.6410298645822, Infinity, 9910.399714892072, 13739.717375100177, 1913.1166974438206], "[180]": [5379.803200724583, Infinity, 8269.560095847299, 6107.7230224626, 26999314.883163277], "[200]": [447.1211893442509, Infinity, 12624.058749265809, 11347.644680969577, 3751012.1459438144], "[220]": [112.99005821195365, Infinity, 5243.490167466918, 2549.354438767378, 376234.3204153758], "[240]": [138.93436751375998, Infinity, 1390.1626803853717, 296.2888170267444, 166145.25479318618], "[260]": [74.49993240379149, Infinity, 155.49960342693984, 30.705572417343774, 1487981.5421770713], "[280]": [222.3093090795613, Infinity, 23.538819151823017, 14.661986499387277, 40774292.54943356]}