{"[20]": [Infinity, Infinity, Infinity, Infinity, 16.0, 171.8393582855905, 20.533577804987008], "[40]": [Infinity, Infinity, 223.9948004938022, 246.28571428571428, 131.76779007868254, Infinity, 274.9994929429936], "[60]": [1320.594926308118, 4278.720300766803, 351.85714285714283, 692.8042049100872, 232.22607797787396], "[80]": [105.40735265195315, 119.5194483626401, 99.0, 792.473037649618, 103.99628353340302], "[100]": [21.345606672398844, 161.06281702942215, 22.285714285714334, 802.4952417592027, 4.921225213608977], "[120]": [511.09439614308474, 1.0590808053904355e+28, 564.7142857142857, 1333.7343087835857, 572.4348160248694], "[140]": [1624.1603779919624, 39690.37346412355, 12525.0, 14326.898208790168, 320755.5480117764], "[160]": [16122.704360050553, 1.1558906387654705e+34, 16652.14285714286, 22043.42655904183, 814933.9678672971], "[180]": [12715.509786947852, 15798.803399977987, 20405.285714285717, 2757.560760072174, 656692.6996636306], "[200]": [460.59904323423507, 4.085271303666028e+38, 7984.857142857143, 5413.881864004641, 223690.9198972284], "[220]": [1597.0980084801636, 1.608205057974189e+67, 1538.2857142857142, 1992.1175564107775, 40230.104811954116], "[240]": [11.80109908405106, 3.818306205036792e+27, 309.57142857142856, 52.65383578198436, 201.2477654610871], "[260]": [116.72656438508767, 5.725947879726666e+83, 38.42857142857143, 17.36146621035229, 13820.640916970373], "[280]": [1977.7859629124346, 8.771273077025397e+76, 4.428571428571429, 10209.431484796287, 684049.7692530102]}