{"[20]": [11.997952062248467, 37029.719110057435, 11.010024911032568, 4.3210601436560205, 21.20853095371026, 2.027510749286387, 68.93092215156476, Infinity, 280.7058269588008], "[40]": [27.244738000061062, 11.730203451755832, 41.355304900060666, 20.282429549932402, 52.31842897030891, 24.895380464022587, 10.766497908586187, 789.240918725256, 11.890204237810305], "[60]": [11.008146209204943, Infinity, 34.98900712872321, 95.90141592254956, 14.441205788195525, 33.65437918946289, 93.12027719228789, 35.54213826948437, 24.272326611503342], "[80]": [128.80671145372332, Infinity, 167.53495713353558, 286.6828957144993, 144.26388692961424, 193.00585596219898, 127.59093985526376, 27.25130693168453, 34.380801611204085], "[100]": [176.88916000849852, Infinity, 527.8508506306687, 575.1762776471417, 310.3315794034056, 312.36407264456295, 114.50735633644126, 161.8356033937409, 154.42586119149203], "[120]": [188.6071200175592, Infinity, 1436.9493771467555, 1183.4691464335065, 670.78059196476, 657.2529651704765, 85.85255681145729, 55.49712552692743, 59.27300656864557], "[140]": [447.93962124628683, Infinity, 2471.1056769406255, 1780.7729404967486, 1047.6381371984266, 1097.2238824248657, 9295.993525138198, 667.3343254239469, 656.069475670393], "[160]": [169.01634191452484, Infinity, 1355.470634501927, 1730.712057793753, 119.57741862553671, 721.1665501407937, 937.4821493932051, 773.5879645963828, 646.7721838441204], "[180]": [497.0094037245752, Infinity, 1011.5593399759475, 5705.098528407447, 513.2040332862812, 1354.6061219657067, 445.2428024850776, 809.8274868174836, 855.6671301778309], "[200]": [540.4710470649926, Infinity, 515.9839725775072, 8571.712626546896, 183.99623939135614, 2101.7274441694412, 119.47525207966667, 1090.8723527236646, 1038.0638709957989], "[220]": [45.189543132418905, Infinity, 2189.475016453731, 6454.598511715293, 1854.282376813433, 667.7152842313991, 1120.4631436152074, 302.92540058112854, 286.9957849316546], "[240]": [410.18873901239965, Infinity, 2362.3884537849563, 3825.3978615905553, 1466.1756403956795, 3766.9465365802544, 1188.148709406833, 898.5244498993414, 883.740547664288], "[260]": [78.78401445400355, Infinity, 1581.9398314989867, 1820.628875470273, 812.3612645716139, 3090.874726633286, 720.6070210949867, 248.19513509407454, 254.36372562625272], "[280]": [48.3409677547732, Infinity, 759.7859144722223, 779.597530712943, 309.66714304239974, 2009.9286394499761, 347.4708072360051, 41.379081230463235, 39.65385665649383]}