{"[20]": [Infinity, 2.4610412883214257, 4.0, 3.9999991742219647, 3.9999863229047325, Infinity, 3.9999959716016313, Infinity, Infinity], "[40]": [6.071376337852171, 9321074872.363586, 10.013478507732996, 4.068691088150619, 3.0257986574525915, 12.38409138597625, 11.842250937620614, 20.636147351326574, 3.389434512616829], "[60]": [69.55674216123512, Infinity, 78.0052287957663, 90.1785076146803, 86.18450325164319, 3.3622043096646133, 37.49831017868186, 15.842276176280627, 2.2028107300367354], "[80]": [209.87642864943535, Infinity, 240.28061330858142, 279.94852302937267, 282.12924641922854, 124.54882032949541, 8907579.192539286, 107.54584810985963, 87.36791560347856], "[100]": [247.8844905967124, Infinity, 832.386571003586, 19.56105750996263, 35.72609242928561, 36.6964715695358, 165.55937051738488, 469.56306891624024, 209.14267543546265], "[120]": [695.9311040639517, Infinity, 2638.4884608106427, 2201.4147149339287, 1270.3349857713088, 1392.9407735078858, 463.7838387930484, 667.0727076764492, 632.2488352969154], "[140]": [666.8383719655635, Infinity, 4604.776423459125, 2127.603448620736, 1113.5116310500564, 1111.406859704868, 54197.708316509605, 1205.520956133726, 1320.5182475473032], "[160]": [1084.0563628971004, Infinity, 291.5236658621306, 839.920645770415, 1575.7073348961083, 443.85871296754425, 10276.720940059213, 6515.569364325232, 6743.298778729451], "[180]": [313.5480018746955, Infinity, 3893.0018199452925, 719.3486327664084, 56.461221888911, 1614.343592004488, 1456.550401927992, 1568.5273518385584, 2194.1365157292776], "[200]": [456.33828550334107, Infinity, 2815.2664817967384, 286.60681619332905, 108.69077392443538, 442.0945377741671, 32.52826094045865, 241.70864632012916, 469.84447312793844], "[220]": [107.0269705246028, Infinity, 1113.7459889286079, 189.3888301453811, 13.556766778837384, 96.60395788276112, 43.398064363753306, 563.3356354077936, 557.3449900170054], "[240]": [118.84317867634184, Infinity, 418.84430695870907, 92.89679309625824, 19.611747539416346, 37.26108862063885, 33.04194939695312, 5.785851118904329, 65.3182757037218], "[260]": [177.7662531822071, Infinity, 126.4490275100943, 87.62567670389257, 49.609285358327554, 25.89746292746476, 58.15595207730386, 313.41325312280725, 336.5702265829908], "[280]": [145.61515726536206, Infinity, 74.06559971454936, 35.96597108398743, 16.19970502305884, 10.312320021789757, 21.137218921453794, 20.100911775340077, 42.70736896902675]}