{"[20]": [43.78709408590475, 14.847348973323953, 44.285714285714285, 122.01992370671945, 109.3572762225458, 33.91135129702069, 13.100142662022648, Infinity, 4.525739231905945], "[40]": [422.5323536332111, 82.75835536481242, 448.42857142857144, 24.51789211862109, 500.78170024836726, 387.2161890128416, 329.64698082930084, 429.8610149289037, 132.42623230393195], "[60]": [3268.219689371814, 1.6870671259466565e+18, 4952.142857142857, 4989.131627289419, 4218.790206447544, 1145.4562649895433, 980.7344786540243, 5299.751157014422, 75.70272510381255], "[80]": [9384.230495056021, 3.729403789879908e+27, 31708.857142857145, 13443.320954297484, 1607.5833868027767, 2178.173601027178, 2096.5288433576934, 26222.555298564926, 22758.294413056967], "[100]": [20552.727176317014, 2.647552091869952e+35, 1523.4285714285725, 30482.588724389276, 10572.170482375499, 1023.4524494874495, 275.7720855360167, 127531.21684786057, 159574.1947763953], "[120]": [11218.866229158246, 8.308450134770628e+38, 28000.571428571428, Infinity, 9557.695707292478, 4734.818971159704, 354.2304971856265, 858.9657337730041, 398780.4671824767, 178084.1760309363], "[140]": [447.80294821053576, 4.976266294395922e+53, 8135.857142857143, 2087.337035331464, 312.26797662835224, 456.74946110363817, 495.28843813380126, 90.6290211339956, 3038.979526953706], "[160]": [3096.558100940445, 2.135402919236706e+62, 1758.8571428571427, 756.3867495475466, 210.45782189845556, 414.05169138597023, 435.3970035800645, 792.6559377974315, 1223.9893333890577], "[180]": [12119.230851567403, 3.104745092395459e+70, 472.42857142857144, 311.5873431953362, 146.7067616594483, 245.47729130790992, 242.8117450928988, 1725.04112387658, 1704.0928758027385], "[200]": [11095.59250171466, 2.1119689227880706e+80, 147.14285714285717, 170.2031906888375, 98.80528657085988, 158.03806624891337, 152.4494843415754, 2099.68300750649, 2080.796704544772], "[220]": [2513.351290038675, 1.776360035683665e+88, 67.0, 97.08151984071259, 61.51151817534451, 94.88360028807928, 90.91152346169567, 1348.2764406148556, 1386.044021286735], "[240]": [2320.80913976423, 1.0427345148083256e+97, 16.14285714285714, 73.51519960454871, 53.96305716150921, 73.1216249024146, 70.64812442548016, 1278.9933378850956, 1225.7585202951657], "[260]": [2108.35763951675, 4.2491225503989994e+105, 2.0, 74.20489843668358, 56.68277889621275, 74.13481165461289, 71.80293999197262, 1250.9965642515324, 1246.7603211382293], "[280]": [1917.2199041404447, 1.6874702090631743e+114, 14.142857142857139, 59.13347996502671, 41.38776640558347, 59.121047761910084, 56.73359974664594, 872.0963851245924, 846.401159616667]}