{"[20]": [Infinity, Infinity, Infinity, Infinity, 4.0, 19.239066529819674, 4.4837638981314605], "[40]": [Infinity, Infinity, Infinity, 81.20731542416056, 49.06638906304577, Infinity, 93.99995568810284], "[60]": [19.758381210897916, 926.987105383427, 165.16105248100948, 319.7378024201578, 289.9651210846314], "[80]": [15.59759765334341, 37.532625232059964, 213.9144140168443, 573.3820116672791, 490.1603893062817], "[100]": [4.762413516432198, 17200.60239839901, 249.39891678401486, 879.9165751488464, 762.5171290335643], "[120]": [821.6673520650438, Infinity, 1025.8364376937095, 1997.9864308804486, 774.6595056266193], "[140]": [4757.130711353052, 4820.947998115994, 3654.355138398873, 6385.137633747156, 2704.4387102034625], "[160]": [2036.4568300231913, Infinity, 3180.753622123223, 2679.5516955920725, 6331.787485141232], "[180]": [246.9398131873577, Infinity, 1755.6137131985888, 517.9889514348341, 35236049.58523665], "[200]": [464.7102711937516, Infinity, 364.103171090312, 147.02109349480673, 291.52100078972603], "[220]": [299.91096516246853, Infinity, 90.17653863851628, 52.110940057830156, 102.48114227248965], "[240]": [61.458896189190376, Infinity, 33.83689506993635, 6.971477316970733, 18.857391247142655], "[260]": [54.31958082895371, Infinity, 6.03774243175318, 2.1877867940875837, 2.145869479097746], "[280]": [164.67109821476043, Infinity, 1.9546003169282635, 0.6232845677543384, 1.2438978302007238]}