{"[20]": [Infinity, Infinity, Infinity, Infinity, 10.142857142857142, 8.717183718052578, 7.88539624755416], "[40]": [Infinity, Infinity, 21.654933947856975, 61.285714285714285, 47.299069899475654, Infinity, 52.86363047911874], "[60]": [136.0375556985229, 315.2286809173396, 7.0, 91.23613936385553, 30.553847524930774], "[80]": [54.3286683815911, 4.7093003714762744, 5.428571428571431, 83.52202438384491, 30.333547090357193], "[100]": [1.7859677937055025, 1623.3249336849037, 24.714285714285708, 49.515455510459525, 2.7829692300214433], "[120]": [26.30168674438498, 7.547319469608016e+26, 15.285714285714285, 65.80568023883185, 25.005254217227538], "[140]": [98.52042405786511, 2276.7315402068934, 480.1428571428571, 560.8926639824494, 143.55014819402868], "[160]": [117.2264746816918, 740.0507180309969, 4853.714285714285, 5597.864695335162, 3133.192226540958], "[180]": [16774.774425971867, 3.2971528624780115e+21, 11815.285714285714, 13976.671382325118, 6374.336361821677], "[200]": [5830.572184315026, 8.939291513778224e+43, 4789.285714285714, 2294.2087637507575, 22086.28040784484], "[220]": [1938.6720407956745, 2.3299941196580188e+76, 8841.0, 7532.881167086529, 23841.705787124218], "[240]": [1029.0150057535277, 3.767548041526068e+24, 2962.0, 356.3106410047317, 7220.061707808871], "[260]": [254.96191311963958, 1.4824489357908898e+76, 338.0, 46.83711291347521, 1092.4322705187062], "[280]": [498.50090165217193, 2.2977676658188273e+58, 26.142857142857146, 12167.395120262505, 691712.0271561269]}