{"[20]": [Infinity, Infinity, Infinity, Infinity, 8.0, Infinity, Infinity, Infinity, Infinity], "[40]": [Infinity, Infinity, 100.20568765153871, 81.0, 18.794189358423765, Infinity, Infinity], "[60]": [456.8574297266882, 800.2277845009692, 404.7142857142857, 526.9631740720783, 203.13200782538138], "[80]": [147.83839737855772, 217.16350722745665, 238.28571428571433, 762.1726301755366, 134.46804508833634], "[100]": [113.9628707992506, 5.4912960937579276e+20, 136.28571428571433, 939.0158581413615, 102.00102912662737], "[120]": [0.9102976091890014, 1.732330910334884e+31, 260.42857142857133, 1207.6565367358523, 48.846837671114145], "[140]": [1923.1685893407548, 6059.105456571609, 7546.857142857143, 6130.310257850524, 264923.1096998208], "[160]": [923.7355889383034, 1.8922264430908965e+25, 35971.57142857143, 43899.86406570273, 13370.423459506877], "[180]": [15123.55806389232, 93607.83156526196, 14469.857142857145, 33077.84318551529, 718593.725387003], "[200]": [5834.131314518043, 5.489061300968602e+47, 23451.285714285714, 2657.4031206360632, 337409.02798754914], "[220]": [726.0596708417697, 2.90076425007564e+61, 5047.857142857143, 2487.6768545510467, 111797.9535243195], "[240]": [230.2858165748039, 1.1997654106039866e+52, 1302.0, 305.3445144260904, 49618.37843767908], "[260]": [337.79320441235967, 1.6056416870118436e+58, 248.42857142857144, 25.114260882913026, 22503.690450208906], "[280]": [383.3426032211254, 9.648332151550887e+56, 26.857142857142854, 10117.394276423373, 6678.087990812764]}