{"[20]": [41.938999740489706, Infinity, Infinity, 28.136637093325575, 15.294042487147824, 102.32864550153919], "[40]": [85.30706526021955, 2058.9617268652555, 973.3747335360702, 430.4859292783144, 4497.088711671912], "[60]": [6427.568056312225, 6130.755864441126, 18786.45674375135, 14879.562784734764, 18690.281705323905], "[80]": [27265.298181432834, 47348.650646696566, 1609.5656528296183, 16569.36436737054, 13908.821045625862], "[100]": [937.9621500718017, 22931.13541828595, 16326.12287596295, 63636.85276290738, 3446.4066595438258], "[120]": [2689.1433842594047, Infinity, 3141.7144570999517, 34380.538883648966, 794.0910603696378], "[140]": [329.1501960150712, Infinity, 726.6953118182621, 470.3164751768659, 307.14091748924795], "[160]": [2339.3638136778595, Infinity, 256.430151878833, 8366187.951607728, 127.92106787791319], "[180]": [2142.3137863428638, Infinity, 102.02816498247503, 6402559.5335257985, 57.05045884873599], "[200]": [1383.061108760626, Infinity, 33.85164595282074, 5839482.1457329625, 21.04528315332477], "[220]": [877.3512495487089, Infinity, 3.3134645776073692, 5523725.18435079, Infinity, 2.35493842019542], "[240]": [557.7993263341077, Infinity, 5.424984336771076, 0.7552316216758992, Infinity, 1.7281971281013488], "[260]": [358.27765631187526, Infinity, 0.9510253892448344, 0.014193839741312215, Infinity, 0.4858535743891673], "[280]": [251.1281281718024, Infinity, 0.0, 0.008795106038685748, Infinity, 0.30730289066487887]}