{"[20]": [4.098959770321099, 2.933880310074528, 4.857142857142858, 1.6012375309094775, 2.340920410917083, 1.7291775121722823, 2.3623017731500333, 3.0000000000000027, 4.414213789095452], "[40]": [103.85015651890518, 27.439056836462385, 202.28571428571428, 173.08130792034575, 192.27461611859198, 67.17138599804724, 55.27158596117465, 118.51032452425392, 115.75918035826282], "[60]": [2339.636152771207, 1538405814401040.5, 4861.571428571428, 1250.3516384333807, 1083.185500134875, 1001.0305072289866, 939.7931820257072, 180.2714909043898, 154.05823130731642], "[80]": [809.6583709233964, 3.40077629912588e+24, 20284.0, 7826.52016261957, 2761.2262234744994, 1174.8348096031768, 1767.6296180014979, 40283.32833118089, 4760.0477171987], "[100]": [323.87745970259493, 2.414254885475781e+32, 16879.857142857145, 3717.4341232002553, 2931.1564723728843, 2502.5054762726213, 2598.7411924411354, 73055.7081533923, 3070.9170856002347], "[120]": [1348.774471032115, 7.576325486168787e+35, 6052.285714285714, 911.6276803009073, 137.56872850045602, 154.48575758967854, 236.3865538386035, 3390.4514433486092, 2985.2907381870064], "[140]": [405.0875152470471, 4.537767621226321e+50, 1085.5714285714287, 342.4505132031095, 141.5308601510044, 141.33667256770286, 113.61072007643418, 384.3150134348589, 354.96211782354703], "[160]": [276.21227258702675, 1.9472354461076123e+59, 249.71428571428572, 91.49684933501199, 43.91404855275232, 58.67005976278699, 62.371280833912635, 499.3655511173355, 532.5448517793391], "[180]": [179.30969004791223, 2.8311610852975855e+67, 51.14285714285714, 22.7861296012435, 12.550190609735111, 17.83215644920962, 20.280634678303652, 270.59249660739044, 307.50650118655426], "[200]": [129.25485161878987, 1.9258664884755883e+77, 9.428571428571427, 3.673295949234748, 1.8889211626459712, 2.95098678069313, 3.404284944194047, 282.3059287133243, 283.69288897743877], "[220]": [100.48908660179131, 1.6198306258292654e+85, 3.7142857142857144, 0.1821635009757192, 0.5774599325450649, 0.07891451710029851, 0.5942941475837595, 176.98513849042644, 185.81878031265285], "[240]": [88.10129092218358, 9.5085081810186e+93, 0.0, 0.0010729262230502064, 0.001299458093719558, 0.015642478100138007, 0.05014179246338669, 159.7990884273295, 164.11305110608626], "[260]": [83.44278643750476, 3.8746981460246653e+102, 0.0, 0.00010573018254675484, 0.00013145118644390636, 0.002143795763883901, 0.007809793883024873, 137.36437234198343, 140.9273869953151], "[280]": [75.05092534534651, 1.5387735893052318e+111, 1.0, 0.30116848488824627, 0.4274532937819389, 0.3014518734977588, 0.18184444977303832, 120.05340000703684, 123.52562348545139]}