{"[20]": [Infinity, 0.9917785513114644, 2.0, 1.9999991742219654, 1.9999863229047314, Infinity, 1.9999959716016316, Infinity, Infinity], "[40]": [31.988054413710895, 16232180677.258997, 35.012319600083146, 57.14218543658375, 71.69689250333306, 26.46223587825685, 56.13372700643766, Infinity, 62.05279786328119], "[60]": [187.50935360631055, Infinity, 237.50602031047606, 257.24477310683915, 256.74342817410883, 120.14036884652892, 113.33965810338799, 1047.2546971170277, 3.31095375030597], "[80]": [934.0570028206114, Infinity, 1919.7151798406105, 1661.2386727642054, 127.26096007086653, 98.64671850001433, 630.9736084044416, 235.74544683145612, 121.96486708737869], "[100]": [781.1176321805705, Infinity, 6221.150641847684, 694.7578612996323, 181.26298548928784, 135.18112149850455, 2442.654803469946, 7650.05820505772, 8074.028746653132], "[120]": [1334.0850871061114, Infinity, 1242.815450350955, 538.757391667306, 923.3746927014274, 210.00740047963873, 269.1924654508733, 21547.335045234253, 16818.844504419427], "[140]": [1697.4570620313987, Infinity, 4579.540784166902, 264.38963073654054, 239.59999443666817, 296.8720297854127, 198.6920024311505, 15574.443870635716, 13551.235685741749], "[160]": [129.44799564671573, Infinity, 1462.3492129119575, 64.40109473660542, 50.08112645805773, 79.84991982300208, 63.01403375871292, 154.9457993122501, 767.4919670663496], "[180]": [201.70830741263097, Infinity, 295.9960006014943, 9.134118809612499, 10.654962290996009, 2.5088206907604875, 1.745786368048073, 426.2606043789172, 368.2896928374154], "[200]": [125.08255188114875, Infinity, 57.64042848574626, 11.294858536970063, 11.762053156266113, 9.471203749590705, 8.908288074545926, 386.67912437523165, 382.88845617976847], "[220]": [111.98564900507533, Infinity, 13.187787939093505, 7.13872865771687, 7.343661851568508, 6.6779035836421485, 6.735008379112738, 271.1759220034475, 279.01179934213127], "[240]": [97.11626966938783, Infinity, 7.003327416844564, 2.397705157144875, 2.5423116580066885, 2.287588154312485, 2.557521982809392, 212.4030457505664, 225.50110729811354], "[260]": [89.34713608544268, Infinity, 2.6082712271084962, 0.6259964352083363, 0.6683667554604614, 0.6005895218829947, 0.6862933971179719, 162.2768328432373, 177.89077530881164], "[280]": [83.21647884281587, Infinity, 1.0, 1.8966262354409904, 1.9117522236050544, 1.8909052345622708, 1.9253241986661842, 152.18036589941576, 158.67100775746832]}