{"[20]": [0.0, 0.00012671894416448786, 0.0, 1.0835556608317027e-06, 1.135220078943924e-05, 1.587101661449283e-42, 3.4136889582377806e-09, Infinity, 0.0], "[40]": [1.783443917339053, 105036.0081537139, 1.1428571428571428, 2.973083470212262, 3.1445686290291874, 1.6627348593156566, 1.7535305310209497, Infinity, 3.2115973094656205], "[60]": [0.04287055201310075, 1538406481468148.2, 2.2857142857142856, 3.5505293705566574, 4.5672770272932475, 1.1391705214472783, 0.7477522474886555, 0.40186496622622236, 2.7780170135434776], "[80]": [5.189532657355908, 3.40077629912588e+24, 4.857142857142858, 0.1666455155710267, 1.2403351987033293, 10.265809616281729, 10.041786460609156, 21.622828969121528, 18.953593060289343], "[100]": [2.83600450539364, 2.414254885475781e+32, 1.5714285714285712, 0.9644319555027914, 0.755274318504823, 0.9414684374505145, 0.6219193704560722, 13.875626807580822, 4.026436359006087], "[120]": [1.4556023636692128, 7.576325486168787e+35, 0.5714285714285714, 1.5831875520463448, 1.743466395299025, 1.5995062526702928, 1.754170213333691, 2.66517365494306, 1.3205679194238171], "[140]": [0.7809669352081539, 4.537767621226321e+50, 0.0, 0.6872023119646388, 0.9716582075031021, 0.6899397330852929, 0.9747114917268395, 0.9661531019369174, 1.1637636753200882], "[160]": [13.107062525436277, 1.9472354461076123e+59, 17.857142857142858, 24.78262394129433, 28.99689278559444, 24.7830104550482, 28.99745698351967, 13.19036262521229, 13.589695856642246], "[180]": [62.72025662187946, 2.8311610852975855e+67, 97.71428571428571, 150.69102544822215, 178.99965903020149, 150.69107200996578, 178.999750057876, 45.96729625532333, 46.609728060158204], "[200]": [99.42157927197104, 1.9258664884755883e+77, 321.2857142857143, 543.3205490689156, 667.9999625657209, 543.3205545120902, 667.9999754301052, 10.119223981217147, 13.033573979999687], "[220]": [538.3872444910569, 1.6198306258292654e+85, 864.7142857142858, 1623.3787065009726, 2044.9999958912388, 1623.378707151624, 2044.9999975662756, 89.83730377932307, 98.85226377838035], "[240]": [122.11810667827513, 9.5085081810186e+93, 88.42857142857156, 2162.5374435933727, 3140.877541037285, 2162.5374436939537, 3140.999999717288, 549.7239780397485, 582.2055099249119], "[260]": [58.67241417321475, 3.8746981460246653e+102, 979.1428571428571, 527.9463427206581, 1035.8500681221872, 527.946342731356, 1348.405575083897, 625.1989058583998, 644.0941283014807], "[280]": [0.8480833426660865, 1.5387735893052318e+111, 112.71428571428567, 287.15455093356, 428.9503544076511, 287.15455093464976, 492.7620401763413, 9.267088783353529, 17.45958206271098]}