{"[20]": [Infinity, Infinity, Infinity, Infinity, 16.0, 171.8393582855905, 20.533577804987008], "[40]": [Infinity, Infinity, 185.0349407731146, 251.0, 129.78992407153413, 270.33077847338143], "[60]": [1526.9859439366237, 8548.944747028436, 352.0, 702.9037277359249, 243.07073368865696], "[80]": [136.66223424908003, 112.65240060677752, 79.57142857142856, 768.5767459650656, 147.28847738491277], "[100]": [17.422750930888924, 2.2617281432338023e+24, 0.7142857142856656, 759.596867627665, 22.211549530962657], "[120]": [646.3078069145304, 1.8906815589100997e+33, 654.5714285714286, 1441.5738443439798, 651.1289258001353], "[140]": [2513.6896756024616, 8369.435301943398, 12639.428571428572, 14570.207228957175, Infinity, 6554.595334927841], "[160]": [18078.019580110857, 7.373234882277259e+39, 16154.571428571428, 33282.2859007043, 824186.9374812383], "[180]": [12904.52233953371, 2.366628083782075e+28, 20591.714285714283, 9933.20320395517, 630788.7007344943], "[200]": [749.2398587219757, 1.9812993122799858e+42, 7815.857142857143, 1606.393028848089, 249960.3681163169], "[220]": [1655.0274465419839, 6.2529547952875026e+69, 1384.857142857143, 287.01251767289034, 98915.23731634345], "[240]": [36.5646968188215, 4.318847804202677e+31, 251.0, 48.185752214336695, 31898.090709168635], "[260]": [151.61752198743764, 8.539139370025437e+78, 36.857142857142854, 9.018290193885441, 10342.747170060853], "[280]": [2098.9402395687794, 1.7560262011565468e+84, 2.8571428571428577, 6.277264805686808, 689654.9371539438]}