{"[20]": [0.0, Infinity, 0.0, Infinity, Infinity], "[40]": [0.06535535180352924, 0.1526877081817664, 0.0, 0.4448376593037805, 1039.3469092656812], "[60]": [0.7755851102046512, Infinity, 1.0, 0.6763082746898672, 2274.1354880728827], "[80]": [0.6656406212227296, 0.7610020155591704, 1.0, 0.40570109993577297, 1079.6944141299846], "[100]": [0.12686182267457063, Infinity, 0.0, Infinity, Infinity], "[120]": [0.09970091740851873, 1.2617704898998498e-40, 0.0, Infinity, Infinity], "[140]": [0.09297499472302785, Infinity, 0.0, Infinity, Infinity], "[160]": [0.08026560538048427, Infinity, 0.0, Infinity, Infinity], "[180]": [0.06602745279876208, Infinity, 0.0, Infinity, Infinity], "[200]": [0.06288709897209642, Infinity, 0.0, Infinity, Infinity], "[220]": [0.06023612043875219, Infinity, 0.0, Infinity, Infinity], "[240]": [0.05772295007663029, Infinity, 0.0, Infinity, Infinity], "[260]": [0.056315271583099576, Infinity, 0.0, Infinity, Infinity], "[280]": [0.05464738019497868, Infinity, 0.0, Infinity, Infinity]}