{"[20]": [Infinity, Infinity, Infinity, Infinity, 3.0, Infinity, Infinity, Infinity, Infinity], "[40]": [Infinity, Infinity, 16.50847852768963, 23.21833972383063, 10.959458557818122, Infinity, Infinity], "[60]": [115.2510831672678, 13.221253184543418, 105.75869435386376, 154.53378544771795, 102.24290854566465], "[80]": [41.62660740264324, 93.12217380729156, 3.05464325444834, 143.75161412306784, 43.299513040026284], "[100]": [13.641218884323537, Infinity, 23.736472354735778, 124.89191608769288, 17.449921082745607], "[120]": [2.2523776968295355, Infinity, 7.49295546760175, 120.12306036564229, 6.982840884024951], "[140]": [6.386725438568517, 490896.56185546314, 369.6324126138866, 501.4994399579003, 50.26890839314242], "[160]": [139.7928518908798, Infinity, 3895.605490652676, 4752.772973292499, Infinity, 2518.881591710652], "[180]": [1015.5003081787639, 3.7936126292129575e+22, 12263.105977037041, 11853.680357309706, 38349099.43870361], "[200]": [5525.445004570775, Infinity, 4381.842641405274, 14127.177608375698, 117402905.14813194], "[220]": [1737.3697406511574, Infinity, 7793.085478460847, 4298.851985359462, 40017917.065861724], "[240]": [98.58427418115176, Infinity, 2867.831134132572, 699.386652739414, 16376064.214926593], "[260]": [159.69179942111347, Infinity, 470.5694597369343, 76.34730252281484, 4162486.806043655], "[280]": [91.06738708744483, Infinity, 53.055038428838714, 17.353408858606006, 83693.03958835288]}