{"[20]": [4.8457594943173685, Infinity, 6.020903125062224, 5.2377905852423075, 119.49967284035093], "[40]": [2.1025145842707706, 5.974047244338736, 0.5145623494064698, 0.7446842408208848, 76.99967405576125], "[60]": [0.7138044361690545, 9.394142716137694, 1.2561983726561083, 2.8894247747025554, 252.4985232729147], "[80]": [12.638829537945085, 18.406589952921074, 14.361075553283527, 0.8384076245468637, 288.729321139836], "[100]": [5.625229683121457, 1.1694637315811165, 14.84075752754646, 2.078549053445984, 507.86699409568996], "[120]": [29.963657480833792, 120.92329650253082, 17.132338546707164, 5.000520663824785, 1438.0770851955476], "[140]": [14.00046299549048, 4.486725308718197e+16, 2.7735397119615577, 9.294941220235442, 1525.762381435588], "[160]": [9.420684008586973, 57.0828331146925, 2.4951026635395204, 3.1680845266270143, 1768.2306010278955], "[180]": [6.58241741636277, 10117239084527.64, 47.87532368042614, 21.414976370991514, 2047.7060711476481], "[200]": [60.03323132960403, 1.0709919173420858e+17, 278.11589108367974, 59.91855801535974, 4524.907616951311], "[220]": [46.78307599539497, Infinity, 560.7581805059039, 63.937223804711365, 103.73368503888184], "[240]": [78.4747613488054, Infinity, 1252.9053340213995, 317.1269776908359, Infinity], "[260]": [55.72127265836684, Infinity, 1338.7451550160636, Infinity, Infinity], "[280]": [132.704534220495, Infinity, 233.40164665225552, Infinity, Infinity]}