{"[20]": [1.0, Infinity, 1.0, Infinity, Infinity], "[40]": [1.0593139574526946, 7.493402731967397, 4.861026012568089, 3.450930169657408, 32.8468677391406], "[60]": [1.5732434130777222, 1.299382743164461, 0.4515329958323742, 1.4368067674920415, 96.07605284951987], "[80]": [6.285153332598154, 2.6343419599020645, 8.055269750481973, 5.572004800799745, 125.0144011011667], "[100]": [0.6722347775770844, 6.517175879366967, 5.039287707186896, 1.1883977366823322, 439.166205893792], "[120]": [12.603993023912766, 9.071313705850047, 4.121135997304991, 15.194021090491637, 519.4885470032693], "[140]": [2.35932897587882, 1428.5024318689339, 3.6950197411481107, 0.9278258621354207, 663.5624113265484], "[160]": [0.8543453797790255, 3.571274796629344e+18, 0.806324593610105, 0.8242758943604435, 738.2508442391891], "[180]": [1.643580808666392, Infinity, 7.298518869880636, 3.378689780921881, 1086.5220607411286], "[200]": [14.126779084020704, 1.649968292848671e+24, 32.6387293599847, 57.495701088142276, 4331.357955686383], "[220]": [1.1686971711090524, Infinity, 118.28072798312121, 8.011357893901884, 11165.707987362055], "[240]": [4.528064328841291, Infinity, 287.3149388299526, 55.38663887812741, 29.921362696061276], "[260]": [16.470681203549113, Infinity, 409.14651669985784, 253.78175207088702, 71.05942201259397], "[280]": [16.820581453115107, Infinity, 247.2743389498651, 301.02189666861, 60.32338712528769]}