{"[20]": [42.19613521470516, 26.853932704914982, 46.0, 12.997510578769791, 0.18124561739498546, 9.171084269790036, 8.956831125967057, 16.49722127727143, 26.189035454014732], "[40]": [507.9586439200476, 109.52679395128632, 657.2857142857143, 698.5890567812132, 714.6497114401333, 297.3465562813221, 189.0252437716664, 5.458166714813501, 39.42278375726232], "[60]": [162.9640918872269, 1.6870669881987766e+18, 1659.7142857142858, 1779.1270606873209, 722.3325024862138, 294.78893007013085, 127.86945500399906, 152407.91435603623, 1779.001970055494], "[80]": [97.34485166768354, 3.729403789879908e+27, 648.0, 2578.838872872473, 374.3820806838189, 629.1652901888974, 186.76141160573206, 7522.713983506019, 9398.270596569471], "[100]": [13.126764339784131, 2.647552091869952e+35, 638.2857142857142, 3447.862143052767, 481.4438528104297, 985.5509506426324, 315.2858760294662, 3407.5481907745925, 2667.108777014467], "[120]": [1852.1299449807511, 8.308450134770628e+38, 2024.5714285714284, 5425.103747711372, 1919.7640084575632, 2723.9673349691225, 1718.075760775897, 1298.5740508538747, 1252.2979424438408], "[140]": [15324.532829612152, 4.976266294395922e+53, 32967.0, 37510.17154969795, 30310.923453993873, 36542.58565622244, 29445.89739122821, 8633.903095322108, 7842.702299289318], "[160]": [26434.46211060972, 2.135402919236706e+62, 10710.571428571428, Infinity, 55485.53308014477, 21518.163794963446, 2670.7058770641597, 66570.04163495201, 38406.58764000637, 37313.356259647815], "[180]": [Infinity, 67223.46211060972, 3.104745092395459e+70, 34885.142857142855, Infinity, 16039.685984550091, 31685.439764315946, 27807.284779834627, 27855.620365506526, 45013.165015879706, 40840.924652373025], "[200]": [1864.107934266578, 2.1119689227880706e+80, 11671.142857142857, Infinity, 3317.350811639074, 5973.29635281045, 8082.772919146619, 8193.13978153271, 6024.533072821658, 6778.108208666638], "[220]": [1096.5224446407428, 1.776360035683665e+88, 2506.4285714285716, Infinity, 718.4881306970562, 1234.6252508228545, 2728.6959860850557, 2676.012073993581, 1473.5018144183323, 1732.799882445112], "[240]": [215.75426584772686, 1.0427345148083256e+97, 601.8571428571429, Infinity, 93.65698942698877, 337.8552103854324, 1000.1039958697379, 960.7657813439073, 697.9495827196602, 736.0273533755081], "[260]": [353.9282047058823, 4.2491225503989994e+105, 84.0, Infinity, 14.076542214863947, 64.82267875871447, 334.51485996608193, 316.36353681154804, 963.9943739165778, 1031.230790766791], "[280]": [445.5533666529391, 1.6874702090631743e+114, 10.142857142857142, Infinity, 7.496539991770676, 13.307656623901774, 103.45259958487875, 96.31281706408573, 915.8292425707781, 928.3300562197369]}