{"[20]": [Infinity, Infinity, Infinity, Infinity, 4.92343087898802, 14.649809850728793, 89.95475856104395], "[40]": [Infinity, Infinity, 29.367456675469725, 32.73641153242932, 75.84952017188262, Infinity, 726.1139922563656], "[60]": [20.774509748682636, 34.079025019502005, 212.2784515353021, 281.3581672969686, 153.61304895533837], "[80]": [104.53495286188813, 204.25811476528168, 17.87482069489689, 312.93850667053795, 69.86510053087288], "[100]": [25.408114312417688, Infinity, 1.252407552699587, 300.8150485930179, 36.896973559348645], "[120]": [4.143957815830947, Infinity, 9.214668677416006, 312.49553996862386, 29.26587815592527], "[140]": [80.93825130054347, 886.4175192899833, 1556.5239224539175, 1928.4725643882757, 407.0459423849514], "[160]": [1265.9391128672798, Infinity, 10226.60755963674, 11174.66675739088, 4431.336277055683], "[180]": [4944.9555026987655, 3.3588040863407386e+17, 668.5268321674151, 12691.967079669039, 116743922.55276866], "[200]": [1937.4119137840712, Infinity, 7642.867198244381, 1673.7169336589013, 40568133.44067805], "[220]": [184.68661418055916, Infinity, 1839.833697612156, 497.05658955365305, 7153048202.497329], "[240]": [81.75175345391924, Infinity, 343.3091960603988, 58.78299424957772, 669234644.6649625], "[260]": [89.64363216963835, Infinity, 44.44443047827161, 2.0297881692975346, 768065709.8218148], "[280]": [82.92511472174311, Infinity, 1.9990337152547821, 1789.8159314879435, 22958909.804036766]}