{"[20]": [16.921479729868793, 16.340631027880136, 17.285714285714285, 17.251386067775325, 17.75753697757295, 17.262023589336962, 17.757539559185016, 17.0078125, 17.324343635583972], "[40]": [294.007314190012, 266.62473637160406, 359.2857142857143, 33.23953470054579, 377.2587267593922, 244.7869653298682, 260.9701993711868, 1872782.37261562, 120.91626134746843], "[60]": [4369.9661535082105, 1.687067254333008e+18, 6886.428571428572, 6183.406576366858, 1536.9998883300386, 1161.5904605111855, 1023.0827744053195, 172.34069198397992, 175.26026806188202], "[80]": [9478.936223228597, 3.729403789879908e+27, 11342.42857142857, 2962.369979080522, 10178.482344611919, 2453.7650537583213, 1439.8258539304443, 10533.782502241203, 21645.61571259061], "[100]": [3699.617907769949, 2.647552091869952e+35, 13864.285714285714, 1077.520830308892, 997.8111632405971, 1678.3963869790332, 1466.1538783212936, 747452.4747208753, 321886.748139348], "[120]": [368.70185148472683, 8.308450134770628e+38, 3875.4285714285716, 25.558918308596503, 99.02119894551356, 0.6790500106342279, 44.36555017843261, 44497.25649350954, 34138.23086349432], "[140]": [5179.884118158367, 4.976266294395922e+53, 628.7142857142857, 50.135598528981404, 60.892174027954326, 43.958820339417684, 21.377164266665773, 164.2642282912202, 161.66367794051982], "[160]": [747.1779880931244, 2.135402919236706e+62, 111.0, 9.427722275601706, 11.488290791015439, 8.315197873073597, 4.299564759266389, 1481.1601148043287, 1613.4181599357842], "[180]": [649.0455831279032, 3.104745092395459e+70, 16.857142857142858, 0.25436260116308373, 0.06468846443321019, 0.4246714030622858, 1.2103250476026859, 1282.9379288247897, 1337.1554368620114], "[200]": [427.2699616698942, 2.1119689227880706e+80, 0.4285714285714286, 0.7956623840664273, 0.8178779963146732, 0.7711869405311121, 0.5471438972645172, 913.0164573397593, 941.8436026772796], "[220]": [359.3881626474872, 1.776360035683665e+88, 1.0, 0.0890904165257889, 0.06716978450781289, 0.09247798226972379, 0.0645332249885779, 735.6849855773302, 753.1840154778033], "[240]": [323.8362773224376, 1.0427345148083256e+97, 0.0, 0.0016920755446517817, 0.0016531844860110138, 0.002148558335381023, 0.00902598078711657, 607.3389447929542, 623.2858294276016], "[260]": [291.374481848487, 4.2491225503989994e+105, 0.0, 0.0001929826140121763, 0.00018672296245971314, 0.00025333101669066955, 0.0012751572338775081, 532.309514999087, 543.4540552666006], "[280]": [263.62334852428876, 1.6874702090631743e+114, 0.0, 2.2009825907250694e-05, 2.1089890223617994e-05, 2.9868293944953606e-05, 0.00018014846193027147, 466.1540619096946, 475.16850656950567]}