{"[20]": [4.982541822429091, 1.7731523653564865, 5.008063067129454, 0.41596778269810103, 2.3665271036736657, 1.254630245195525, 13.757048123856361, 0.9177525746371089, 0.37444680520451773], "[40]": [8.66613393066075, 1.2148791246413906, 8.684970416577306, 5.423035268977151, 15.816131492512934, 1.5161896964205126, 369.063195288307, 25.32657374896183, 0.7115153218845048], "[60]": [4.906319246423793, Infinity, 0.41379998779101734, 18.110919272918746, 16.518740640335, 11.042152684626734, 363.7850353123807, 3.1473428494568934, 9.70890429083963], "[80]": [3.251289986695389, Infinity, 1.9125241707217184, 24.41774699703257, 26.48829565552109, 12.48581039656363, 3.4632415036182276, 1.713723016787314, 0.6144204842676012], "[100]": [12.911429192157016, Infinity, 13.829292036761524, 41.490894134914676, 37.50760859080684, 11.858847365027362, 9.009862576268112, 1.1138980715955238, 0.6354893989576579], "[120]": [39.09387984905844, Infinity, 52.902012185471264, 77.53672856191852, 45.7323798976852, 31.525151478279437, 21.33152249440064, 2.1289638570208296, 1.8149942293067236], "[140]": [35.453309448905856, Infinity, 59.647920566679, 64.4312544619407, 13.329253074649348, 15.470427466098249, 47.68488640682828, 2.7882325216695265, 11.84541346856231], "[160]": [27.967031015936815, Infinity, 59.683922528283844, 135.34053732707872, 22.058582954581528, 19.90832515037215, 39815.53777625808, 10.802529279207185, 16.159066561652402], "[180]": [117.9932681541801, Infinity, 202.9465312461221, 353.2791088382265, 189.90906419885312, 185.7718387720908, 144.8112042950175, 82.92915073324693, 88.0700401543054], "[200]": [73.18674045892406, Infinity, 615.8191690693892, 452.2436959563347, 271.4973098506315, 312.7886082117964, 178.1720246254361, 36.2773153465191, 34.57767853051412], "[220]": [14.92662591517817, Infinity, 1244.2177325246782, 645.059609464318, 195.1291012519452, 231.99240517161738, 1428.226451476461, 83.89465387547826, 90.55677837763061], "[240]": [248.81961508855863, Infinity, 767.0451560433341, 930.9698764763413, 446.4349857829153, 388.5871213013442, 121339.24834928394, 150.55088142867632, 130.8954179310617], "[260]": [91.66108473554651, Infinity, 1129.8047615997953, 421.71029806465435, 1265.751239390649, 686.7262801653636, 27438.642179431703, 481.8380372865072, 464.5892885579383], "[280]": [144.0576441693159, Infinity, 1106.2236825903938, 231.48525529474622, 863.8959516522121, 642.0017560001932, 9041.29951231791, 450.7601396315351, 428.25706506377867]}