{"[20]": [Infinity, Infinity, 12.285714285714286, 1.2022300919765776, 6.9525229308026875], "[40]": [Infinity, 41.34801052401582, 119.57142857142857, 65.97934883540049, 98.48901637613488], "[60]": [273.19219689584213, 49.930670643975304, 418.0, 756.0450720509234, 388.33043381629875], "[80]": [3.857798070271201, 37.31352643016726, 238.28571428571422, 1038.4637661616075, 89.09492098404917], "[100]": [41.1198311871874, 608.0092113835683, 254.28571428571422, 1362.8917469482826, 14.16380810959663], "[120]": [98.11948601057566, 142.4990281839937, 399.0, 1812.2250734400695, 320.25202481085034], "[140]": [1440.8248056133489, 6906.588319564798, 9633.571428571428, 273.1668472930778, 3852.423816616636], "[160]": [1848.5328687486035, 4.128085539617787e+31, 769.5714285714275, 16100.91093712111, 403859.5374236083], "[180]": [679.2522805621775, 6.803379508892644e+17, 8229.42857142857, 3580.698070591522, 576819.3110263016], "[200]": [900.1313064034989, 4.9753804826589824e+45, 1997.1428571428573, 673.2991647887815, 24102.350445899625], "[220]": [390.7349751718166, 1.7392549156620116e+65, 366.42857142857144, 239.06110281751853, 132369.00969481913], "[240]": [62.49731328492669, 7.547530498018442e+26, 127.14285714285714, 42.72679926561, 125506.31428013451], "[260]": [61.182444107896345, 7.436988805468704e+80, 24.285714285714285, 5.232070982340927, 16346.123509606638], "[280]": [127.2430317791459, 2.332446009352677e+64, 3.571428571428571, 3.7237702434553883, 8709.228713326038]}