{"[20]": [0.0, 0.00012671894416448786, 0.0, 1.0835556608317027e-06, 1.135220078943924e-05, 1.587101661449283e-42, 3.4136889582377806e-09, Infinity, 0.0], "[40]": [1.783443917339053, 105036.0081537139, 1.1428571428571428, 2.973083470212262, 3.1445686290291874, 1.6627348593156566, 1.7535305310209497, Infinity, 3.2115973094656205], "[60]": [0.04287055201310075, 1538406481468148.2, 2.2857142857142856, 3.5505293705566574, 4.5672770272932475, 1.1391705214472783, 0.7477522474886555, 0.40186496622622236, 2.7780170135434776], "[80]": [15.71460177964331, 3.40077629912588e+24, 21.285714285714285, 16.484878006770288, 17.061927896951367, 5.3786077030676935, 5.028457765104719, 8.304555550391335, 9.33818920278295], "[100]": [46.906549136421816, 2.414254885475781e+32, 55.57142857142857, 70.84438891464586, 76.78363982745302, 52.96771696016354, 42.01554884933394, 1.2462147944992665, 0.1682958938162642], "[120]": [17.9878531748393, 7.576325486168787e+35, 184.14285714285714, 112.6163044854244, 31.403608533961744, 38.85505859819267, 31.221245826236952, 102.90137142720516, 85.58544178085879], "[140]": [23.335511903466795, 4.537767621226321e+50, 584.2857142857143, 102.1100022653768, 39.083146818223895, 37.18808690434503, 18.808225116474432, 14.890293532889245, 21.35393758439136], "[160]": [192.0812684630555, 1.9472354461076123e+59, 1198.1428571428573, 276.3581142664266, 91.3244512089409, 90.41109570032631, 85.9334405617783, 20.357775145129835, 20.037744611468497], "[180]": [328.5900327299223, 2.8311610852975855e+67, 731.2857142857147, 189.9701171562756, 143.442141653627, 111.76824816731369, 230.80726142939238, 38.424291616672235, 85.24179882484623], "[200]": [4.729842985188952, 1.9258664884755883e+77, 902.7142857142853, 306.5248582940367, 285.4560206505421, 176.52566212935108, 166.9139167292933, 33.67702510879735, 0.5666283894797743], "[220]": [181.06145879935866, 1.6198306258292654e+85, 1095.7142857142858, 232.26569070772075, 217.08691181910444, 184.56663125380055, 200.7711499924394, 22.83748391111385, 4.206503986452844], "[240]": [21.232865152245154, 9.5085081810186e+93, 574.2857142857142, 113.11383795631616, 107.55379140888238, 102.25684402528748, 111.20933342924957, 16.648114231332443, 17.613152439432497], "[260]": [68.03278490160415, 3.8746981460246653e+102, 154.42857142857144, 19.719859033993203, 14.883796109496018, 18.221360967171506, 28.404520162452513, 149.66626247805425, 145.62066386471787], "[280]": [38.056203279381634, 1.5387735893052318e+111, 75.71428571428572, 3.497434840472323, 3.0371601105004515, 3.9588640212742803, 5.27999572771995, 8.996402624453879, 10.37578838033184]}