{"[20]": [1.8295891954840193, Infinity, 3.7821880970818564, 0.39153268529974694, 119.46476477796578], "[40]": [1.0025202829909714, 5.173630848728099, 20.389214149060198, 14.577205364912624, 120.84221052586462], "[60]": [4.419232834495182, 6.2240054302163035, 0.6428480458955697, 4.591671495780289, 387.70772711602996], "[80]": [4.675449991887147, 14.495540399886965, 3.586415967405034, 17.057958619120804, 822.4731597209794], "[100]": [9.573747780700552, 24.623454434658697, 25.14391899352147, 6.964210552591201, 1613.4302723163287], "[120]": [7.601401043467041, 5.715196457961437, 50.571806202246, 2.011646222437207, 5820.153536639433], "[140]": [2.5057166003000084, 47.61480398083145, 60.88933897138459, 37.19439131691617, 11605.541527276613], "[160]": [7.136953879909994, 29.57614054726849, 14.93638038291895, 0.9780031963275083, 13395.277419451695], "[180]": [1.6380472135860642, 170.28774290908456, 82.22171733437483, 59.4533971596651, 148.33772556062394], "[200]": [6.775162862787908, Infinity, 326.99692593459287, 290.75565202361753, 60.696477743017475], "[220]": [132.52397375143258, Infinity, 1127.2584222160328, 470.3551155337605, 265.1354029207275], "[240]": [16.1694421062032, Infinity, 1727.1747371711579, 1992.3343543881667, 1316.4356706386407], "[260]": [17.002252642213758, Infinity, 214.4064931330616, 1661.6638072260848, 349.08857870202826], "[280]": [47.28046023529462, Infinity, 1524.211900240891, 163.72712732510792, 338.2152557972263]}