{"[20]": [Infinity, 0.9985431594900871, 1.0, 0.9999987085353498, 0.9999851957270451, Infinity, 0.9999912063607439, Infinity, Infinity], "[40]": [0.1917099268384361, 10352759.968748068, 0.0, 0.4823732415202553, 0.5627938787809281, 0.34822780371043355, 4.026252263750067, 0.10653398898589392, 0.023344821733279005], "[60]": [0.11324275979002865, Infinity, 0.09555323891408139, 0.32339449546523186, 332.5213971097673, 0.20131436284283685, 771.394642566192, Infinity, 0.019282320888388865], "[80]": [0.08849724193992768, Infinity, 0.0, 0.008121521028090849, 0.016991861215482178, 0.023103672379248687, 31.614767030686043, 0.45413532290208314, 0.09545975782166528], "[100]": [0.06449958343140817, Infinity, 0.0, 0.0003906633921083479, 0.0009757039863867849, 0.001730337363736896, 2.2379354930727566, 0.26865139690776135, 0.2526725127556756], "[120]": [0.04573622405759477, Infinity, 0.0, 1.8947204052674195e-05, 5.738176710298479e-05, 0.00013280454520152386, 32.53189792939985, 0.07291682321365464, 0.0727465940873252], "[140]": [0.0403634239065042, Infinity, 0.0, 9.176227771515971e-07, 3.381269301602266e-06, 1.0118187960218747e-05, 6.681328186139672, 0.04240759644756652, 0.04252660710079068], "[160]": [0.049327840939606904, Infinity, 0.0, 4.439937048543653e-08, 2.0065849859580184e-07, 7.674129613153175e-07, 15.175043880675245, 0.029956832455656536, 0.030086604265092253], "[180]": [0.043732993345266244, Infinity, 0.0, 2.1468588754215393e-09, 1.1965318552664928e-08, 5.802451776579632e-08, 0.000184221112450167, 0.02317963818515217, 0.02329764015636568], "[200]": [0.044058544628896225, Infinity, 0.0, 1.0375747168792633e-10, 7.130542116385806e-10, 4.377509814922317e-09, 1.8630985088130154e-05, 0.018913142042091772, 0.01901794092802525], "[220]": [0.05015666467273284, Infinity, 0.0, 5.0127327931286856e-12, 4.247337352882704e-11, 3.2969092925335936e-10, 1.6714862378841016e-06, 0.015978340887766868, 0.016071180892073413], "[240]": [0.04208911591984855, Infinity, 0.0, 2.421051083473711e-13, 2.5419391661854377e-12, 2.479781335916629e-11, 1.7734525087657167e-07, 0.013835022803589947, 0.01391743873363528], "[260]": [0.04336881916538173, Infinity, 0.0, 1.1690490161920785e-14, 1.5224639706383272e-13, 1.863304297844681e-12, 2.154298447743789e-08, 0.012200581124373852, 0.012273995746049822], "[280]": [0.04207766277654982, Infinity, 0.0, 5.64390237594443e-16, 9.1097645886525e-15, 1.3988921345396671e-13, 1.868839554440271e-09, 0.010912749692768621, 0.010978404325283077]}