{"[20]": [Infinity, 11.40237880779023, 13.0, 12.999999174221967, 12.99998632290473, Infinity, 12.999995971601633, Infinity, Infinity], "[40]": [8.433708652035062, 14749112364.857533, 12.84526365018186, 30.51462862009736, 16.579993279510788, 24.630330984011554, 105.48981218765078, Infinity, 49.40318953469337], "[60]": [15.408992311282255, Infinity, 23.640605478893516, 49.223500100973354, 41.66538977754113, 14.342614641619338, 17.650413018130706, 3.5707508436708646, 2.5929489312922844], "[80]": [52.079887966274654, Infinity, 61.336146499416785, 113.10872152257762, 101.39044792842637, 35.133806440700056, 14.946324425180523, 5.60585276922861, 8.595605768988815], "[100]": [163.7235606971973, Infinity, 170.82547805076402, 263.97449021548874, 154.31104426401404, 115.92996535410994, 102.47472390107342, 35.766350371144725, 30.672421269248932], "[120]": [166.60093629054742, Infinity, 557.32169267093, 664.0083340244079, 399.7904115606083, 148.9321269299439, 111.33669786850537, 56.293244664454676, 8.747641879007547], "[140]": [28.215032929308272, Infinity, 737.5729983684556, 641.1219919038185, 196.96573968500016, 290.35958318205616, 587.3125934593243, 509.458363271794, 501.1007338581556], "[160]": [24.228689754970258, Infinity, 513.7782935094335, 933.5494899358412, 131.9360439818233, 291.61527047982696, 96288.27747376666, 30.916381497373084, 8.121767133793336], "[180]": [657.2532550830156, Infinity, 840.9747810458681, 1979.739519686527, 616.6764112757547, 987.2866665202705, 502.8919459124124, 962.7138937715471, 1016.5362779217508], "[200]": [171.80920503385306, Infinity, 627.9740357698145, 2255.335309007474, 408.7154143854657, 1150.7989967900435, 145.5384651546397, 436.3124090330308, 453.69335335703994], "[220]": [426.0998499478242, Infinity, 775.191985734419, 973.3035937789411, 758.8099386978869, 81.86608505294751, 977.1244335451645, 249.23911100023344, 238.7324350731513], "[240]": [177.59389723190796, Infinity, 1209.884675007026, 234.57199264896906, 1060.8608442723255, 1546.573547593997, 3176.6994172561926, 509.28794476428527, 503.1123310066224], "[260]": [80.280876296364, Infinity, 843.8161008004778, 36.367123336906765, 409.35381224066424, 1147.9861784433745, 1979.853460333246, 112.92838574895889, 146.13119057455043], "[280]": [62.892362488627626, Infinity, 421.6610811795452, 40.85245027728544, 139.93732305248903, 494.3934919756947, 1172.8334459945913, 77.63727591340563, 98.97781232520016]}