{"[20]": [24.293958803864644, 17.633913486335427, 23.902820471364322, 14.9513899009689, 12.75074589586144, 27.8856532181325, 144.08258904101345, Infinity, 22.079577245081765], "[40]": [318.59638256066154, 183.26431634564221, 325.0366012652072, 23.068095277850727, 354.93327621643584, 344.9516487279506, 286.50314165792713, 160.61287491774146, 22.219543986475554], "[60]": [1527.418587796393, Infinity, 3313.9550547315275, 3340.574676410758, 2254.484433768565, 1757.5072608226196, 1142.356872533999, 274375.33731649414, 1419.4999790949432], "[80]": [12599.113157940481, Infinity, 23107.579375795973, 17081.568538787058, 8505.252768686403, 8545.038422789386, 4497.198020039808, 5672.633086577399, 1710.5592201485656], "[100]": [11568.459128632572, Infinity, 23601.845708537734, 39619.6958703902, 5273.585645566276, 1038.115969829496, 4452.714755474049, 149336.32609593333, 141066.09202455494], "[120]": [3967.3037104683563, Infinity, 28971.744754027084, Infinity, 23594.598216900147, 9622.868814685093, 984.7559640205789, 1523.2270426425132, 19534.50045372471, 42104.43462047689], "[140]": [2026.5379658735828, Infinity, 14662.25618921245, Infinity, 7291.399798102411, 1766.1132442153532, 43.85208937951188, 762.0918512037395, 10291.613717646087, 7853.122026689034], "[160]": [894.2219600316588, Infinity, 4431.2840830389805, Infinity, 2199.548312383318, 165.69571612394296, 309.40531223583804, 536.3876213058753, 2138.6079354751478, 2050.5163273436824], "[180]": [611.7606493509868, Infinity, 1172.2612360633736, Infinity, 792.0161837835718, 109.16441110591931, 315.62873394356586, 354.6043828657379, 813.4808671328773, 1010.3599054848193], "[200]": [504.03487701660816, Infinity, 378.25568450745016, Infinity, 298.193064027676, 69.12015353113989, 181.6037446314958, 164.28300542611703, 1284.740641431508, 1291.4288276770226], "[220]": [518.6057669693299, Infinity, 148.00726234563547, Infinity, 124.02162973028432, 30.189900485926763, 95.92334737444662, 72.72855486326247, 1474.8226641185306, 1464.6735740325514], "[240]": [427.9466402283465, Infinity, 43.68972171988713, Infinity, 73.14970023149854, 33.77431240611963, 66.41260463401868, 52.25834304171899, 1101.1137827110163, 1118.867263015614], "[260]": [422.7059196882179, Infinity, 14.288460959132744, Infinity, 48.2459807613151, 27.174458381145, 46.63335505175154, 37.21483415580735, 811.8911426964995, 810.0671295879255], "[280]": [391.6264680067981, Infinity, 5.600261930267644, Infinity, 36.73259511405346, 22.277297675438163, 36.34682408030118, 29.197295530713518, 767.2102118021334, 774.6787471769438]}