{"[20]": [Infinity, 0.9917785513114644, 2.0, 1.9999991742219654, 1.9999863229047314, Infinity, 1.9999959716016316, Infinity, Infinity], "[40]": [1.8265436804743107, 11606904277.658625, 2.0, 1.581382415974166, 1.459668261681339, 0.8023227429018216, 7.808994710557644, 0.43925088930723005, 1.6130790209865742], "[60]": [0.3486510579770624, Infinity, 0.2585525979975384, 3.8851606936262835, 3.1828120213786724, 0.9602860888635625, 78002.2419417133, 6285.479608232566, 0.9597626661522073], "[80]": [0.45210104739482093, Infinity, 1.6720007023454364, 0.4962750238233327, 0.23338511853076127, 0.980607013597908, 4449.617692458509, 19.445895553960636, 18.821451850326767], "[100]": [0.3417711464345722, Infinity, 0.0, 0.026546769032452705, 0.020458177299565755, 0.08019242698144886, 214.5446709302309, 3.8153620156745407, 2.8494969004824258], "[120]": [0.29640179134644007, Infinity, 0.0, 0.0019037859998268542, 0.0016792563643937268, 0.008000233198170425, 14.225974171131282, 2.2135060396388027, 2.1181881810518406], "[140]": [0.2587357688069206, Infinity, 0.0, 0.00013654194466572114, 0.00013747844525249274, 0.0008433075441725263, 1.6867893970709154, 1.2020787357123959, 1.1862786579992481], "[160]": [0.23313878678079367, Infinity, 0.0, 9.788211843284512e-06, 1.1315770567665427e-05, 8.893706976720673e-05, 0.17819934314952096, 0.8054989983645539, 0.7973496654925433], "[180]": [0.21396068123757467, Infinity, 0.0, 7.014762813509971e-07, 9.276966780699494e-07, 9.373489255876977e-06, 0.02304157918003174, 0.6057725389580462, 0.6004229754300777], "[200]": [0.19848353504931876, Infinity, 0.0, 5.0260893064987304e-08, 7.583718236446536e-08, 9.877036933890099e-07, 0.0012951765029526137, 0.4854812183959584, 0.48158165023493166], "[220]": [0.18577866342911628, Infinity, 0.0, 3.6006176292962855e-09, 6.1862272291926865e-09, 1.0398592000149901e-07, 0.00026742889313225907, 0.40508941831105266, 0.4020826076442068], "[240]": [0.17515031174302018, Infinity, 0.0, 2.57910240919302e-10, 5.062884300509437e-10, 1.0947927448801917e-08, 2.4317528582781204e-05, 0.34756442876454224, 0.345162106863], "[260]": [0.1659923164912474, Infinity, 0.0, 1.847208569838081e-11, 4.1399759488167104e-11, 1.1527840140666824e-09, 2.93081396488306e-06, 0.3043614011913208, 0.30239303413128465], "[280]": [0.1577203948464196, Infinity, 0.0, 1.3229005344408436e-12, 3.379385167335993e-12, 1.213780891612133e-10, 3.494686488802622e-07, 0.2707218613832298, 0.26907769106412727]}