{"[20]": [2.0, 1.8610357511668285, 2.0, 1.9999993602635626, 1.9999898707876245, 2.0, 1.9999999996917397, Infinity, 2.0], "[40]": [7.261397230747969, 13.174183685856569, 7.714285714285714, 28.857176058085564, 28.376980714158805, 9.802543744553624, 10.489115659465355, Infinity, 6.77542166498808], "[60]": [0.5052187082618964, 1.6870675686121236e+18, 0.7142857142857135, 8.013286286229512, 8.791477244544733, 5.305417846673071, 6.115151452615029, 282.54442552005474, 11.093038569741971], "[80]": [3.5476515041321584, 3.729403789879908e+27, 4.142857142857142, 13.978887424941803, 14.68485822781133, 11.28956451124968, 6.651146451205873, 2.0895476952088785, 12.383344446936297], "[100]": [3.967631843336168, 2.647552091869952e+35, 2.428571428571429, 14.148296346598993, 14.644944227556852, 8.714383940990594, 2.996476797816687, 4.3854332117697545, 4.084127558330982], "[120]": [3.4472781653049154, 8.308450134770628e+38, 3.1428571428571423, 17.024380982179117, 17.946491318695106, 10.038141681193878, 2.9997493621616087, 3.364460581300037, 3.464883125370932], "[140]": [1.0875849432120113, 4.976266294395922e+53, 1.2857142857142847, 10.524107409966168, 10.840483580205834, 1.1789350587986327, Infinity, 1.327115854721228e-05, 1.413118384997496, 1.4368947066546163], "[160]": [5.89332390092561, 2.135402919236706e+62, 6.0, 18.170703250859145, 18.964738208279194, 10.186286632897897, 4.999975073687903, 5.4980377778076495, 5.981721456963145], "[180]": [6.814882757060587, 3.104745092395459e+70, 9.285714285714285, 30.836554504849992, 32.637860652785385, 18.295641541888237, 5.999993136439297, 8.740575891740107, 9.8020223543597], "[200]": [21.973915007711838, 2.1119689227880706e+80, 20.42857142857143, 35.15900312736706, 35.2979086036254, 19.867726078020773, 20.999678674927935, 22.716394883403126, 22.07973623355667], "[220]": [64.19984355279401, 1.776360035683665e+88, 76.85714285714286, 86.70220884804309, 79.61338183894497, 76.58650447744243, 67.42147521139539, 27.290506044409142, 28.96988285129767], "[240]": [58.723472286042806, 1.0427345148083256e+97, 180.14285714285714, 116.67140551109244, 73.74109632873166, 75.40938239497962, 63.862194563861294, 46.28867127078871, 43.964321103693976], "[260]": [49.85005096042153, 4.2491225503989994e+105, 282.2857142857143, 210.88242069605144, Infinity, 84.34796708489966, Infinity, 146.38270432357263, Infinity, 70.54699385566482, 249.3196130726326, 250.9173734334015], "[280]": [73.83284010128341, 1.6874702090631743e+114, 350.0, 212.47695638672462, Infinity, 114.38181528149255, Infinity, 16.123951651047946, Infinity, 57.49145630657222, 406.8152893478207, 356.1411983815018]}