{"[20]": [2919.8275489187577, Infinity, Infinity, 32.06316415794831, 17.204871767275755, 276.326545559021], "[40]": [23.647827511012405, 29.06936184406085, 30.1245492844617, 38.36164688814852, 515.64734170461], "[60]": [12.728701298013334, 5.006528111720898, 67.86630335904135, 21.8612927817797, 3459.363086512218], "[80]": [63.71512801972846, 141.98059072304295, 323.3512563276712, 54.14876199387789, 10425.000237004548], "[100]": [17.85342150637188, 205.87234558138567, 810.9889444375193, 104.66683751732651, 806.3860640794484], "[120]": [534.9068910710037, 68.73531319190188, 1753.751476786861, 853.638891715052, 809.032473012721], "[140]": [581.0696701249263, 195.19826311392526, 1623.6495948379466, 1920.12189217855, 1457.0575489726205], "[160]": [469.222844758726, 236.778933495732, 252.39715889246713, 2714.0247190225637, 938.2755546891934], "[180]": [20.33020700044096, 359.94751644678195, 575.5163956757207, 2888.13192385713, 759.3575609217712], "[200]": [1364.1018397699734, 2629.2587612581765, 265.74167475068566, 1195.9749577996715, 753.2086093771774], "[220]": [1239.7787825523721, Infinity, 1419.8319422195668, 10607.36856593832, 582.2083997256179], "[240]": [856.8386799790566, Infinity, 1565.9814839226951, 9758.12455766941, 379.2322181703437], "[260]": [472.0249189475693, Infinity, 1204.1040559803034, 4804.8525439932055, 230.36370675618807], "[280]": [88.01685322166057, Infinity, 580.7662146477668, 2150.710573724407, 128.94347623263232]}