{"[20]": [2.0, Infinity, Infinity, 2.0, Infinity, Infinity, Infinity, Infinity], "[40]": [0.7932329526104844, 32.49827801053986, 7.714285714285714, 4.585927485914036, 6.679429918028894], "[60]": [1.0976134787164344, 2.5343882797041477, 0.7142857142857135, 0.09862861510243448, 0.9009843249970757], "[80]": [3.4925073508289977, 2062248.7353708139, 4.142857142857142, 4.689908017144578, 1.9611099675018444], "[100]": [3.6122210296976522, 1.761091131212361e+26, 2.428571428571429, 1.0311408978045264, 1.8677882552461273], "[120]": [3.902723625919526, 4.989380634880826, 3.1428571428571423, 4.5543326312206105, 1.7438823637597984], "[140]": [0.6384504260609862, 1.8722711256561037e+19, 1.2857142857142847, 3.5343243192545017, 2.342898813514111], "[160]": [4.312632102856586, 7138983.91738036, 6.0, 2.815668531101938, 2.577015132282007], "[180]": [0.7303386954060613, 2.8648979137105526e+37, 9.285714285714285, 10.136801863347046, 3.4509953547349603], "[200]": [0.5025322071091409, 7.14787533515155e+18, 20.42857142857143, 68.01302510827875, 15.631149404871984], "[220]": [6.602374315503624, 7.536289105902256e+34, 76.85714285714286, 4.087933080643779, Infinity, 55.14748349571549], "[240]": [8.560212535148764, 7.684700489635481e+42, 180.14285714285714, 11.777022623048481, Infinity, 136.58397038062012], "[260]": [137.1554029447891, 9.692154289912953e+18, 282.2857142857143, 123.83577873181628, 166.2208594838861], "[280]": [21.798092499260292, 1.860536549546277e+52, 350.0, 236.03638723406993, 5.32555408793678]}