{"[20]": [1.0, 0.8610357511668286, 1.0, 0.9999993602635626, 0.9999898707876245, 1.0, 0.9999999996917396, Infinity, 1.0], "[40]": [2.072264119705118, 1989425836.8280761, 2.7142857142857144, 14.917381930824462, 15.502201881202563, 15.191323223122051, 15.686717656217471, Infinity, 38.00488956186436], "[60]": [2.550983366494156, 1.6870675712868388e+18, 3.0, 0.2581026880574504, 0.5158582894869557, 0.24629027418366833, 2.5828544652159864, 8.035812026651609, 1.4758925812401755], "[80]": [0.5092123272402204, 3.729403789879908e+27, 0.14285714285714285, 0.03125712830838925, 0.042816415395997516, 0.033652446821440224, 0.054378297553703825, 8.014343703640225, 4.289137005785249], "[100]": [0.17857956942727637, 2.647552091869952e+35, 0.0, 0.0016166108515056263, 0.0025743555328450194, 0.001257236374949781, 0.002666098303018357, 1.7993072036086615, 2.1755569275216478], "[120]": [0.177869801720424, 8.308450134770628e+38, 0.0, 8.419361561883077e-05, 0.0001552660374485736, 4.982788234509535e-05, 0.0001364486393118727, 0.8318909643665923, 0.8861210629820175], "[140]": [0.2223665949561306, 4.976266294395922e+53, 0.0, 4.3845513000239425e-06, 9.36340815927573e-06, 1.9751750677598767e-06, 6.983002976984598e-06, 0.4983527690533529, 0.5287693949012358], "[160]": [0.19294602120609883, 2.135402919236706e+62, 0.0, 2.2833306797460134e-07, 5.646609785014814e-07, 7.82944215135399e-08, 3.573250874143266e-07, 0.3555557111204284, 0.3747772381413625], "[180]": [0.014556318295506784, 3.104745092395459e+70, 0.0, 1.1890835057136602e-08, 3.405189466754687e-08, 3.103286684358375e-09, 1.8287632550963297e-08, 0.27633447378411813, 0.2895685140066722], "[200]": [0.17970752160374814, 2.1119689227880706e+80, 0.0, 6.192355643150086e-10, 2.053499706034547e-09, 1.2302280694048493e-10, 9.358831251728258e-10, 0.2259739572765132, 0.23564216185972], "[220]": [0.0, 1.776360035683665e+88, 0.0, 3.224774997451449e-11, 1.238362884388279e-10, 4.877439713558411e-12, 4.788960711098153e-11, 0.19113624937261026, 0.1985097937657541], "[240]": [0.0038731198160403303, 1.0427345148083256e+97, 0.0, 1.6793566750749377e-12, 7.467946929950226e-12, 1.9333996469143307e-13, 2.4516900490250926e-12, 0.16560383329815495, 0.1714135010385328], "[260]": [0.0, 4.2491225503989994e+105, 0.0, 8.745536802853655e-14, 4.503544112781056e-13, 7.664143600158597e-15, 1.2539651341500124e-13, 0.14608817030952206, 0.15078398817703711], "[280]": [0.0, 1.6874702090631743e+114, 0.0, 4.554387707224426e-15, 2.715861810142834e-14, 3.037478035034846e-16, 6.4198819159670284e-15, 0.1306868492769924, 0.1345611778907247]}