{"[20]": [0.36083754699752724, Infinity, 3.7567990308167394, 0.3087536379290445, 85.83226250971965], "[40]": [2.9235332153521356, 6.74069598275866, 10.147560705544523, 4.225156987381045, 82.20480749747865], "[60]": [0.5302707863799192, 0.5586639652500174, 3.2420099794015003, 1.070285467917561, 240.538459373578], "[80]": [2.8641792951041967, 23.33813083572251, 9.083911951949029, 6.854059957248264, 626.519269911326], "[100]": [5.283573063715623, 36.07079315704553, 18.874997841259166, 8.835166878733569, 1298.6297757701288], "[120]": [25.66619441667803, 22.79361806900403, 69.6478893865652, 13.349898050945928, 3811.6032449166996], "[140]": [32.14607706842545, 64.34021613642321, 56.76371291159638, 49.92543602019741, 10910.113496374164], "[160]": [43.23387640861582, 2.512240830422005, 15.24753552221986, 7.608499923916405, 165.69024862163963], "[180]": [3.1783479977301456, 266.7209971814588, 155.0011545278558, 28.883504543368698, 95.7189003834058], "[200]": [9.543141133811327, Infinity, 567.318693576708, 66.12961100093165, 112.08788008342606], "[220]": [19.093359464140846, Infinity, 1134.2109333695032, 320.2930756328402, 176.29585401981407], "[240]": [168.82991820493132, Infinity, 588.5742744338917, 309.5060913305511, 794.0575828246574], "[260]": [215.19338427276318, Infinity, 961.7644507575948, 320.5384830739085, 200.2152223013917], "[280]": [11.512648284007001, Infinity, 1121.6585864702588, 81.94638122238652, 168.19031341169762]}