{"[20]": [Infinity, 1.6615804916722952, 3.0, 2.9999991742219647, 2.999986322904732, Infinity, 2.9999959716016313, Infinity, Infinity], "[40]": [3.517380965129999, 2.7572973977472235, 3.839823858256899, 17.197797934751037, 10.336540751690197, 7.237454771606814, 21.751024160442476, Infinity, 2.5830883077650584], "[60]": [0.6606703793829249, Infinity, 1.7460436664204857, 11.797151050367475, 11.58251861910553, 6.409170786346863, 0.6245876633217291, 34939.34229200885, 3.398886181788399], "[80]": [0.8134142737738843, Infinity, 4.40412421472619, 4.986661683769145, 3.8765868664060066, 1.010113778779609, 0.8792633451476778, 1.1713488062667354, 0.2471245857742923], "[100]": [1.9628135403899691, Infinity, 4.360999689537084, 0.4516688376056423, 0.5082838714375542, 0.8173086507597239, 1.176760756613607, 1.0662754058536634, 1.5558822100032281], "[120]": [0.8232083280325595, Infinity, 1.0, 0.0883173114377557, 0.01159707518077782, 0.374132038897187, 0.3207198036545674, 2.37959965533184, 2.573460174232963], "[140]": [11.188148843602374, Infinity, 13.967042359120335, 14.924537423790913, 14.99609430265203, 14.863322546743463, 14.728310149992295, 9.304141352274018, 9.301993404957463], "[160]": [53.45263188107015, Infinity, 54.9645885662775, 71.58906933046875, 72.99954060576849, 71.57035244897732, 564.7300579435733, 49.15711258653204, 49.59099170342878], "[180]": [140.75228532247297, Infinity, 217.80226770057348, 303.3518012930726, 310.99988140527586, 303.34062459858245, Infinity, 477.22704134113525, 93.85848144439292, 93.89364756825907], "[200]": [237.59540481040412, Infinity, 765.2847852229856, 1169.5411537339626, 1205.9999576847392, Infinity, 1169.5385263555409, Infinity, 508.2883167422091, 228.78869525257522, 234.95567156410945], "[220]": [43.6605732592341, Infinity, 1790.5002098084512, 3241.4263038411705, 3370.999985606001, Infinity, 3241.4256864666777, Infinity, 1092.3058669529048, 998.3289629974698, 1031.4769649847906], "[240]": [424.2123694983175, Infinity, 1343.60908083584, 1773.7381559962655, 2018.99999664473, Infinity, 1773.7380109353228, Infinity, 390.4444256403367, 3128.3604946904798, 3225.1966564373724], "[260]": [209.2070818191004, Infinity, 761.4469841395759, 776.7622427913514, 889.9999996961116, Infinity, 776.7622087049493, 16150.755580932586, 5940.416010206978, 5708.245074293754], "[280]": [Infinity, 1697.3180092690575, Infinity, 1384.1699366419646, Infinity, Infinity, Infinity, Infinity, Infinity, Infinity, Infinity, Infinity, Infinity, Infinity]}