{"[20]": [6.0, 5.9998732810558355, 6.0, 5.999998916444339, 5.999988647799211, 6.0, 5.999999996586311, Infinity, 6.0], "[40]": [24.03016540591336, 27.087893444711483, 41.714285714285715, 0.7800881660370393, 50.944221757417296, 38.16222991502748, 39.915994150639804, 2235.2499999999213, 5.334819207561466], "[60]": [239.57523309683415, 1538406392444535.5, 606.5714285714286, 514.8838523692393, 524.7648929689914, 227.47432009608985, 223.343876256851, 891.5132119343516, 148.7773749392552], "[80]": [1864.4615480372631, 3.40077629912588e+24, 8146.142857142857, 3519.513220227246, 2495.926859331141, 928.1537232069113, 3892.893158940896, 699.9748261811201, 724.7218841187969], "[100]": [2664.862623162073, 2.414254885475781e+32, 4994.0, 3208.6650698767808, 6357.362206521349, 3466.4044875079417, 3223.836791198184, 4908.395680731817, 3997.03445634928], "[120]": [1651.492469487439, 7.576325486168787e+35, 10729.857142857141, 468.6115630327895, 2245.9456338361088, 2326.9463441590797, 2275.1012946604624, 59450.09121791442, 37166.462007705755], "[140]": [462.22931123286526, 4.537767621226321e+50, 2800.5714285714284, 231.07169927536938, 449.6081877409574, 522.1767698827402, 645.3272046146526, 2391.2841990087454, 2086.199094879785], "[160]": [195.18462407899005, 1.9472354461076123e+59, 386.0, 12.025464632167996, 43.044056810474785, 67.37958582703686, 120.88819341046451, 106.45783527170704, 138.95545900155162], "[180]": [93.69951487478556, 2.8311610852975855e+67, 67.0, 11.534024594720115, 16.18314962133305, 21.78876118280671, 34.97027386538008, 261.2697766711949, 273.9593396043287], "[200]": [90.82786629035581, 1.9258664884755883e+77, 4.142857142857142, 0.15411342740956435, 0.4090652526892651, 1.65885836101209, 4.967117298505407, 226.21813610708472, 225.86398776893571], "[220]": [71.12419788039279, 1.6198306258292654e+85, 0.42857142857142855, 0.3343057282305533, 0.3411214378875815, 0.6445852268719137, 1.5726258896285046, 189.39029878536883, 188.20183143874212], "[240]": [63.40745456916102, 9.5085081810186e+93, 0.0, 0.04586495493127255, 0.04726068318939875, 0.09777062831606627, 0.2563302069060725, 162.64995921535797, 161.75803248384213], "[260]": [56.99263074686496, 3.8746981460246653e+102, 0.0, 0.006292390651201936, 0.006547731921048343, 0.014828608225706343, 0.041681648032907706, 138.38033894301958, 137.77677223245564], "[280]": [51.60139039205251, 1.5387735893052318e+111, 0.0, 0.0008632766748381923, 0.0009071512517800133, 0.0022492426527146825, 0.0068010681277701785, 120.55870984478864, 120.08842719899717]}