{"[20]": [8.710833879826113, 16.938953666878763, 8.663652757529771, 36.53129327620824, 28.721993097074154, 138.65024525428385, 63.00248100865557, 2.140469925748796, 0.5972981942873173], "[40]": [9.66048091603804, 124.35548050866483, 13.466841604553377, 48.10757602806042, 24.082041209038934, 15.409699423425947, 28.55216524804964, 49.20672670713588, 42.602151639879914], "[60]": [12.52041647279729, Infinity, 12.218951765376827, 41.33824057860619, 38.323282822484266, 30.833145436448692, 17.360885750821293, 335.5855136816366, 77.0796711188695], "[80]": [4.882005432274663, Infinity, 9.145031728392587, 49.379069522558886, 40.95714636464286, 23.01151700977784, 6.385032110063842, 16.65036605417494, 6.0858398188084255], "[100]": [32.15888755828455, Infinity, 34.341898632180516, 90.29703369313687, 35.018432149141894, 39.32991696676995, 17.450581591959764, 21.400309152581734, 22.979019088429762], "[120]": [113.6445773212231, Infinity, 126.57055131570442, 201.89787451255296, 202.91351410190506, 79.96135398087917, Infinity, 64.51465407474122, 74.6144830642567, 71.63254308073412], "[140]": [28.294044930099062, Infinity, 107.82884874163533, 176.49832754213176, 28.67084449339926, 22.19397866427471, 138.94495416273614, 119.11427647456543, 137.45550845764907], "[160]": [17.075600787011684, Infinity, 105.57619610048353, 273.4668413071465, 54.6900701311326, 22.558405593377866, 4747.019923295398, 79.44726234756878, 83.86747427432323], "[180]": [155.30057360632392, Infinity, 372.37662307743267, 670.14714069755, 327.34100646652365, 317.44097675839646, 289.2385890120171, 77.30701669995332, 83.46812839435931], "[200]": [578.3660532032269, Infinity, 1292.444889943137, 1510.0776076263558, 1118.1696129256413, 918.3439275712417, 699.7001169370446, 247.063430450755, 263.472194409731], "[220]": [310.46573831561784, Infinity, 2139.886097907253, 1154.3634346726185, 231.88327117613557, 352.6945798136313, 2436.9065489278946, 248.22874956819484, 247.50559012897068], "[240]": [526.7921003908908, Infinity, 818.1862630450019, 1226.3953321810952, 1640.6390706526765, 1678.0621445026297, 16483.14723044276, 265.47942828348727, 291.5368338899527], "[260]": [59.357036026577134, Infinity, 2146.9649496037414, 383.6886675176686, 2306.3813869218166, 1205.2377633935419, 31510.903557578345, 68.57256680812041, 37.01514755754877], "[280]": [225.06036248931167, Infinity, 1799.923620468058, 280.2213221373294, 1291.4820968533782, 897.3481795771886, 8128.6457377655515, 2374.8882056942252, 2445.5529821269347]}