{"[20]": [3.400329530080498, Infinity, 9.285714285714286, 3.3009081523865236, 2.9878399085521394], "[40]": [4.790159087752642, 102.44232682717114, 174.42857142857144, 49.03849286137469, 53.401759481064374], "[60]": [288.1023512090451, Infinity, 4253.142857142857, 1807.0204757865863, 2815.8204332936593], "[80]": [6800.251663543124, 10548.181248960507, 41869.57142857143, 38968.105031679355, 17409.6753750868], "[100]": [20940.66667958304, 120107.13179152235, 22805.28571428571, 32238.70053941526, 28808.022167713018], "[120]": [5338.901961292104, 3.5614820521873956e+16, 18118.857142857145, 5349.131671232963, 7557.057355074252], "[140]": [453.20074775053763, 7.20872797805374e+19, 3723.142857142857, 528.2094328661851, 1146.3635676736458], "[160]": [142.75310124043608, 2.2534864637763718e+21, 1032.2857142857142, 43.716535894621984, 308.828086686824], "[180]": [607.5065124642258, 5.896357345653076e+20, 290.28571428571433, 4.931494659038037, 86.04827642128993], "[200]": [805.9362637501238, 9.247691473387009e+35, 57.71428571428571, 24871.671286698773, 9.476771965161603], "[220]": [735.6720725878342, 1.1432023746446773e+21, 22.142857142857146, 40101.223370990505, 7.685054781133381], "[240]": [471.2278728997263, 3.684247396576097e+27, 0.8571428571428568, 3.186677387190513, 1.3857399741582181], "[260]": [78.8322908997294, 1.0270457212979945e+39, 0.14285714285714285, 0.0, 0.0], "[280]": [456.1102857989433, 1.6334494203111946e+43, 0.0, 0.0, 0.0]}