{"[20]": [1.0, Infinity, Infinity, 1.0, Infinity, Infinity, Infinity, Infinity], "[40]": [0.07850699667870921, 0.2190206906076873, 0.0, 0.6392188065083406, 2296.965494628342], "[60]": [0.23930178436745023, 33195204.601013828, 0.3944155411959286, 0.4503111040006706, 9032.171576295399], "[80]": [0.26646162483365343, 121.3083747653345, 0.30607700711635977, Infinity, Infinity], "[100]": [0.15957868314593765, 25801332678016.36, 0.0, Infinity, Infinity], "[120]": [0.1429599595702984, 1187008210566288.5, 0.0, Infinity, Infinity], "[140]": [0.13270815566629832, Infinity, 0.0, Infinity, Infinity], "[160]": [0.12226745954316458, Infinity, 0.0, Infinity, Infinity], "[180]": [0.11226095727672888, Infinity, 0.0, Infinity, Infinity], "[200]": [0.1054965580065802, Infinity, 0.0, Infinity, Infinity], "[220]": [0.09998940319914391, Infinity, 0.0, Infinity, Infinity], "[240]": [0.09549194965229567, Infinity, 0.0, Infinity, Infinity], "[260]": [0.09312220640675382, Infinity, 0.0, Infinity, Infinity], "[280]": [0.0898036751870006, Infinity, 0.0, Infinity, Infinity]}