{"[20]": [Infinity, Infinity, Infinity, Infinity, 14.0, 59.319630150055275, 8.927554815448907], "[40]": [Infinity, Infinity, 183.49888112784413, 241.85714285714286, 155.03365792408835, Infinity, 219.39977998601034], "[60]": [1380.9202291032552, 1200.9581915730198, 274.2857142857143, 614.2083278365399, 106.58315075094401], "[80]": [65.72545976436834, 138.1117357291514, 70.28571428571433, 537.1559555295054, 50.81033949036396], "[100]": [34.44730617915536, 69.89096409804824, 113.28571428571433, 408.9866776464898, 7.260064295154848], "[120]": [250.6046963286896, 7.663958742322817e+19, 181.85714285714283, 610.3572315148897, 269.7696469482536], "[140]": [352.83453141526934, 46040.00836534779, 5183.285714285715, 22.70310707109911, 2714.987251509472], "[160]": [7563.085874433666, 59482.79771040815, 17015.0, 16617.558127109878, 2371.074488231294], "[180]": [15978.27128152241, 29521.04672975438, 11684.0, 935.8841626920948, 90671.02605586294], "[200]": [1371.848462410463, 1.48649019993944e+48, 8846.857142857143, 5613.409295581025, 32843.6530465835], "[220]": [983.7347763714004, 1.3003669419354091e+64, 1880.4285714285716, 2279.561999758455, 8922.626905011215], "[240]": [88.17152890223795, 6.656564289364999e+41, 345.14285714285717, 48.27775078656116, 3307.1985813699257], "[260]": [66.84760274702654, 1.1427607466336e+83, 47.142857142857146, 7.732764915659557, 554.1108922489283], "[280]": [1492.543532237601, 1.2967706084919224e+81, 7.857142857142858, 9702.515302076052, 18.777593849593856]}