{"[20]": [Infinity, 2.998543159490088, 3.0, 2.9999987085353497, 2.999985195727045, Infinity, 2.999991206360744, Infinity, Infinity], "[40]": [16.311070343501086, 11.169246179591191, 29.5493800866333, 11.169494833007896, 34.783755128660225, 20.21898992844867, 366.23998635012146, Infinity, 4.9382189490943835], "[60]": [20.010487708881488, Infinity, 27.861172588228655, 65.33782347544354, 19.898196572728544, 34.52804124266809, 14.413186427293503, 23.310419345426833, 29.695628903856747], "[80]": [32.16048925326664, Infinity, 102.59040515250784, 171.79564857097435, 78.72196680844127, 60.59101591303312, 31.832461147670006, 5.0797870066959, 5.347787627838698], "[100]": [18.064496848976887, Infinity, 226.21145003988326, 319.6932878380003, 137.0887898588447, 175.95436857009472, 13.059609941842748, 68.34444926231319, 34.08971118831906], "[120]": [188.86189777666644, Infinity, 1006.8907227267224, 871.5777247199177, 547.1859363049147, 514.2273180209477, 161.26230934629982, 72.3504075036112, 51.37319815914348], "[140]": [177.66653411197586, Infinity, 1969.1586364186387, 408.62809848048164, 82.52799682552595, 99.97134936690338, 5783.916714437934, 234.77432861438635, 180.15698059245685], "[160]": [21.734391400991818, Infinity, 2160.333018430589, 1301.3463918461443, 647.674282306876, 953.3905552293274, 241.43651294421284, 268.97695421286255, 137.7253496911226], "[180]": [65.0659946335262, Infinity, 1339.1830723897292, 4489.750608896471, 455.5081762200381, 1069.621180066941, 317.69413597957043, 42.53604897720428, 90.7438383440165], "[200]": [395.8601764023122, Infinity, 1552.9405529629357, 8768.404093176501, 864.1522632704152, 2676.957012611371, 368.8893595376275, 1518.7807768497953, 1444.1833433891097], "[220]": [193.65025756111402, Infinity, 1750.9000720740942, 9919.136088952355, 1576.0967243436367, 216.63222631828822, 1149.4861785653109, 95.19623658560805, 73.82979277770905], "[240]": [108.64330136319552, Infinity, 2841.1510669268137, 6215.669625370948, 2043.017149089323, 3402.2470314469742, 1505.3872401460387, 635.6323467112643, 624.1032540332137], "[260]": [55.271940982716714, Infinity, 1946.4165361560565, 3109.163725743358, 890.0248223004371, 3145.1658371328963, 755.7379490040843, 275.20316431873533, 265.28450984726], "[280]": [67.02572484538977, Infinity, 1138.0512013327593, 1222.701461186284, 425.75294266995337, 1915.6755199886118, 324.32075202152504, 202.08199400060244, 181.17834128877925]}