{"[20]": [15.223693466308134, 10.444703438285892, 16.0, 34.437407460112475, 20.91097635089509, 21.18883651512607, 16.74629730618581, 31.126415644885647, 17.975639103371513], "[40]": [196.14869169354597, 149.5806210359766, 251.0, 165.05225573980897, 275.70564963082757, 190.2600816042284, 175.5143597825636, 364641.7637743074, 186.09814223608242], "[60]": [1428.886643394064, 1.6870673532975112e+18, 2516.1428571428573, 2497.889012977094, 2069.0672021569135, 1467.2142283271533, 1534.7243270015194, 13726.31666588522, 36.46394094026118], "[80]": [5739.162834782035, 3.729403789879908e+27, 14802.428571428572, 11622.876203838965, 6134.073706846546, 5937.544476863695, 4793.719760532942, 10394.411578352701, 62.778259958278795], "[100]": [10235.009838464648, 2.647552091869952e+35, 7499.714285714286, 7142.989801233922, 254.14817663746362, 813.0635705072855, 12077.520317333554, 79712.47569630793, 81775.00994971624], "[120]": [4697.653635119939, 8.308450134770628e+38, 16223.571428571428, 3811.030324028192, 349.54551187586003, 3006.2339271401906, 542.9420470591231, 43312.26514815153, 42781.23337287192], "[140]": [164.7464658248755, 4.976266294395922e+53, 6755.571428571429, 1005.7301435454278, 8.38620354106024, 344.46539879404145, 37.084534261181034, 5245.3337883477025, 7312.248216410344], "[160]": [787.7029393318753, 2.135402919236706e+62, 1536.2857142857142, 362.08932701447986, 130.70293338570787, 38.86427559660194, 141.9942687691805, 463.70381909630305, 689.8638219627187], "[180]": [106.48938917526175, 3.104745092395459e+70, 382.28571428571433, 122.95227384361169, 60.411597842048835, 45.87621861020844, 63.28323407573308, 116.09324397278357, 284.12450482414965], "[200]": [145.40796574781052, 2.1119689227880706e+80, 102.0, 42.74228609019849, 25.803512527439114, 25.424597032115052, 26.47800118873038, 588.4768594531681, 599.7932634918507], "[220]": [286.6499070975069, 1.776360035683665e+88, 22.285714285714285, 21.56456721625903, 16.499826698492484, 17.808089461006162, 16.66484881646054, 698.5003879996289, 725.3806558812221], "[240]": [308.82773985359836, 1.0427345148083256e+97, 11.428571428571427, 10.361544751516996, 7.660441556367778, 9.562627391310315, 7.725557134881823, 577.7273577572305, 581.6153469876974], "[260]": [224.8590428087673, 4.2491225503989994e+105, 7.428571428571429, 3.245855587130666, 1.9631682995193547, 3.0780198500356746, 1.9905539193344506, 477.65362921915914, 485.44616262041035], "[280]": [238.4251720782704, 1.6874702090631743e+114, 2.7142857142857144, 0.7755359133475299, 0.3909831259398434, 0.7405696057884273, 0.3989277390061444, 447.58659513788996, 449.1928085152805]}