{"[20]": [20.30476109666552, 192.2932001587643, 19.0, 95.0170000163793, 84.68761286944181, 20.585351823148958, 19.97632063849106, Infinity, 19.942576379687363], "[40]": [0.23728038003413587, 59.34882665474181, 32.85714285714286, 95.66626084988206, 55.10773766679577, 31.93421957943415, 24.109499238553973, 121.76028175580794, 45.775851040403275], "[60]": [19.125594667046556, 1.6870675445396874e+18, 6.428571428571431, 40.83755726108061, 44.15341561057551, 28.94819574914037, 4.427595095290279, 784.9727222055743, 65.34654293299039], "[80]": [65.06970471291311, 3.729403789879908e+27, 46.42857142857143, 89.73054865406752, 49.296637126285745, 79.31648215108137, 55.403002523904135, 70.94892162902188, 62.67515346478172], "[100]": [38.728993130180385, 2.647552091869952e+35, 59.57142857142857, 124.86597845534796, 51.998560176883714, 91.72914510543447, 51.99528681560079, 56.92009766518311, 60.62123095627899], "[120]": [82.41950731020466, 8.308450134770628e+38, 110.57142857142858, 210.76135422973064, 80.88835483430549, 136.0216868919599, 26.861787402099196, 60.21081472321009, 51.28772068869415], "[140]": [18.27205998672389, 4.976266294395922e+53, 104.14285714285717, 249.89270697780566, 64.39420151489617, 136.11458309658144, 69.76116083185883, 82.26385404096857, 72.74789899934939], "[160]": [133.36211811579682, 2.135402919236706e+62, 110.0, 321.08615595055915, 103.15288266763736, 135.58089200950297, 44.826584357886475, 112.25229686111868, 139.07310623507942], "[180]": [314.63723835112955, 3.104745092395459e+70, 359.28571428571433, 679.8161179587331, 320.975785977348, 445.6849910564667, 338.798902059801, 125.81105604682762, 146.0683366610142], "[200]": [543.7878529618179, 2.1119689227880706e+80, 1074.857142857143, 1384.7022721052858, 966.6674078060978, 1372.9606120242906, 700.7368187097873, 430.469649146768, 429.63079550300927], "[220]": [718.8055460903511, 1.776360035683665e+88, 2420.4285714285716, 1769.0666335091182, 986.781524315159, 1287.676197289672, 968.1250781686081, 194.26138722976975, 199.83127385723492], "[240]": [644.9784630510985, 1.0427345148083256e+97, 2963.0, 3974.8041065318384, 207.76526610356996, 907.8255892093584, 1495.134782255047, 1566.1754154323644, 1587.337506773818], "[260]": [398.3840774135733, 4.2491225503989994e+105, 1208.7142857142862, Infinity, 3390.909511214163, 3772.401349171645, 2820.584079967466, 2849.171660766873, 3900.4759449200333, 3928.4157960988605], "[280]": [805.2897576635364, 1.6874702090631743e+114, 2786.142857142857, Infinity, 1409.9366966677926, 2143.285750681179, 2145.4633081012425, 2205.788248704145, 2679.4132170323865, 2526.525321191474]}