{"[20]": [2.3182370698943804, Infinity, 3.034858782228667, 2.747816882367417, 22.834711296946683], "[40]": [14.491508362570086, 9.146177448917644, 21.208576924650608, 0.6731556849509233, 4544.761028375697], "[60]": [20.507292987069253, 133118.96039189873, 375.5706112552814, 87.4644356091295, 1485.8641900562484], "[80]": [290.68572608233626, 888.5952533558028, 4532.931694884713, 1984.7569469860684, 20083.342575273862], "[100]": [1361.007027554495, 5837.683379924274, 365.95562329603933, 2695.8222327414232, 874.1935134866733], "[120]": [160.45872901585093, 28219.36448589998, 3918.1961466186494, 95035.74463400096, 583.9698804231275], "[140]": [49.41348954973232, Infinity, 770.8622100071054, 14.006226238917117, 82.8685949426721], "[160]": [63.26493801674947, Infinity, 112.93614924954767, 0.428733762875544, 10.702673917665024], "[180]": [74.160350460739, Infinity, 9.467063961696372, 1.7285816509275036, 0.2053251645746967], "[200]": [63.50494007981941, Infinity, 2.5726046451196725, 29748.849095474867, 0.0998391436859536], "[220]": [50.93468113722959, 471998.42709955527, 0.2454787549080724, 5143814.971595096, 0.870849240694118], "[240]": [39.15183769847744, Infinity, 1.597568377728091, 0.2989233485052492, 0.516585079643755], "[260]": [30.6390826573109, Infinity, 0.0, 0.0028110226302206403, 0.059611321555728965], "[280]": [28.593880479101458, Infinity, 0.0, 0.6919430779405433, 0.47527381148815645]}