{"[20]": [10.11133530257834, Infinity, 8.285714285714286, 2.5879626503503594, 2.281019251601495], "[40]": [22.099273927431398, 3536.4083468211393, 251.71428571428572, 88.11640235313973, 91.02520591747242], "[60]": [312.9284922270417, 1852.4908372298923, 6746.428571428572, 3085.778590672616, 1585.5805063729977], "[80]": [106.48725430073682, 11435.56587256951, 10306.428571428572, 7144.6400136328775, 6482.653451149665], "[100]": [2461.0811815758916, 18714.27845361895, 13474.428571428572, 5274.3560374617, 4867.830706580004], "[120]": [1436.668662689649, 515498789723490.7, 2832.2857142857147, 1048.207496875034, 1422.6073782152512], "[140]": [160.32452546007244, 2.7543004847321677e+17, 578.0, 1580.7991363785732, 546.2693959228402], "[160]": [396.3383037714626, 8.0215150987634e+19, 193.71428571428567, 24596.194196727432, 225.24273371011316], "[180]": [340.82455509628585, 1.817375450106919e+16, 71.28571428571428, 34742.06634619187, 84.30825442770319], "[200]": [193.48209806781495, 2.5979684050283974e+21, 25.42857142857143, 35222.450007586085, 29.876466529168255], "[220]": [110.21120755945506, 3.23707431070666e+18, 4.571428571428573, 35631.39623349751, 5.318261429402675], "[240]": [79.36958712166876, 1.2078366855791494e+21, 5.857142857142858, 0.4277779052782016, 3.53173196785818], "[260]": [103.2838843957675, 5.3273997903701954e+26, 1.4285714285714286, 0.042617451930587774, 0.7161268244410762], "[280]": [165.37885123974993, 8.231313966926796e+26, 0.0, 0.026912707805563683, 0.4525613350157906]}