{"[20]": [6.0, Infinity, 6.0, Infinity, Infinity], "[40]": [17.29637802374249, 0.7919357947169061, 75.57142857142857, 23.12413975822396, 27.55832908342397], "[60]": [10.347086557422244, 2067.9031582035423, 2153.0, 946.0661212813343, 2122.1030982324028], "[80]": [4551.13699782941, 4111.655126492915, 19315.0, 16749.515260850945, 7172.7560156345535], "[100]": [7923.8407511977675, 12432.70996887843, 13848.428571428572, 11830.245860913037, 13017.468835382046], "[120]": [1815.723939059647, 1245054343774518.5, 5778.714285714286, 1919.6019511525074, 2542.2665286327274], "[140]": [42.90584638961877, 3317508342882657.0, 1000.4285714285716, 2365.8626519164545, 594.8645910659759], "[160]": [122.09265734524558, 6.131677572257962e+17, 323.71428571428567, 5543.5892712756295, 234.0328334978542], "[180]": [295.19270633593067, 7.156300307798025e+18, 117.71428571428572, 295.7228980447554, 82.28075570589903], "[200]": [355.88887922313415, 1.3441384186765988e+21, 58.57142857142857, 86.77237455682291, 36.64251874874212], "[220]": [294.7940093973654, 1.2451586897490992e+16, 10.857142857142858, 22.779793437410916, 4.493747728215396], "[240]": [191.70542776676058, 1.4669575591675464e+19, 9.857142857142858, 4.160818743903556, 4.572934700610231], "[260]": [15.06405156606553, 1.6315369742866076e+44, 2.4285714285714284, 0.048277444062508, 2.5289701073025608], "[280]": [229.4685815803894, 7.288346559937071e+41, 0.0, 0.6396113929789982, 0.3071085634750754]}