{"[20]": [12.865304470154154, 6.009195912178922, 14.676915016911565, 31.865379488879626, 11.490386431878195, 20.627779521470874, 67.45075702024482, 29.037681180183046, 15.612471731048533], "[40]": [232.74353300994224, 148.29998493143992, 275.1464667530674, 190.67815870375642, 297.89238831541155, 203.9585888337707, 133.84467186868818, 128016.11886928638, 213.9529695953888], "[60]": [214.72562325689452, Infinity, 340.74848217381367, 505.6936212442459, 64.66077960394807, 235.79016386454228, 9230346.074171094, 407.9636665250338, 440.2138719276933], "[80]": [19.58072003658814, Infinity, 20.95933254121536, 671.5528301621475, 13.277069595743676, 37.98138724100726, 39.12062808146413, 15366.268796455815, 4304.246103887017], "[100]": [38.63094014253089, Infinity, 76.28658931573337, 831.3071117814004, 65.40855884504218, 98.2107625539086, 99.72675039221056, 42.68710452769858, 203.97039429045134], "[120]": [707.8612283121224, Infinity, 684.6051857267511, 1517.3189844450096, 702.9398760038596, 742.9684773235678, 698.5266235831092, 789.620782284503, 766.5800871832944], "[140]": [6982.241417813045, Infinity, 13133.488600289638, 14289.185421984577, 12556.541480965976, 14496.993846194093, 18359.196145368307, 1748.177684594927, 1704.8047684404414], "[160]": [11316.002491750949, Infinity, 11872.524680388366, 16099.874512384433, 3306.0113695116706, 7005.088164819572, 206620.77387507298, 15319.110045158368, 16710.26574788956], "[180]": [6415.228428070434, Infinity, 19009.91889918255, Infinity, 3003.1217876321593, 19310.649094246397, 12486.631361683623, 206124.4304562848, 10226.566791668289, 2622.1744656386927], "[200]": [Infinity, Infinity, 6033.279205810388, Infinity, 331.10923046372534, 3986.901655331933, 3305.5741301043176, 3524.7086002010096, 4091.552193221423, 5361.7959224237475], "[220]": [676.3757564091133, Infinity, 1088.1056537171082, Infinity, 109.39296733852633, 891.1902442154428, 1111.4744926166618, 1684.626749121369, 831.1441616209404, 645.2047410209575], "[240]": [750.6461781702269, Infinity, 248.2075314634189, Infinity, 55.730321479572034, 263.7328647820332, 421.2960732040924, 564.652953317914, 615.1301474197181, 644.2489320356341], "[260]": [762.1951306485944, Infinity, 25.609513615956786, Infinity, 15.953548139005097, 56.86603321661084, 137.59912286033824, 176.74421308949715, 740.4909796524538, 725.0762847620961], "[280]": [663.1002774960082, Infinity, 2.6171375338841996, Infinity, 2.831397359870577, 11.597156609149394, 40.64407940964687, 54.535202432765, 474.18499593409723, 482.96499951121]}