{"[20]": [6.0, Infinity, Infinity, 6.0, Infinity, Infinity, Infinity, Infinity], "[40]": [12.381586607023529, 63.0343356446545, 55.0, 22.40911061562067, 59.01510130571668], "[60]": [518.9368579860179, 2195.1241982254305, 861.7142857142857, 13.190033996557304, 112.35708105039225], "[80]": [2210.5714271728266, 6408.337856603161, 8474.714285714286, 6177.905349106593, Infinity, 5595.411103487187], "[100]": [5515.0786669030485, 69409.97483793763, 1126.1428571428569, 8495.538194190154, 7706.401321785728], "[120]": [645.9745726289229, 10093.734327403929, 8298.857142857143, 958.0500350311254, 2674.172473694656], "[140]": [168.7853697878536, 6.880288805051472e+20, 1971.4285714285716, 103.28845639736437, 341.2189025865945], "[160]": [500.6870194921828, 2.0194324527529424e+20, 258.14285714285717, 8.895548211528883, 43.62944833282248], "[180]": [569.565015699283, 9.324293652739721e+25, 27.0, 1.5031664315420397, 4.552858485289239], "[200]": [467.8909712807052, 9.190398521579021e+31, 3.142857142857143, 0.23494847585192247, Infinity, 0.7485822308241389], "[220]": [350.5946032248255, 1.0570949026007392e+35, 0.0, 7433.952981045719, Infinity, 0.02274606861080026], "[240]": [233.94075384059215, 2.337187704536858e+34, 0.0, 0.0, Infinity, 0.0], "[260]": [107.00588166196309, 1.0411588315981054e+43, 0.0, 0.0, Infinity, 0.0], "[280]": [42.52350218430437, 3.32111691895547e+82, 0.0, 0.0, Infinity, 0.0]}