{"[20]": [0.566150656749148, Infinity, 27.03566439303825, 16.957486634513234, 58.702243475802064], "[40]": [84.77088527346112, 199.4263150336495, 358.0692223320417, 137.8253130434672, 3684.431798114843], "[60]": [764.5228371000004, 1611.264746038853, 10254.837208767827, 3677.2385122964156, 10821.80149439248], "[80]": [11890.100482047657, 7136.819612393124, 20000.57474882232, 24113.95555007282, 2577.301892917377], "[100]": [2252.188916304162, 30845.5573755422, 23879.44118427479, 1370.3569858797011, 6269.568660951071], "[120]": [3493.653270210986, Infinity, 4898.770363646276, 5401.031023759261, 1941.0652537565954], "[140]": [309.9837278970914, Infinity, 897.7677883087304, 1498.9063378076153, 629.2365220033275], "[160]": [1219.942673023083, Infinity, 255.74283565011888, 13622901.24015171, 200.7913907857234], "[180]": [951.793535164242, Infinity, 78.6145388415491, 18541257.703446116, 60.13112233720269], "[200]": [552.3713942575447, Infinity, 34.90056470571119, 17572619.650897916, 26.046013062527894], "[220]": [376.2325813979466, Infinity, 8.842463808522401, 16788848.19076737, 7.813836702880087], "[240]": [306.221222539389, Infinity, 1.9543590539591869, 0.3246480421311344, 2.1110530663549922], "[260]": [279.4045716952622, Infinity, 0.8780313977693525, 1.650321496486788, 1.7799753265834428], "[280]": [266.25260054481055, Infinity, 0.8442508433068553, 0.6027049211251958, 0.4810076026988545]}