{"[20]": [9.475168866377206, Infinity, Infinity, 9.60208489077545, 9.490742776594868, 272.3785290612695], "[40]": [4.879527487158939, 105.58971911521125, 20.111178951620133, 18.51364262520743, 167.15688859802017], "[60]": [24.883947109843056, 37.27805097480522, 13.149242734328196, 30.593508934157654, 785.725228902837], "[80]": [1.6081025310408075, Infinity, 0.5081322847773216, 8.289640978327206, 423.5451766347752], "[100]": [6.2227814476000525, 2397096.5611848403, 9.8957486231744, 3.209875875245438, 711.7007676565779], "[120]": [1.695905834529764, 5.767774958158453, 14.737408185546094, 3.9572479589993623, 1238.897278103927], "[140]": [3.2578481481702504, 1950765690023380.2, 11.64940453263072, 6.821227832656936, Infinity, 1698.6598578890964], "[160]": [3.319995852311097, Infinity, 0.8866280750257608, 8.925750834250028, Infinity, 1752.8641755093925], "[180]": [13.938493230880043, Infinity, 28.453138870932886, 29.16880653959183, Infinity, 1895.2413108345145], "[200]": [1.6651369331050105, 54.37785495567819, 124.46971588240804, 161.1848727439187, Infinity, 3676.3580744695923], "[220]": [30.411302382510303, Infinity, 358.34355684560046, 29.871128525426744, Infinity, 9132.60116303971], "[240]": [102.9607732288744, Infinity, 825.1941396917701, 57.936354790298516, 66286.62908089903], "[260]": [353.614632718425, Infinity, 1429.1632608628545, 913.5271693165564, Infinity, 160418.11328292728], "[280]": [62.220324276414864, Infinity, 1351.9153579330507, 1642.9078211143249, 224.02717732783972]}