{"[20]": [8.975663545261233, Infinity, Infinity, 14.124060283529143, 5.512229046401742, 183.2487839529826], "[40]": [4.673790601961094, 6.684073713644618, 16.608673365837024, 6.068504540838932, 219.50731607838165], "[60]": [1.3861203179186674, 14.55897322263028, 9.384728731986662, 18.696127345504326, 715.7493297242933], "[80]": [2.6653127235536287, 7.706646425379886, 9.848590475797852, 14.237005279954838, Infinity, 881.5308178242295], "[100]": [2.061072454247043, 226.6792014084842, 31.461112541406944, 34.40809946361718, Infinity, 1295.2179455088306], "[120]": [20.76581694369489, 36.074470616421394, 66.98646934397794, 18.67340984328122, Infinity, 2005.8150845007713], "[140]": [29.664730043142313, 22.622916995052254, 113.42068473901354, 61.53182018305747, Infinity, 3867.79166903246], "[160]": [22.671798589680243, 54.28424386222696, 155.53768865536648, 7.972442920279354, Infinity, 6129.169285756597], "[180]": [320.4625779021973, 227.14953276740044, 723.2222406963757, 123.29654952829246, Infinity, 9892.269148712061], "[200]": [263.4779749841565, Infinity, 2573.6884933753586, 622.7100293320913, 386.6691980179516], "[220]": [623.2998195053066, Infinity, 6694.164941953679, 4232.678870165447, 568.2393005690993], "[240]": [4270.839617829321, Infinity, 7895.640159310987, 10729.058706505279, 1008.0158545169053], "[260]": [7182.12411666701, Infinity, 5011.880353111455, 5375.070706542336, 1787.9102050070596], "[280]": [1593.233237296432, Infinity, 7217.909730368316, 121.29344526522982, 1175.3924287767165]}