{"[20]": [0.26330237369463205, Infinity, Infinity, 8.0, 5.468827660832546, 5.359201600237094], "[40]": [14.016374401470785, 36.568665455708796, 29.57142857142857, 16.480504124932512, 26.471056941784944], "[60]": [17.98569976534769, 124.31602644112948, 30.57142857142857, 41.440010197309974, 20.245508557746682], "[80]": [5.220661021004219, 187.70724322537842, 188.0, 10.702634634888113, 139.10642800695058], "[100]": [71.57988556303178, 15.387963775354251, 520.8571428571429, 83.53340039195393, Infinity, 416.15383701085796], "[120]": [404.7547945943511, 1042.171401846076, 1477.4285714285713, 766.910327415877, Infinity, 1131.5017991544196], "[140]": [231.3478138902683, 790.3601468703673, 1688.8571428571427, 2029.312919511081, 1192.656430219101], "[160]": [326.5469881915433, 839.5474621321346, 78.85714285714312, 2169.8878715487867, 414.7673555614765], "[180]": [58.93600137062549, 1.248518580425955e+19, 604.1428571428569, 1102.8749324882256, 8.821112669243576], "[200]": [741.9532976769551, 1.799191263921049e+22, 886.8571428571427, 1802.106100684019, 54.422648602239406], "[220]": [760.413565006022, 1.1846795732255054e+35, 1097.2857142857142, 6057.1334316090515, 250.59220892595317], "[240]": [647.5497253998346, 3.6439309702874513e+43, 599.0, 4723.040807686499, 169.61093181561273], "[260]": [372.9187347833473, 1.7449341402324104e+37, 419.71428571428567, 2534.696117182661, 124.68273208039159], "[280]": [155.95220378348972, 3.581143077869618e+39, 211.85714285714283, 1216.9082617730735, 72.9193360266845]}