{"[20]": [4.666828416545519, 7.06083555394599, 4.428571428571429, 3.827810022465238, 2.8036299068192534, 2.0418729157502717, 1.8923015586444718, Infinity, 3.995719478817862], "[40]": [29.74620817085038, 685003.6755764354, 35.285714285714285, 13.379079628608459, 12.83351472524619, 16.79090730908223, 12.830794926360738, 26.91370603016513, 14.43430078535156], "[60]": [90.2374822527417, 1538406393663669.8, 271.8571428571429, 228.72611093975303, 244.6049290050117, 48.41837024350741, 48.23394183354321, 49.301146697394415, 66.73200704276252], "[80]": [19.11246754292108, 3.40077629912588e+24, 128.28571428571433, 283.1256495780234, 24.848424254239262, 64.48194431678871, 107.4228589816255, 713.3483875467273, 298.626149834613], "[100]": [8.69841530639178, 2.414254885475781e+32, 50.428571428571445, 477.0294746139462, 21.823958840552905, 71.71146104592901, 21.57654816931256, 93.5743807048757, 49.593449594080425], "[120]": [66.94090102434939, 7.576325486168787e+35, 40.714285714285666, 575.2372747906176, 37.339190936296745, 82.9291464041197, 32.27966540134287, 45.96024283784925, 44.70774643568507], "[140]": [909.4943203365183, 4.537767621226321e+50, 1600.0, 2256.7419740206906, 1400.9129781297295, 1742.8879908302827, 1389.416227944865, 729.5485917982364, 760.0515018172164], "[160]": [1890.718192434466, 1.9472354461076123e+59, 13115.857142857143, 12599.307908190078, 6940.396776710184, 7469.793577426413, 4793.912591463359, 349.79288076889134, 21.25440236699069], "[180]": [2923.8445196228204, 2.8311610852975855e+67, 2451.5714285714275, 15157.233013687188, 11033.330651077798, 11941.866606045412, 14393.527121033672, 3090.339854761114, 2856.102327238994], "[200]": [435.73347453176757, 1.9258664884755883e+77, 10049.285714285714, 1762.724625179194, 6623.593288770036, 9468.563975263409, 11108.911695719453, 3920.278063435231, 3580.074720644021], "[220]": [464.6987200009444, 1.6198306258292654e+85, 2317.2857142857147, 65.9801817170237, 1532.1800455928133, 3284.4197911306037, 4365.733230630041, 964.8163334784385, 923.5651601044337], "[240]": [4.511285361357295, 9.5085081810186e+93, 585.7142857142857, 203.21860513888373, 504.29500686386154, 1270.1005781461126, 1732.9602416147436, 134.05766159066616, 154.89258597012793], "[260]": [177.51178873538902, 3.8746981460246653e+102, 117.14285714285714, 112.07891231541399, 155.81464139573245, 479.7344395713974, 672.9883295348587, 191.58072783600255, 184.8185644715459], "[280]": [39.03285265898376, 1.5387735893052318e+111, 15.142857142857142, 37.91945405257485, 41.26490019530528, 164.9644204772748, 239.0743346013047, 69.90685182236746, 73.01046693373071]}