{"[20]": [11.0, Infinity, Infinity, 11.0, Infinity, Infinity, Infinity, Infinity], "[40]": [62.91968853468195, 126.15300430453296, 204.35219670005122, 9.045090590544609, 1502.9259158360294], "[60]": [259.03338511808147, 23684.2335371454, 5888.667065503121, 4280.586463895598, Infinity, 4885.488325018547], "[80]": [9855.688543208662, 46504.022325950915, 23933.808664141186, 30757.66381796971, Infinity, 25676.43939209767], "[100]": [12094.956950720154, 132409.06548387877, 19785.304705055874, 43442.48099902428, 21281.629101751085], "[120]": [1833.714913677833, Infinity, 7897.439623630761, 26447.591759546056, 2691.571420186153], "[140]": [372.41482992283227, Infinity, 1350.9378619225347, 168667.98412120886, 388.60475639225666], "[160]": [833.6843571575263, Infinity, 406.73607622305923, 5847867.033142112, 119.8490370717712], "[180]": [464.1975631499629, Infinity, 129.52536434235128, 4544188.179424686, 44.508120878959865], "[200]": [276.35675957038274, Infinity, 32.092537133393805, 4267265.816192166, Infinity, 10.156198965569349], "[220]": [224.71722570067473, Infinity, 9.250893048824947, 4126680.977310032, Infinity, 1.579018600291505], "[240]": [208.79281476053092, Infinity, 1.6752109832981004, 0.7062699441336325, Infinity, 0.2558893264453988], "[260]": [205.34952885683367, Infinity, 0.5697240915529405, 0.006174598271308135, Infinity, 0.16085489343092904], "[280]": [213.89922061030578, Infinity, 0.0, Infinity, Infinity, Infinity]}