{"[20]": [Infinity, Infinity, 3.02789474805259, 0.14400694803070915, 44.49312796498878], "[40]": [Infinity, 496.6302804246738, 31.837013788441965, 17.960260327361947, 782.690949252359], "[60]": [86.46138521557316, 60.815627078082215, 48.97679108224911, 154.78682760186408, 97.13507843831046], "[80]": [9.284399782645918, 18.053775714827847, 3.6248326964266027, 167.003427366981, 27.022898812957454], "[100]": [1.865848014706195, Infinity, 16.626194673959805, 137.91218742795684, 12.89720469893886], "[120]": [3.4959633023487053, Infinity, 8.108780314392178, 131.86068122440696, 10.249254467098536], "[140]": [20.7773711258106, 114.05392868403673, 816.8058911629943, 1299.6166236579982, 189.5144837010177], "[160]": [338.78142851653564, Infinity, 5213.940228504959, 8054.726307647782, 84736038.28694925], "[180]": [1341.7211554296634, 4371.389030202018, 2451.0048489666506, 6537.88349789033, 2905801.647314259], "[200]": [33.10383690213661, Infinity, 2669.2934204017934, 1115.1677772612522, 260649.7533040114], "[220]": [66.45557307366144, Infinity, 518.3890525419534, 174.6021818082815, 33017.83672273687], "[240]": [29.91597644694175, Infinity, 88.06687481405079, 25.175082365192758, 17682.1335750355], "[260]": [25.689395811065378, Infinity, 18.59478341568847, 2.3404818250840576, 3877.101959533685], "[280]": [80.81154324645767, Infinity, 0.9556722919198937, 0.6561693870933276, 10336.45323531198]}