{"[20]": [2.0, 1.9998732810558355, 2.0, 1.9999989164443392, 1.9999886477992106, 2.0, 1.9999999965863111, Infinity, 2.0], "[40]": [15.002144515260243, 131836.956137235, 18.57142857142857, 9.229631664497486, 10.196013685824733, 20.528581194635994, 16.7950665863626, Infinity, 2.334051962489589], "[60]": [161.17959188497423, 1538406421712277.0, 185.85714285714286, 184.3812223955851, 194.41445683268003, 151.7292632601696, 136.87150025870187, 6.433108574785592, 3.7198211626030115], "[80]": [1385.0327715963895, 3.40077629912588e+24, 1816.0, 629.1438308980855, 526.0064688246453, 519.61164946194, 501.3359471275403, 612.0239143621143, 466.27768798663055], "[100]": [193.3737137198259, 2.414254885475781e+32, 5094.714285714285, 18.378828597498796, 144.95020880074117, 47.200207244733974, 116.51098030790854, 1313.6738269135585, 1490.994540405538], "[120]": [91.80320546448274, 7.576325486168787e+35, 3538.0, 570.1753728388048, 712.3905874825632, 578.0006565905114, 586.954712894636, 10522.746486132002, 4731.262842900727], "[140]": [496.58438184632223, 4.537767621226321e+50, 2658.0, 149.7391996390129, 132.6525962826977, 203.6667735707233, 183.0177448258437, 198.12483407801528, 463.144552625869], "[160]": [120.08255471569373, 1.9472354461076123e+59, 632.0, 60.622359034784154, 61.0502171681087, 37.11703132438663, 39.62553002517029, 317.394165390397, 383.64572186960413], "[180]": [164.85197741987668, 2.8311610852975855e+67, 138.57142857142856, 67.22157148037954, 65.30475782971192, 58.31226157603791, 62.134003537557845, 60.04255244155161, 65.6407298663604], "[200]": [245.73342130661104, 1.9258664884755883e+77, 31.714285714285708, 33.454754293807405, 32.43575008374923, 31.129509556108736, 37.189246096147656, 190.7580908844655, 185.22540582650893], "[220]": [149.11652160507356, 1.6198306258292654e+85, 13.285714285714285, 22.408693063995045, 21.830949212296204, 21.875113652719822, 27.157357244439936, 72.32393770378283, 74.59923748829918], "[240]": [149.14168653558136, 9.5085081810186e+93, 4.428571428571427, 16.43497235593552, 16.00218503303425, 16.319226271919263, 21.010316615846374, 67.21971790162573, 68.72766415108802], "[260]": [157.04822573625438, 3.8746981460246653e+102, 13.57142857142857, 10.119142950304703, 9.60841544135603, 10.094861626670564, 15.944114280586101, 50.46404240044747, 49.81024272947249], "[280]": [124.52099741109032, 1.5387735893052318e+111, 0.7142857142857135, 11.777092043914715, 11.578167099491347, 11.772115317720456, 14.063015863200446, 34.941116215613924, 36.30916265416374]}