{"[20]": [1.6831393989282375, 6.893708206653131, 0.860911324744929, 13.604854175617275, 7.623709857197838, 18.0722747405124, 75.0342510055952, Infinity, 0.5968355965180396], "[40]": [53.88985270017956, 236.59517180128077, 56.617841518770575, 11.025385696383648, 25.358929715366973, 79.48185777892039, 1530.2806296826593, 521.2619303999618, 235.28947248720914], "[60]": [655.7222318115706, Infinity, 804.0222752375053, 807.1793957820853, 813.6094601185206, 583.0451988547095, 312.90260212820994, 191.60647545561199, 36.26593236313969], "[80]": [1385.6283009127128, Infinity, 4445.730324681354, 2287.967968763462, 1823.1107269662184, 1704.2654268345627, 1469.0170337871004, 6640.66710808714, 6562.69426573252], "[100]": [1611.9829032373746, Infinity, 757.4486903401465, 77.35828999562783, 775.7267732072369, 2446.947515765627, 516.46852104245, 47879.17186931441, 34379.21015623046], "[120]": [839.9778849569185, Infinity, 2938.756309787517, 1.8121234976444878, 81.76939240019072, 6.095420048489813, 57.48420244606039, 26931.51831665653, 18910.30928538366], "[140]": [115.72931242957095, Infinity, 693.7351723058731, 97.86564346143723, 72.96661077547502, 56.88992645436653, 72.55613180037436, 446.05758498274616, 379.45325695319787], "[160]": [237.19929566375947, Infinity, 152.91004783174066, 73.22980011495063, 61.84066085175898, 59.46347756666049, 60.626081593964706, 590.262749793494, 556.748223900724], "[180]": [98.89239452133596, Infinity, 39.19891862154465, 54.15142310485022, 48.656028947226204, 50.67245293072089, 49.91321957849072, 206.3202358893636, 206.79725691024404], "[200]": [146.23577259433733, Infinity, 29.851773193081193, 30.321434442324197, 26.11441672615224, 29.569617899682218, 28.822256020071908, 284.8834934198059, 289.66210532267274], "[220]": [111.249033887636, Infinity, 7.187354750574495, 21.740126925125395, 19.886137021181202, 21.58781788678714, 21.26036021815089, 225.3618110504267, 226.20165284343017], "[240]": [108.51195946156855, Infinity, 2.1332624254877013, 15.647302311913808, 14.487832829587182, 15.617473682623222, 15.404482596067329, 170.2192426083428, 171.37216348407463], "[260]": [89.71396810104932, Infinity, 5.1072795159178295, 12.289711639383912, 10.804792345394155, 12.283996051750789, 12.005516598242108, 115.02235936579416, 122.50820585226109], "[280]": [97.8078707869852, Infinity, 11.401652637535227, 24.034325151337665, 23.194826985905177, 24.033246958685844, 23.875368639569437, 159.38437620017316, 166.40245332189502]}