{"[20]": [4.732048073236933, 120.16512642471699, 4.185078321695843, 6.068620650285806, 15.890591027865426, 2.9477302122863955, 42.37447778909574, Infinity, 2.991859778362975], "[40]": [11.871728471771094, 94.80651433742091, 36.15275322624968, 44.69783465460373, 28.870471735267234, 31.144247433710888, 122.95829829413701, 39.99948197916479, 44.77745892720693], "[60]": [42.75101476470438, Infinity, 185.14935047610538, 158.25028011442305, 131.0361272035877, 48.59074734072782, 390471.0522138925, 5389.452573008476, 96.82271657593654], "[80]": [58.58089593439821, Infinity, 107.3613321697887, 357.6346085688955, 65.4674709161636, 95.98039820923111, 57.53472962889169, 151.17673922325557, 309.35221195403534], "[100]": [10.123042971330017, Infinity, 123.34352592730237, 550.9206570896871, 85.61579452961436, 185.76595904538047, 30.84092248962696, 33.75558926802338, 34.650256075969395], "[120]": [75.25979627541514, Infinity, 131.09387940755352, 653.7909292498723, 118.32592211354475, 233.14501831156952, 67.82243459188729, 111.81505943600845, 101.44734854104354], "[140]": [905.2829720900413, Infinity, 4054.235537933063, 4215.925307085689, 3559.1922084703033, 5061.404056433125, 3254.0678722083367, 279.26693350389644, 173.94420693042585], "[160]": [Infinity, Infinity, 185.23955688054707, 1406.473573803064, 3275.3199497259643, 3154.503924584091, 94675.97788784695, 1432.4346894912273, 1443.6090518788342], "[180]": [231.92353066944924, Infinity, 3530.3491185054627, 1678.2559693867427, 2412.6818906070957, 1777.8951515051635, 43320.65418648314, 343.39111657832007, 341.4923028795154], "[200]": [55.23762665409494, Infinity, 904.7009433932296, 977.7583553026093, 755.760348303438, 598.0275376549885, 6352.717962413629, 57.97622227449976, 40.794995117924614], "[220]": [65.48036158617887, Infinity, 129.41715237858745, 266.4427350839712, 200.36402547044875, 169.37990563306815, 1291.2024154868807, 73.06764138934923, 67.26130421494211], "[240]": [37.95471764055803, Infinity, 39.64816576540873, 88.88583567910652, 69.33037766401966, 59.743488424130604, 333.7360634948399, 78.68105885901159, 82.79305681395866], "[260]": [33.051945621137705, Infinity, 5.809026985210626, 26.01472142464567, 19.84433289366891, 18.57491137690832, 94.57566073937545, 31.752859872668992, 37.593425334641616], "[280]": [28.861439978898705, Infinity, 0.614293220349251, 5.659802414078879, 3.958069038925283, 4.406434349205307, 27.360598958192263, 38.955792241627684, 41.57364671347795]}