{"[20]": [3.0, 2.9998732810558355, 3.0, 2.9999989164443392, 2.9999886477992104, 3.0, 2.999999996586311, Infinity, 3.0], "[40]": [10.19179613494504, 11.57882407400757, 15.428571428571429, 3.3981425836956483, 3.8480658607909497, 13.934958097850991, 11.195080635268196, 781.7968750002673, 8.024900515927577], "[60]": [19.049095177881412, 1538406420492658.8, 67.71428571428571, 46.31917900777607, 54.64857284817066, 25.394929808793535, 23.088213073763683, 160.79703309239233, 85.97048746357325], "[80]": [4.0356487220430495, 3.40077629912588e+24, 22.714285714285722, 54.12519400544325, 18.0706446499847, 28.201122792341934, 7.366915613615191, 311.3757887128287, 3.9701382185011767], "[100]": [7.6585371823773585, 2.414254885475781e+32, 14.0, 66.68773098219417, 7.157890680258959, 0.4403323052878676, 8.879758736751043, 4.475720039638205, 4.146784374701582], "[120]": [0.010002585720712887, 7.576325486168787e+35, 16.42857142857143, 46.02584412307203, 3.53813084335043, 6.732422004845475, 3.307851980138196, 16.786654499558722, 13.029779286273836], "[140]": [86.64605396600177, 4.537767621226321e+50, 182.71428571428572, 255.9832110698568, 168.13578929953528, 208.7073199346172, 167.7970004487951, 82.11749363079264, 83.70966829775884], "[160]": [629.7112732921464, 1.9472354461076123e+59, 1908.2857142857142, 2477.031765192105, 1548.9997285566853, 2326.0902944947493, 1649.9759194884036, 129.31488833740832, 138.95284924624139], "[180]": [53.230572396232674, 2.8311610852975855e+67, 8043.571428571429, 13064.091200677367, 3710.6824908873277, 4392.836999705105, 6500.344321834755, 366.9564707997233, 667.8143390696314], "[200]": [566.5948966341093, 1.9258664884755883e+77, 2205.4285714285725, 12646.73433720733, 6885.072967272725, 8511.449662244599, 8039.826440247991, 1248.8918442324757, 1946.8846793042649], "[220]": [1332.374403611153, 1.6198306258292654e+85, 5756.142857142857, 3931.3847886968165, 4001.8857247986816, 5711.067110280197, 6474.658922129336, 4142.75132169237, 4254.289159695106], "[240]": [148.67603047171406, 9.5085081810186e+93, 2228.285714285714, 512.9929031073252, 1646.1327461670248, 2895.3322534806985, 3602.1936646249824, 855.5377017537589, 852.726854248171], "[260]": [128.95069341346152, 3.8746981460246653e+102, 304.0, 46.13520856582437, 506.07819360128985, 1198.0323966532965, 1585.2508306763598, 89.80438880464195, 76.575482278798], "[280]": [25.761354783192473, 1.5387735893052318e+111, 18.714285714285715, 13.169890212160013, 156.67315952025814, 455.07646930593506, 619.4015779806128, 91.25551772035648, 90.41251184234544]}