{"[20]": [2.8632971328162906, 6.50446950072978, 2.2857142857142856, 2.717965584561105, 2.249334762505084, 0.901396814851144, 1.2899876777139037, Infinity, 2.0369472596789926], "[40]": [1.8670349791636056, 1580509.4664531047, 13.285714285714286, 10.037922196757393, 10.03835642736098, 10.065191318368782, 10.05662990312085, 3.8632776473182737, 9.830193461738801], "[60]": [67.58954099439293, 1538406425370709.8, 90.57142857142857, 88.10812159287724, 95.313001911479, 8.526706027630524, 8.848469903109418, 779.6833158355131, 5.167268487658902], "[80]": [0.003059404210091543, 3.40077629912588e+24, 43.571428571428555, 102.43239767612215, 4.018257230022925, 29.566790669257387, 37.00885987955968, 172.70750388409135, 74.70580939304676], "[100]": [16.486928077241316, 2.414254885475781e+32, 32.85714285714283, 190.6387597373438, 23.872241015574275, 36.03895056745415, 30.406668601810395, 27.59447116665308, 9.797799438614675], "[120]": [22.544553338796845, 7.576325486168787e+35, 32.71428571428572, 172.77133160328358, 33.23823383502577, 11.042872091180243, 33.46203421928061, 63.08616746947064, 52.33222289092214], "[140]": [386.25772940361117, 4.537767621226321e+50, 598.7142857142858, 827.5470738241661, 529.9748967521238, 627.6123472998822, 529.9001648089325, 362.48558763317044, 356.04219756798943], "[160]": [557.8025810726831, 1.9472354461076123e+59, 5926.142857142857, 5047.956272792458, 3442.8738490799287, 3636.0935415854547, 4616.988211948432, 819.3277559672897, 779.8178521731879], "[180]": [1633.2383220957418, 2.8311610852975855e+67, 713.8571428571431, 5653.971754436427, 4619.769433295096, 6267.156618609752, 506.00139096986095, 1139.0610536657623, 1229.9496215167528], "[200]": [495.7102457734627, 1.9258664884755883e+77, 5548.428571428571, 710.6081365771033, 4131.710140597188, 5550.7521970191665, 6351.379143945103, 4692.576683812866, 3855.4966076931214], "[220]": [92.24151236112994, 1.6198306258292654e+85, 1343.0, 964.3025309534823, 1276.619386852728, 2035.738545622476, 2714.2454373099235, 730.7733487481269, 811.4194399922872], "[240]": [99.44942571909223, 9.5085081810186e+93, 251.0, 408.8552870622955, 414.57174512840356, 731.88721213288, 1026.502860428349, 137.57722160877785, 145.07569837282722], "[260]": [42.50206488269123, 3.8746981460246653e+102, 53.42857142857143, 168.37719318649079, 151.1355366790563, 282.1330321265643, 401.9331339086552, 84.71035307068539, 79.67560634102806], "[280]": [40.00842421611014, 1.5387735893052318e+111, 4.857142857142857, 56.31641905598233, 46.94116301719566, 97.50333103147678, 143.00602261358767, 52.24765044940111, 52.28006380320477]}