{"[20]": [17.418831222166062, 3.4675807152626597, 17.857142857142858, 55.93163927793327, 53.394481899534526, 56.027454757723135, 53.45085149456101, 5.698297615169549, 4.596538601488195], "[40]": [134.47342316118494, 157.15727080617887, 184.57142857142856, 3.8000117282869894, 208.62806814940024, 4.335793311038259, Infinity, 3541.523132395607, 177.55635197751565, 2.294113566538215], "[60]": [35.07214738153266, 1.687067384056733e+18, 447.0, 503.4777381499765, 196.87209434237275, 948.4092305246097, 956.5792684074602, 1712040.2597878121, 1155.0784808467322], "[80]": [67.72533389385433, 3.729403789879908e+27, 106.57142857142856, 658.5644481566957, 41.07356588244295, 116.123053088706, 70.2739602866792, 28292.69869003113, 3850.976527062672], "[100]": [27.18187733526827, 2.647552091869952e+35, 3.2857142857143344, 728.6470690501026, 10.260357010408939, 46.81391728578137, 19.868206122616584, 78.31516535846038, 15.7443568557444], "[120]": [418.02949330877664, 8.308450134770628e+38, 446.71428571428567, 1223.7096930113316, 431.7336681015091, 479.4575172321456, 461.58013763917336, 401.5597279619492, 380.64041390240675], "[140]": [5896.485559834446, 4.976266294395922e+53, 10180.285714285714, 11354.53100944195, 9567.949859195343, 10865.450808092663, 9440.477006660756, 7840.369967879447, 6961.177350916663], "[160]": [7568.985697262811, 2.135402919236706e+62, 18777.285714285714, 24100.981419127686, 3073.5309670761417, 2963.2427802286184, 7931.847680903571, 874.7246351811264, 1129.208284162909], "[180]": [1626.8282108460116, 3.104745092395459e+70, 18115.571428571428, Infinity, 8393.526987080673, 28051.701806785313, 26508.51679965607, 26918.83255107927, 26821.68211376737, 23306.255069862913], "[200]": [158.7385375238091, 2.1119689227880706e+80, 9659.142857142857, Infinity, 595.8371213782102, 5753.690695494282, 7485.96121125545, 7951.470522279444, 4005.737913607314, 9707.901092063908], "[220]": [430.17407205591553, 1.776360035683665e+88, 1947.1428571428573, Infinity, 93.25605334372301, 1334.538803649017, 2360.576429741085, 2642.2705231213904, 202.1318847557439, 518.3569963847885], "[240]": [78.03222736171938, 1.0427345148083256e+97, 414.71428571428567, Infinity, 114.20037400937966, 399.0188823119125, 848.3050491872525, 974.1686511973778, 371.09526955543146, 334.5358619597039], "[260]": [12.0, 4.2491225503989994e+105, 66.0, Infinity, 47.717030580868645, 112.85726717823756, 291.571402139936, 342.71390456165915, 391.424378053052, 422.7878569379706], "[280]": [249.18173192435916, 1.6874702090631743e+114, 1.4285714285714288, Infinity, 8.341341477648324, 25.804350135890232, 89.3726482889119, 108.31434597120972, 528.3075133491997, 529.9815709400748]}