{"[20]": [12.864339911913657, 65652.87505467086, 12.0, 6.286148625426742, 6.576189451938853, 3.8059763948771685, 6.0293695211579825, Infinity, 501.40218676457084], "[40]": [33.26407031506318, 18.661166158581153, 47.285714285714285, 28.811978082938225, 63.727871953102934, 29.14546787819249, 18.97927401630352, 798.0115257342661, 14.519686681788784], "[60]": [19.899266731584248, 1538406396102442.2, 41.71428571428572, 96.90466228187715, 19.661010603352736, 39.542927947703504, 5.359049115279305, 37.24213281975025, 28.89377992818254], "[80]": [143.681213738255, 3.40077629912588e+24, 181.71428571428572, 288.4647994552586, 148.18216155795858, 201.56185541802992, 138.3453315700499, 34.53105862857353, 39.79391118768763], "[100]": [204.32050549047926, 2.414254885475781e+32, 604.4285714285714, 598.7842735947296, 400.1630966304774, 524.494375396824, 184.5299825462073, 167.77060131900203, 161.13239176813386], "[120]": [238.4989796193081, 7.576325486168787e+35, 1653.7142857142858, 1252.2634636289558, 889.7691703324572, 1232.5767687199495, 161.0027168164088, 59.34387855946716, 63.09976971424521], "[140]": [515.9046990534553, 4.537767621226321e+50, 2865.5714285714284, 1920.233509991347, 1326.7791806497617, 2061.785038295132, 538.2994653450769, 697.5474267219452, 679.8738692684437], "[160]": [309.54438051336547, 1.9472354461076123e+59, 1757.5714285714294, 2098.263888345711, 225.7580134996242, 1361.9948232097795, 520.069172609321, 802.9269413007241, 672.9316595028195], "[180]": [806.3047505236209, 2.8311610852975855e+67, 1238.0, 7200.186018699504, 579.2270328062805, 1837.9862476997987, 55.82958070199129, 840.5575619089614, 884.4950778509301], "[200]": [654.5552148304414, 1.9258664884755883e+77, 751.4285714285725, 10369.470090217652, 226.49099267070414, 2470.7139472181116, 156.93562390409352, 1105.1812188654876, 1051.575213910619], "[220]": [24.9012013397587, 1.6198306258292654e+85, 2558.0, 7965.8047568892525, 1881.5055582315708, 953.0015692801517, 1945.0018300801366, 321.3244442806699, 303.565640264158], "[240]": [563.9494823269115, 9.5085081810186e+93, 2789.142857142857, 4641.711446084057, 1497.1998856271293, 3961.8564882961364, 1486.5712138361687, 912.6518667232313, 896.7252655082757], "[260]": [147.74714189615497, 3.8746981460246653e+102, 1912.4285714285716, 2145.0534350513913, 837.8843745887725, 3229.020353402567, 915.06864946101, 259.05530931298836, 265.00453033971553], "[280]": [67.06427567401624, 1.5387735893052318e+111, 923.4285714285716, 892.819643406581, 325.95912878921195, 2091.5153617028395, 405.2601971026238, 48.04361802971698, 46.08472608456623]}