{"[20]": [567.3082862362393, Infinity, Infinity, 42.42816343582997, 21.986958787874926, 220.8320499179384], "[40]": [1.856573787121655, 1024.4057003439834, 670.7695346527747, 151.69866933428264, 298.0612628660456], "[60]": [2063.1892793216175, 9710.502952966863, 12121.567502524802, 6473.091885512068, 24501.664396021424], "[80]": [55687.85440662508, 94065.08072358841, 11470.348299191784, 21825.123432007495, 5275.98605797407], "[100]": [5413.250659908836, 69660.12399270081, 18579.951652987267, 1000.2138092388801, 3623.3336562544637], "[120]": [809.5425704776386, 4206047.009881514, 4537.441559983867, Infinity, 14.282804509508841, 519.5991133945579], "[140]": [315.34832579737866, Infinity, 704.5579039375065, 13.40775685922162, 50.792164201086784], "[160]": [2003.240833533902, Infinity, 106.26164848319932, 14.972527442096823, 2.190323689841831], "[180]": [2100.6763459657777, Infinity, 29.88354435992893, 2.197950573886059, 1.6006473308517777], "[200]": [1481.224005668771, Infinity, 4.301153462350561, 0.02300000239988212, Infinity, 0.664478998353258], "[220]": [982.7202295983451, Infinity, 0.3319767225963547, 0.741696398296519, Infinity, 0.4905919271609939], "[240]": [594.1409538881385, 480135396.3077047, 1.0, 1.8833192021248382, Infinity, 1.63431707402661], "[260]": [311.7226345502584, Infinity, 0.6088583831890378, 0.005965747520689904, Infinity, 0.17072043756915362], "[280]": [225.02008899854508, Infinity, 0.0, 0.0045074941211821025, Infinity, 0.12931329973022557]}