{"[20]": [1.1063532464513421, Infinity, Infinity, 25.25383569493895, 10.822054749218319, 20939.387448816884], "[40]": [3.695231011963175, 8.238167096571669, 10.258617376174005, 2.308068993508364, 324.1064190993958], "[60]": [16.535507840428355, 16.40606694719781, 22.032215282392603, 0.7482158159331339, 628.1281187527895], "[80]": [2.736594316112044, 45.01244592832346, 53.004857980085816, 7.959995282602601, 1450.4888964758225], "[100]": [30.59511390466179, 8.70043022769588, 149.24254446424757, 35.82891276477135, 9066.948748222561], "[120]": [53.220260102504454, 362.66167450419925, 304.703941084882, 15.331386075717887, 41071.824984951585], "[140]": [83.45787275519416, 29.85483521905745, 291.99886690579166, 114.0193317398127, Infinity, 71023.6653421213], "[160]": [81.8568037927837, 21.66104860127899, 418.55879966146455, 234.36501635456753, 174.26236056904435], "[180]": [134.27948374132976, 1.8807297111154954e+19, 1317.790768096199, 409.4020161095852, 369.5544785120227], "[200]": [588.2450564849855, Infinity, 3615.29993619224, 2146.8922606377946, 713.1060770577695], "[220]": [1269.6283610184441, Infinity, 4088.9151507748643, Infinity, 4740.720859209459, 489.24782083650865], "[240]": [1696.4658590252525, Infinity, 614.7108133464573, 475.24704579146743, 1447.8543781628061], "[260]": [2009.1393056484296, Infinity, 5152.6313947228655, 247.71949601714923, 657.2843785560335], "[280]": [521.204053714215, Infinity, 2589.9485959574413, 22.630605416413722, 997.1762176687184]}