{"[20]": [15.715869824361734, 47.69775808277552, 14.571428571428571, 37.907632745765994, 31.492888278509277, 4.010159629208186, 3.8266525423787705, Infinity, 7.935241086682735], "[40]": [423.153326137751, 2.875504873289458, 428.7142857142857, 43.29163237453827, 445.04830737742486, 414.9164077918275, 430.8305225155382, 85.69664457524095, 69.9510884215079], "[60]": [4175.37787186352, 1.6870671366455183e+18, 6451.714285714285, 591.9452545794329, 389.307457881383, 1507.0232756447895, 1603.870279757095, 5387.978741991057, 3730.8412956562424], "[80]": [569.343126560274, 3.729403789879908e+27, 2320.0, 931.275504180614, 839.4946317859249, 1250.5039180966678, 735.7323938319641, 1581308.4209146062, 740358.223888135], "[100]": [883.7355693050526, 2.647552091869952e+35, 3781.857142857143, 117.71428884523402, 166.48759092591013, 105.76961987636241, 23.733752712593514, 147365.49980495666, 49820.8638925543], "[120]": [270.42149844696723, 8.308450134770628e+38, 727.4285714285713, 183.3173429877402, 169.07083062434646, 155.65096339393017, 114.08094073425772, 2917.8914019506215, 1920.9293003517328], "[140]": [407.7317679922344, 4.976266294395922e+53, 177.42857142857144, 94.39960286222282, 86.0719145392545, 86.93188787574152, 83.19689317906233, 676.4060811100323, 721.1440508446385], "[160]": [275.52883110419, 2.135402919236706e+62, 49.57142857142857, 46.432732015861454, 43.28685925815675, 45.16979364945928, 47.09701821034844, 710.747259302454, 717.2720049414531], "[180]": [282.40527479892444, 3.104745092395459e+70, 29.42857142857143, 15.616346402927915, 13.978811271763345, 15.42662713443059, 17.850319263950674, 540.2965002345661, 568.6134466154036], "[200]": [225.88666361016317, 2.1119689227880706e+80, 13.714285714285715, 3.7254266218482535, 3.089294973624169, 3.6982215675868595, 4.809047596554735, 426.3758834301872, 440.30063757849643], "[220]": [234.56483469301838, 1.776360035683665e+88, 3.571428571428571, 0.7016942946980436, 0.5518456426227727, 0.6978999424618035, 0.9682986261416997, 375.2348895821585, 378.6738590004128], "[240]": [234.35750145745578, 1.0427345148083256e+97, 0.14285714285714285, 0.00013554868334060454, 0.00011876062785091853, 0.0006548125666215936, 0.005261722622394666, 364.26659990254063, 364.59406845219337], "[260]": [202.66083009652675, 4.2491225503989994e+105, 0.0, 1.4258042772105019e-05, 1.2406223130264907e-05, 8.435583604033526e-05, 0.000873459324131048, 296.827383216182, 300.81592905920377], "[280]": [183.818890316046, 1.6874702090631743e+114, 0.0, 1.4997695128775638e-06, 1.2960049832021674e-06, 1.0867095994513716e-05, 0.00014499777918282423, 263.8366426708045, 266.46295911441155]}