{"[20]": [Infinity, Infinity, 7.428571428571429, 3.4148391332124444, 5.130441299595297], "[40]": [Infinity, 0.37107439545430054, 63.714285714285715, 1.89898706353884, 36.31528179654815], "[60]": [22.673340027062636, 316.0644630907774, 276.7142857142857, 424.86118027374545, 86.46362277081778], "[80]": [3.28739204157705, 69.88469036761671, 82.71428571428567, 508.2313091813507, 0.16807425529418651], "[100]": [17.376918342127738, 2.4209328003271366, 76.28571428571433, 605.6463125773339, 9.004450901519931], "[120]": [20.854172721441728, 5.086837815149499e+27, 50.285714285714334, 604.7065443690605, 6.472072389927234], "[140]": [79.96717599752446, 2046.9125117641793, 4164.857142857143, 40.236807007956486, 336.54067447839134], "[160]": [204.69826340550208, 1.9011939073199598e+35, 23704.14285714286, 10453.217024637714, 11775.039177204333], "[180]": [1117.1444153115008, 19200.981911807037, 12040.142857142855, 24847.554400367662, 276942.9582021696], "[200]": [1678.9659999462601, 4.34461384039325e+26, 13066.714285714286, 4356.279393182683, 89047.28947980916], "[220]": [351.19645496117755, 1.0259138284959276e+67, 2696.2857142857147, 798.717698681864, 71780.42560323385], "[240]": [55.51380221596344, 2.115805483818403e+36, 562.5714285714286, 101.95390767034183, 336.54825418772987], "[260]": [64.70125672766866, 3.2303085157978146e+55, 81.85714285714286, 3.4730672595880243, 13417.587349526286], "[280]": [139.99763299009578, 6.429066098917828e+72, 4.7142857142857135, 4.619511722965425, 3552.348809810443]}