{"[20]": [11.798963872735404, Infinity, Infinity, 11.428571428571429, 6.975584790047815, 1.9211467454327131, 0.40766651075128024, 12.133365520680524, Infinity, 10.917282304245084], "[40]": [79.70979415403887, 2849567138.810652, 84.14285714285714, 21.587706537204312, 97.25286256241549, 76.21143362328692, 83.3168279050117, 512893146.578197, 50.85117810077115], "[60]": [372.38087633328166, 1.6870674816838587e+18, 538.1428571428571, 588.6608849753491, 605.5602823415535, 402.44814270111146, 418.5736617459355, 183.9862345291246, 35.800414733485695], "[80]": [1628.9041693081954, 3.729403789879908e+27, 3497.285714285714, 3151.8552708214556, 53.06045212614572, 105.95186115554952, 54.56522718637825, 571.4519623511733, 644.4861084504537], "[100]": [2141.8453831809875, 2.647552091869952e+35, 5494.142857142857, 2177.420054895243, 380.7653104213696, 536.6294229587802, 855.6537051920222, 4618.50254288899, 3871.034966713407], "[120]": [85.82236935257697, 8.308450134770628e+38, 4515.571428571429, 388.56603509282286, 1923.614060583208, 3627.032751264258, 515.638725535463, 24834.881832481853, 16391.76466866784], "[140]": [1396.5793163454696, 4.976266294395922e+53, 3864.4285714285716, 24.54027644672692, 331.88069054638936, 482.1529697795795, 155.2309605737812, 6175.6857887596, 5708.816539469972], "[160]": [651.6226133010155, 2.135402919236706e+62, 1050.4285714285713, 11.429015957188653, 59.17048005886346, 91.96908276786547, 23.3713162239423, 675.4111836145132, 803.0159868077901], "[180]": [474.67457014770207, 3.104745092395459e+70, 172.57142857142856, 46.65829092123335, 32.58254305767315, 18.408606077018803, 40.89438625717058, 712.3549672197566, 699.3661472594038], "[200]": [283.3121819828011, 2.1119689227880706e+80, 61.85714285714286, 15.312071081292414, 8.49059389661214, 7.753067460107868, 11.316309255424365, 341.65738728996683, 339.48103098963736], "[220]": [276.7028355269895, 1.776360035683665e+88, 13.0, 5.357363394475161, 3.801244532146259, 3.4695614240299593, 4.4397425880619545, 274.93458616275393, 279.8477869818182], "[240]": [212.5046157229599, 1.0427345148083256e+97, 4.714285714285714, 1.222050164445085, 0.4251839196922731, 0.7728702920557156, 0.6689999838432805, 238.06758140344502, 242.4167760872426], "[260]": [63.207858173553404, 4.2491225503989994e+105, 2.0, 0.19432892211573868, 0.43059975486903723, 0.2981701218711425, 0.3637520663569798, 144.63532499012254, 149.7325989840526], "[280]": [38.800845324092734, 1.6874702090631743e+114, 1.5714285714285714, 1.917613523086099, 1.7945955244846137, 1.8940814116829394, 1.825580088978614, 138.1312246500228, 141.7134418803193]}