{"[20]": [0.3802363320611567, Infinity, 0.8768134624028497, 1.7591158178235304, 63106.48795978544], "[40]": [70.70577818668747, 1013.7683651218234, 76.83202375244772, 1.442995011753544, 645.635006227698], "[60]": [198.40835804514592, Infinity, 1799.4297478980118, 803.1414337164356, 3756.302153235489], "[80]": [2704.173969326029, 5698.301193869079, 18348.03290195995, 18412.230780662903, 13706.249387142188], "[100]": [9736.665841554508, 44486.45750718474, 9411.497839984104, 18169.741050804896, 11115.848882568853], "[120]": [2093.805007172146, Infinity, 8163.257774567243, 1502.190252569649, 3930.559691728807], "[140]": [255.00263651988152, Infinity, 1452.2280128354394, 232.11743004158518, 495.9590390008396], "[160]": [220.43736892716169, Infinity, 320.1019609356753, 27.195138479229144, 103.84214192770104], "[180]": [245.9978404703288, Infinity, 77.93278646544829, 1.7831410883803773, 22.864887508563342], "[200]": [268.5640630151562, Infinity, 16.99689540018172, 226424.85257735086, 5.78396707611485], "[220]": [246.25595801202448, Infinity, 3.370514986787239, 3061865.22817998, 1.873501607330971], "[240]": [205.37939305496153, Infinity, 0.4279996517833865, 0.9753170042873878, 0.9561042721712797], "[260]": [173.7227795318591, Infinity, 0.20908336842162306, Infinity, Infinity], "[280]": [186.70245824429858, Infinity, 0.0, Infinity, Infinity]}