{"[20]": [0.0, Infinity, 0.0, Infinity, Infinity], "[40]": [0.09451124635494282, 2.2113659290128505, 3.561743409799984, 1.963017868262258, 1537.5679719088498], "[60]": [11.491892325003962, 53.32024594909149, 33.677133242481105, 0.6002342297099006, 150.70249046603203], "[80]": [49.346887954443424, 91.33050496225502, 399.8371837999992, 74.41345170407472, 18709.075302580593], "[100]": [646.2159190374781, 1552.6364628855258, 3742.978785213473, 2228.4295349785943, 1502.0522002808318], "[120]": [2323.641594281721, 9612.916412468445, 6755.309568480494, 239931.69171820447, 1098.626662807736], "[140]": [3310.513805500725, 92048.18918638723, 6513.940177384254, 953947.7877942882, 5679.439917467899], "[160]": [149.53332160170586, Infinity, 3555.9192538911857, 7186013.985689944, 1595.027583476636], "[180]": [805.5167309413184, Infinity, 753.6982014604193, 11609839.024711544, 286.8762064591532], "[200]": [512.6633342209916, Infinity, 166.77997025759652, 11746003.263614511, 70.73966392078411], "[220]": [293.37049003396, Infinity, 22.36675082299968, 10942229.24811368, 9.539447804656465], "[240]": [187.46875467232604, 1.3929690593858456e+27, 1.5307317536100593, 0.2696997084997737, 0.5109242402419225], "[260]": [145.58137045423763, Infinity, 0.0, Infinity, Infinity], "[280]": [133.28081583304066, Infinity, 0.0, Infinity, Infinity]}