{"[20]": [10.415199102226847, 4.079925390368005, 10.781256599395004, 12.077372613309263, 6.8680773626776634, 16.813032617742078, 61.674229637619135, 7689.588394463622, 3.4787589387913873], "[40]": [111.03944888968705, 13354386451.347942, 138.21989194617112, 49.999190598901876, 152.36668460614666, 30.253917271117164, Infinity, 1011.7743586079342, 63.739924795607976, 76.01019993881422], "[60]": [648.6410773505194, Infinity, 1235.7084474549197, 1310.816858158454, 906.2905807844596, 401.52924901041723, 255.40242849895264, 119.5827402531613, 154.8170107778224], "[80]": [2886.276709788893, Infinity, 7130.77933939734, 4933.134412386113, 1027.4785734948048, 1498.424498460477, 1592.2194513428406, 4433.142717747285, 4263.351565408885], "[100]": [5571.309669141479, Infinity, 2335.7326855802776, 1651.6359009860448, 2166.2621564835667, 793.8627477983964, 542.4627994720728, 70327.9360587503, 61300.26043958064], "[120]": [1582.4013264168236, Infinity, 7500.851295908816, 149.45644869567448, 1027.6444706517295, 1632.5969485358396, 381.90506118292836, 425747.9902641796, 91443.5973713247], "[140]": [505.5129828110144, Infinity, 2707.055137184774, 163.6369906950137, 31.047491247932395, 115.10484529007782, 36.93027045765884, 7954.388633552212, 6129.698011807695], "[160]": [304.70692932222966, Infinity, 600.8375024427847, 101.31484561708233, 42.45135665360158, 20.22979648043539, 63.50778562105638, 280.1452549411325, 192.59285777710303], "[180]": [405.90748288839046, Infinity, 140.0604290338129, 33.66957312918584, 17.971937664874762, 11.922854742629879, 22.52607243765193, 597.4052362727276, 631.3516700646351], "[200]": [288.2889739386903, Infinity, 26.90311794537277, 16.226277943757484, 11.644231307467091, 11.111788405906617, 12.652673152328806, 699.4542073330069, 678.5553474729593], "[220]": [247.30232172229188, Infinity, 15.266610696081003, 0.6276220318783988, 2.199359242703211, 1.732714894349443, 1.9684006758822736, 550.7613613823472, 541.8341497896837], "[240]": [251.74223918696677, Infinity, 1.1723487300561108, 0.22924113713313182, 0.4349449151043417, 0.4664935201650074, 0.39832761224160446, 394.6993998025381, 399.55083982632533], "[260]": [320.7456071110223, Infinity, 0.21816873159593847, 0.9130131405283938, 0.8017709114531636, 0.8622096195672732, 0.813381450595529, 323.586165589555, 327.2404405219781], "[280]": [268.6626561386961, Infinity, 0.5799997308653052, 0.7752369163437598, 0.43205399135236555, 0.7647678049361349, 0.4555347626351354, 294.3932584588268, 295.90485445722504]}