{"[20]": [Infinity, 5.998543159490088, 6.0, 5.99999870853535, 5.999985195727046, Infinity, 5.999991206360742, Infinity, Infinity], "[40]": [21.365324793133404, 24.082626676340773, 39.20815326424987, 2.192946377185046, 45.7097609766877, 35.236493475132185, 342.12444915434713, 2092.326075153612, 2.8600846083055402], "[60]": [215.1458968746783, Infinity, 566.6220874930935, 504.41913044750174, 442.36534529966366, 171.13936401530398, 172.47250874599993, 803.2007299522433, 136.1569495891552], "[80]": [1600.8118824934688, Infinity, 7479.379895195284, 2096.1535791011597, 1852.0591349559813, 570.1757146862577, 2409.6627497492723, 667.2356220885438, 689.4124729570952], "[100]": [2064.8712189813873, Infinity, 3193.9033669785213, 2026.1287028564846, 5415.585641291433, 2126.1477540065125, 6172.408246517082, 4575.918262975293, 3616.6072801332098], "[120]": [1312.1531096156882, Infinity, 8760.66195275241, 412.37599852922966, 2100.2980260229865, 1449.1629249407692, 4120.3150475867915, 58774.50863957961, 36638.860464963305], "[140]": [245.94827378726362, Infinity, 2157.7046251382912, 123.73182789632803, 418.2855141241893, 388.34824157905473, 366.10910853771884, 2352.9112097158177, 2050.8223801794893], "[160]": [133.22124394350973, Infinity, 296.9342780349467, 7.88241771560523, 39.782346011123344, 49.06846899017729, 64.07235204511854, 99.27309268035454, 132.73679068746574], "[180]": [83.33457480434598, Infinity, 55.775088432928065, 8.742570325968105, 15.81639383162032, 19.18735139381037, 21.114226200649192, 258.74192308047475, 271.75012798167353], "[200]": [76.34484072799036, Infinity, 3.1796277125985974, 0.12094429234220856, 0.36317796914656997, 1.2848910351540168, 2.9268396442063866, 224.80092844284272, 224.52899194848396], "[220]": [67.56238236624642, Infinity, 0.23242782265971912, 0.2868141440106103, 0.33514638180815093, 0.5905398388907058, 1.2016787883169469, 188.58953905091474, 187.41291599956944], "[240]": [63.33181082313553, Infinity, 0.0, 0.039629034223720126, 0.046471641636516126, 0.08992678980436623, 0.1987123602146489, 162.04151817573356, 161.1518064928824], "[260]": [59.71579742011431, Infinity, 0.0, 0.005470710788338535, 0.00644285260896288, 0.013686148623498732, 0.032591570041569234, 137.8863415938421, 137.28474465878497], "[280]": [56.60896700520671, Infinity, 0.0, 0.0007546743252052658, 0.0008931617180045016, 0.0020823303746427247, 0.005385921810404012, 120.1476666307196, 119.6791217474207]}