{"[20]": [21.73510037921762, 232.95190327433534, 21.679281238853093, 100.94953587249614, 2350.374528621448, 21.848361381016225, 16.221731036059012, Infinity, 54.57955228838199], "[40]": [289.260324329218, 105.0652873198349, 317.3581419565947, 32.19201837514201, 345.0951679392078, 336.9212975411054, 1770.2429446714418, 36.85853580933313, 41.68655709685742], "[60]": [79.83239767017956, Infinity, 1113.4217860237793, 1156.3135357698086, 322.3778213211587, 107.6868422030259, 1553765.4171072377, 2315.146916932722, 2457.4634718127927], "[80]": [158.6244572737088, Infinity, 1187.8933576903114, 2429.159250934465, 791.6796649638987, 1129.6542770367232, 589.186137001002, 39836.26425887467, 5516.021185925459], "[100]": [898.1517397712454, Infinity, 1241.5665555229634, 3685.826810563227, 925.2363813476591, 1634.4590005046095, 664.8989723247187, 764.2075873273712, 600.0228098190132], "[120]": [2102.6555253720344, Infinity, 2482.048070699183, 5967.9921286223525, 2211.0003595053163, 3179.560061922387, 1096.217373874976, 1207.0414368813679, 1328.215061004188], "[140]": [270.9949494296161, Infinity, 12564.41462942685, 18166.582757301272, 11043.49366873301, 16131.44124979632, 10968.697601756374, 17984.03242439159, 17690.007778187843], "[160]": [1297.0173255191805, Infinity, 9430.945448230326, 3442.9543827788725, 16271.60694601187, 5906.505249258303, 36034.75862258827, 8500.859389760011, 8506.436180087932], "[180]": [979.9066450495883, Infinity, 7096.160841459525, Infinity, 537.0020623983293, 2393.819521520019, 1931.4576227448608, 11089.720014607032, 14721.37068465457, 11618.869609765066], "[200]": [442.2204525307306, Infinity, 1775.8869855332111, 101.17928182936798, 558.8932722861377, 488.98568514747103, 3516.524147994991, 3979.8646871064, 3456.1964118542687], "[220]": [248.7169322155992, Infinity, 445.18783660590896, 48.522472098878474, 77.33594655043849, 78.31700864415657, 854.1644763303681, 533.7255571977505, 522.4406281546903], "[240]": [286.63989586628855, Infinity, 197.2872816707888, 7.619938917531205, 61.559852222025455, 52.81856199589442, 217.82835273985853, 675.4908219053908, 685.2257442968239], "[260]": [251.7147148557421, Infinity, 28.69910279700036, 2.717113592124872, 14.578869131264135, 17.225832399282446, 57.947564922896156, 465.8866855929152, 469.3191125844451], "[280]": [232.09851126446083, Infinity, 7.45285499195566, 0.9666440460373488, 4.4148384340868585, 5.325652189782965, 15.58679740296324, 434.77704900487413, 438.9794444966781]}