{"[20]": [1.0, 0.8610357511668286, 1.0, 0.9999993602635626, 0.9999898707876245, 1.0, 0.9999999996917396, Infinity, 1.0], "[40]": [6.739126260761292, 1989425833.8280761, 6.0, 1.0930157233977464, 1.9054184876711933, 6.7997257493785455, 6.612477441335138, Infinity, 6.000229208576886], "[60]": [34.76417958466249, 1.6870675699494812e+18, 36.85714285714286, 35.99301379877668, 37.719199623291566, 28.44711353469265, 31.55912626724735, 5.0000000000000995, 9.80599956071088], "[80]": [382.91867712390933, 3.729403789879908e+27, 481.57142857142856, 181.74647992879915, 150.19177426269573, Infinity, 542.2082227694837, 112.83571312733466, 125.15754848715085, 122.09540088968214], "[100]": [1574.506507431944, 2.647552091869952e+35, 3845.714285714286, 2396.2223755984396, Infinity, 2436.0674311946523, Infinity, 4551.964086761942, Infinity, 833.715655499479, 999.1093944439972, 1599.3859132803473], "[120]": [1247.4066524842146, 8.308450134770628e+38, 5916.285714285715, 1225.2300508644203, 2989.237268009263, 2247.794674458506, Infinity, 4562.684834526546, 5997.2334878702895, 13929.547182341625], "[140]": [201.84161990810298, 4.976266294395922e+53, 5608.857142857143, 2998.371870672556, 3523.9430790756505, 3559.725294292093, 3532.5050567412854, 73996.10294335277, 60224.31402510624], "[160]": [229.76773236928148, 2.135402919236706e+62, 3845.7142857142853, 1013.6005881890119, 1015.2840401646663, 1153.4397018988293, 1188.5935779667607, 11185.707825348027, 11433.999625944754], "[180]": [569.5040396240724, 3.104745092395459e+70, 744.4285714285714, 287.725413456197, 291.4705538575708, 321.0279945807019, 365.28447591160455, 363.0649820231491, 360.34078760947887], "[200]": [174.7755613709055, 2.1119689227880706e+80, 122.14285714285714, 82.78284243573208, 84.82248051624842, 93.21651439140264, 111.69259586250521, 272.1950142147764, 257.8838944029476], "[220]": [228.31008204472937, 1.776360035683665e+88, 14.428571428571429, 20.75066263981966, 21.34936035372532, 23.993709784736833, 29.757840644756893, 296.17530100976984, 309.30004977364166], "[240]": [172.6520881083211, 1.0427345148083256e+97, 1.0, 4.646445377135482, 4.818002113273655, 5.588626987693564, 7.297210770943752, 262.0046880810494, 267.95923097602815], "[260]": [152.15387263636558, 4.2491225503989994e+105, 0.0, 1.0088427858032896, 1.051367941135589, 1.2690740287161264, 1.7314378991909523, 208.71778828426375, 213.27599928522469], "[280]": [136.05898633279116, 1.6874702090631743e+114, 0.0, 0.2225715563529606, 0.2321837747066522, 0.2919591265471948, 0.41101162561555926, 180.2495349208813, 182.42102377753022]}