{"[20]": [3.0, Infinity, Infinity, 3.0, Infinity, Infinity, Infinity, Infinity], "[40]": [0.6213238841774668, 16.294745431662786, 14.280824988089025, 12.80128417043577, 56.93613370049714], "[60]": [18.217451677328267, 3.959813339990581, 1.1940103969541676, 1.328096181714348, 367.1401012213136], "[80]": [9.874903971480187, 2.491650536652755, 0.5133023782792892, 18.017763562556972, 777.1053448250066], "[100]": [9.54226909400109, 693821858.9312512, 13.532194581487612, 30.601647183231716, Infinity, 772.0375910766213], "[120]": [18.62722370524875, 24.165045948864684, 51.89807621871103, 2.0746332926137505, 2273.464560524186], "[140]": [4.466198341083016, 141.73984634766492, 77.0934144609331, 56.5368193926491, Infinity, 5593.965118956167], "[160]": [27.170887895551154, 61.07752929812003, 38.28718524173947, 22.213392163475454, 23363.076082421987], "[180]": [11.11110937197425, 2.3409463906290504e+19, 125.3353828502574, 101.6579348994386, Infinity, 29403.39188852055], "[200]": [55.73919119478397, 107.04125191916661, 431.07411163887264, 89.45236291590162, 152.94327261396143], "[220]": [9.999418267211981, 2.675821012383827e+20, 1128.9856024653388, 1269.7122998834288, 265.09253746649006], "[240]": [213.87912781055, Infinity, 1697.1820209518387, 2746.0318406663528, 2372.087784133427], "[260]": [287.9477595972202, Infinity, 48.77790975390692, 2534.6099340273986, 693.8011961867265], "[280]": [270.2886800965153, Infinity, 1698.4479241773092, 1409.6372961776985, 781.2279268852717]}