{"[20]": [14.418831222166062, 0.46758071526265965, 14.857142857142858, 58.93163927793327, 56.394481899534526, 59.027454757723135, 56.45085149456101, 2.6982976151695492, 1.596538601488195], "[40]": [42.673863963059105, 743982053.5716405, 47.0, 8.406573632773288, 65.73334447606541, 19.940605789308, 48.93354003625157, 42.415593054955394, 32.91592964811119], "[60]": [1.8491921632074053, 1.6870675057562941e+18, 10.57142857142857, 60.434089103086556, 66.13688976807549, 29.352269534605682, 39.42715659267208, 8031.780643387837, 79.15728726607907], "[80]": [70.56918915500975, 3.729403789879908e+27, 78.85714285714286, 155.49906180115744, 66.71227693878147, 102.5378766972274, 65.33007950479733, 53.998950381193296, 22.722091421855623], "[100]": [200.2424547547347, 2.647552091869952e+35, 202.0, 316.41764824837776, 198.68352712214391, 137.7610191990252, 117.3290158884925, 154.0105485915555, 154.29559212143258], "[120]": [4.51990891843559, 8.308450134770628e+38, 459.42857142857144, 563.6558224574428, 339.8625480573029, 150.54648250325886, 109.57082215826006, 171.3290453909874, 174.52386034168944], "[140]": [209.82788168520256, 4.976266294395922e+53, 581.2857142857143, 792.7433716446606, 380.9497090919856, 525.5695923930339, 190.63559374283045, 157.40067306191168, 164.14817118468477], "[160]": [302.893802488946, 2.135402919236706e+62, 482.42857142857133, 1027.369998117919, 340.2906556958417, 535.6024002111935, 286.443302745178, 767.4199262764018, 703.1760913917526], "[180]": [703.8942355949757, 3.104745092395459e+70, 1296.7142857142858, 2252.4318542950423, 1123.5879879311537, 1523.4510177150032, 958.2532506898528, 583.619907929281, 531.4641571701814], "[200]": [594.4160348708438, 2.1119689227880706e+80, 3833.0, 4798.149100070723, 3203.236933221362, 4642.112152102904, 2005.9002462120325, 567.583429258153, 597.4434090531304], "[220]": [669.3705464422364, 1.776360035683665e+88, 3535.2857142857138, 6586.7093096410035, 1160.9394392154336, 902.380771528402, 1550.6940965085105, 251.79522957023073, 294.27125693148446], "[240]": [184.46442464681422, 1.0427345148083256e+97, 1158.4285714285706, Infinity, 7330.851457512994, 4457.293279197418, 2632.76819218321, 4543.935550255945, 773.3839175925386, 748.5355841872406], "[260]": [537.2195070654161, 4.2491225503989994e+105, 4655.857142857143, Infinity, 3708.199954126161, 2739.4383506361373, 2410.6144395408082, 2423.4465493520565, 863.2546565372231, 867.0574788176673], "[280]": [646.6250227144405, 1.6874702090631743e+114, 2959.857142857143, Infinity, 1223.2765844081484, 1473.4394108446404, 1563.5929010161117, 1664.999856573519, 1408.527365875154, 1462.7575342540445]}