{"[20]": [1.0, Infinity, Infinity, 1.0, Infinity, Infinity, Infinity, Infinity], "[40]": [0.07850699667870921, 0.2190206906076873, 0.0, 0.6392188065083406, 2296.965494628342], "[60]": [0.06620217233032134, Infinity, 0.0, 0.3163759645581576, 4872.755261025754], "[80]": [0.5550938285332212, 0.7731653525244491, 1.0, 0.22056988842742115, 2159.1705789720068], "[100]": [0.17020234753941843, Infinity, 0.0, Infinity, Infinity], "[120]": [0.127626315962877, 1.3836992621782514e-37, 0.0, Infinity, Infinity], "[140]": [0.11331315231989385, Infinity, 0.0, Infinity, Infinity], "[160]": [0.09796085815509112, Infinity, 0.0, Infinity, Infinity], "[180]": [0.08283251828596243, Infinity, 0.0, Infinity, Infinity], "[200]": [0.07549799820499689, Infinity, 0.0, Infinity, Infinity], "[220]": [0.07133930941503368, Infinity, 0.0, Infinity, Infinity], "[240]": [0.06789059706908755, Infinity, 0.0, Infinity, Infinity], "[260]": [0.06867686537385276, Infinity, 0.0, Infinity, Infinity], "[280]": [0.06629711725367816, Infinity, 0.0, Infinity, Infinity]}