{"[20]": [Infinity, 0.9985431594900871, 1.0, 0.9999987085353498, 0.9999851957270451, Infinity, 0.9999912063607439, Infinity, Infinity], "[40]": [0.247982266878683, 664870.8504894304, 0.0, 2.877365142667816, 1.836058014870078, 0.7026763126029402, 801.5723511556159, Infinity, 3.255429785751261], "[60]": [0.41998447389521015, Infinity, 1.410799407963389, 0.12570886179860016, 0.23286532713254288, 0.17298690140462783, 0.23817824086407666, 2.5217140990760543, 0.4312431732344656], "[80]": [0.14239269948427058, Infinity, 0.0, 0.010834649329732174, 0.016418510325273437, 0.017343035422927124, 0.042926988695392285, 3.3323720162137, 1.865685907101369], "[100]": [0.49122149477608384, Infinity, 0.0, 0.0004559657133956797, 0.0008389845884184122, 0.0007178126952970065, 0.0020215231756469873, 0.7403279271333776, 0.8641342903307907], "[120]": [0.2168821021057995, Infinity, 0.0, 1.917894709805795e-05, 4.2425300727928475e-05, 2.9937323466621965e-05, 9.797198554455784e-05, 0.22991382833865645, 0.27257435421753334], "[140]": [0.2455246916314897, Infinity, 0.0, 8.062753462997653e-07, 2.1494610246480937e-06, 1.245736696859394e-06, 34.02635552576303, 0.13651473377496276, 0.1582011991451465], "[160]": [0.07879978740948781, Infinity, 0.0, 3.3883791723078586e-08, 1.0856069353338907e-07, 5.176410598439173e-08, 199.62475213075112, 0.09720084385123283, 0.11050181736250049], "[180]": [0.120175221547019, Infinity, 0.0, 1.4236216198946818e-09, 5.465784670725157e-09, 2.1481969132447034e-09, 1.1977109622308832e-08, 0.07551420026285306, 0.08455837512643294], "[200]": [0.10621838950970958, Infinity, 0.0, 5.980242956068523e-11, 2.758720332000842e-10, 8.909629928274787e-11, 6.029021451214649e-10, 0.06176105883583226, 0.06832748563431398], "[220]": [0.09052753213801683, Infinity, 0.0, 2.511789448940523e-12, 1.3874791954853159e-11, 3.692942209401427e-12, 3.050559335212879e-11, 0.05225717480405052, 0.05724735428040092], "[240]": [0.08851715631345275, Infinity, 0.0, 1.0548742624606337e-13, 6.959323260822136e-13, 1.5302327567385143e-13, 1.5469870618765126e-12, 0.0452948204580362, 0.049217233595341456], "[260]": [0.0806472038943591, Infinity, 0.0, 4.429763541386315e-15, 3.4937177748792304e-14, 6.337753108949565e-15, 7.869791106941368e-14, 0.039973725327427025, 0.043138102921484976], "[280]": [0.08420353448482516, Infinity, 0.0, 1.8600717554686464e-16, 1.7534809737501145e-15, 2.6239167355050354e-16, 4.016935878479517e-15, 0.03577414498500644, 0.038380635640340874]}