{"[20]": [0.3802363320611567, Infinity, 0.9095388773933987, 1.7591158178235304, 63106.48795978544], "[40]": [70.70577818668747, 1013.7683651218234, 75.81298474033815, 1.442995011753544, 645.635006227698], "[60]": [167.21171705693078, 957.0474159129908, 1754.3345653174133, 757.2752119155658, 3705.4058764295396], "[80]": [2745.018529462242, 1866.4936475942832, 17615.330917899384, 17971.837250828685, 13581.967811356511], "[100]": [10361.999838026954, 89000.4534642044, 8821.403074578426, 8247.688688542165, 11076.161823928986], "[120]": [2216.1815184126094, Infinity, 8250.40711744079, 2025.074619424113, 3939.5228496475606], "[140]": [250.08526233891016, Infinity, 1612.6446869868175, 471.52510409828955, 580.6554831416987], "[160]": [237.7865570191275, Infinity, 410.80589693083095, 83.30789770633864, 143.73252762361585], "[180]": [227.76585461078574, Infinity, 75.53992354211334, 19463.20460800498, 19.195779361328693], "[200]": [249.2511558289603, Infinity, 13.300559624385551, 307253.50056978635, 0.3263212960381809], "[220]": [237.84149054539807, Infinity, 5.105022672940692, 3420848.910079877, 1.510634673879568], "[240]": [204.79168378858716, Infinity, 1.0, 0.3120103706280933, 0.9536535880896221], "[260]": [178.4822663301273, Infinity, 0.0, 0.0070386274950769686, 0.05637106828707303], "[280]": [195.8607003658995, Infinity, 0.0, Infinity, Infinity]}