{"[20]": [1.0, Infinity, Infinity, 1.0, Infinity, Infinity, Infinity, Infinity], "[40]": [0.0750637846268546, 0.1824855104552068, 0.0, 0.5962249788859818, 1458.665929700827], "[60]": [0.06625627516043019, Infinity, 0.0, 0.3390687102464763, 3294.6184775275683], "[80]": [0.6347746378039293, 1.0704322384705005, 0.14738546705099193, 0.6955682492071018, 31.46492079498584], "[100]": [0.34834375818002644, 2.104681365710466, 0.5758778730953279, 0.20493894859027822, 842.0471333510561], "[120]": [0.4084555347768885, 0.06227647668465705, 0.08922415621540115, 0.482649629772721, 358.86159787286766], "[140]": [0.3481524234009768, Infinity, 0.0, 0.4520707737815085, 40.26631827332121], "[160]": [0.17314046142326314, Infinity, 0.0, Infinity, Infinity], "[180]": [0.12911740310518563, Infinity, 0.0, Infinity, Infinity], "[200]": [0.11124081519143728, Infinity, 0.0, Infinity, Infinity], "[220]": [0.1004050419703815, Infinity, 0.0, Infinity, Infinity], "[240]": [0.09396005779166966, Infinity, 0.0, Infinity, Infinity], "[260]": [0.09355387628087408, Infinity, 0.0, Infinity, Infinity], "[280]": [0.08946323410357242, Infinity, 0.0, Infinity, Infinity]}