{"[20]": [11.469871805032952, 5.012499230357442, 12.285714285714286, 17.269674109694957, 17.04389431234354, 9.005618189187519, 8.017888978533904, Infinity, 3.096125314838133], "[40]": [50.917887344844075, 22.383238307245676, 119.57142857142857, 1.8268585972290055, 134.07738127557886, 35.93836066596742, 26.583747900069937, 2.7217919710763, 4.190340104721201], "[60]": [379.4787648856177, 1538406148542946.2, 1160.142857142857, 1002.5640970246072, 772.9562284861071, 283.3227367250324, 263.00577104687613, 140.17917492957645, 1.891187112191119], "[80]": [2064.7142774573676, 3.40077629912588e+24, 9145.0, 1306.2435356249953, 769.1225921913683, 771.5371009775699, 778.5938374805264, 2136.506952578806, 2016.2352791348167], "[100]": [1869.6986433637067, 2.414254885475781e+32, 678.1428571428587, 337.299425816007, 364.45101378281106, 2940.053759875267, 149.10639827258274, 2708.3335352951945, 3930.3681557084346], "[120]": [1384.2405312628835, 7.576325486168787e+35, 8476.142857142859, 39.774732758924074, 794.9168524290344, 1075.7655185639105, 679.4342798391044, 4222.098798548146, 5263.799497816217], "[140]": [351.5418720502066, 4.537767621226321e+50, 2342.4285714285716, 422.53334525428795, 97.24987138747565, 2.6926843596966137, 118.25944478198471, 74.06717596764429, 0.16936776648753948], "[160]": [347.91412945507, 1.9472354461076123e+59, 548.0, 248.48859137283347, 112.19349515309136, 113.96100494097595, 113.61990302779532, 482.08270487300933, 454.7679047551044], "[180]": [57.89615962559856, 2.8311610852975855e+67, 154.57142857142856, 98.26948643879426, 50.6345232369016, 65.00407387594856, 50.2227487590896, 189.53304768584678, 197.7310730118037], "[200]": [10.460384112503561, 1.9258664884755883e+77, 39.571428571428584, 61.46904331543421, 40.13756286923595, 54.14759075306644, 39.68328534718512, 81.46139734267587, 95.19883647993757], "[220]": [9.88579525221121, 1.6198306258292654e+85, 22.42857142857143, 35.380434432426085, 22.673491466998613, 33.84915786172789, 22.328620167790845, 143.42837066946853, 132.6135546330251], "[240]": [81.60057292436522, 9.5085081810186e+93, 12.0, 20.416412136128, 12.321757970786166, 20.10487713218133, 12.088403153275284, 164.31074535442482, 164.10831814229945], "[260]": [32.9490122272573, 3.8746981460246653e+102, 2.2857142857142847, 16.86455823682838, 12.002967042840448, 16.802220029895633, 11.860783422464657, 50.72455353246451, 56.20750967789215], "[280]": [64.78459015605313, 1.5387735893052318e+111, 1.571428571428573, 18.760072233550364, 12.636635894756683, 18.747729200429077, 12.456760824086913, 97.10832454378688, 96.34971409655516]}