{"[20]": [7.449335553026574, 26.676454347865526, 7.660571100656026, 114.79709458807658, 86.21455503302613, 7.71586301371145, 20.779802174682334, Infinity, 18.679918279815357], "[40]": [172.29620458021435, 8951183772.424501, 245.76874919737446, 47.20023844009626, 73.45436860923954, 156.0557708779367, 2445.1233250385026, 80.03657969687413, 171.2663096071047], "[60]": [3273.8514005925226, Infinity, 4721.924154140932, 1560.5330685558201, 374.8136055910177, 300.5036576723378, 171128.0235408561, 54727.7027382653, 3017.638330134911], "[80]": [4280.090866953312, Infinity, 424.78853951601695, 1186.4224747673113, 2174.523993858976, 1063.9005869188968, 7496.276554627582, 211552.22554221243, 77047.751794265], "[100]": [496.2288384078479, Infinity, 4191.252472978023, 46.969600575452304, 8.007330008031397, 112.22076063354068, 142.48998920469774, 9082.795592277316, 43316.29517028304], "[120]": [371.7905017653722, Infinity, 787.8887298257914, 177.19677651282743, 171.5368794555442, 158.15022552622668, 103.55517942792217, 1078.149313651659, 418.66126369659895], "[140]": [343.61832442762494, Infinity, 184.8249415262898, 95.86907260943708, 89.98820857572964, 88.06993439153987, 67.86262889538133, 968.3234973988507, 927.0058627455013], "[160]": [154.26252097947682, Infinity, 53.24248868119051, 41.699366637917535, 39.58994791113471, 40.24123731331863, 38.15175315735128, 498.15844009480844, 539.8542723922662], "[180]": [151.64494751575458, Infinity, 32.572702530156164, 7.562438102431868, 6.590828606222123, 7.332661519902452, 8.865152582344464, 522.606044242191, 560.4266669007064], "[200]": [132.4856536821612, Infinity, 5.620873373673186, 4.15565769406273, 3.9059330535153, 4.121452736911769, 4.651750908020924, 392.32909298212917, 414.53646723154105], "[220]": [131.53697144479307, Infinity, 0.21276420121920353, 3.625627044851885, 3.511746629242542, 3.620693885355919, 3.9431776847133206, 373.6712550048366, 381.91209583206586], "[240]": [111.8361276179447, Infinity, 3.0459839063801355, 0.223111007729123, 0.2914922929258283, 0.2238003526713036, 0.004889812245455823, 282.0558456811298, 290.88673596790426], "[260]": [108.30769863982827, Infinity, 0.0, 3.921347649804006e-05, 3.5257089449733886e-05, 0.00013504813619776392, 0.0008047278505360754, 265.53297652823136, 271.772673121952], "[280]": [101.18926793672259, Infinity, 0.0, 4.416017464088141e-06, 3.958777959795359e-06, 1.7577578659187168e-05, 0.00013480481935528903, 229.80873074570852, 234.34092012879864]}