{"[20]": [Infinity, Infinity, Infinity, Infinity, 14.792328591638318, 122.15431454326193, 31.135131231491236], "[40]": [Infinity, Infinity, 225.5770096650148, 275.4293149038398, 57.638361835415665, Infinity, 308.89505789926716], "[60]": [1590.587969591525, 2130.2270270161744, 339.0176030461418, 783.4843754655027, 10912.098940810552], "[80]": [18.320636739223886, 210.4073765020385, 21.280261853532945, 840.4828222386124, 55.23450624768973], "[100]": [9.298460634171327, Infinity, 76.52337794626774, 928.216560425936, 216125.28046854556], "[120]": [599.3729615493676, Infinity, 683.6302137448702, 1564.067263772877, 478.42093234626475], "[140]": [2707.898954165893, 204424.83819909775, 13056.226073843518, 7223.59824489896, Infinity, 4752.872544083616], "[160]": [17708.083286948447, Infinity, 12060.858268937352, 32287.306910593357, 4376302927.3706045], "[180]": [10576.430590352194, 11409.481978504005, 18859.371692887624, 9024.018609090212, 971813157.4261419], "[200]": [307.04214641685246, Infinity, 5944.4850548612585, 1539.6778059145677, 1634976.8540861327], "[220]": [1015.1379599674397, Infinity, 1086.5429721586577, 296.48089951952903, 1277216.2531666057], "[240]": [212.8896338364088, Infinity, 252.28411825713331, 25.249273351149217, 49280.28793994899], "[260]": [216.20221342865585, Infinity, 24.771437341330785, 8.177709431071843, 28321695.01197537], "[280]": [1353.9400942706347, Infinity, 2.6227144505897653, 6.971334378574302, 101817671.32008162]}