{"[20]": [3.0, 2.9998732810558355, 3.0, 2.9999989164443392, 2.9999886477992104, 3.0, 2.999999996586311, Infinity, 3.0], "[40]": [38.890002339963395, 123093.89432214691, 51.0, 12.058576854491704, 13.975168267197432, 15.525974269371233, 16.117425326215624, 55.99999999999949, 14.359165749658779], "[60]": [522.5395683658046, 1538406333908571.2, 1158.4285714285716, 760.7854525129936, 444.32568067123543, 442.14620633309164, 444.3265615991552, 826.4731775263435, 195.86880843382733], "[80]": [996.2601700400865, 3.40077629912588e+24, 9555.0, 1836.6427916869961, 393.74391029011895, 38.9489786168524, 14088.859684589428, 24630.243691955322, 6800.062198631222], "[100]": [395.6860840014342, 2.414254885475781e+32, 6882.5714285714275, 1704.3307459033695, 1691.6036341027975, 2230.2865431739665, 2066.044344153828, 43511.64933839488, 14285.681031911834], "[120]": [322.5870653358088, 7.576325486168787e+35, 2795.857142857143, 79.31819566951526, 47.144302784527554, 106.84443145796467, 98.83957523638492, 3587.8523795576584, 2408.9751947777477], "[140]": [502.9906840485928, 4.537767621226321e+50, 507.8571428571429, 198.516121851859, 252.27020244303634, 188.91867968268514, 258.1233471986355, 907.1755581729858, 792.580206237971], "[160]": [156.5179243948951, 1.9472354461076123e+59, 145.0, 106.35431097917132, 128.85807342725366, 103.86258883328316, 159.62510978366038, 28.713506103839734, 61.45071602279768], "[180]": [18.177764569660212, 2.8311610852975855e+67, 45.28571428571428, 59.254461239962204, 68.88646011748261, 58.817912082565584, 88.76677051782029, 101.93818766574663, 109.66409475364327], "[200]": [15.138102179385442, 1.9258664884755883e+77, 25.285714285714285, 14.889963325287626, 18.516555431381953, 14.820870857166419, 27.019690102769754, 106.90373130893761, 115.04416115625924], "[220]": [36.3575365977872, 1.6198306258292654e+85, 4.142857142857142, 7.655880242835792, 8.527605815202758, 7.6454322160590245, 10.636056271880925, 81.25037749728811, 84.42561456878121], "[240]": [44.144766265716044, 9.5085081810186e+93, 5.142857142857142, 2.9845840817032347, 3.780217596859669, 2.9830517894431026, 5.809813551272587, 96.24988748156223, 97.74780667444226], "[260]": [35.3505922858144, 3.8746981460246653e+102, 1.2857142857142856, 0.6983732050857909, 0.7779523663684242, 0.6981528328429116, 0.9795792185489649, 68.23768365255319, 70.1644696893689], "[280]": [22.51140293322078, 1.5387735893052318e+111, 1.1428571428571428, 2.6987846479962454, 2.7783874518639515, 2.698753484663483, 2.9831262983433278, 46.00066369246491, 49.295575286579464]}