{"[20]": [10.982977326427301, 39.3788813143802, 10.428571428571429, 36.790347849922824, 29.645588504835438, 2.962120488211026, 9.727687845529562, Infinity, 9.994368924728606], "[40]": [92.61253781549041, 751244920.7768049, 96.28571428571429, 36.498524438298546, 39.87651164090174, 57.88563371296472, 39.85605142198273, 140.07106027843972, 44.381893625731294], "[60]": [627.0847316615005, 1.6870674776717862e+18, 956.0, 981.9083671546352, 1004.6013801030632, 327.6450694641163, 293.59334257514024, 44.8246082462108, 65.8329959575708], "[80]": [3887.8732882029553, 3.729403789879908e+27, 6867.285714285714, 5593.775021927751, 2674.2849221485803, 2612.7768307110673, 2335.8374143342917, 11262.75004008564, 531.9928271597946], "[100]": [958.196143375375, 2.647552091869952e+35, 18475.0, 9094.788994072169, 3506.460081077006, 2456.337784599964, 2209.5292924465975, 8723.00608226846, 2558.9846937408474], "[120]": [2965.7201599680557, 8.308450134770628e+38, 9285.142857142859, 8990.48385896741, 4741.439248773175, 879.3543670075305, 309.0307250474507, 132981.39605755522, 146515.6930063999], "[140]": [3574.010512511508, 4.976266294395922e+53, 12282.0, 2272.4812700385546, 1046.105842134085, 466.5366594902216, 482.63902605476596, 43373.63995631569, 26223.909634189353], "[160]": [2484.3713020719133, 2.135402919236706e+62, 3405.2857142857147, 836.8163202512613, 148.39827104525557, 227.48584217900725, 227.34707865196424, 6709.194071510539, 6871.687782277508], "[180]": [652.5219904233045, 3.104745092395459e+70, 921.7142857142858, 310.810670997831, 137.60144155785622, 158.58985406182694, 156.85770536287032, 1545.2750632645184, 1349.140604099116], "[200]": [238.83585904257052, 2.1119689227880706e+80, 276.2857142857143, 96.22008486459629, 49.78978331002703, 60.84524077218924, 60.29998338375685, 483.42698287135136, 561.7886818374157], "[220]": [404.45994993902514, 1.776360035683665e+88, 52.28571428571429, 51.24769854688051, 39.02899483162441, 43.43790676542072, 43.45113359980386, 692.2593654143818, 709.1269835550806], "[240]": [282.8131392209498, 1.0427345148083256e+97, 28.857142857142854, 18.30253286926132, 12.858915904040504, 16.613423357163885, 17.02356873279945, 585.3733926543005, 583.8080106502367], "[260]": [318.11793580311496, 4.2491225503989994e+105, 8.571428571428573, 9.576278927247632, 7.3360680378717475, 9.215300232054975, 9.465945857128927, 455.3613234888252, 454.08900912591525], "[280]": [221.4706265620007, 1.6874702090631743e+114, 5.7142857142857135, 2.6136770196384376, 1.9942131355183144, 2.537194479171617, 2.6114534991236114, 343.0139884173638, 338.7895233486378]}