{"[20]": [2.0, 1.8610357511668285, 2.0, 1.9999993602635626, 1.9999898707876245, 2.0, 1.9999999996917397, Infinity, 2.0], "[40]": [6.73218355003154, 1057244018.4681202, 6.0, 2.921125656674075, 1.257513891501242, 7.501717425849117, 6.976026262253528, Infinity, 6.1104083320941776], "[60]": [23.420523440730086, 1.6870675699494812e+18, 22.857142857142858, 29.311299652074457, 30.219747334739324, 18.88660303226654, 14.867017631626378, 13.50941248830145, 3.8742293170899593], "[80]": [7.583457692537493, 3.729403789879908e+27, 8.42857142857143, 29.69567607920807, 31.930505467518103, 12.434926848318256, 14.509714906191075, 87.87809102029811, 64.35931870529586], "[100]": [1.9724620292523625, 2.647552091869952e+35, 21.714285714285715, 8.298001729644845, 9.69838601580786, 0.5261018285578487, 2.6647421488717384, 22.342897417940677, 20.20427432911041], "[120]": [3.4295939932783153, 8.308450134770628e+38, 5.857142857142858, 8.680156148000545, 9.639134324312694, 6.608280601682395, 4.2292968490445855, 46.299636656677116, 43.80235399211996], "[140]": [31.773402286326082, 4.976266294395922e+53, 30.0, 41.04249454653412, 41.80557466936186, 40.17735868303339, 35.722836111186034, 27.581078040020333, 27.036574438387436], "[160]": [194.6455699615153, 2.135402919236706e+62, 353.1428571428571, 411.6309585201328, 418.97340819784733, 378.9353850660241, 324.2395791838095, 111.54364825723121, 90.34800097079898], "[180]": [1429.0740786505996, 3.104745092395459e+70, 2760.285714285714, 3300.4804496740476, 3360.9962675497964, Infinity, 3268.148844004218, Infinity, 2580.9016057889044, 860.3096158858934, 811.0160359496031], "[200]": [137.30108271221252, 2.1119689227880706e+80, 4978.571428571428, 8822.37717537676, 2052.9822750674584, Infinity, 8792.105525616053, Infinity, 4320.359863029713, 3905.812716437258, 4254.995597185271], "[220]": [730.736863443929, 1.776360035683665e+88, 2369.0, 6422.0007555707925, 6715.041294029208, 7431.158194612333, 7531.9329969436785, 1023.563354765457, 1006.6855058340152], "[240]": [2078.7277450760835, 1.0427345148083256e+97, 4608.571428571428, 1280.9575637729217, 3877.224878897261, 4557.091172951598, 4665.268938978923, 9540.342957928524, 10242.517937761466], "[260]": [510.508026825906, 4.2491225503989994e+105, 1067.142857142857, 120.25027850613995, 1347.8441813615907, 1822.6332117611446, 1965.6574149748626, 200.17395834270224, 107.09181838002571], "[280]": [147.13314405641086, 1.6874702090631743e+114, 112.85714285714286, 17.351810416070872, 502.97016259760335, 718.3704739019254, 793.0835424151145, 204.9715708914305, 242.16761944453282]}