{"[20]": [Infinity, Infinity, Infinity, Infinity, 1.0, Infinity, Infinity, Infinity, Infinity], "[40]": [Infinity, Infinity, 26.473383870013894, 1.8663460034733965, 3.0143862088873985, 39.25766043440163], "[60]": [8.869438071085844, Infinity, 10.23174893003408, 16.40587862335521, Infinity, 124.67497222157651], "[80]": [14.45791185727533, 53.534714601038786, 11.054716529663521, 5.381428737987929, Infinity, 295.68788565192193], "[100]": [2.9446654843373206, Infinity, 1.6227242635828265, 1.7772239281269646, 2.21112015275063], "[120]": [0.8569704773192303, Infinity, 0.24155217588402078, 0.9257278843917349, 0.6414285927859725], "[140]": [0.6765727728167379, 259.2751437134477, 9.0, 2565.7820197577757, 2.9582050142869734], "[160]": [3.6242644385891714, Infinity, 50.70865141414885, 1028.4332922164172, 54.42304237322878], "[180]": [32.517074667273626, 232.7541657402313, 199.9492033815784, 281.7915923630817, 3656.1726807221726], "[200]": [20.089650517902502, Infinity, 602.9529553151394, 112.67882168577377, Infinity, 15062.231344580423], "[220]": [48.88802340318378, Infinity, 1506.9331906773116, 477.2172165310201, 888665623.8928175], "[240]": [1433.3306804160748, Infinity, 563.7148749451742, 2093.3895104377916, 955507.0311964259], "[260]": [424.3728051083285, Infinity, 1210.737125314939, 492.21319578840064, 590915.3704299437], "[280]": [22.55648965703404, Infinity, 15.911259679556977, 518.7730871351075, 283191.6827363839]}