{"[20]": [11.304289164871703, Infinity, Infinity, 10.692585660856835, 3.693581181073482, 112.50738515886354, 24.347018975343104, 1202.7307040484523, Infinity, 8.766086989881547], "[40]": [75.8447459217389, 17781335456.746998, 82.40070548770517, 15.092797171954286, 94.32347728697665, 71.54004045302146, 105994.87606547524, 480703224.39321095, 48.179554688218865], "[60]": [351.9758738838581, Infinity, 522.7943645546185, 586.9593397816185, 579.8666186708905, 377.295522546022, 3858234.8601161586, 159.6892094254048, 29.42548334494221], "[80]": [1482.7728670098827, Infinity, 3333.1011614861495, 3105.854536950588, 90.08204262706026, 89.16585567408696, 589.1060142045061, 548.4630602540822, 633.1567409826004], "[100]": [1805.6790491014076, Infinity, 4818.451829454303, 2012.318510316823, 253.1718550237061, 413.1041488260322, 959.3081940621753, 4393.532089352443, 3630.109866055637], "[120]": [141.86775571804017, Infinity, 4423.97245582965, 373.5413131206327, 1738.6567049831867, 3350.401698230198, 373.58803344041416, 24058.32898164497, 15925.166059508443], "[140]": [881.468379557355, Infinity, 3413.500375952187, 21.334622824319926, 303.15005018201015, 445.48321902604744, 140.89246131229368, 6121.805790129992, 5657.960822088669], "[160]": [375.05861930256555, Infinity, 913.2246991943109, 10.821861658964547, 54.018094630618556, 86.00434137159122, 21.268270666448537, 667.8166532948574, 795.5451422069542], "[180]": [255.07521837025928, Infinity, 138.00879083952262, 46.55396227599658, 31.631334721069358, 17.290494059728356, 40.505499404771946, 709.6876813117614, 696.6265326013142], "[200]": [145.7422384930238, Infinity, 52.58900869268135, 15.294399782839477, 8.320561852442525, 7.531240280918639, 11.242843734928204, 340.66551536971883, 338.41842218274394], "[220]": [141.46164060145384, Infinity, 8.793981627870096, 5.354368967536624, 3.7718461151833114, 3.424857246205651, 4.427432987413906, 274.1791213441866, 279.0740504860861], "[240]": [110.67008298137078, Infinity, 4.200543342582525, 1.22154145857554, 0.42018636883560606, 0.7638196109367342, 0.6670518917605426, 237.58900631098246, 241.9023803941593], "[260]": [57.4221172030157, Infinity, 2.0, 0.19424220543058662, 0.429754872452067, 0.2963312398149084, 0.36344495719123454, 144.30231494712334, 149.37853630061497], "[280]": [49.89080642170476, Infinity, 1.1880769693598017, 1.917598696532344, 1.7944528636085928, 1.8937066669094362, 1.8255316288355588, 137.86379657080093, 141.42905539402216]}