{"[20]": [15.262309142720945, Infinity, 22.0, 0.608666695276618, 2.387750532981059], "[40]": [9.327054030430759, 940.3915801466817, 399.8571428571429, 142.19447752335105, 155.23374919655464], "[60]": [231.66031981103333, 560.8421909290064, 8787.0, 3044.7903530162275, 2090.778366652534], "[80]": [2455.709605614902, 31271.32851656485, 41990.42857142857, 37689.15871981648, 1933.872745428671], "[100]": [5691.042450260924, 15108.988658855273, 33788.142857142855, 23594.642656852648, 15597.74855300763], "[120]": [1789.8530405315432, 1007652175924333.8, 12164.142857142859, 3862.716429753863, 3191.7912096948603], "[140]": [337.20421026354165, 3.3517790483504046e+18, 2357.2857142857147, 397.0547078765485, 594.8997556305012], "[160]": [604.9848556192558, 1.1524358545730227e+17, 495.0, 42557.41935683277, 120.33510826559211], "[180]": [235.8329525177744, 3.7012398449532235e+29, 143.85714285714286, 14.678497070413357, 40.88887469786303], "[200]": [62.62560265790012, 2.7783140335540667e+28, 24.857142857142854, 94280.71217360532, 5.758253433796021], "[220]": [2.250011135997738, 1.0411242870898886e+17, 4.142857142857142, 94112.60127214351, 0.39341449226905834], "[240]": [3.7279554152854075, 3074971330173.159, 2.4285714285714284, 20533.84648305742, 0.5870624256432765], "[260]": [46.652389798090724, 5.096685689474364e+37, 0.0, 0.0, 0.0], "[280]": [117.54421856774246, 1.878262249371833e+62, 0.0, 0.0, 0.0]}