{"[20]": [Infinity, 0.9917785513114644, 2.0, 1.9999991742219654, 1.9999863229047314, Infinity, 1.9999959716016316, Infinity, Infinity], "[40]": [4.994642529173779, 1100031784.2638788, 5.039482206658992, 3.4210786071308, 2.2191802275599626, 6.900459095544519, 3.546968751457116, Infinity, 0.3999763143375628], "[60]": [3.72668154563738, Infinity, 3.8965102158675613, 10.701367416673694, 9.721487377547373, 0.9437911434846838, 5.390085097583936, 6.36410143030186, 8.142610501320378], "[80]": [3.1927459244867182, Infinity, 5.41029709965783, 4.349661245576273, 3.4492881728577887, 0.07881176141028899, 1.0822286210243732, 32.67223377979246, 14.27006220206252], "[100]": [1.1892120517061766, Infinity, 1.032713008916384, 8.225285811513006, 8.372382916890443, 6.9937922213776815, 1908.5607959679976, 9.912616626491985, 1.982439496221591], "[120]": [5.184349378271315, Infinity, 8.033762956350563, 0.6198322245359068, 0.021245502106824403, 1.8364983838897142, 3239.937260332163, 9.401716060364794, 8.950004156342718], "[140]": [0.8612780665779324, Infinity, 2.365143086622937, 2.923243313790007, 2.9916786194125, 2.4189840699020313, 1361.4470361467768, 0.08532156233819417, 0.08431921695855508], "[160]": [3.6943478674467958, Infinity, 8.775210829637565, 13.554253348176484, 13.999196680013887, 13.361820350085937, 115.62504066880315, 5.143571180846784, 5.0332692429735655], "[180]": [36.48133096682831, Infinity, 43.11812219324654, 60.292131965432006, 61.9999003640201, 60.110108703882716, 1052.9510924868296, 31.05618353995395, 33.84081200967589], "[200]": [45.562720164795294, Infinity, 133.0086524972706, 210.0200969119707, 216.99997494972575, Infinity, 209.95313201784018, Infinity, 466.057121897224, 32.327442717314405, 27.563432955477587], "[220]": [348.5527423903921, Infinity, 395.8195739918618, 667.9416172407551, 691.9999923266572, Infinity, 667.9170593141889, Infinity, 370.11194793730954, 96.85854497830022, 97.83214475143438], "[240]": [23.854636833211345, Infinity, 267.81121020452207, 384.42797891230435, 436.99999788803086, Infinity, 384.41898321578117, Infinity, 236.79646673419077, 4333.687343129065, 4002.158168049119], "[260]": [29.932551732288026, Infinity, 211.96580441699564, 138.56548093715105, 164.9999997421394, Infinity, 138.5621871525095, 3954.662534612836, 730.8357197478774, 548.5205803486836], "[280]": [109.41396698402204, Infinity, 347.07929515541866, 515.3719093967823, 529.9999999747714, Infinity, 515.3707035608653, 946.1378969629453, 81.69342211506113, 93.48602961563196]}