{"[20]": [9.0, Infinity, 8.428571428571429, 1.6699835247720731, 0.6523109624187136, 0.11174466732463628, 2.5496682051993105, Infinity, 7.769512691899409], "[40]": [18.235826667371427, 65.23172215820841, 54.57142857142857, 8.166022844709175, 59.93961821417834, 8.12446204556035, 7.609572149954815, 561.3938848641443, 62.403235042388644], "[60]": [144.99437396771896, 1538406369273768.0, 510.14285714285717, 392.77185760217884, 404.93885260190433, 16.289172054240566, 14.458976569394736, 306.33959369784446, 22.835606521328486], "[80]": [1081.680243774872, 3.40077629912588e+24, 3493.1428571428573, 2097.2485159163193, 1822.152145018255, 465.4610437717074, 457.4805866723218, 764.5491753917922, 373.86378500718547], "[100]": [651.567311164119, 2.414254885475781e+32, 8092.571428571429, 601.7364008493605, 629.8980511656591, 628.6978549376763, 735.3864568137578, 1285.7856291513272, 3193.454332369154], "[120]": [40.39697500177135, 7.576325486168787e+35, 5326.5714285714275, 21.46640836349252, 1491.2332791181143, 2980.8472418321326, 683.8410270630884, 1310.739302716771, 1204.0406893202235], "[140]": [946.5090023061966, 4.537767621226321e+50, 5009.428571428571, 148.76391222748134, 479.9728203042905, 763.2959969101375, 336.6927020274252, 1261.9128905310263, 495.9744653928601], "[160]": [156.76884404422162, 1.9472354461076123e+59, 1377.1428571428573, 144.25466393276952, 63.405595764211284, 152.71829955633666, 28.046671301577362, 414.83974886138094, 400.7443192772696], "[180]": [256.9686618902715, 2.8311610852975855e+67, 259.42857142857144, 92.85287114102363, 40.19747491125406, 3.4455029788971956, 48.700045565908425, 16.651353519485724, 42.94780987523859], "[200]": [347.9742922033802, 1.9258664884755883e+77, 76.85714285714286, 35.11533629075553, 12.996519771392443, 11.03295072105243, 15.810826166273728, 225.54280383654032, 214.91990822396446], "[220]": [287.29529881154485, 1.6198306258292654e+85, 17.42857142857143, 11.62769670884295, 6.456323731536223, 5.597926557437578, 7.094262404449887, 112.33568382448112, 108.82998017879751], "[240]": [247.6242073099179, 9.5085081810186e+93, 6.857142857142858, 2.75117858343829, 0.35484043977237345, 1.305048892803276, 0.5985613768725857, 96.33914568757012, 96.80983877171569], "[260]": [232.43598763084856, 3.8746981460246653e+102, 2.2857142857142856, 4.041823719313071, 3.479044553705925, 3.7038516330147777, 3.534611511294452, 70.51976467217274, 70.08398362032847], "[280]": [210.7359139115706, 1.5387735893052318e+111, 3.1428571428571432, 0.7864024799324545, 0.008133741676881856, 0.7087375540416159, 0.0758569279707959, 50.171620764539625, 50.41940131532427]}