{"[20]": [Infinity, Infinity, 15.97357287178744, 4.761450390946824, 144.4603629409438], "[40]": [Infinity, 35.70318379248837, 199.99838112998998, 70.77167235844512, 1802.972049361916], "[60]": [119.05099035545516, 794.0179574935518, 1036.4189531133215, 1747.254577822045, 203.00751932768685], "[80]": [18.31048631343473, 253.08094710615956, 400.0102184444291, 2549.545279017363, 71.7418283174866], "[100]": [27.936369322682566, Infinity, 374.40363053286273, 2601.0248402747748, 89.91041096915947], "[120]": [30.461442162473887, Infinity, 260.053816466131, 3480.5592906606903, 91.67413733100011], "[140]": [350.80274240084555, 14430.911212197494, 13188.512315202073, 2626.1027052530485, 5457.939193536772], "[160]": [521.6148364063534, Infinity, 12723.529581900053, 42441.15308753723, 14970224.046176221], "[180]": [1745.8743678025228, 2540184484.0805745, 19107.793380752515, 14390.606258390133, 846926597.6813945], "[200]": [589.285068319023, Infinity, 6629.984793842211, 2753.2088456771066, 329215629.4466909], "[220]": [135.47551681177853, Infinity, 1464.712873690696, 592.4374500127951, 173297661.97477132], "[240]": [94.68713995070478, Infinity, 388.57811229226905, 111.49457579322674, 84836344.20473327], "[260]": [90.53575873117174, Infinity, 44.8968193976687, 15.903520056340975, 26741300.57212985], "[280]": [94.09589686749212, Infinity, 3.8847954173540216, 6.0253540868992115, 3356742.3963476354]}