{"[20]": [11.48686378115394, 7.656562062203079, 11.428571428571429, 14.30886807135657, 7.615684860245395, 7.481723726930287, 5.526073569503605, 9860.576170228582, 5.617131413522195], "[40]": [116.1488637499794, 2171183557.6531005, 143.28571428571428, 56.49720804451189, 158.81056916972432, 56.359088162161854, Infinity, 86.12375574026113, 66.39239678927751, 78.40124087173508], "[60]": [712.6663360500075, 1.6870674509246356e+18, 1281.2857142857142, 1316.9352705546207, 1075.2961738748527, 469.93704253319584, 473.39864765190237, 135.42786022068822, 164.57563232914413], "[80]": [3224.4169853780004, 3.729403789879908e+27, 7484.142857142857, 5159.997817337527, 1650.9020799928549, 1958.0229954160914, 2099.7861663606873, 4472.294852792149, 4288.553663389241], "[100]": [6132.505304177277, 2.647552091869952e+35, 3144.7142857142862, 1753.542967217265, 3402.951608925003, 918.5091916922102, 829.680216616438, 70803.06411776273, 61773.347964234876], "[120]": [2430.808053786127, 8.308450134770628e+38, 8126.285714285714, 158.7420627615429, 1142.8026383104661, 1782.9256275289208, 463.6940244130319, 431280.67361587664, 92759.77035793202], "[140]": [1127.2146085090699, 4.976266294395922e+53, 3167.7142857142853, 165.49371096116352, 45.94139299177891, 131.37066865288307, 44.10558685831052, 7986.795605318901, 6158.668007610732], "[160]": [567.2392586688234, 2.135402919236706e+62, 711.4285714285714, 101.61916399753775, 44.915896304267676, 22.691788839969263, 64.99635822327204, 285.90285639824447, 197.78516084148453], "[180]": [788.0590969522082, 3.104745092395459e+70, 166.28571428571428, 33.71641898975366, 18.387243142832233, 12.36273907203006, 22.824878049813236, 599.2217706356003, 633.3561295386598], "[200]": [563.0545661312103, 2.1119689227880706e+80, 33.285714285714285, 16.233289006292466, 11.709743714606132, 11.19349968599287, 12.697095169109295, 700.8646349255387, 680.0271635227482], "[220]": [463.1333371348992, 1.776360035683665e+88, 17.428571428571427, 0.628672579918947, 2.209389271038085, 1.7480057553318078, 1.9746665017723086, 551.7874364838021, 542.8766566959005], "[240]": [491.7675815389116, 1.0427345148083256e+97, 1.5714285714285714, 0.2293991100554296, 0.43646265054329236, 0.4693661534035113, 0.39919794157612726, 395.33381616086, 400.2151391784424], "[260]": [626.8435654806749, 4.2491225503989994e+105, 0.4285714285714286, 0.9130369783514103, 0.8019997757748499, 0.8627512126099803, 0.8135019860469704, 324.073626717859, 327.75215428372854], "[280]": [526.8392870579723, 1.6874702090631743e+114, 1.0, 0.7752405242824195, 0.4320884907814545, 0.7648702202803214, 0.45555145718230916, 294.80999523842513, 296.3367446200134]}