{"[20]": [41.79178132933015, 38.62584943959337, 41.857142857142854, 32.911759670608134, 36.58862488126803, 33.94440387611387, 36.71776318896613, 38.000000000000014, 41.29626005747658], "[40]": [582.8948535901884, 19.05955877262693, 736.2857142857143, 753.5577863411852, 775.1767070330015, 594.3839894901071, 497.278756637892, 382.3096679828943, 615.9546676056987], "[60]": [11454.844658794653, 1.6870668397520765e+18, 15111.57142857143, 4646.936641110373, 3042.235012381265, 1993.9562349634325, 1349.5702040563428, 3625.649797840768, 2139.1746948397267], "[80]": [14561.941342840255, 3.729403789879908e+27, 20334.0, 10649.469532736104, 18022.897862649574, 1604.5906423072083, 447.3508518022936, 923766.4082683678, 4533.721318099757], "[100]": [165.21789507799258, 2.647552091869952e+35, 26494.857142857145, 3960.3695999465617, 2665.8324355423374, 2272.252795036109, 2597.840670835385, 894629.9456148238, 48454.565100261985], "[120]": [4773.583747955554, 8.308450134770628e+38, 8009.285714285714, 1084.8232613843147, 223.43362843899604, 170.4327074230896, 70.01855853378129, 20992.917507729184, 17780.496502069895], "[140]": [1946.2812847786809, 4.976266294395922e+53, 1432.5714285714287, 376.84545276987313, 225.29972509057342, 209.04464366012928, 171.37195433112163, 2554.484054416926, 2413.265802900355], "[160]": [1173.9969464175647, 2.135402919236706e+62, 337.7142857142857, 90.11822830533447, 56.515199399040426, 63.10943160292242, 57.679929256602406, 2653.346970022584, 2765.694349253789], "[180]": [859.5807661756699, 3.104745092395459e+70, 77.14285714285714, 15.223712502297197, 8.200782667515014, 11.181617888943794, 10.75908390269792, 1761.2799874417533, 1884.0243590018977], "[200]": [666.2639572942089, 2.1119689227880706e+80, 12.428571428571427, 3.8780624462095337, 2.6673461312677498, 3.2917549944253697, 3.2108290125677037, 1604.8224860038304, 1606.026675853211], "[220]": [545.316614532222, 1.776360035683665e+88, 5.714285714285714, 0.45364333683673574, 0.9628168704167057, 0.5371701612900968, 0.3723683939182237, 1114.730412500606, 1143.150705697954], "[240]": [485.9480883003862, 1.0427345148083256e+97, 0.0, 0.0007999306554107237, 0.001153110291161866, 0.012559874095796973, 0.03507325190332262, 976.4482814792382, 990.306823868413], "[260]": [452.8109033190249, 4.2491225503989994e+105, 1.0, 0.9999211718080492, 0.9998833532891865, 0.9982786741432449, 0.9945372031490445, 836.8644345126656, 848.4048117407854], "[280]": [403.1406102015035, 1.6874702090631743e+114, 1.0, 0.0742620349588301, 0.15858489676576704, 0.07449017500707607, 0.0253810567800835, 731.6736067281383, 743.0603343040741]}