{"[20]": [Infinity, Infinity, 2.0, Infinity, Infinity], "[40]": [Infinity, 366.82365943167434, 33.27531053994545, 17.62675957805423, Infinity], "[60]": [111.47567853445572, 1253.909695415158, 391.66663608303753, 521.1956375586234, 264.1866389710304], "[80]": [194.06798051660462, 472.6933109406619, 198.156154720837, 962.966383525409, 88682.36219275504], "[100]": [41.69205150154849, Infinity, 250.87139339186717, 1321.0269471799277, 111.5194584707032], "[120]": [5.461427228975336, 199.11521683058186, 306.1153644424484, 1928.7859821197876, 204954.8095548531], "[140]": [1004.4573032232531, 228.74346848142866, 3602.102983255149, 5810.496296300442, 921.6831727937266], "[160]": [2447.9807085357156, 1684.1708047553852, 6908.46295021283, 18355.384215532522, 5573.2588643962545], "[180]": [3291.5265143209203, Infinity, 7488.227407764083, 7933.547266593679, 1242586.7093867965], "[200]": [711.8737240831877, Infinity, 3346.6138908758453, 1444.6636870905065, 952987564.4242468], "[220]": [102.46229484611568, Infinity, 661.5879281597627, 384.8236700403795, 282606383.5231572], "[240]": [86.02157964081998, Infinity, 186.1548001928778, 106.09349708903206, 24079.83297750019], "[260]": [87.4067719515507, Infinity, 45.858946828272494, 8.446748925557117, 12812692844.609165], "[280]": [259.43748786495786, Infinity, 6.469191048499855, 1.0065783236294346, 12547100.13557144]}