{"[20]": [Infinity, 1.6615804916722952, 3.0, 2.9999991742219647, 2.999986322904732, Infinity, 2.9999959716016313, Infinity, Infinity], "[40]": [15.774728733791118, 1657575078.9061713, 18.736154459745467, 44.584014874172674, 44.14238053450845, 4.908808474355297, 71.789869021196, Infinity, 32.79191333125739], "[60]": [8.213009394567399, Infinity, 11.903953118447147, 31.79503635522017, 31.410764955575083, 30.104364191377748, 15.713767446624098, 62081.09024906627, 42.346227722849655], "[80]": [1.1585146605686552, Infinity, 0.3658395497721943, 29.27561897766615, 24.07549903162673, 12.693937594808947, 1.3951779393256425, 12.76772227232793, 9.079925472016244], "[100]": [1.6010575762501267, Infinity, 0.6581173693438853, 33.02850648326857, 30.82582092481656, 16.998517573252617, 0.49644447473869013, 1.1685956626058616, 2.530314692200792], "[120]": [36.33991046923238, Infinity, 38.21845459250278, 75.88133113141896, 75.84356658698167, 56.836413843973354, 39.69507276016261, 37.5078442764242, 37.348145787407326], "[140]": [23.76186299803049, Infinity, 75.84026850717808, 105.44471212094282, 69.45019139851402, 61.372601951566864, Infinity, 69.70219729890539, 14.04539391675119, 15.593500244612908], "[160]": [3.4907548841160123, Infinity, 13.665237655120855, 35.594641548793746, 55.097687007759056, 38.05304669693641, 66.12792894919765, 96.7511485657462, 96.38436919147772], "[180]": [92.82723715686598, Infinity, 110.71320847988933, 206.58096955170288, 45.06209023314023, 45.02184255049509, 28998.916951046882, 34.41082680781857, 34.86884599577276], "[200]": [140.49486356721988, Infinity, 381.5187639337257, 547.3072698172882, 216.88056428499212, 231.7889081847712, Infinity, Infinity, 213.79770070584084, Infinity], "[220]": [Infinity, 1582.3340058851754, Infinity, 1268.8828433024814, Infinity, Infinity, Infinity, Infinity, Infinity, Infinity, Infinity, Infinity, 671.9492826069462, Infinity], "[240]": [Infinity, 4899.494863567221, Infinity, 2793.713379042559, Infinity, Infinity, Infinity, Infinity, Infinity, Infinity, Infinity, Infinity, 1519.9469710385915, Infinity, Infinity], "[260]": [Infinity, 9633.78801948367, Infinity, 3627.042463347739, Infinity, Infinity, Infinity, Infinity, Infinity, Infinity, Infinity, Infinity, 3076.2563384027244, Infinity], "[280]": [Infinity, 11594.543407230696, Infinity, 2200.719569766491, Infinity, Infinity, Infinity, Infinity, Infinity, Infinity, Infinity, Infinity, 1372.4161600044736, Infinity]}