{"[20]": [0.0, 0.00012671894416448786, 0.0, 1.0835556608317027e-06, 1.135220078943924e-05, 1.587101661449283e-42, 3.4136889582377806e-09, Infinity, 0.0], "[40]": [7.957847375489797, 153.5143063752769, 18.428571428571427, 3.3774222705249386, 21.999991803322345, 19.2895774063957, 21.999999999996454, Infinity, 56.76212422440064], "[60]": [10.417111099068308, 1538406474151110.8, 12.142857142857142, 26.01337320805383, 30.65912301340796, 25.526616552232024, 15.438911122047632, 10992.085937500233, 13.72999567861249], "[80]": [0.4209202190456409, 3.40077629912588e+24, 4.714285714285715, 30.431669438198384, 37.98166753809564, 9.105277392605757, 0.9548546819904047, 14.375246107583905, 8.773528080553206], "[100]": [20.45787927338378, 2.414254885475781e+32, 31.14285714285714, 69.37365896959007, 26.955408216609584, 39.3381416659353, 25.861144665802158, 28.711058685102643, 24.85345759787694], "[120]": [62.77174766041733, 7.576325486168787e+35, 86.42857142857142, 122.09947769124726, 134.4160408938711, 44.169032820268455, 63.762428099764946, 15.648047667308873, 15.976168347935584], "[140]": [35.58214257702127, 4.537767621226321e+50, 142.85714285714283, 47.04936353371136, 40.4701139871479, 28.77379058901488, 40.73457952900321, 94.25172817466762, 99.16638380957193], "[160]": [4.663089388123126, 1.9472354461076123e+59, 160.8571428571429, 219.86879171378223, 69.20975245052716, 51.72881237603292, 56.144998322723154, 88.8095811484917, 92.19259477421656], "[180]": [21.14681630587961, 2.8311610852975855e+67, 154.1428571428571, 350.75756276411437, 87.58549821987094, 127.800120825043, 61.29462158875572, 47.06716266699141, 40.78867717730782], "[200]": [225.6256347901517, 1.9258664884755883e+77, 818.5714285714287, 1107.9168051078248, 621.0870406931867, 997.1255413268445, 519.657414884055, 169.0602798153095, 177.60708368224869], "[220]": [226.11775383663826, 1.6198306258292654e+85, 1785.5714285714284, 1449.6587096539379, 594.8710666809538, 981.3241933633417, 563.7010770908837, 61.357925788011016, 36.71151903133523], "[240]": [201.13373225966825, 9.5085081810186e+93, 1830.4285714285716, 3641.866826096025, 383.41795303561594, 363.9196320360297, 719.146529237265, 247.35969096396366, 225.0429568484069], "[260]": [237.6220901146953, 3.8746981460246653e+102, 956.2857142857138, 3597.0465286345234, 1566.7452045382252, 1434.47236326436, 1575.449375041986, 92.45267981156758, 97.17175659273562], "[280]": [242.38619076340728, 1.5387735893052318e+111, 2182.857142857143, 1433.6684287139533, 1388.0332535787566, 1657.0026903599182, 1884.8683299709464, 131.41630092724063, 121.21013668242813]}