{"[20]": [4.0, 48.88107285594636, 3.2857142857142856, 29.773378808743423, 26.102463243780516, 0.3362614466679057, 5.773704527922696, Infinity, 3.0479438438430737], "[40]": [95.25164380145159, 238.75137749645296, 97.42857142857143, 4.105061834615626, 4.141315376336777, 2.9098826403742493, 2.874651966394012, 34.510604856369866, 45.78111251695694], "[60]": [1738.1176302292893, 1.6870674268522002e+18, 2168.5714285714284, 1959.7248934544564, 1513.0601326785713, 1569.7738337560088, 1624.0774301158515, 1776.4888519086517, 90.0538245738876], "[80]": [4052.5759763932147, 3.729403789879908e+27, 15675.0, 7299.410068874204, 3296.801400143322, Infinity, 18817.293407811147, Infinity, 19265.532944048453, 639843.0708584671, 374917.9564376454], "[100]": [2752.4697963276303, 2.647552091869952e+35, 7785.857142857141, 4106.945491276387, 6687.550763951294, 6679.10733875012, 6602.090588646002, 82173.29868221332, 114045.57630245417], "[120]": [1206.2759280387422, 8.308450134770628e+38, 8345.42857142857, 617.1369321824832, 557.6748030169938, 838.1489718965022, 769.0000603214421, 42328.66183995513, 33144.88518196818], "[140]": [612.7101695016372, 4.976266294395922e+53, 1544.7142857142858, 12.082419038107616, 35.93613807476527, 15.564301198789053, 23.708104350416704, 3317.0128868932657, 2654.9724569031214], "[160]": [252.46549642399896, 2.135402919236706e+62, 282.14285714285717, 34.607593124173746, 40.31255753290867, 28.6132983970396, 26.526259363833574, 529.6232207183799, 592.4731551339987], "[180]": [498.5264557026776, 3.104745092395459e+70, 63.28571428571429, 6.254638250772054, 7.5242257821573055, 5.104411044143424, 5.0244461443381905, 1020.7380796732004, 1016.1472304158387], "[200]": [263.09471621307375, 2.1119689227880706e+80, 13.428571428571429, 0.3269793075560805, 0.5777168065646776, 0.12445789114173733, 0.15261838536690453, 823.2122686857687, 835.9526225336126], "[220]": [334.8218137192962, 1.776360035683665e+88, 1.0, 0.7363132797761787, 0.7833128068657473, 0.702359866416316, 0.7150764906853364, 735.8833872031338, 736.7735168242043], "[240]": [289.0028367624941, 1.0427345148083256e+97, 1.0, 0.08974766693604941, 0.06618243452668278, 0.09525977834056289, 0.04433703298647726, 609.0564794764625, 608.1127426338076], "[260]": [263.5124734138899, 4.2491225503989994e+105, 0.0, 0.002084118256705285, 0.0020401651821690316, 0.0029586224299080087, 0.00673823440275351, 506.4302046971496, 505.66380299272544], "[280]": [237.25967593224232, 1.6874702090631743e+114, 0.0, 0.0002803482619887382, 0.00027181002951610325, 0.0004166874366344602, 0.0010386704205648213, 451.3152075852689, 449.95312529386734]}