{"[20]": [0.7697135693687254, Infinity, 10.510417596245437, 1.7279924356904095, 1866.927826739728], "[40]": [13.316580732908164, 1.6184636836103474, 20.768909576813424, 13.881461457067656, 94.72744012155663], "[60]": [0.9479930047334989, 12.251583643325464, 5.644032106399069, 0.7521192625754687, 347.56310448784615], "[80]": [17.087463679350893, 524.724225883068, 18.160390903547434, 4.8642571517608255, 1199.5371851562334], "[100]": [22.39967518841742, 73.29102527214567, 71.39362690574092, 3.3723094370098674, 3186.684827392593], "[120]": [15.151611492074508, 318.8008796062051, 133.47284334476663, 1.8115022081682537, 7407.43514609168], "[140]": [39.4324306992013, 36.63186483985884, 238.80893721377234, 148.12705419485368, 14166.488823145375], "[160]": [45.9605299849725, 6186834243668.68, 140.79162868745385, 36.531008194712605, 209.98591582274662], "[180]": [4.279961161347715, 562.4488258659335, 484.1373178507963, 6.6087139923205305, 164.30412379748924], "[200]": [37.95822163252957, Infinity, 1497.1559642497757, 153.4931950620307, 208.23184317121542], "[220]": [56.881527710214236, Infinity, 2505.1309116878488, 1183.328012618804, 273.16087924931145], "[240]": [59.6712533753581, Infinity, 694.6550488324098, 1303.2326929941064, 841.6028447955703], "[260]": [55.6853178366431, Infinity, 2551.1175728698563, 489.4199174186354, 471.1879186579243], "[280]": [110.43813285534861, Infinity, 2096.079019370006, 488.1535131596021, 403.7579846091155]}