{"[20]": [1.2297030077668012, Infinity, Infinity, 7.428571428571429, 4.433629917336404, 8.997764959086755], "[40]": [348.06374777633437, 1613.4374868213777, 283.2857142857143, 41.176589724955136, 140.8420846104618], "[60]": [495.2763947422163, Infinity, 6475.571428571428, 4493.902356207849, Infinity, 5869.20984202442], "[80]": [13661.824756900147, 46251.61805355856, 32088.0, 37433.028322299375, Infinity, 26260.400720677397], "[100]": [16614.132677660535, 178218.3285166251, 21746.285714285717, Infinity, 17403.64674712091, 26989.112398930505], "[120]": [3294.82899938996, 4.818483745987427e+18, 13466.285714285714, 246.28330783371985, 5435.300606752075], "[140]": [1077.7652760456956, 9.086902078335853e+19, 2500.285714285714, 201.92218376248718, 662.7361757185422], "[160]": [1608.5768208568206, 2.781583847342854e+19, 561.1428571428571, 75.6193152274339, 136.4328296100623], "[180]": [754.4390744800128, 2.507670587174087e+26, 143.71428571428572, 13.495709026049859, 40.77330078808666], "[200]": [263.51999810437354, 2.9167456358593653e+36, 28.0, 28614.467399079964, Infinity, 7.184944184527929], "[220]": [87.11078149887771, 1.1750359530858978e+33, 4.714285714285714, 15443.574798807771, Infinity, 1.01273469326468], "[240]": [68.07131121044756, 6.855490093634337e+43, 0.7142857142857143, 0.9936516832631659, Infinity, 0.9528387929051472], "[260]": [128.20376909166941, 5.638386462733838e+40, 0.42857142857142855, 0.0, Infinity, 0.0], "[280]": [240.22508420040344, 4.4658383612507544e+47, 0.0, 0.0, Infinity, 0.0]}