{"[20]": [8.840839796915283, 6.021465810628423, 8.0, 5.46801622212544, 6.06555044013386, 5.702485305698863, 6.147124824791867, Infinity, 8.019154556108472], "[40]": [34.038871864784134, 4.587505287932316, 41.714285714285715, 18.209495017730433, 55.98663257448273, 36.69533814647714, 25.819651198558155, 55.7954069476709, 44.82413852978951], "[60]": [48.639918487245296, 1538406399760973.0, 53.85714285714286, 102.91209902133706, 42.41452903821025, 55.8577059850725, 20.589198139755354, 3.032980030564943, 38.13972061402498], "[80]": [26.32818987206616, 3.40077629912588e+24, 199.71428571428572, 273.801577996542, 137.52558638083497, 54.80903119238053, 28.84123706814387, 4.7965848950595955, 7.290661897949462], "[100]": [302.5170943695921, 2.414254885475781e+32, 738.0, 794.1359907811108, 539.9515322128336, 679.2323789165462, 225.12112398377508, 105.36277904380745, 109.1253284865802], "[120]": [232.6995744779133, 7.576325486168787e+35, 2255.4285714285716, 690.93510750734, 103.97187189936358, 94.8169134910222, 140.62217651881747, 918.1580712221403, 941.5538443975483], "[140]": [473.08511926751453, 4.537767621226321e+50, 2200.857142857143, 1036.1809331590484, 331.43042012983824, 1146.143076692144, 75.62771512632753, 1986.3979576766778, 1717.4314673685149], "[160]": [9.149883866026357, 1.9472354461076123e+59, 922.4285714285706, 1027.2863561287631, 578.1082749694506, 946.2439870700418, 269.0641423522047, 243.77342943546319, 340.51402516784583], "[180]": [502.4625993575828, 2.8311610852975855e+67, 1405.1428571428569, 1627.003909761197, 30.20028653083409, 417.81444489562546, 273.2531008082942, 131.6466364147691, 139.31063122704109], "[200]": [140.22783925704243, 1.9258664884755883e+77, 1068.5714285714284, 1897.1754583501502, 25.471108619177357, 137.7722417495852, 31.329737472368834, 93.23393818755358, 89.95430853505422], "[220]": [18.125656614918626, 1.6198306258292654e+85, 797.4285714285716, 1527.192111779542, 65.71886622343254, 192.33742176980013, 17.23877160355505, 40.37421516397262, 29.90986858382621], "[240]": [173.0704456376261, 9.5085081810186e+93, 614.0, 942.5444092025609, 160.26159990315887, 278.74580548012636, 142.54564659188532, 177.46122276465348, 168.38836146885], "[260]": [75.57364426603817, 3.8746981460246653e+102, 334.1428571428571, 580.1250381624245, 67.3267955251506, 214.48271167028133, 64.48743175246022, 131.56865521735472, 124.01049118812352], "[280]": [6.1624328575708205, 1.5387735893052318e+111, 233.71428571428567, 269.23365628652516, 60.69685035740963, 229.0176860584105, 77.43112103643114, 11.331622698515048, 11.825026718049344]}