{"[20]": [Infinity, 0.00038431969908012077, 0.0, 8.756466713984944e-07, 7.900128624105816e-06, Infinity, 2.5035488720457547e-06, Infinity, Infinity], "[40]": [0.7317177099300232, 0.48370367526459335, 2.054929456061236, 4.420722560306817, 5.74402889348166, 2.1897260208157765, 26.048424732724534, Infinity, 4.879670923795551], "[60]": [5.516543225382095, Infinity, 5.163371885100331, 9.956317234598716, 9.873593594850353, 8.725114553080413, 5.056993760885541, 5.737290986099875, 16.762606807989425], "[80]": [2.4273604194790543, Infinity, 4.2130987775354605, 0.6326576788897027, 0.9297858529278062, 1.047807722114426, 2.873031121312197, 21.326741554126965, 4.88048582624728], "[100]": [Infinity, Infinity, 0.0943828996525422, 1.5457393259619365, 1.4787651705424916, 1.255083117856443, 2.0895428527446747, 1.4257796276544301, 0.20488989592696835], "[120]": [0.3360463828536173, Infinity, 0.46974047832826554, 0.011426562173156615, 0.018227876733387525, 0.047521600516923716, 0.4487975064307875, 1.967822950649145, 2.091713360973944], "[140]": [0.9323223911819268, Infinity, 0.0, 0.0008809754979673983, 0.0016182876284988302, 0.005571652564741125, 0.0526426624122907, 1.8455315795608478, 1.8100413189904925], "[160]": [0.8805170963030341, Infinity, 0.0, 6.788246634714377e-05, 0.0001433780833868925, 0.0006534293412518794, 0.0063820929243543776, 0.8845860232689041, 0.9499313732339772], "[180]": [0.39106723279354955, Infinity, 0.0, 5.229150402371284e-06, 1.2645775575776021e-05, 7.654623256431252e-05, 0.000782863682125565, 0.6311310498528696, 0.6738147903247258], "[200]": [0.326869194080757, Infinity, 0.0, 4.0273734763455053e-07, 1.1194997446204018e-06, 8.959898532281762e-06, 9.60821769401863e-05, 0.4907522832805829, 0.5209205396179477], "[220]": [0.291483037725145, Infinity, 0.0, 3.1013436684727215e-08, 9.875921234022883e-08, 1.0483188483476748e-06, 1.1814050232510714e-05, 0.4015522098988343, 0.4240562945226757], "[240]": [0.2655453073276863, Infinity, 0.0, 2.387969030185525e-09, 8.688259918634619e-09, 1.225933846502019e-07, 1.4687971930015815e-06, 0.3398438355979325, 0.3572995563329141], "[260]": [0.2452959736013687, Infinity, 0.0, 1.838518901856242e-10, 7.640919355690004e-10, 1.4331319799624578e-08, 1.8310358537478624e-07, 0.2946068970488918, 0.3085540108931695], "[280]": [0.23004789519441982, Infinity, 0.0, 1.4153875089400928e-11, 6.72643810247338e-11, 1.6748522303678607e-09, 2.2752226515185082e-08, 0.26001857995543426, 0.27142491903186733]}