{"[20]": [Infinity, 4.402378807790231, 6.0, 5.9999991742219665, 5.999986322904732, Infinity, 5.999995971601631, Infinity, Infinity], "[40]": [35.751852408042296, 18480167087.97916, 49.138596860495184, 92.01783003443144, 185.11571352453626, 42.48509883104703, 64.15723899573105, Infinity, 123.54147413575127], "[60]": [542.1738545093783, Infinity, 763.6128654801249, 781.2455689769167, 777.8968665360493, 161.58291081562626, 251.90613222610327, 811904.6974177121, 207.7483812179079], "[80]": [6432.355650411367, Infinity, 10769.85269638294, 5984.547991148707, Infinity, 12467.054729998641, 1566.2025297234984, Infinity, 5713.249833546206, 1453.194526766514, 1124.562753661263], "[100]": [10189.393472063397, Infinity, 11227.608553672266, 4066.367961270481, 12064.231574445725, 8878.507483894664, 8778.001706791942, 18827.14513591166, 20081.24272960825], "[120]": [5216.6655352343, Infinity, 16870.308867964137, 458.04004771323105, 4706.022961262382, 4527.351502431488, 5718.459338774072, 751060.0865444425, 469383.41981266334], "[140]": [884.0553095340172, Infinity, 5223.192356335801, 110.50795362818013, 758.7882024873356, 786.3933671964219, 1694.359817477025, 2432.004707765604, 337.1745967636427], "[160]": [640.5125498451428, Infinity, 890.6742238919211, 11.811961589235644, 102.3013716313259, 133.27947055908092, 261.3917752829979, 47.19396414223002, 148.2167723740074], "[180]": [412.0260516936328, Infinity, 156.99412105068762, 5.446660903568044, 22.40513715084415, 32.185804354643935, 44.832957301865825, 889.1386512105695, 868.3296406793786], "[200]": [306.8254759669614, Infinity, 26.344140881906927, 2.1884891973019647, 4.9245554789618895, 7.330482237525052, 8.17537427990236, 958.8245257960855, 963.1664049371341], "[220]": [297.8858535669692, Infinity, 1.942843009624971, 0.9379966706620881, 1.2208166374922444, 1.8926841263947212, 1.667976164663786, 851.0247562791742, 863.0815824547143], "[240]": [270.08476015423645, Infinity, 0.0, 0.1218896455201304, 0.14716315024272034, 0.29660992105500056, 0.2932743857905917, 704.2646692923664, 713.8131630095606], "[260]": [252.9533384194963, Infinity, 0.0, 0.018807820453025873, 0.02276445225127739, 0.05042378831483979, 0.05192118076991828, 613.2353466978453, 620.2234034046447], "[280]": [238.8679365727121, Infinity, 0.0, 0.0029006896329745306, 0.003520808936199695, 0.008570601582972076, 0.009206025272858142, 533.9405118258554, 539.5426935329358]}