{"[20]": [1.0, Infinity, 1.0, Infinity, Infinity], "[40]": [0.06941709187426186, 0.09875797445519884, 0.0, 0.3751112263249066, 654.5352128704985], "[60]": [1.41021873754722, 5.465704050246191, 1.125543980371105, 0.2605855645007758, 6110.310660440267], "[80]": [0.17062808152336031, 1.0548487978501222, 0.0, Infinity, Infinity], "[100]": [0.11629324905400906, 1.1770447616496634e+16, 0.0, Infinity, Infinity], "[120]": [0.10824215938198034, Infinity, 0.0, Infinity, Infinity], "[140]": [0.10513603564188656, Infinity, 0.0, Infinity, Infinity], "[160]": [0.0959710054815491, Infinity, 0.0, Infinity, Infinity], "[180]": [0.08677478534454229, Infinity, 0.0, Infinity, Infinity], "[200]": [0.08554576986306975, Infinity, 0.0, Infinity, Infinity], "[220]": [0.08233077817173703, Infinity, 0.0, Infinity, Infinity], "[240]": [0.07866486930171429, Infinity, 0.0, Infinity, Infinity], "[260]": [0.0711530083057807, Infinity, 0.0, Infinity, Infinity], "[280]": [0.06880314589958705, Infinity, 0.0, Infinity, Infinity]}