{"[20]": [5.644435480502867, 71.2941323962425, 7.714285714285714, 36.99900488408452, 36.625075688470936, 1.7472749191271735, 4.709146949631922, Infinity, 38.006736366431994], "[40]": [24.405556458221838, 32.81141949827426, 69.0, 6.650854769732874, 78.72216385039134, 2.573760827743513, 3.9684165923020345, 90.73786118940808, 4.8270508695206615], "[60]": [99.62695153986533, 1538406288785797.5, 262.85714285714283, 178.56224621187158, 36.72727048305114, 205.63020561401015, 203.19640873670812, 425.0027089177963, 527.5318047553676], "[80]": [29.666373624395305, 3.40077629912588e+24, 30.571428571428555, 356.75104190803984, 1.7532753708377413, 24.564157804929096, 16.437745242852657, 615.5909243701235, 367.6694354533597], "[100]": [10.76642293787404, 2.414254885475781e+32, 3.428571428571445, 452.5563191302135, 5.843469392323641, 28.621674254723416, 6.822905498512, 6.336898766373906, 59.56972684414529], "[120]": [38.35131902419835, 7.576325486168787e+35, 71.57142857142856, 542.1887052685254, 60.942046935375856, 84.94997658516911, 60.76831192265979, 8.72567555334615, 26.51166014872058], "[140]": [1628.2535802702496, 4.537767621226321e+50, 5317.571428571428, 5461.648957102203, 4429.984071807425, 5909.242920549956, 4351.739978751964, 45.97340163275658, 148.82897963312462], "[160]": [432.765851552198, 1.9472354461076123e+59, 24829.85714285714, 38080.8025423963, 11438.041355622096, 14890.734049015067, 5850.812056492519, 3041.863574125855, 3163.6758969033835], "[180]": [1667.9741235779366, 2.8311610852975855e+67, 17170.428571428572, 22532.704587432596, 23415.366821248368, 19449.083953758127, 26746.15884618486, 8639.85257823451, 7382.361840949197], "[200]": [1281.3528542063686, 1.9258664884755883e+77, 11193.285714285714, 3596.7456764696317, 6711.711143631463, 11587.061846362842, 12745.441413071367, 7621.21600067269, 8092.591872582896], "[220]": [100.71141744554552, 1.6198306258292654e+85, 2101.4285714285716, 647.9775670583069, 1321.3267603035733, 3884.4691179416805, 4401.778660077625, 907.2113422735474, 865.6205153995024], "[240]": [157.6510930128661, 9.5085081810186e+93, 428.71428571428567, 53.831306819487565, 348.292566465901, 1406.3890364160063, 1607.030718520781, 110.75595386448447, 64.89530087924925], "[260]": [91.778107679811, 3.8746981460246653e+102, 47.14285714285714, 3.273267022906282, 69.7397772333847, 471.51102302055915, 549.0262896832601, 245.88149910356276, 221.6003479256542], "[280]": [71.41068483791696, 1.5387735893052318e+111, 4.857142857142858, 0.9351779174205976, 16.766300183961153, 152.88627196980943, 180.88479007033013, 127.45136298676618, 132.14418745226808]}