{"[20]": [13.51658797339305, 10.46656467791214, 13.0, 9.176037811930764, 6.287470333135909, 7.34040742088671, 27.905035094544502, 12.62592569100997, 12.929604283825457], "[40]": [147.9655776492295, 9.162959634233646, 204.82111120283125, 13.687583619241442, 220.364557237254, 159.51817844222455, 83.92166950755727, 243.76514627058626, 96.42291942334754], "[60]": [2897.778230020075, Infinity, 4765.7769988555665, 1393.2062049331385, 663.5591535635238, 418.44850178887407, 7478.3441965713055, 122.53061088321216, 221.43963882290697], "[80]": [3710.410900785956, Infinity, 12573.850353891297, 1149.3096172605335, 7359.5263393339665, 3191.455799660695, 30120.648103569427, 881495.2292070645, 167063.80077883945], "[100]": [3036.087906411697, Infinity, 12025.92103776503, 925.8983552698879, 843.7921189599823, 2067.7413534453576, 1960.2568067862337, 316642.82673051953, 303425.9314851042], "[120]": [1485.9772898837632, Infinity, 4536.443084453009, 103.35078472800029, 54.239530077465844, 213.12844753979766, 192.19652507874366, 7345.823251225563, 9247.015513465865], "[140]": [587.3286427105086, Infinity, 731.4219128591678, 26.702702140231583, 26.653758654743534, 2.9068853504012186, 13.58938541153963, 2380.8956377766503, 1715.918833535747], "[160]": [449.1869976305003, Infinity, 96.92651088856606, 27.119214644559385, 27.210579170725, 22.56730308166698, 13.574782893557282, 1257.3022243613102, 1287.4740993108028], "[180]": [308.08917581958764, Infinity, 22.62785684759997, 6.001142979519756, 6.046806721400201, 5.241211945641588, 3.7285305869927328, 968.1071317998463, 1018.4468401239493], "[200]": [260.8422327901566, Infinity, 4.6741172401677895, 1.3046004594394491, 1.3211707790388565, 1.1857406671049515, 1.0418521079554774, 912.5277931011956, 928.3844961114078], "[220]": [241.86038281908318, Infinity, 2.0, 0.17861216345290093, 0.1707425924763015, 0.19590301490857898, 0.13791974366168744, 689.7683164385569, 710.5494476755013], "[240]": [226.1979392001618, Infinity, 0.0, 0.003637313472681605, 0.003572858368232541, 0.006182528457174152, 0.01878974754605826, 585.3660129186916, 600.0923438921641], "[260]": [212.08854915740451, Infinity, 0.0, 0.0004394801830646532, 0.00043151031817116413, 0.0008065541833395402, 0.0028416276963872233, 499.6374140759662, 511.9848009480961], "[280]": [200.06535052982923, Infinity, 0.0, 5.3100096847503477e-05, 5.211099029312956e-05, 0.00010521085587068405, 0.00042963500273931603, 437.0327884042131, 447.09028622983084]}