{"[20]": [Infinity, 42.402378807790235, 44.0, 43.99999917422197, 43.99998632290474, Infinity, 43.99999597160163, Infinity, Infinity], "[40]": [693.8124348710932, 1214.8449864200743, 993.7136433688486, 997.1636478133125, 992.7295837270462, 393.30203630813094, 1596.9467209739869, 2158.3455275302213, 899.4322642065935], "[60]": [11251.899053535617, Infinity, 18464.204436116674, 4853.568564971473, 1436.2593260134447, 829.5830289118404, 9610.300479701698, 2928.3101876067344, 5027.586409630053], "[80]": [24110.384119464372, Infinity, 1729.470036365889, 885.7661559868626, 15236.482495912269, 4533.8198983676275, 2244.876278414419, 182737.09091186075, 439827.5665263826], "[100]": [1877.886227731057, Infinity, 16903.774094469623, 126.76524395137439, 138.078665369108, 501.6317089544668, 691.1168335037388, 77430.85986799396, 175292.55767891943], "[120]": [2435.9725770035457, Infinity, 3157.8146960222093, 672.4264940267487, 551.2696556357809, 497.5708712173803, 339.38024562098036, 322.9425908881643, 901.5239155301222], "[140]": [932.1260735333414, Infinity, 677.8972390698385, 290.2440473749141, 249.76597909392808, 249.57074668900975, 199.01852765678765, 3149.5746078663356, 2867.7428699478173], "[160]": [662.9687812210223, Infinity, 199.3011911847515, 88.39869709095689, 76.07836430714137, 82.07486902441883, 81.41722887518577, 2535.2868857023495, 2562.673478608885], "[180]": [547.6760766209876, Infinity, 59.28833516385679, 31.236010003809195, 27.623716811149876, 30.363774247351696, 33.03194510939773, 2063.350132156719, 2072.1521194387665], "[200]": [514.8916531534211, Infinity, 14.24194057221602, 9.257633212597618, 8.29894526123822, 9.143066177482188, 10.244898996329194, 1529.8712367042137, 1598.395208110909], "[220]": [499.22285445588506, Infinity, 7.883686028193533, 1.2543060881588828, 0.839530715926471, 1.2396828505326873, 1.8844268671818085, 1402.8944067371076, 1426.710612172952], "[240]": [470.6960376006781, Infinity, 0.4731376509728818, 0.00028608035086262424, 0.0003455308591507807, 0.002102294979485025, 0.013404779932485308, 1157.8409721933692, 1180.902511240603], "[260]": [433.89626744620466, Infinity, 1.0, 0.9999737360757376, 0.9999646861459661, 0.9997473470929519, 0.9973699923778163, 980.2539422100397, 996.8116140953772], "[280]": [410.0185228505866, Infinity, 1.0, 0.07425665240853731, 0.11565802861567814, 0.07428416879998014, 0.00047016120150057266, 853.0672935998606, 867.9734156650454]}