{"[20]": [24.982977326427303, 25.3788813143802, 24.428571428571427, 22.790347849922824, 15.645588504835438, 11.037879511788974, 4.272312154470438, Infinity, 23.994368924728604], "[40]": [328.68624864319077, 211.65399430666008, 331.14285714285717, 42.59499869656804, 359.7736081133737, 345.45402701566684, 344.80426731305164, 209.45337728068966, 34.314449799252316], "[60]": [1714.6138801728612, 1.687067228923211e+18, 3421.4285714285716, 3358.4246255234248, 2776.051376703337, 1928.852639453791, 1665.5658836210591, 297690.4084420174, 1431.3696879573763], "[80]": [13939.634849303971, 3.729403789879908e+27, 24066.857142857145, 17587.52879186785, 9154.72608753077, 9122.484941088438, 7882.6950393119405, 5829.129670243841, 1846.340546064599], "[100]": [13485.74117832382, 2.647552091869952e+35, 27112.428571428572, 44102.68894854379, 5640.7079972383945, 1460.5405456542067, 1688.6738191549448, 150177.3154418863, 142038.837514034], "[120]": [6200.492117313901, 8.308450134770628e+38, 30407.428571428572, Infinity, 24206.31456260063, 9973.9555566497, 1175.03195515259, 1608.6221965198783, 20408.293569374775, 42980.172382895405], "[140]": [3692.296200924902, 4.976266294395922e+53, 17235.571428571428, Infinity, 7367.96756895908, 1864.5588301605749, 82.67296156496741, 784.4103471258095, 10439.573036347523, 7993.606503242692], "[160]": [1458.172953786947, 2.135402919236706e+62, 5151.428571428572, Infinity, 2209.0763200492793, 201.31563718040388, 321.0382402427681, 553.5090084629678, 2157.994597812387, 2068.122051797429], "[180]": [708.4323180441388, 3.104745092395459e+70, 1384.4285714285716, Infinity, 793.2011107999431, 120.50213647365524, 318.18369708336104, 359.622385485093, 823.941161215067, 1018.6096842571606], "[200]": [570.2548446462442, 2.1119689227880706e+80, 457.28571428571433, Infinity, 298.3404135595251, 72.30057769413844, 182.19781845110754, 165.3154083082027, 1288.3594295110622, 1294.9759625922534], "[220]": [759.6676036468289, 1.776360035683665e+88, 167.57142857142856, Infinity, 124.03995295505976, 31.014969959875984, 96.06029662379859, 72.91159296037546, 1477.1624969152454, 1466.9647380154317], "[240]": [513.0476385208458, 1.0427345148083256e+97, 50.71428571428572, Infinity, 73.15197876049407, 33.979761926927274, 66.44406534629815, 52.2893173710404, 1102.8806421906747, 1120.6121314815055], "[260]": [544.5920498598516, 4.2491225503989994e+105, 19.285714285714292, Infinity, 48.246264100831425, 27.224592114726534, 46.64058801340952, 37.219984336000294, 813.2406541606226, 811.4037625178315], "[280]": [474.6208082020985, 1.6874702090631743e+114, 7.571428571428569, Infinity, 36.73263034787326, 22.28940848656684, 36.34849088298599, 29.19814512083886, 768.2311178260977, 775.6969036577896]}