{"[20]": [1.6164485648974782, Infinity, 5.571428571428571, 2.0424621700663304, 6.386875721092023], "[40]": [9.09393323220409, 36.50928977682336, 9.857142857142858, 6.811039442823908, 6.825545279746212], "[60]": [3.817322569305894, 6.255541255077333, 0.571428571428573, 1.8811627221935296, 0.807704259345698], "[80]": [1.357577737581238, 7.386487431646692, 3.2857142857142847, 8.613949271559001, 0.40276614068778116], "[100]": [1.5512419650142562, 7.28737012333508, 16.714285714285715, 12.614844171302337, 3.1925286932874286], "[120]": [2.4193670867777257, 371.9061412376127, 62.57142857142857, 5.557318450516846, 25.635526971050666], "[140]": [15.96830029368806, 41.672414188658536, 72.85714285714283, 25.61168631586736, 8.928584443621844], "[160]": [2.366327106973131, 54.92348004117957, 71.28571428571428, 12.142538508107236, 0.8845445321329635], "[180]": [55.87650921148327, 231.06257023496852, 222.57142857142856, 22.522990107814394, 56.79259633180732], "[200]": [60.79921720528591, 6.964496430650647e+25, 707.7142857142858, 120.11467876143843, 172.42693873339408], "[220]": [60.75106854927526, 6.149536953748745e+32, 1452.2857142857142, 554.1230346171469, 226.3504193524982], "[240]": [128.37053462286895, 7.279393241736973e+30, 961.1428571428569, 441.31157081995116, 11.61282816025323], "[260]": [363.55118982796284, 2.493898186625517e+39, 1265.2857142857147, 32.1880227577858, 292.53733837939217], "[280]": [90.28790114069443, 2.9851505020518176e+63, 1319.8571428571427, 316.6452029366924, 201.62275591526668]}