{"[20]": [2.0, Infinity, Infinity, 2.0, Infinity, Infinity, Infinity, Infinity], "[40]": [2.5562343175947078, 8.141699827745986, 0.32578350659745486, 0.8345823166577833, 29.71577935656891], "[60]": [1.6193350788443541, 2.649359518238607, 4.510867551982075, 5.501360193598175, 88.29753605693436], "[80]": [5.888823591836899, 146149885.71031362, 8.371632017651578, 3.455744696386584, 144.98002468519374], "[100]": [2.267548890769802, 516.1194304692879, 2.439397320764153, 14.753971196707983, 589.1019529879875], "[120]": [4.724035627556244, 2.3027904734516103, 8.819556550727828, 8.05043139902919, Infinity, 1191.9933161196925], "[140]": [6.259438595941026, 3.161912113120467, 22.066227093057535, 15.685818078456432, 4662.437420073394], "[160]": [10.677133314272142, 310310825715851.2, 3.706787224824715, 1.9111869404501647, 14751.135812753115], "[180]": [4.074082210580129, 26149372147528.76, 12.67067147325761, 50.23602763265732, 9070.127941483663], "[200]": [4.588875676805566, Infinity, 70.08019810845097, 160.7659872751274, 57.927014783450154], "[220]": [22.687771039889448, Infinity, 251.91249719330008, 110.27373660393916, 77.72279491949304], "[240]": [59.037373788651124, Infinity, 444.4920066186897, 657.648057292971, Infinity, 153.04660657595772], "[260]": [250.0518632363266, Infinity, 569.213597581362, 984.8879983308782, Infinity, 239.868489274285], "[280]": [323.8067375160168, Infinity, 237.54091174438486, 594.9196883225719, 346.16150915640844]}