{"[20]": [2.0, 1.9998732810558355, 2.0, 1.9999989164443392, 1.9999886477992106, 2.0, 1.9999999965863111, Infinity, 2.0], "[40]": [23.32218253580003, 1874149.9380892946, 26.142857142857142, 13.318273697536348, 13.199969166990456, 13.299212613035678, 13.18577677987695, 9.507812500000107, 13.26475211410784], "[60]": [362.90958376148535, 1538406400981089.0, 626.0, 201.79355840646406, 206.03021538870928, 205.8190228896616, 205.50570449373424, 1266.9535111124067, 25.5794554674477], "[80]": [137.27840396604552, 3.40077629912588e+24, 4825.285714285714, 501.67084224078644, 198.4125644795713, 505.5967641366442, 6392.5161993447, 13709.919625014893, 2203.975217155441], "[100]": [776.8945815826373, 2.414254885475781e+32, 3501.0, 882.2154518501266, 733.8167393041167, 1113.504172958019, 1021.5864276407601, 4150.169841304058, 916.9601337633085], "[120]": [306.98424569822555, 7.576325486168787e+35, 1354.8571428571427, 25.813017214891715, 56.091362310141676, 12.605619528240595, 17.150854503956907, 697.2880562486009, 475.00961413294226], "[140]": [4.553736989752451, 4.537767621226321e+50, 282.1428571428571, 64.81874987017554, 103.34611818521216, 66.67005536975705, 89.39530985142204, 280.47999567487864, 229.79611798355796], "[160]": [134.38681282299058, 1.9472354461076123e+59, 59.85714285714286, 56.10459973420782, 75.39174953152869, 56.20566731926937, 80.81966401006586, 119.35650740692489, 143.33617290359737], "[180]": [210.21797234004657, 2.8311610852975855e+67, 31.0, 19.09324063528551, 28.36798618793381, 19.103132523716653, 33.9213760561528, 97.23477159153379, 112.16434412056418], "[200]": [157.9346324747271, 1.9258664884755883e+77, 13.428571428571427, 9.31268823797345, 13.19232447199207, 9.314199952872777, 15.977766037593387, 83.62109258726755, 90.75771964084979], "[220]": [127.28315180748382, 1.6198306258292654e+85, 1.1428571428571432, 3.4739043168816637, 4.254546363429627, 3.474133670911548, 4.825738007780812, 64.45045560467923, 68.8292592431279], "[240]": [120.70755027560244, 9.5085081810186e+93, 0.2857142857142856, 2.093922216162912, 2.5661760841038856, 2.093956577866854, 2.9369543927925337, 38.41769580219837, 40.018936693092], "[260]": [110.2633024518866, 3.8746981460246653e+102, 1.1428571428571428, 0.3014919017417168, 0.14381828970095784, 0.30148688032210724, 0.01846747441307458, 45.898211559127894, 48.38019394858844], "[280]": [93.01027116223804, 1.5387735893052318e+111, 0.0, 4.28049307214671e-05, 6.045134048300076e-05, 4.206787781527524e-05, 0.00031652090573556623, 34.315136769349024, 36.3206173182171]}