{"[20]": [20.38763968199644, 126.04306027696158, 19.042225905170714, 55.78997810896208, 37.12417035227752, 20.496165769346966, 18.607428321896744, Infinity, 16.976532359554124], "[40]": [192.0966949480557, 150.80924335167742, 207.52810064054987, 78.2963367698285, 227.7053838988845, 27.008460598942143, 138.21179813582717, 400.5821409691375, 56.05900747353371], "[60]": [75.21367590153612, Infinity, 90.23478123360212, 281.1096202715802, 18.250181577016004, 68.45755097341932, 55.49961565628503, 2156.451828292156, 402.42865785776365], "[80]": [60.53360041122684, Infinity, 39.92169048117961, 287.3746161628602, 17.667270328839177, 45.142774716269315, 28.834915751558963, 3181.411947123962, 675.9849291257506], "[100]": [11.596053554443392, Infinity, 26.43575221678226, 294.3137766668515, 7.426445363560618, 4.374977895870767, 16.13604405187969, 21.457298246004996, 26.63345069654681], "[120]": [78.75863595270937, Infinity, 125.93837264896503, 432.4079274906916, 151.27697768522808, 152.48361926452114, 153.1692397682323, 115.13051807266493, 118.89378023605494], "[140]": [2081.889533298838, Infinity, 3423.938164046458, Infinity, 4133.055936748227, 3304.2326508975493, 3746.3754080625436, 3303.987956941095, 259.7100065972519, 404.914015338057], "[160]": [7151.835796899286, Infinity, 23174.164873836424, 17553.451021377983, 12964.33146888491, 9040.050799910376, Infinity, 21907.987976966797, 8324.052756558815, 8561.234983906714], "[180]": [18604.725367718806, Infinity, 4433.969894756491, Infinity, 28946.553750521492, 7644.786511114374, 8785.853928680832, 145365.79738859608, 44552.6189356286, 41452.13014450622], "[200]": [6048.786038713448, Infinity, 21250.587475263586, Infinity, 7272.292902660197, 20595.091112174017, 13644.11561228012, 96194.549771731, 98564.0691224225, 88367.27491008276], "[220]": [2037.0118258272032, Infinity, 7904.473372146067, Infinity, 807.7746103833808, 5012.157791355368, 4380.124092548053, 7318.713258872038, 2489.909552094269, 2229.4990451957556], "[240]": [580.1544108422247, Infinity, 1969.777226959595, Infinity, 132.70306870732742, 1283.0695233851436, 1983.4827062394525, 1918.427341897399, 282.4563610980775, 192.04346512518484], "[260]": [441.24755639050926, Infinity, 192.60684692619452, Infinity, 59.941135323734414, 205.90970423615988, 753.5354942491196, 713.5386935474698, 1022.9446930437097, 1010.0286469854801], "[280]": [330.12438803342974, Infinity, 36.91264018201284, Infinity, 21.329103180971163, Infinity, 53.099011042509666, 277.7397564451639, 265.4585910359612, 795.1154070998684, 810.353324844981]}