{"[20]": [9.52974322669034, Infinity, 7.158278684256687, 1.437742738576371, 48.32058745055209], "[40]": [20.467327534507742, 2798.587600696063, 237.56706669407163, 84.1766601904161, 8370.980850258524], "[60]": [302.0834671850235, 1424.0574196993998, 6320.6907268549185, 3053.42379164342, 8197.662581453535], "[80]": [59.14179387619166, 11254.437944420451, 7010.307427456712, 5835.717385325784, 3435.016663337917], "[100]": [2116.6964683392707, 14487.771516764045, 10962.653035273832, 257423.7175021335, 2781.5860876721704], "[120]": [997.6974099813119, Infinity, 2154.9580382192507, 139135.9144618948, 755.0408095001978], "[140]": [136.26424691455875, Infinity, 458.8714277624694, 1416.2612727619457, 289.5476403659592], "[160]": [212.12233428092932, Infinity, 158.14875611926578, 7633541.439144784, 119.93470850692705], "[180]": [185.215395173211, Infinity, 53.530014642294056, 9835866.036854152, 44.96617654052442], "[200]": [131.20198374159185, Infinity, 18.21008172425928, 9564516.468483854, 16.19533966885328], "[220]": [110.00696546812773, Infinity, 2.7077197516857456, 9254216.450351687, 2.8779346055378645], "[240]": [102.12550868381174, Infinity, 4.329954123107151, 0.33496714225092344, 2.1060919551474497], "[260]": [101.6790685181361, Infinity, 0.9252045520181482, 0.026750117341549282, 0.4390227269781213], "[280]": [111.95736882116141, Infinity, 0.0, 0.016574767230123688, 0.2774463965109787]}