{"[20]": [Infinity, Infinity, Infinity, Infinity, 14.571428571428571, 6.662202234445488, 12.370000380102821], "[40]": [Infinity, Infinity, 71.0940374628882, 158.42857142857142, 259.3594079519382, Infinity, 138.51491413363823], "[60]": [1012.0908144590342, 185.6994588244906, 350.2857142857143, 576.5005128928824, 389.93543005862205], "[80]": [0.24502956811352306, 58.028570215799846, 176.71428571428567, 746.0892928190118, 84.51925993513646], "[100]": [97.67409332918055, 193.52889357605, 160.8571428571429, 946.4127591281784, 19.90837949920524], "[120]": [683.0076146300305, 1.0213097282192641e+26, 892.5714285714287, 1843.1372366839664, 772.9062001882844], "[140]": [5152.622300498337, 1204.9582630310615, 8694.857142857143, 9700.028833543336, 5179.82952801539], "[160]": [7940.321104878497, 1.487810092352287e+34, 2670.0, 8800.97008698921, 425869.075691661], "[180]": [937.6551645189215, 164762.96381366107, 6104.857142857143, 1824.60589116912, 528986.4928836873], "[200]": [891.8139009363153, 9.301934292434783e+30, 1430.857142857143, 866.2474529249093, 239702.24848273894], "[220]": [943.0237179819287, 2.754583234329868e+58, 285.57142857142856, 425.8514489618168, 110292.57387438459], "[240]": [179.98590018517064, 6.574070717362215e+32, 74.28571428571429, 17.65353150009536, Infinity, 53580.748804032715], "[260]": [136.1622540311313, 9.227052159852758e+76, 12.428571428571427, 5.034677934982217, Infinity, 19284.87077010806], "[280]": [663.1914454703821, 1.323180923629409e+75, 3.0, 1992.9086955088196, 664.9391853239578]}