{"[20]": [Infinity, 0.00038431969908012077, 0.0, 8.756466713984944e-07, 7.900128624105816e-06, Infinity, 2.5035488720457547e-06, Infinity, Infinity], "[40]": [16.569964811426082, 6.800933215796709, 45.021701260712646, 12.995652038782811, 43.14860273749739, 36.15915908744677, 22.13523509559086, Infinity, 180.36595267465663], "[60]": [711.9399229347825, Infinity, 1628.2842037491253, 415.9953106361377, 2173.490497695664, 1968.7849938877087, 1235.369145842914, 1542.8106886103271, 136.83497242742078], "[80]": [1263.4539400260278, Infinity, 15179.944571023136, 3659.3366424667333, 1204.7145693682533, 614.8157172798238, 1747.0290702121608, 6021.555651451242, 8035.432460615935], "[100]": [688.9451766162891, Infinity, 10041.990696941171, 1039.4969438909714, 4983.460308426786, 2948.3692681186258, 16923.539438505486, 18190.063696467198, 8396.825525699305], "[120]": [592.3493723528612, Infinity, 5570.630745797389, 133.27206658354157, 572.8969649224241, 435.95803650829095, 654.6844848473443, 2337.824434306742, 1471.9094826261296], "[140]": [237.34027315684986, Infinity, 997.3092563641264, 323.07590060053445, 235.8612621590082, 207.53076100979123, 168.7029775109804, 274.2842247758414, 266.1341462528149], "[160]": [129.185139080738, Infinity, 273.26650381914396, 171.58362096619322, 134.6139826354242, 148.64218372103866, 196.81941206810458, 56.61110904512042, 33.7424773013242], "[180]": [124.87056481931704, Infinity, 77.92714588241965, 72.80275522427836, 60.05070938479234, 68.947313112565, 101.75885527844748, 336.98804937258427, 336.9937717005613], "[200]": [86.76540211532857, Infinity, 22.678442233755437, 15.953271319243825, 12.900239974000955, 15.353047603999824, 24.46327289479809, 195.98904700679267, 211.56567447002897], "[220]": [87.26229076168077, Infinity, 7.032223531330844, 4.727817656372349, 3.7695664726320475, 4.638174120965218, 7.929450243415897, 173.91861074831172, 188.78460542187045], "[240]": [87.48522967640453, Infinity, 1.6556373954814771, 0.39134558554337995, 0.2542225953704936, 0.3783110012360059, 0.8421111147037337, 172.25333652730455, 179.09518606011645], "[260]": [74.47356191736141, Infinity, 0.6089399015187534, 0.000549481827041968, 0.0007019060920739487, 0.0023244773208320048, 0.009190920916758374, 117.35038828675195, 125.2643408471337], "[280]": [72.81807636076391, Infinity, 0.0, 6.29167486317577e-05, 8.15823460844428e-05, 0.00031057020985087553, 0.0014117639111031872, 119.82715596969294, 124.48516699559194]}