{"[20]": [8.798026602167228, 2292.7450045799214, 7.857142857142858, 46.029886193248544, 37.06914207803576, 3.1041567533416874, 4.270491444404548, Infinity, 7.502010736371462], "[40]": [40.81689751158831, 15.938900981136612, 91.57142857142857, 21.82649489483188, 107.22885569607365, 63.923159014376, 49.15027389987901, 55.52613987669045, 3.204617144521052], "[60]": [155.1687267513621, 1538406203420394.5, 582.8571428571429, 345.5086337237892, 342.18524069154046, 419.21773794103933, 380.2131939480033, 494.37045870588804, 357.5526243585073], "[80]": [260.34759124885886, 3.40077629912588e+24, 422.7142857142858, 957.2177368639864, 289.6933087132247, 392.63520795442923, 195.83126022693637, 2611.877447753098, 2606.7149190823666], "[100]": [64.99366420502656, 2.414254885475781e+32, 567.2857142857142, 1574.5140790117057, 392.5916259634605, 805.5878289864268, 151.44806711475758, 78.05742918521764, 54.55886962905379], "[120]": [72.67983356793775, 7.576325486168787e+35, 778.4285714285716, 2201.433878926936, 491.70007083192013, 1303.3580381841543, 190.94955207571456, 157.66190215727693, 152.17066074112336], "[140]": [4343.918290850881, 4.537767621226321e+50, 16604.857142857145, 15887.73765389406, 13031.432578272274, 16753.463852774665, 12810.329695270819, 5077.35044009097, 4940.61810832881], "[160]": [2926.26454795427, 1.9472354461076123e+59, 5967.4285714285725, 35200.89031245107, 10578.804130796387, 3743.048467852066, 21447.42811275352, 8545.733449496882, 7865.595853933693], "[180]": [91.91427821485195, 2.8311610852975855e+67, 18665.571428571428, 8631.501122870144, 12603.719726368716, 15307.231475635614, 16202.379005378403, 895.8513150708604, 1117.2889679254513], "[200]": [438.94845008673656, 1.9258664884755883e+77, 5062.0, 1501.4107221567356, 2546.425052365489, 5103.128411175192, 5692.967075471044, 277.0809611209438, 433.3995455931081], "[220]": [71.1458040762518, 1.6198306258292654e+85, 945.2857142857142, 458.67580071084524, 453.4073965701434, 1506.7207239216127, 1723.5719001588736, 182.71955291077688, 219.26948177969575], "[240]": [243.366182962327, 9.5085081810186e+93, 338.71428571428567, 50.73891290808217, 186.47240867667927, 546.8129062539278, 624.6358108143669, 574.4939754417611, 515.6644953058917], "[260]": [178.55786997382893, 3.8746981460246653e+102, 47.14285714285714, 3.0811888774380307, 35.070591444049654, 178.17709441742826, 208.83561494122716, 264.2341157036798, 255.94850852086523], "[280]": [109.49363629743493, 1.5387735893052318e+111, 4.142857142857142, 3.1352564953356774, 4.0099631652002365, 51.71322937459975, 62.50018253635926, 157.23886535775466, 167.04151214919779]}