{"[20]": [Infinity, Infinity, 2.0, Infinity, Infinity], "[40]": [Infinity, 1.0826928738859767, 1.0, 0.8571446013154311, 1.8335656425268612], "[60]": [0.947184873577374, 0.4047651967852719, 2.428571428571429, 5.1156608199943445, 3.174230520623745], "[80]": [0.5034813760753594, 0.5942373649842754, 0.5714285714285716, 1.3975939889288278, 1.5442204446254155], "[100]": [0.19407851750421717, 1.0065823557412608e+17, 0.0, 1.0898599135337974e-05, 0.053087941443880814], "[120]": [0.18572254977169983, 3.507823940914485e+23, 0.0, 0.0, 0.0], "[140]": [0.10772172850361506, 7.845553681294917e+21, 0.0, 0.0, 0.0], "[160]": [0.07285344775018072, 1.3041780475250356e+40, 0.0, 0.0, 0.0], "[180]": [0.002474087752333036, 1.3277288656138148e+57, 0.0, 0.0, 0.0], "[200]": [0.0020496202543830305, 4.648489115818834e+56, 0.0, 0.0, 0.0], "[220]": [0.0017476785359830521, 9.082409193381921e+76, 0.0, 0.0, 0.0], "[240]": [0.1198250759473827, 4.2272281910739696e+77, 0.0, 0.0, 0.0], "[260]": [0.0911989163575892, 8.603035038763147e+81, 0.0, 0.0, 0.0], "[280]": [0.04270469726128556, 8.671413251078722e+99, 0.0, 0.0, 0.0]}