{"[20]": [15.0, 14.86103575116683, 15.0, 14.999999360263562, 14.999989870787624, 15.0, 14.99999999969174, Infinity, 15.0], "[40]": [47.89167583771807, 25.412496052770905, 57.42857142857143, 128.6339527392665, 72.9363662126917, 62.46099964571826, 53.16740010228531, Infinity, 70.71733664085895], "[60]": [79.74035444623672, 1.6870675044189368e+18, 84.42857142857143, 146.08472948665158, 74.52430307067749, 116.63476974842999, 68.6664433368984, 119.28935288976595, 127.46131881296596], "[80]": [173.21907355621371, 3.729403789879908e+27, 234.28571428571428, 355.22316426609524, 205.27010977997563, 195.66265800237983, 147.93506596899812, 116.04582276859242, 75.84029073544252], "[100]": [301.77829637548393, 2.647552091869952e+35, 678.4285714285714, 888.2612733979781, 570.398499443539, 686.0648932073717, 145.88207227006762, 50.53831431754202, 98.19847562865493], "[120]": [844.2195074780648, 8.308450134770628e+38, 2414.714285714286, 2374.048939734232, 1807.1987049357713, 2179.2898011226594, 591.1085508542815, 263.9214818732471, 234.26146090123166], "[140]": [769.9742114618612, 4.976266294395922e+53, 4142.714285714285, 1910.1226524693657, 758.212512283646, 658.920949756297, 769.1084224079605, 1315.6142595395595, 1128.1398502763986], "[160]": [394.27946084984615, 2.135402919236706e+62, 3935.2857142857138, 3130.5632615076047, 1351.9512243660483, 3003.9976558298113, 604.3930864360318, 1383.2459825948154, 696.3785440205356], "[180]": [600.4690591547296, 3.104745092395459e+70, 2786.7142857142862, 10065.344648876846, 1320.5726772590424, 3238.7677224934214, 1039.8941338874629, 508.7634423627278, 677.4090680780282], "[200]": [1600.798162833933, 2.1119689227880706e+80, 2334.4285714285725, 15381.588656577176, 1214.6372143281005, 4562.2381457052525, 229.94442943800823, 5358.741759035242, 5122.099405312743], "[220]": [1084.9160997970976, 1.776360035683665e+88, 4161.142857142859, Infinity, 12763.48666332534, 3974.659217361521, 931.8729234753009, 5095.70276617958, 313.47841805795724, 264.63390835857354], "[240]": [562.4185579010409, 1.0427345148083256e+97, 5600.714285714286, Infinity, 7235.607214500529, 4025.635306796272, 6020.725083273124, 4046.652383576744, 1999.5555543002756, 1960.330292953231], "[260]": [212.11845548607835, 4.2491225503989994e+105, 3697.7142857142853, Infinity, 3406.6254848747794, 1622.7469269356916, 4753.648968745569, 1926.6124933064439, 842.3720327185383, 784.5083936868887], "[280]": [297.38547836233556, 1.6874702090631743e+114, 1972.1428571428573, Infinity, 1319.7483027401954, 652.5939809281908, 2586.580551895203, 866.2924362297035, 576.5863409923336, 516.849509756541]}