{"[20]": [0.0, Infinity, 0.0, Infinity, Infinity], "[40]": [0.9267007712462979, 35.35161811828539, 0.32877354372486545, 0.08685768279971921, 13.738892054137619], "[60]": [0.5896589650028027, 0.686762619056621, 2.5520834091586657, 3.797121128825276, 40.20379699725837], "[80]": [2.234067741836341, 116966.41733857871, 3.4449722811297234, 1.9697377274899934, 65.36478526673578], "[100]": [1.3510639184758437, 50.31975767049642, 0.4984792563359601, 5.955789691903219, 268.0587959270622], "[120]": [3.36040196793512, 15.553814233847548, 2.9888020183898987, 5.266129900020847, 545.1399649365911], "[140]": [4.530496137413982, 1.9412120446885768, 13.027869161845494, 8.296415499394454, 2126.806442564407], "[160]": [5.763112515619315, 282966817775.586, 1.1552955439817185, 1.0212183342513286, 6741.948591297729], "[180]": [2.1954195641952707, 53584926742.089005, 6.891782627331329, 15.346041460083892, 4143.349256028364], "[200]": [8.966637493024296, Infinity, 38.577980066373286, 52.8029107840733, 27.08956748290288], "[220]": [4.663012720335013, Infinity, 117.60871724870171, 34.37369302778908, 33.29604796339802], "[240]": [24.279543903549186, Infinity, 209.01682623922724, 324.37657534213054, 67.20717855227853], "[260]": [17.367096383461984, Infinity, 411.0047040198995, 532.4036631664547, 140.84219791653888], "[280]": [149.15503297967555, Infinity, 22.3208690689432, 344.7818031321991, 128.18182428342428]}