{"[20]": [Infinity, 8.402378807790232, 10.0, 9.999999174221966, 9.999986322904732, Infinity, 9.999995971601633, Infinity, Infinity], "[40]": [107.78712669014676, 1065366639.9773996, 143.5026538863162, 4.339734192529966, 36.94256309713204, 145.3447908827126, 87.96618702347365, 258.9053453654549, 107.2757110984595], "[60]": [1294.247424816373, Infinity, 1827.9159649719868, 1758.1766799702923, 1763.0650756973137, 511.31868532997504, 208040.60732149304, 336.3731570091394, 356.6909000462098], "[80]": [7003.754357494332, Infinity, 14821.450699581286, 5823.9924150873, 1153.4129434582617, 915.8847927952258, 7167.409646957962, 5937.5818073644605, 7127.259512542274], "[100]": [7146.614459336128, Infinity, 2617.105092259014, 2016.7259259127363, 7642.419550513778, 252.15045012880145, 584.1654929873689, 97568.67498115885, 40891.55707496153], "[120]": [437.9476111016369, Infinity, 14119.923508732662, 565.472994745732, 1344.1130746035385, 1367.8720655566713, 1265.409354510628, 219552.12055884933, 178214.30423183853], "[140]": [745.2944212268785, Infinity, 3937.0192566688456, 595.4504971898509, 267.995786572613, 246.40817058459976, 196.0290714662254, 1408.792706667509, 90.35986881480483], "[160]": [538.6989315797751, Infinity, 882.7166351055305, 377.57665364916784, 285.9797335357839, 276.24228129117046, 246.94918052946068, 288.93799741302047, 805.1977542939752], "[180]": [306.5202570632873, Infinity, 232.30861210346188, 225.61065643215008, 192.97886866141664, 201.17292036133696, 200.2138299258207, 748.7657478609489, 816.2910624245576], "[200]": [431.5411543525604, Infinity, 78.66735738450508, 131.14156928397784, 115.92732592050179, 126.06121919396168, 133.50590735534976, 1224.5758354726202, 1182.041877408097], "[220]": [322.40422576938295, Infinity, 41.3709778238781, 91.46213251438925, 81.35612894708035, 90.46782934489714, 98.93145657900732, 829.2152899866944, 829.2027634236362], "[240]": [255.34107336759283, Infinity, 8.011877713141725, 80.10050459099082, 73.87140240280957, 79.91176710901435, 85.82670351535975, 550.3465933062898, 542.6853038638873], "[260]": [168.17402674798328, Infinity, 5.436395499727715, 76.45583672432177, 70.5017312632376, 76.42071460640014, 82.34958144995053, 97.81751332310395, 125.84785216647347], "[280]": [217.807725977901, Infinity, 3.5473763705026675, 75.46421747202366, 69.51075328576547, 75.45777214398694, 81.44726695730769, 273.9278548217735, 288.6162154255034]}