{"[20]": [0.0, 0.00012671894416448786, 0.0, 1.0835556608317027e-06, 1.135220078943924e-05, 1.587101661449283e-42, 3.4136889582377806e-09, Infinity, 0.0], "[40]": [0.783443917339053, 105035.0081537139, 0.1428571428571428, 3.973083470212262, 4.144568629029187, 0.6627348593156566, 0.7535305310209497, Infinity, 2.2115973094656205], "[60]": [1.2572038313134088, 1538406481468144.2, 1.4285714285714284, 2.7995400509623973, 3.303968971289522, 1.9888986661301726, 0.9594235779424598, 0.2172984737813497, 0.3727597958155231], "[80]": [9.741808137113201, 3.40077629912588e+24, 11.428571428571429, 12.1529608906012, 12.454887502977398, 7.398609330884046, 6.712912755229556, 10.875046057193975, 12.595396784827766], "[100]": [22.049365068710117, 2.414254885475781e+32, 26.857142857142858, 27.586711650778227, 29.093565844088165, 14.936503189713271, 15.350047893287666, 5.385436929869641, 5.801605190243542], "[120]": [39.79483355579333, 7.576325486168787e+35, 60.71428571428571, 49.49731388342401, 50.86520860740545, 14.5571081587033, 14.220489528875277, 7.454804652305114, 8.972809660881524], "[140]": [144.6196005224017, 4.537767621226321e+50, 202.57142857142856, 20.399591899312384, 5.565021338237273, 7.005979315697402, 1.3906929080848727, 32.55105194838893, 34.54271073457119], "[160]": [317.8169439194726, 1.9472354461076123e+59, 536.1428571428571, 96.49887899119335, 85.13819559676199, 87.19460315715696, 98.58870634321374, 202.02058581338406, 200.4485112401626], "[180]": [75.08295195642768, 2.8311610852975855e+67, 485.14285714285734, 168.86152348490532, 185.40946682949698, 190.84275622436735, 201.4830826038692, 48.808277020562855, 100.70176099043056], "[200]": [52.74966563559701, 1.9258664884755883e+77, 290.85714285714266, 173.7406905897501, 159.73262247831053, 92.1226957625272, 98.17948605668653, 331.1714044472765, 322.9211412716777], "[220]": [7.337324578959851, 1.6198306258292654e+85, 600.5714285714287, 170.6379134289557, 167.69272750023538, 152.8664991117423, 161.58301645424285, 137.99255400671177, 140.9249239917649], "[240]": [1.9547186126851557, 9.5085081810186e+93, 274.1428571428571, 63.92462085566979, 63.17615739251187, 65.10903735409397, 82.34946491547066, 127.07491570339448, 126.05334213776803], "[260]": [3.855270948260909, 3.8746981460246653e+102, 136.0, 42.82885976799574, 42.858727425497335, 45.833067626853335, 55.89750666606332, 30.278933582357723, 27.066974437466058], "[280]": [7.488914965746972, 1.5387735893052318e+111, 44.14285714285714, 12.10886112449245, 12.154302784696426, 14.242178260217088, 20.145615649276053, 16.16664527529089, 15.674260988070252]}