{"[20]": [4.732048073236933, 120.16512642471699, 4.189248173180788, 6.068620650285806, 15.890591027865426, 2.9477302122863955, 42.37447778909574, Infinity, 2.991859778362975], "[40]": [11.871728471771094, 94.80651433742091, 35.511953039617694, 44.69783465460373, 28.870471735267234, 31.144247433710888, 122.95829829413701, 39.99948197916479, 44.77745892720693], "[60]": [405.82218507868265, Infinity, 598.2316102236836, 464.4508547643363, 344.7839102550485, 50.74160923250087, 532.9350737551698, 15997.824935832296, 91.8463763956047], "[80]": [2954.2556972293683, Infinity, 4043.166405127685, 1883.5269024897764, 641.6680852502768, 659.0437540671162, 648.767002296869, 2542.983651726281, 1002.057885725071], "[100]": [207.34888358710347, Infinity, 278.7596583823971, 230.97517886188712, 1588.9873947766675, 823.3763578920731, 238.2473584675217, 5291.56274328579, 4392.0774764281405], "[120]": [92.56545700258262, Infinity, 3325.13415399014, 9.10866202542464, 326.7098599383175, 10.923902748390645, 156.28253759535656, 7124.402408458657, 6437.099708307483], "[140]": [131.56795813675845, Infinity, 896.8630825462445, 164.20484914886856, 34.01232234537457, 3.4795382249630067, 60.95905944664871, 110.83571008164769, 123.09465655878476], "[160]": [104.31390428758236, Infinity, 219.428764879531, 114.61476750611772, 58.144647722346114, 58.181628917028085, 60.535711196616354, 30.43990486920445, 15.959660221530227], "[180]": [124.09321558483626, Infinity, 72.56122704240516, 40.462493007496676, 17.085842920231936, 26.212486174116005, 16.3737717385211, 235.59499128674778, 233.191550508904], "[200]": [92.85050304715818, Infinity, 3.9244417273077956, 41.31402087351234, 31.611830440175908, 38.12583902264069, 30.97750869990995, 72.63699460792361, 75.60627116397443], "[220]": [115.48797822227843, Infinity, 8.319424173369303, 18.76258692543896, 12.130882423928293, 18.086432822718486, 11.565319921235155, 120.86865168358236, 122.53968664901817], "[240]": [86.71382492884864, Infinity, 4.512660386292679, 15.840971823893875, 11.323355853189096, 15.70190679161226, 10.915538528282035, 32.71606045294103, 35.84108886942868], "[260]": [79.68414882208322, Infinity, 0.5947248119510792, 11.779754204305856, 9.433005664226801, 11.75170055751131, 9.218597180290388, 49.64016936703153, 49.751440933725405], "[280]": [74.97426375830273, Infinity, 0.8347663330765486, 6.783201198604079, 4.434998823560281, 6.777615613290039, 4.2195021107786586, 66.60585815969523, 67.61780576908049]}