{"[20]": [6.0, 46.88107285594636, 5.285714285714286, 27.773378808743423, 24.102463243780516, 1.6637385533320943, 3.773704527922696, Infinity, 5.047943843843074], "[40]": [18.80766521171874, 1733259713.7777615, 35.285714285714285, 40.52126072076064, 39.268072522978684, 40.82161624679608, 39.47113517740378, 27.374810019563725, 34.546084489224185], "[60]": [189.05708945242645, 1.687067509768367e+18, 224.42857142857144, 244.6769319615452, 252.9477477678557, 17.859222882100596, 18.17907518889882, 22188.461911489863, 0.2512652022567181], "[80]": [51.920722924913946, 3.729403789879908e+27, 26.285714285714278, 183.93873105941512, 31.003142017910477, 120.65502057054258, 144.25478774139307, 706.2598373876594, 1636.8667672119084], "[100]": [15.362730220807123, 2.647552091869952e+35, 2.0, 256.8966555394833, 25.575003398697845, 10.29680316537872, 36.083660724701076, 1074.7163845255168, 607.6818910210555], "[120]": [19.84158257216859, 8.308450134770628e+38, 10.714285714285722, 293.4621288899965, 25.982564936670713, 20.943128506469066, 24.52521954945729, 26.24331255927052, 7.118838510537216], "[140]": [1333.669713735289, 4.976266294395922e+53, 1587.142857142857, 1905.1666160620473, 1516.9793151616138, 1612.9289771070135, 1516.9959126029714, 1394.5114151877676, 1399.1323977954287], "[160]": [3808.193750556764, 2.135402919236706e+62, 10801.0, 9426.904440193923, 7263.066974497629, 6768.687985258934, Infinity, 9696.999800376861, 3522.826934155186, 3438.2690126165617], "[180]": [4559.368612658054, 3.104745092395459e+70, 1284.0, 5717.475098368312, 11720.568744727065, 14270.394476579168, Infinity, 2854.000009749194, 4072.20904046515, 4691.609057287787], "[200]": [319.63785761608415, 2.1119689227880706e+80, 8698.0, Infinity, 1152.723855748959, 7116.021519133839, 8278.91457187559, 8517.995157874082, 8660.394159469673, 5845.985656349581], "[220]": [41.43778321435275, 1.776360035683665e+88, 2205.5714285714284, Infinity, 1146.772830277781, 1842.1358618186905, 2496.746042589023, 2729.1881042886043, 629.4486118420205, 495.0871144462758], "[240]": [292.7697771794228, 1.0427345148083256e+97, 409.14285714285717, Infinity, 517.546744772745, 616.024949297914, 902.5332968057239, 1019.2557469469652, 776.9930228566988, 726.0590108994206], "[260]": [249.05307438315322, 4.2491225503989994e+105, 56.0, Infinity, 194.50768221740984, 205.01543487405132, 328.2675133400555, 379.4502419000277, 483.0733571622639, 486.2432878866099], "[280]": [166.82331682855647, 1.6874702090631743e+114, 2.857142857142857, 63.54127797216458, 64.96380953669319, 113.60554028105634, 133.94208330944738, 280.52876707062956, 287.6329715636157]}