{"[20]": [6.0, 46.88107285594636, 5.285714285714286, 27.773378808743423, 24.102463243780516, 1.6637385533320943, 3.773704527922696, Infinity, 5.047943843843074], "[40]": [18.80766521171874, 1733259713.7777615, 35.285714285714285, 40.52126072076064, 39.268072522978684, 40.82161624679608, 39.47113517740378, 27.374810019563725, 34.546084489224185], "[60]": [346.8958419627586, 1.6870675097683674e+18, 368.57142857142856, 393.64654560186614, 401.2211837502589, 152.37861057033638, 156.33169867893395, 86970.6990215854, 162.18363481081383], "[80]": [1377.719868190698, 3.729403789879908e+27, 2887.857142857143, 400.72011365673916, 137.0298357784718, 166.57727931443424, 192.5616277798681, 488.9171362657444, 437.1169161866592], "[100]": [2673.5422289496, 2.647552091869952e+35, 9087.714285714286, 2343.972841387742, 636.1048843417775, 1037.4230539765267, 25.440297372811983, 8960.195198755948, 5236.545424402961], "[120]": [1784.0600367515653, 8.308450134770628e+38, 3084.0, 1152.8815377429037, 1839.4269866565737, 579.7036258189455, 167.68626198925995, 125911.089671353, 102106.13099929094], "[140]": [1380.66014108923, 4.976266294395922e+53, 6674.0, 424.3759074023019, 498.1265331470663, 553.3594772070583, 488.54304240920646, 16902.490883410675, 2643.0635631966825], "[160]": [38.79569328790649, 2.135402919236706e+62, 1966.5714285714284, 24.533733431029873, 25.231174229343083, 61.91875560204767, 54.66037821304246, 1862.5641651025005, 1739.7163124529131], "[180]": [685.3909609534016, 3.104745092395459e+70, 425.1428571428571, 47.682720788339395, 47.50994797101032, 35.597894332622275, 36.021784185142536, 815.6669510406648, 748.3582485833251], "[200]": [395.7148341269299, 2.1119689227880706e+80, 112.28571428571428, 26.626832743272317, 26.499798500002818, 23.103008115453513, 24.111017988748884, 629.0778077785016, 633.1131067234332], "[220]": [203.3718617388986, 1.776360035683665e+88, 31.285714285714285, 10.742936502627158, 10.696715037563212, 9.845454114721406, 10.487043627204272, 428.2040692767721, 430.3763388495583], "[240]": [241.85374684757517, 1.0427345148083256e+97, 7.571428571428573, 7.861471778808978, 7.836582390144191, 7.6479354607739864, 8.292226538115823, 410.41532310798823, 414.32736163446816], "[260]": [102.45427435669126, 4.2491225503989994e+105, 5.714285714285714, 1.5529761078222262, 1.5473470578229023, 1.5041295889330173, 1.64703089704253, 201.94414318177422, 210.14444808853852], "[280]": [144.2595424451597, 1.6874702090631743e+114, 2.857142857142857, 0.2508214129382634, 0.25533059695998234, 0.2616992069769504, 0.11203568330409486, 228.03539578862186, 233.54308040061719]}