{"[20]": [5.9368401567725595, Infinity, 17.417570869656153, 9.395453663468878, 23222.22312692262], "[40]": [0.6496359108537422, 238.51740019750713, 333.1447039605704, 98.71330346924925, 569.6807641684791], "[60]": [288.0514078723663, 6562.924010573641, 7024.902614382064, 2632.7637425206062, 8374.746705686724], "[80]": [6212.886144070249, 6258.917964384148, 10191.016010372836, 11862.960337950906, 1820.5227893263095], "[100]": [208.81426075375262, 11260.633713129208, 14173.240799072044, 1306.5907334863782, 3223.467390802649], "[120]": [567.3702819370567, 1256835901151486.5, 3466.8665012168512, 1398.4649369594185, 716.6005704863283], "[140]": [168.16408364080456, Infinity, 587.3403278183878, 216.17233564038435, 100.803881175079], "[160]": [469.3354983797428, Infinity, 133.62892700848926, 44.45096244042404, 25.997461095537886], "[180]": [386.01475514258084, Infinity, 33.195126694310964, 15.656173773948193, 12.87089149600854], "[200]": [274.07795611256495, Infinity, 0.2699910672305695, 4.7939750724998555, 4.546496774026735], "[220]": [191.9691739707765, Infinity, 1.4824010286746814, 0.8382135261709877, 0.6349541711619786], "[240]": [144.52139995156318, 596226361225110.5, 1.4295442547932928, 0.23690251061013906, 0.10916715219432346], "[260]": [112.88368678235824, Infinity, 0.6073193650102262, 0.0076954571944369676, 0.10867493824143581], "[280]": [98.31025261789236, Infinity, 0.0, 0.007749450579973089, 0.10898091567512748]}