{"[20]": [30.003413004257382, 16.112174355900645, 30.58920947769578, 51.34776916774776, 31.196764128649846, 13.303306432155443, 135.9927358004918, Infinity, 11.286205482381199], "[40]": [561.29451902904, 154.5860821344286, 613.30535944499, 175.7903464974507, 645.6618339598252, 476.2722448136559, 250.85359524911647, 170.40813376142034, 260.88254235756847], "[60]": [9697.731538361008, Infinity, 13933.630664844675, 12455.368155783857, 6739.839318762474, 6658.25707840306, 712529.3027800304, 2106.383421955299, 346.9032987412944], "[80]": [Infinity, Infinity, 59264.62133223214, 45765.10862725417, 3352.980298793255, 1196.1080639601284, 17774.256539905517, 96213.99063479838, 191847.61357167704], "[100]": [6202.520402956333, Infinity, 45784.69282792807, Infinity, 27918.959037476994, 27763.264491744576, 13316.397046280745, 9492.340920488929, 1342480.5220931075, 60704.2569798466], "[120]": [4606.641698245598, Infinity, 20982.082603160638, Infinity, 6722.363993232709, 3543.278315533213, 324.9663099508953, 251.2633315476555, 38026.8890820901, 64299.111534677184], "[140]": [1233.7043403851815, Infinity, 4490.78164406103, Infinity, 2055.6213092159655, 94.10259007700859, 1080.151692876222, 942.117345275675, 8314.118984387711, 8529.179450634017], "[160]": [1130.8816422614582, Infinity, 1244.5279046787548, Infinity, 565.5623755458643, 12.85246177004966, 413.03012301111715, 399.647209457353, 3556.605254157802, 3667.981136241452], "[180]": [1096.5314369065468, Infinity, 345.75492457865477, Infinity, 133.68858099567754, 12.0121295983039, 111.03537607816006, 112.51180926179924, 3857.0865762983804, 3847.934230559801], "[200]": [943.5067640515259, Infinity, 61.62879195486469, Infinity, 34.10013355202594, 2.764918680531595, 30.78366170519613, 31.306252857134293, 3385.084700166358, 3523.754416217164], "[220]": [732.9725890911017, Infinity, 22.052387344821526, Infinity, 6.988521106868617, 1.3868453614367746, 6.5050723960427055, 6.918639799228999, 1986.0018797225978, 2064.823547664818], "[240]": [702.3522034483133, Infinity, 3.6054285645660618, Infinity, 0.7023441367731912, 0.5076219034515733, 0.6320220627781937, 0.6844350949559369, 1990.7346353868595, 2038.270046984438], "[260]": [661.7975202961676, Infinity, 0.09534040010445688, Infinity, 4.254449154529909e-05, 0.005498236272510294, 0.010065534441656598, 0.01911906139433998, 1694.8060575525944, 1724.6522653508987], "[280]": [630.5446782590288, Infinity, 0.0, Infinity, 4.109239970418028e-06, 0.0012789224708578413, 0.001458538214042799, 0.003004419630883755, 1463.5155118071782, 1488.1287287818914]}