{"[20]": [14.0, 13.999873281055836, 14.0, 13.999998916444339, 13.99998864779921, 14.0, 13.999999996586311, Infinity, 14.0], "[40]": [103.38431972654922, 221.23078458799728, 306.8571428571429, 231.6337925595221, 247.6952141526904, 16.562308579443027, 19.03747954314872, 452.23550677069215, 194.47658321853078], "[60]": [2402.561567853236, 1538405631476443.8, 6653.142857142857, 1702.3528959423838, 1390.735978554616, 1251.6407373821194, 1135.6990047790514, 979.1676242188732, 306.95418957366564], "[80]": [7165.17344886456, 3.40077629912588e+24, 10530.142857142859, 91.07345916129998, 5631.430813278574, 1524.4535643665295, 591.7729309938804, 10545.181065644865, 23558.122188701833], "[100]": [708.0851443586835, 2.414254885475781e+32, 13684.857142857141, 844.9421850679046, 1198.8066821079628, 1415.5009035383937, 1510.2513936423875, 13345.015729341685, 18275.20123329293], "[120]": [1362.1524836252593, 7.576325486168787e+35, 2868.7142857142853, 489.6164129251638, 348.70812647474554, 295.1250165167994, 197.72363450654666, 167.53604968393483, 96.87467596912711], "[140]": [363.3008653683828, 4.537767621226321e+50, 602.0, 249.70479251716137, 191.42784067409224, 201.129083207627, 243.0655351146989, 678.6154866079671, 586.9342075230645], "[160]": [205.12545315426087, 1.9472354461076123e+59, 165.85714285714283, 86.33555947207878, 66.91418659417712, 78.57621608468676, 121.06481184904342, 450.9402401363982, 458.5496512910222], "[180]": [107.34662551492875, 2.8311610852975855e+67, 46.0, 32.58633613533431, 26.715303588490094, 31.500522959836147, 49.41000816324643, 352.78976212458485, 355.5479644462099], "[200]": [123.65295129196602, 1.9258664884755883e+77, 12.0, 10.026427410505075, 8.453000032829886, 9.88255898509911, 15.364164526976019, 251.32616337611535, 273.13790056167335], "[220]": [142.06522375518216, 1.6198306258292654e+85, 5.142857142857142, 1.9841337923968987, 1.3003504864752595, 1.9656662251222894, 4.637281870551099, 262.86561495053843, 269.924828749947], "[240]": [131.81241584006057, 9.5085081810186e+93, 0.8571428571428571, 0.00039128793056019903, 0.0004401556166028243, 0.0027131869545103725, 0.02876239875609217, 207.77861282232615, 214.72252823593186], "[260]": [108.84921109711559, 3.8746981460246653e+102, 1.0, 0.9999642738253395, 0.9999580390489968, 0.9996764698770523, 0.9956108185516986, 174.33191852133496, 179.1521490707146], "[280]": [100.40579932519995, 1.5387735893052318e+111, 1.0, 0.30116132790062045, 0.3695037393415064, 0.30119664512260896, 0.018093580366492525, 151.69009936551726, 156.07162766455826]}