{"[20]": [3.5573929653123186, 1.5486019180464097, 3.0, 1.4304621187830255, 1.9874286367108973, 1.0659897143995365, 17.20520180500913, 2.6259256910099706, 2.9267004332159776], "[40]": [13.211168170852565, 5.175882460485653, 50.50652245209159, 4.71700736381309, 51.64282983442864, 12.77773835852773, 22.343736971200034, 63.55611895490615, 27.568986261081], "[60]": [255.2566805239093, Infinity, 1364.0549847700186, 274.0138489724319, 159.25214977338416, 142.24688804973957, 1929.007480801885, 310.33238861965316, 7.034324940807594], "[80]": [441.2268319928902, Infinity, 9471.215221775052, 1216.6195491587598, 464.54416492487775, 116.02553985109579, 29012.771183193116, 26495.631200133772, 6175.197990112912], "[100]": [1215.7779016401664, Infinity, 6524.77524418549, 1051.1275773555549, 1186.8814126633283, 1184.2658573826573, 3959.0190343699064, 17021.62367647047, 17728.63996387928], "[120]": [354.1768450889681, Infinity, 3173.625359023525, 269.968136667166, 232.47607252650826, 329.9189474257577, 271.9334102137515, 1523.5551814081803, 1790.7461068555965], "[140]": [169.32845727285232, Infinity, 507.37999346173723, 30.30546361531761, 32.30827264091417, 2.975645671534977, 16.98431569174733, 742.9491744725351, 557.0910046220349], "[160]": [127.83824520816829, Infinity, 67.21647276403601, 24.391367416774866, 24.818452372809965, 18.49498488952361, 7.724790486785841, 264.074184059853, 276.71036807803296], "[180]": [74.78418912010376, Infinity, 19.162719345701106, 2.5179399142112935, 2.631243843082475, 1.5399506517283503, 0.5265434561234581, 159.24637209083792, 175.0192541764178], "[200]": [63.66250839053993, Infinity, 2.6165651137684662, 1.8726590676332848, 1.9068365791269952, 1.7202318040856441, 1.841350025569362, 170.6367227773605, 174.61251237116122], "[220]": [59.547794632357835, Infinity, 2.0, 0.6408813609721695, 0.6269496499648975, 0.6609772246420631, 0.39509691750353465, 127.99280409173151, 133.7011195172321], "[240]": [55.40890184207244, Infinity, 0.0, 0.004659786524751426, 0.004657421811666913, 0.007658128243033606, 0.029483442098391904, 107.05991077655119, 110.97774050509685], "[260]": [52.14446456373258, Infinity, 0.0, 0.0005630302681160184, 0.0005623365518030596, 0.0009997306946177072, 0.004466576416183224, 91.55793495787704, 94.84070783545552], "[280]": [49.33253535500295, Infinity, 0.0, 6.80290044835761e-05, 6.789289311418114e-05, 0.00013048807352836542, 0.0006763449250464296, 79.96845394739604, 82.62216047999644]}