{"[20]": [Infinity, Infinity, 0.0, Infinity, Infinity], "[40]": [Infinity, 61.170699906764234, 0.09567139193069893, 0.628758583637371, 14.921846331082108], "[60]": [0.15680742038685053, 0.1675005535932698, 1.0378963936851333, 3.0962141158375975, 14.62519826045826], "[80]": [0.4502697617733195, 6.392128028185639, 2.5846703413753387, 0.7669893105786506, 1.3992436532180181], "[100]": [0.9658298991632135, Infinity, 2.0, 0.6014276143668493, 0.8885027489665734], "[120]": [0.1778417740031338, Infinity, 0.0, Infinity, Infinity], "[140]": [0.16964391661372175, 1.2084702252011593e-108, 0.0, Infinity, Infinity], "[160]": [0.15613000913355773, Infinity, 0.0, Infinity, Infinity], "[180]": [0.1458349461348944, Infinity, 0.0, Infinity, Infinity], "[200]": [0.13800713865416347, Infinity, 0.0, Infinity, Infinity], "[220]": [0.1313245836242348, Infinity, 0.0, Infinity, Infinity], "[240]": [0.12449193381674854, Infinity, 0.0, Infinity, Infinity], "[260]": [0.11939154326486434, Infinity, 0.0, Infinity, Infinity], "[280]": [0.11640226388405263, Infinity, 0.0, Infinity, Infinity]}