{"[20]": [12.147485946688418, Infinity, Infinity, 18.19311779740358, 1.410283248220044, 9941.901751401823], "[40]": [11.414397857606614, 16.525110089093854, 29.241422808948467, 6.840545087006477, 339.48268878685377], "[60]": [12.917999225800068, Infinity, 4.506626599531386, 46.09933861199369, 972.0621994875537], "[80]": [45.45009684372631, 69.67460807689942, 45.523961836800616, 5.3652345379074555, 1511.0085431122595], "[100]": [22.29222280459813, 144.41299398748902, 55.340841876431334, 33.09985540915155, 3824.419728729837], "[120]": [25.312480126366154, 5.318231124529151, 96.79124225538199, 25.505563897013378, 12972.581548725204], "[140]": [61.625722966282275, 3.1871843425584925, 87.03106616149516, 44.630639752223594, Infinity, 21439.749704026905], "[160]": [30.195603015068517, 100.51315948584161, 106.37532874579783, 59.77882136434728, Infinity, 25027.4561723923], "[180]": [134.3919879132165, 359.32535887480884, 346.4284496356063, 127.60998603334104, 114.04312525766711], "[200]": [3.9412479143929544, Infinity, 1026.6447946668945, 526.7233057436205, 229.02362687053005], "[220]": [294.41810088515933, Infinity, 2273.233696058673, 1325.1080038502914, 543.7402826956836], "[240]": [244.3242747912238, Infinity, 2640.3477199798203, 4365.383639728278, 13798.052061475199], "[260]": [2132.028352044859, Infinity, 1146.2930461793426, 2859.331380046178, 771.6093236889734], "[280]": [777.0230008970927, Infinity, 2517.575173830785, 409.3708760848907, 237.58205533560746]}