{"[20]": [1.0, Infinity, Infinity, 1.0, Infinity, Infinity, Infinity, Infinity], "[40]": [1583.4770577734153, 2774.2555433083926, 29.428571428571427, 25.95120478430823, 23.644526287194793], "[60]": [11.124430511401187, 21.86375276134909, 24.142857142857142, 7.765906739137662, 19.667122968848446], "[80]": [16.833222236095025, 18.63972272063431, 14.714285714285715, 25.830727430692775, 3.456957781511562], "[100]": [25.668923555269316, 22.393412474062785, 61.14285714285714, 65.98134725849746, 42.16304154534751], "[120]": [54.1143846847454, 200.21896728089922, 213.42857142857142, 54.52244309587866, Infinity, 162.39507401647958], "[140]": [188.95322667215112, 1037.7364100060436, 219.85714285714283, 103.99941823955896, 44.40919615355949], "[160]": [28.753527885005838, 49008987595458.01, 254.8571428571429, 137.97307763957087, 41.414856247106286], "[180]": [59.28820757072617, 132.52337069868076, 410.1428571428571, 179.17362053771717, 104.29534917068145], "[200]": [69.19210509354889, 5.351442572218446e+25, 1654.5714285714287, 732.5777600433462, 523.1607341365666], "[220]": [87.08415534233518, 9.86491864732086e+34, 3183.5714285714284, 1943.0286717395002, 1096.7213782139552], "[240]": [427.668879047209, 1096.8892103334165, 2374.4285714285716, 4286.948033791475, 315.9748776349388], "[260]": [299.8281744411679, 2.785164956864289e+28, 2325.2857142857138, 6787.135935789901, 2029.386294924123], "[280]": [334.1436068765038, 1.9920614090600156e+20, 3396.857142857143, 2958.306612538934, 1244.2997758537686]}