{"[20]": [8.136541053007283, Infinity, Infinity, 2.8957443128591045, 1.0055347062199202, 3.8140816592936515], "[40]": [0.5446732598459879, 1871.4716039220389, 84.76115324450534, 30.39205305388716, 1018.1015022782648], "[60]": [98.91303231378117, 1241.3012049888084, 1882.4025229103572, 1105.214765122312, Infinity, 12422.787761902267], "[80]": [1706.468830142172, 2585.5593996719645, 14993.595682544348, 16699.010164851807, Infinity, 195582.97359715932], "[100]": [10013.050120920332, 127572.11954864775, 6060.143689387028, 9239.079766156965, 7563.651388261576], "[120]": [1667.5842050101814, Infinity, 7457.159103864685, 8864.100831783242, 3583.350511306006], "[140]": [266.35430799645013, Infinity, 1348.6130184841618, 39.768142571008774, 384.1483336218246], "[160]": [596.5452323239153, Infinity, 257.5386591418223, 9.463999024171633, 68.77637925991849], "[180]": [312.2454502816822, Infinity, 42.113797512916044, 3464101.5051209414, 10.3398460831409], "[200]": [168.63243216916294, Infinity, 9.678740927860055, 800898.3045657095, Infinity, 3.520785139737257], "[220]": [133.54597016522925, Infinity, 1.0, 2079981.0117991138, Infinity, 0.5254942601285143], "[240]": [123.4221085995282, Infinity, 0.0, Infinity, Infinity, Infinity], "[260]": [120.00640570782106, Infinity, 0.0, Infinity, Infinity, Infinity], "[280]": [120.88680302074225, Infinity, Infinity, 0.0, Infinity, Infinity, Infinity, Infinity]}