{"[20]": [0.0, Infinity, 0.0, Infinity, Infinity], "[40]": [5.276454242173926, 29.00445318260405, 20.15151377855764, 2.931536983105343, 275.3543104686082], "[60]": [34.95360281319235, 25.24461497251683, 347.2813067564899, 84.29149349256099, 1388.5841749033157], "[80]": [471.61984716930766, 1488.0763743389355, 5012.415195531181, 4523.550665465761, 5614.187901535205], "[100]": [4139.32659745204, Infinity, 238.2345123489842, 73531.0602056074, 1385.8158581018624], "[120]": [1469.9280548932154, Infinity, 4326.6143832422085, 23484.193504603798, 2305.1372667330156], "[140]": [95.71192343293939, Infinity, 741.3820754606502, 26508.520486459045, 288.81545027124366], "[160]": [120.41054413788494, Infinity, 132.58170985483818, 833276.5133897858, 48.651723120805876], "[180]": [80.4567139664593, Infinity, 15.003838741864397, 2879903.394380504, 4.9368449360609015], "[200]": [82.62102305978613, Infinity, 2.3038839841280674, 3104171.423432586, 0.10311616415893404], "[220]": [82.00834649281181, Infinity, 1.9402561585243931, 2909939.9578382326, 1.416103533588286], "[240]": [73.73498459557159, Infinity, 0.0, Infinity, Infinity], "[260]": [66.54169549879595, Infinity, 0.0, Infinity, Infinity], "[280]": [74.03708748110884, Infinity, 0.0, Infinity, Infinity]}