{"[20]": [16.0, 371.1862722641289, 15.428571428571429, 61.15062957219071, 58.36925746183874, 15.841960370317674, 15.96286333896115, Infinity, 15.086057857782253], "[40]": [49.93825358208403, 40.234260860986026, 55.0, 142.42249022603215, 72.8173683441179, 63.41774715662463, 37.3778535793457, 947.0455981190544, 76.03885550321635], "[60]": [28.64461823584645, 1.6870675044189368e+18, 87.0, 150.38216697723448, 66.16480154018038, 104.35486674076267, 54.595707150500985, 2218.1306450725897, 34.218735997722604], "[80]": [187.34605140717855, 3.729403789879908e+27, 333.7142857142857, 468.8558426136267, 295.30985209111975, 294.61144240026806, 236.94320409382527, 144.52792953687288, 150.38539185609892], "[100]": [608.5700100966351, 2.647552091869952e+35, 1211.7142857142858, 1387.4630197254103, 1007.1440019297967, 1158.694912944107, 390.57829593466613, 268.9095761564258, 263.87621228322905], "[120]": [1177.0752124322107, 8.308450134770628e+38, 3583.714285714286, 2268.3060862044676, 82.14726626371521, 111.36446354765121, 204.01407351494345, 1066.2302407799962, 1117.3213034772043], "[140]": [836.9945222493116, 4.976266294395922e+53, 3759.7142857142853, 1587.149480440592, 80.3829489379259, 62.896004643147535, 130.85603603194068, 3696.621829796499, 3294.7912359479287], "[160]": [443.82783879421913, 2.135402919236706e+62, 886.0, 1543.9293529505803, 1664.7907985376987, 1109.4791117280747, 431.5756520096984, 724.6820527275759, 1123.1463188200305], "[180]": [1153.5984909781819, 3.104745092395459e+70, 2118.5714285714294, 2425.620828301233, 120.41647116938202, 784.3917524462104, 635.3569326657935, 5163.385601664269, 3888.6655371524953], "[200]": [230.45598729250196, 2.1119689227880706e+80, 1799.8571428571431, 2946.168062856474, 108.02576640725965, 306.52637604592564, 215.11854813270566, 199.17971512114855, 230.21076361371524], "[220]": [69.29180180328194, 1.776360035683665e+88, 1674.0, 2137.0160741936716, 286.93049834392923, 562.8513727539121, 259.48935753617525, 167.95012677606564, 169.22694861432547], "[240]": [47.51919544908378, 1.0427345148083256e+97, 1097.5714285714284, 1341.4796665304534, 220.8548470888884, 555.2828909298178, 208.253306934276, 52.52179344164051, 103.61324975207981], "[260]": [134.7151053991479, 4.2491225503989994e+105, 699.0, 710.6091465407312, 175.9638952736957, 508.50681278386196, 168.2702329575459, 65.74727910692809, 92.67680993826002], "[280]": [50.36468654280043, 1.6874702090631743e+114, 409.71428571428567, 308.9218039928178, 121.59172112801974, 443.8166414980403, 102.47847603930182, 23.723079537218837, 11.443339005971268]}