{"[20]": [4.982541822429091, 1.7731523653564865, 5.0489026983529195, 0.41596778269810103, 2.3665271036736657, 1.254630245195525, 13.757048123856361, 0.9177525746371089, 0.37444680520451773], "[40]": [3.9885090390101112, 4.3620101639515125, 3.803633824847746, 10.42303526897715, 10.816131492512934, 4.394533765423076, 368.8458039839592, 28.429415921689255, 3.96276837920873], "[60]": [1.804408077612831, Infinity, 0.6732658943013496, 15.265966006107499, 12.191378043062263, 6.64083281165829, 70730.52011436652, 24.38055748347714, 10.718104936870855], "[80]": [5.643932347795493, Infinity, 10.39699447086682, 36.664991213640235, 41.718973325032096, 15.241116774582805, 9.386454596756394, 16.33594927862791, 16.335857932653173], "[100]": [28.489771516127234, Infinity, 37.01791208314822, 69.40537958033391, 62.11407709398495, 27.448989201393623, 15.11079346897883, 17.978987848625305, 22.675603209269095], "[120]": [32.732787645328244, Infinity, 63.00853003837021, 88.69016301598629, 53.70828120254187, 13.669158451497344, 9.686316561595582, 45.82508957193823, 41.043554941113754], "[140]": [30.63376368118285, Infinity, 61.35322833273987, 113.12651018244429, 16.961626721061467, 14.144657855642832, 65.00137682230788, 1.896752117541604, 15.094216100832284], "[160]": [31.997683585427048, Infinity, 59.135392796109365, 182.96361683190835, 37.21010654489538, 22.463980831606715, 2594.5938373746276, 5.565373261784123, 1.4674889117069472], "[180]": [28.204957726373852, Infinity, 168.05368503060407, 350.6192955946803, 122.80187575219108, 127.20868649567996, 77.9981940138705, 51.703614357653784, 50.01857362390614], "[200]": [89.3219928448606, Infinity, 703.1635770167667, 610.7200466651476, 487.5923442192187, 431.13836268213976, 267.9303890877834, 233.04003720547442, 216.10250965845492], "[220]": [23.07705214622433, Infinity, 1164.298282892818, 609.2410616966401, 92.61922043658873, 237.34980989944071, 1705.6914614779955, 159.3595242608286, 182.4070957210006], "[240]": [184.61270003878576, Infinity, 436.8106457995744, 797.4259951780979, 582.5686671992063, 405.78999100473493, 77221.85083796362, 223.68082001967034, 197.4425295040855], "[260]": [24.647950197596153, Infinity, 1332.0784715906866, 304.460589071456, 1214.5115078573676, 678.7207845232413, 23749.534688017047, 153.46842319275189, 138.1217376516488], "[280]": [54.0095128238125, Infinity, 1022.6420317781469, 305.84588290962046, 837.74584685992, 634.7849113325597, 7189.8413449786085, 895.7993374919862, 906.3640584968638]}