{"[20]": [4.580728029802152, Infinity, 8.0, 6.474505752502767, 4314.323613397975], "[40]": [7.990224695221551, 69.51546332845183, 37.17974918240385, 12.902582952337937, 203.3963152201454], "[60]": [1.2807678143435381, 31.066087420599, 49.62165782953803, 13.04580136223075, 1249.6762122509779], "[80]": [50.93469023316557, 117.55027286963954, 173.54183750094768, 28.82914164489287, 7809.779600909306], "[100]": [82.70481745222241, 22.0451782251177, 666.5958546033595, 87.95414316696265, 309.30421147191686], "[120]": [138.17148111120915, 998.3903555265825, 1921.5793541743335, 718.6550827714381, 782.4996312300132], "[140]": [67.59333242883802, 5.961928852481836e+17, 1781.8153314535764, 1577.0706151385175, 1791.9619487186094], "[160]": [228.91037859015088, 204019467.0047848, 846.6816087254891, 157.71056377527822, 701.5213087106533], "[180]": [230.33159640685767, Infinity, 1160.519573998168, 1264.042030436104, 423.27333949995284], "[200]": [824.7356001347438, Infinity, 906.5782136519464, 2107.6858754745826, 421.07166963888653], "[220]": [654.058392021715, 2.277118884891979e+16, 644.7909526629737, 1656.7984579235635, 384.28033714366535], "[240]": [513.0026756419373, Infinity, 518.1013325604075, 1266.5072061270089, 317.23767701480244], "[260]": [249.7542384193599, Infinity, 277.5786600871581, 848.1051981246737, 180.62003084794088], "[280]": [56.9156042809502, Infinity, 189.69231661278457, 437.8547768728454, 90.8848719870748]}