{"[20]": [8.992449649747828, 8.999873281055836, 8.714285714285714, 0.8855893880447034, Infinity, Infinity, Infinity, Infinity, 8.818181818181818], "[40]": [61.798421835795025, 43.854501565352436, 95.28571428571428, 26.90088382472463, 108.76958803970182, 77.92229538247665, 68.75575562673373, 66.76086934905068, 45.73797876423727], "[60]": [663.5473028900512, 1538406215616330.8, 1432.5714285714284, 1035.6334975089962, 327.0453072881371, 312.0560681351976, 310.1826838515626, 207.3304946023111, 37.738667302170825], "[80]": [5228.343230487524, 3.40077629912588e+24, 19582.428571428572, 9887.345221474301, 6020.311744789167, 2851.88950382837, 2865.779480692865, 12107.677419389036, 2930.7448077938134], "[100]": [5863.250168953964, 2.414254885475781e+32, 4245.285714285717, 28587.455031683035, 13933.202335671594, 7558.179187351416, 6928.522327821716, 13468.654990183946, 16254.22510670971], "[120]": [2218.246615881475, 7.576325486168787e+35, 20640.714285714283, 6784.687832829028, 5874.000334192606, 3985.1150019896522, 3952.2242823452507, 33418.93459071529, 5793.34591451214], "[140]": [1314.833540433152, 4.537767621226321e+50, 4723.571428571428, 1197.7893349297883, 874.5337481486558, 527.0371539853422, 613.3449092411902, 1856.8695166809575, 1551.6990148005043], "[160]": [217.23364175988536, 1.9472354461076123e+59, 814.7142857142858, 172.29556415659994, 145.18181738724638, 93.59975872945586, 126.78361203240786, 85.42322123428028, 159.6824239948321], "[180]": [163.48821315602072, 2.8311610852975855e+67, 124.0, 29.66718739594775, 16.685827454007367, 10.713956243792069, 19.856851456267677, 333.67697037124105, 356.0989920172508], "[200]": [125.55769816614702, 1.9258664884755883e+77, 17.714285714285715, 3.949691941543163, 2.1402578735408913, 2.1326388125886258, 4.436052614501339, 360.84758273843823, 379.89289339701315], "[220]": [137.1397955286884, 1.6198306258292654e+85, 1.4285714285714286, 0.3374956737584364, 0.7133360379612737, 1.2490073240386352, 1.9080861566513874, 320.73024638804395, 330.8094751786352], "[240]": [119.09293483079273, 9.5085081810186e+93, 0.0, 0.004021918510171849, 0.015954034729571166, 0.14014065336072734, 0.2717641295746906, 256.20659935917143, 261.948685408271], "[260]": [101.09643877593226, 3.8746981460246653e+102, 0.0, 0.00044515367344959156, 0.001944088495218023, 0.020719542464576846, 0.042860053440387944, 219.98147332384968, 224.47160314182796], "[280]": [91.56888004030407, 1.5387735893052318e+111, 0.0, 4.927046145025933e-05, 0.0002369022644736649, 0.0030631078499974013, 0.006759451704502115, 191.42781030780276, 195.06210354581012]}