{"[20]": [28.470668104819865, Infinity, 5.977568578580088, 4.116904990160909, 9152.235375704895], "[40]": [3.88802628924397, 8.944772460678386, 72.03905607271555, 26.89993881950646, 744.8027271575664], "[60]": [183.0190075856472, 355.45608266351155, 1823.751422273165, 397.5628747252798, 3233.539330182657], "[80]": [1070.543106061983, 20694.803891797234, 15439.716387996923, 11019.225505384255, 1526.135348614661], "[100]": [1380.4265685193348, 13981.681368146481, 10930.282463985743, 183358.4207319757, 2941.820266221293], "[120]": [223.68527296662, 29949.585374776492, 4580.053145793998, 67113.89568884931, 815.9574620016487], "[140]": [117.38954886858755, Infinity, 699.5340617044782, 67690.90245175586, 103.50362271807317], "[160]": [316.24457561465914, Infinity, 115.13173461092137, 2224095.50359268, 14.119438901946726], "[180]": [289.6765080521868, Infinity, 23.054330592063046, 5863164.114746819, 0.6048191618404135], "[200]": [204.57024195706435, 9.482503379277269e+25, 6.735073680334113, 6329236.167224986, 0.10744595077817772], "[220]": [149.34216930229823, Infinity, 1.0, 6154501.46166684, 0.11712052871624681], "[240]": [112.1517026478862, Infinity, 0.15181265459041796, 1.6018917437229947, 0.8102946961961497], "[260]": [85.43071926560769, Infinity, 2.3770408000765104, 0.6081693016275665, 1.0114430087650017], "[280]": [75.22047404736867, Infinity, 0.0, 0.005127170771748198, 0.08283949011309645]}