{"[20]": [1.0, Infinity, 1.0, Infinity, Infinity], "[40]": [2.787358845728807, 5.996990996485845, 4.857142857142858, 3.1685923558986193, 2.4516044636130294], "[60]": [2.5774188920803454, 37.53616766010808, 19.57142857142857, 1.5032192089679413, 13.730119702428844], "[80]": [39.51555601274197, 306762020545926.06, 270.42857142857144, 77.66046505465516, 71.08563831007945], "[100]": [71.71462589074008, 324.53391750985793, 1801.2857142857142, 672.0192002449712, 276.4051512422152], "[120]": [64.70377394558727, 2160.5991870539656, 594.7142857142853, 3747.8092719785514, 995.0372349869222], "[140]": [118.98644480760458, 3.741286835647247e+17, 1987.4285714285716, 961.9915066734845, 425.5539890718137], "[160]": [27.20340115233887, 5.236436594038573e+20, 609.8571428571429, 1068.4493434714716, 69.40257253145535], "[180]": [28.872454956353664, 2.869548250114665e+21, 112.0, 2911.90087093677, 21.21517920368923], "[200]": [7.909482992105005, 1.2657447215445932e+18, 8.428571428571429, 3295.6891801626734, 0.6382289786341424], "[220]": [3.306347783407091, 3.788326354043909e+33, 1.5714285714285716, 3079.878113392649, 0.07137639000311236], "[240]": [2.5457318997250766, 1.7473679395913235e+31, 0.0, 0.0, 0.0], "[260]": [4.8718835214583915, 3.7302752886618883e+52, 0.0, 0.0, 0.0], "[280]": [9.880722128373652, 3.0284855948823276e+79, 0.0, 0.0, 0.0]}