{"[20]": [10.0, 9.86103575116683, 10.0, 9.999999360263562, 9.999989870787624, 10.0, 9.99999999969174, Infinity, 10.0], "[40]": [8.929236219503935, 2646058777.604189, 13.571428571428571, 47.3413375683392, 40.18300503321343, 21.011942397776615, 10.525526896850508, Infinity, 24.033357113116132], "[60]": [12.265043084354964, 1.687067564600051e+18, 9.571428571428573, 33.67183563012767, 35.50912824485961, 21.480495403875832, 8.077574452317613, 2304.784430915042, 8.590389283660954], "[80]": [36.68010753865978, 3.729403789879908e+27, 31.285714285714285, 62.485830597368306, 63.91089521801007, 47.67311771569502, 35.64556557377382, 47.312425809169966, 37.19326744871181], "[100]": [90.20639408498562, 2.647552091869952e+35, 91.71428571428571, 140.76263233069932, 143.4181129328834, 67.17361572064273, 57.30696327911306, 91.55354213445257, 79.6218017245275], "[120]": [248.5251580845321, 8.308450134770628e+38, 277.7142857142857, 331.37204463488143, 326.48383891462527, 149.57522953237162, 142.83876839364268, 38.33451022515561, 46.03684199869252], "[140]": [105.98145225905455, 4.976266294395922e+53, 365.2857142857143, 344.86476118880967, 166.94094621681757, 183.33722420743197, 182.8082059408257, 106.95802665107237, 132.17055692504437], "[160]": [98.9249079363849, 2.135402919236706e+62, 541.4285714285714, 712.4930128275705, 344.28175082833764, 327.8739060299072, 337.093272809512, 62.85710703830455, 24.811160720499174], "[180]": [400.550868762557, 3.104745092395459e+70, 1140.5714285714287, 1522.8984263288564, 894.3127113342664, 1234.3394024976596, 643.2245670048374, 97.44128841503289, 95.8760339277942], "[200]": [1640.7814377160566, 2.1119689227880706e+80, 4155.142857142857, 3360.6378029348048, 3310.3400087044347, 4195.85161167222, 2037.3296377828456, 793.3362424850975, 823.8155217501444], "[220]": [786.2361751139397, 1.776360035683665e+88, 8711.57142857143, 11625.802927970042, 2899.921176075679, 2585.0879155524417, 713.7354017076505, 1814.9780729304512, 1847.0727295328797], "[240]": [3068.39287472206, 1.0427345148083256e+97, 4775.285714285714, Infinity, 18718.226549968993, 3663.6004428638807, 5966.953765685146, 7333.843415662253, 2249.58177305312, 2136.860062716849], "[260]": [1078.159890532388, 4.2491225503989994e+105, 6634.714285714286, Infinity, 13263.102024649528, 10263.664885512644, 7655.416983927273, 7736.252668357229, 3577.23075970251, 3551.992830702544], "[280]": [1489.5172652332776, 1.6874702090631743e+114, 8132.428571428571, Infinity, 5016.11802045807, 5654.700232890433, 6181.951664804827, 6371.829582932141, 2687.224396703912, 2800.746326926237]}