{"[20]": [10.742708471985981, 18347.180447432343, 10.142857142857142, 280.6609654759826, 315.63683155469135, 9.956207218754393, 10.088707972167358, Infinity, 12.211730712424814], "[40]": [56.32701475855209, 36.642185200098, 61.285714285714285, 10.943716750887432, 5.105772958232805, 52.88763102917922, 44.263151732334535, 33.39282419634304, 16.267680218548037], "[60]": [191.17055125846537, 1.687067485695931e+18, 279.0, 328.2066875844275, 340.0019288532877, 158.76948559861484, 128.4469546972837, 950.2015515752583, 80.85740517536578], "[80]": [917.0252607984924, 3.729403789879908e+27, 1783.857142857143, 1683.3397741448107, 206.62383452927997, 195.37049481322174, 175.12170773704156, 700.1536636283906, 646.787875548845], "[100]": [2644.8035883292723, 2.647552091869952e+35, 7748.857142857143, 5316.537887607447, 1621.7590794075222, 1616.3180065684883, 1538.9037335900157, 2156.248527412521, 2174.787830563484], "[120]": [3873.5801409032065, 8.308450134770628e+38, 6569.714285714286, 2605.433464540569, 747.3490144251227, 474.34692045884003, 131.79455970571144, 14373.131444388604, 17662.891857503768], "[140]": [840.4092650799794, 4.976266294395922e+53, 8398.142857142859, 1112.9838121607136, 1285.4334358239757, 729.2947272397832, 397.16099818201656, 3392.3201633878507, 11204.832700128642], "[160]": [1968.7658522879628, 2.135402919236706e+62, 5735.0, 262.0929014037174, 282.7590694491023, 143.31098255946108, 79.62970050895092, 2324.3427715982452, 673.6738185886816], "[180]": [902.0675104045486, 3.104745092395459e+70, 1692.7142857142858, 149.94611833394515, 24.65056167579803, 54.97869401689752, 55.58947536362382, 991.9194693157597, 906.172323700137], "[200]": [346.7410289886666, 2.1119689227880706e+80, 442.28571428571433, 64.65869309024771, 33.535161140576804, 41.35538646546635, 39.71291673984311, 460.4481263130698, 493.392634798578], "[220]": [473.66603096361723, 1.776360035683665e+88, 105.85714285714286, 32.549071250404474, 23.658470271124727, 26.93640478670458, 26.196603960440477, 639.5457891971756, 655.6816146599224], "[240]": [213.6894318980726, 1.0427345148083256e+97, 37.714285714285715, 10.487790796270382, 7.619841184829934, 9.156682852816088, 8.8433192867595, 455.0470244312869, 448.17107234564486], "[260]": [213.07087727040744, 4.2491225503989994e+105, 8.428571428571429, 4.984997381256148, 4.207163940336985, 4.672553545912847, 4.579656452733483, 346.5288225243358, 357.5947828493074], "[280]": [153.59610533664954, 1.6874702090631743e+114, 1.5714285714285712, 2.628825135946101, 2.5135742647138852, 2.5560425483806766, 2.544682853317392, 255.9932784515185, 263.51676918750314]}