{"[20]": [6.491059606157364, Infinity, 18.142857142857142, 10.709936412654422, 12.830861566601394], "[40]": [0.391915219444968, 308.41547938585734, 356.57142857142856, 101.33252589603939, 102.66424574612626], "[60]": [299.9616204805716, 7956.300975218805, 7622.571428571428, 2669.8593021931792, 1671.3206436763157], "[80]": [6355.195371400921, 6832.518687486772, 14399.428571428572, 12725.184289287732, 3047.250973809998], "[100]": [371.1987519176764, 12415.987037540137, 16800.857142857145, 1584.3667086287624, 4266.693117984676], "[120]": [966.9041821194878, 65431243230.72625, 4372.714285714285, 1579.8275295684616, 980.2593871971762], "[140]": [265.89638528529645, 8.218598316150834e+16, 771.0, 257.1101077797905, 154.7549166722473], "[160]": [813.1352148183208, 1.648546267057224e+24, 167.28571428571428, 52.85400699898102, 37.696010843932555], "[180]": [694.5098812113636, 9.261210856512371e+24, 42.28571428571429, 17.58112315012425, 15.45844309205777], "[200]": [514.16991737837, 2.1803434458452819e+21, 0.2857142857142865, 5.148041458028269, 5.041758071449195], "[220]": [355.5848092489059, 8.286983848043643e+19, 2.428571428571429, 0.9478416081035457, 0.7953515782598193], "[240]": [235.11464817983983, 872897970278.0302, 2.0, 0.31099021948945615, 0.15781184858510966], "[260]": [122.53412005684424, 1.4831862145749211e+19, 0.8571428571428571, 0.014101780990566727, 0.12421234337023619], "[280]": [0.7483130307748098, 5.413059156029673e+60, 0.0, 0.01410022620679248, 0.12455602434391669]}