{"[20]": [Infinity, 1.9985431594900873, 2.0, 1.9999987085353497, 1.9999851957270454, Infinity, 1.999991206360744, Infinity, Infinity], "[40]": [0.7832180059399801, 10584122.861079572, 1.0, 0.4389264072065438, 0.6122974795242253, 0.3929127753991412, 3.2918701094052367, 0.43925088930722994, 0.6922333437900722], "[60]": [0.9131458357254989, Infinity, 1.906075825127407, 4.2068041808057774, 3.3285327849662023, 0.45306928510242983, 32291.85381504615, 26.503909439425456, 1.3019270774193321], "[80]": [0.6970281610716852, Infinity, 0.3651849732271949, 0.8703834276829173, 0.5434579617491828, 0.16065421451841783, 2744.756499849628, 3.6496088770348067, 4.462130316618867], "[100]": [0.21322299950181417, Infinity, 0.0, 0.038115349580564686, 0.05248325854797407, 0.0939360386185974, 118.5345734568731, 1.5584962524095118, 1.3348259059647025], "[120]": [0.19257681887250042, Infinity, 0.0, 0.0027359198846315827, 0.004344134715389048, 0.009556868580722754, 7.186679779208438, 0.9852636292286476, 0.9632128664200927], "[140]": [0.17048780702376692, Infinity, 0.0, 0.00019623765944961485, 0.0003584043332245121, 0.0010164104459174815, 0.8722015430239811, 0.5241761169256209, 0.5380122851533023], "[160]": [0.15450299208886764, Infinity, 0.0, 1.4067767768272494e-05, 2.958821505390469e-05, 0.00010791172859402821, 0.09068878529257166, 0.34621345962706157, 0.35382107680514385], "[180]": [0.14216833221206282, Infinity, 0.0, 1.0081797861492064e-06, 2.431448560061357e-06, 1.1435088140185368e-05, 0.011839391951726272, 0.25862172174577774, 0.2632613244983714], "[200]": [0.13223002896846853, Infinity, 0.0, 7.223667665322294e-08, 2.0008905815885498e-07, 1.2104092849014716e-06, 0.0005040027625909679, 0.2064734910669879, 0.20953394556904334], "[220]": [0.12404493359904815, Infinity, 0.0, 5.174957029687625e-09, 1.6446141517173634e-08, 1.279251529976572e-07, 0.00013666897680331505, 0.17186312870164938, 0.17400417627322423], "[240]": [0.11718213632970575, Infinity, 0.0, 3.70680921279581e-10, 1.3479557162897435e-09, 1.3513401374025841e-08, 1.1811701738127299e-05, 0.14721090029911588, 0.1487781557463492], "[260]": [0.11150415268550423, Infinity, 0.0, 2.6549066484108182e-11, 1.102368037076723e-10, 1.4270640981845256e-09, 1.516332775328973e-06, 0.12875638824242594, 0.12994545696551282], "[280]": [0.10635655209968521, Infinity, 0.0, 1.9013496967604356e-12, 9.037992894573052e-12, 1.5064300758074802e-10, 1.7888105363906805e-07, 0.11442156879284548, 0.11535018991228495]}