{"[20]": [1.0, Infinity, 1.0, Infinity, Infinity], "[40]": [1.6373121780997177, 9.058385795051791, 5.571428571428571, 3.6449507544685336, 3.3737784989775], "[60]": [2.6321181611119755, 1.979740964947915, 0.8571428571428577, 1.6672012636481313, 3.344253584207342], "[80]": [7.6335972651128685, 4.595352673015192, 9.142857142857142, 5.840364458896822, 7.916839682308865], "[100]": [1.0115670223813709, 10.8763384377162, 6.714285714285715, 1.6307475646026148, 0.42735726165535226], "[120]": [14.54857911035171, 11.222412938491729, 5.142857142857146, 16.117425327119513, 10.000242252894317], "[140]": [4.1666616682563244, 1903.857746220281, 5.285714285714285, 1.631087566363199, 2.6469886825887556], "[160]": [1.111517447817839, 1.776869010776858e+16, 1.5714285714285694, 1.3781733842890915, 6.489047298023351], "[180]": [3.086349739290398, 7.351436389633759e+21, 12.42857142857143, 4.188029738084822, 5.589096284751363], "[200]": [17.24237364897033, 3.3381944507301904e+21, 41.42857142857143, 61.06618578583425, 3.912202669408373], "[220]": [1.101842280464723, 4.0658363560132796e+27, 142.28571428571428, 12.703832400779334, 62.58160593722471], "[240]": [8.19849654276652, 1.1458674554111044e+33, 335.42857142857144, 60.04543530516446, 56.04827657914973], "[260]": [23.393883673877326, 1.9316087863687324e+38, 476.1428571428571, 260.3611167222937, 45.73140214523778], "[280]": [25.086750541255697, 1.5597183402828255e+43, 308.14285714285734, 319.05492112595675, 40.060931168054594]}