{"[20]": [Infinity, 1.9985431594900873, 2.0, 1.9999987085353497, 1.9999851957270454, Infinity, 1.999991206360744, Infinity, Infinity], "[40]": [6.692992989195624, 5745006.6716884645, 9.78955586813355, 3.8352441280772136, 3.773371968950283, 11.423633016811966, 6.103912584389891, Infinity, 3.231781707956973], "[60]": [38.4236630970571, Infinity, 82.11406776883055, 88.35086527153688, 96.00832216044671, 29.379940461309214, 523496.16767337214, 1.732701365138752, 0.8845020618623288], "[80]": [14.061258526211631, Infinity, 12.638960026814313, 82.18026141891433, 2.9564803307650265, 15.695594718168692, 1095018.5000289073, 293.9333982636268, 264.8532089763915], "[100]": [3.685000053340362, Infinity, 15.899658110592302, 108.9095915153033, 7.186207901126568, 14.32475634222769, 0.7867429328339921, 164.47634879566877, 83.80082116760816], "[120]": [3.9568200756887775, Infinity, 23.067446761885172, 127.25988409542602, 8.888653763133444, 6.553577726291756, 8.084654340621864, 18.211624768575536, 2.6835319026171023], "[140]": [149.92329717527787, Infinity, 215.8870757351503, 381.2855054486093, 209.21486850154272, 238.40993591681598, 209.05304702575086, 165.15911452213976, 160.32998743127825], "[160]": [551.0380792310013, Infinity, 2600.0906451752085, 1572.5975748902283, 2292.8996731197535, 3421.4768274405187, 42899.97148440264, 505.1085083492566, 522.7560842738276], "[180]": [1062.6738855730987, Infinity, 2775.228785951464, 2516.1252122936758, 525.7546309841812, 1910.3079405346505, 152032.945785099, 1691.0646948206324, 1776.2410941752676], "[200]": [710.1573208617426, Infinity, 3979.5111943993766, 1193.1497689342652, 3829.9506583526168, 3201.5627225824396, 88177.84376521353, 87.10437268289252, 18.395857548570987], "[220]": [217.6066775285325, Infinity, 1289.8583551313811, 973.6630302021823, 1349.2650061423647, 1149.0660937140594, 19505.224508308198, 1034.010432825168, 804.8374744446489], "[240]": [50.219946700101275, Infinity, 250.17634603280788, 471.56868869223666, 502.2410983937119, 432.9544612180317, 4162.594171034399, 41.9769553840738, 14.905156136777093], "[260]": [26.007375575866032, Infinity, 36.88156129650347, 223.05182091101435, 186.23668182587448, 169.72742362959832, 1148.6831899067752, 56.02678336500028, 53.75963561899329], "[280]": [23.743802440135017, Infinity, 1.513422530674694, 77.41162902606345, 61.507627529414705, 60.99548013237436, 367.1000659232759, 42.885964713597936, 44.92844208207607]}