{"[20]": [13.16968964861042, 16630.771587696847, 12.893981764755996, 4.605997686092914, 52.629069850160114, 11.885112359753498, 604.2641198045123, Infinity, 345.153477027127], "[40]": [132.93933213155606, 983.9779510194995, 169.961876938875, 15.013368815310118, 180.78740608019325, 14.066741589886387, 54.24306080735123, 808.8816789849702, 61.948258214302165], "[60]": [263.5752905665684, Infinity, 369.0560321974462, 493.79496712746834, 134.7473427359481, 149.13580080669905, 82.52135285528847, 10899.448125752057, 1252.1226292235772], "[80]": [57.59374993412249, Infinity, 51.11578651274456, 538.4503387930062, 8.108009705628884, 42.22340790598335, 48.10376084690273, 2705.0897795560795, 2168.2345067933866], "[100]": [66.72835532772278, Infinity, 111.21600896177313, 733.4324810431265, 92.90585327617953, 136.55094048608564, 94.56371068413051, 442.59649113335746, 135.65147552612916], "[120]": [308.5519375297987, Infinity, 394.76102355504105, 1129.4872521086422, 379.07706490204856, 487.4943803990478, 360.16620715580945, 224.03763197260542, 271.98164558255957], "[140]": [7870.644325778912, Infinity, 11815.927888098451, 13083.170871079163, 11458.417220270812, 12858.497068450386, 10222.959392709856, 3037.193852320203, 1202.0808304166533], "[160]": [869.6293530252595, Infinity, 32850.84764560579, 35295.236889635125, 9174.953392467654, 11582.852719229006, 280398.2000473138, 15240.484215173985, 16631.327909419193], "[180]": [2872.128511421476, Infinity, 26576.487199703024, Infinity, 16122.040840930911, 37655.65422714531, 15760.8008704609, 38188.10407424005, 13659.105193157999, 18550.731693159516], "[200]": [4913.893652300482, Infinity, 15073.037035541935, Infinity, 1686.1224868390457, 10395.895396389891, 7963.823762462128, 12726.28376037533, 58442.04037939801, 57676.29718695125], "[220]": [776.9715651413419, Infinity, 2931.700007080139, Infinity, 185.80992175899937, 1832.0117071865104, 2589.5140299110526, 2647.0815355658865, 3506.1174184460424, 2216.9443183166973], "[240]": [623.9534063251813, Infinity, 605.7986498015164, Infinity, 44.028547690746926, Infinity, 343.4560216274526, 1002.1172620259756, 958.7659963083878, 292.39597437781174, 366.4820712040604], "[260]": [428.21296648396344, Infinity, 75.87879281676275, Infinity, 19.074637412400364, 72.9150613988253, 359.09960097269726, 340.80585143776426, 481.5829495534636, 506.0539332042366], "[280]": [410.6515356580739, Infinity, 7.1829815757266084, Infinity, 5.252914672591831, Infinity, 20.236106678819624, 120.80749675912425, 115.68548394094468, 658.2526041141529, 681.5057119029523]}