{"[20]": [1.896239795353022, 24.68702451227628, 1.4285714285714286, 6.437563725973456, 6.096384942820375, 1.4291203122643346, 1.7171526659229008, Infinity, 1.0647619865188505], "[40]": [4.145102052116263, 3346254.7481906996, 6.0, 0.3660559770718397, 0.1127594521286639, 1.492192940914185, 0.635957238334024, 5.444624369857941, 0.8740576426926978], "[60]": [2.6825858744338404, 1538406461955985.5, 4.428571428571431, 4.162662611058607, 7.490780107384218, 27.969165899252417, 28.0813415026643, 85.20784127736822, 50.63331098110176], "[80]": [5.413464582932548, 3.40077629912588e+24, 0.1428571428571459, 22.662667809338956, 31.61342468683564, 11.577723801324247, 4.2900993482514735, 146.52931617368384, 12.307676340725056], "[100]": [0.46653889453956765, 2.414254885475781e+32, 1.7142857142857153, 20.86650807638102, 0.3415364120323048, 10.885777797123424, 0.21825169596230154, 7.0113147995485114, 2.4111175498610464], "[120]": [7.096157408063604, 7.576325486168787e+35, 15.285714285714285, 5.752718306364185, 11.596339415869544, 3.3984512164183194, 11.531020663604227, 11.410557514318143, 11.860441480245775], "[140]": [45.16921818588382, 4.537767621226321e+50, 60.14285714285714, 79.53565173990964, 53.47669392289194, 73.478854995556, 53.62720493101688, 46.355941087537076, 46.54557922191259], "[160]": [150.91911890029678, 1.9472354461076123e+59, 608.8571428571429, 787.7842233301983, 487.9999450745158, 785.3363022547386, 515.4903695639437, 28.7456217162528, 33.39567944495673], "[180]": [65.55282410783639, 2.8311610852975855e+67, 3011.714285714286, 2680.0619436402503, 1542.1847034752818, 4614.1659661543645, 2429.627869103295, 752.5264023879636, 754.1113977791229], "[200]": [405.1132285315234, 1.9258664884755883e+77, 1013.7142857142862, 2412.2723694402757, 1590.92673268619, 2601.6097703127944, 1002.4578005724343, 1311.9997862175333, 1472.931215270275], "[220]": [332.6892197017942, 1.6198306258292654e+85, 2868.4285714285716, 764.6059615394997, 2377.574282938207, 3099.6891617949505, 3340.9130409528334, 1114.5035699796308, 1095.9214222806622], "[240]": [257.2289306932362, 9.5085081810186e+93, 1467.4285714285716, 1612.5156791819295, 1306.2274014562322, 1835.3087156404918, 2231.3566020938306, 147.86196725402135, 243.47571950018255], "[260]": [65.3930964901956, 3.8746981460246653e+102, 171.0, 662.597633839036, 470.86183267261197, 731.9195959724123, 960.1051279466878, 23.891749166989314, 19.224186286334486], "[280]": [44.11213507800426, 1.5387735893052318e+111, 16.142857142857142, 258.65642527988126, 174.61523506925408, 286.9435788757679, 382.9751038028907, 37.11808022861561, 37.79713833415953]}