{"[20]": [4.6852765926828015, Infinity, 15.197027409237807, 6.786779740238887, 5979.898686560036], "[40]": [5.243389169916654, 0.8871453636661839, 21.365126228676125, 5.69210689442738, 275.6967531925881], "[60]": [21.044868381833695, 19.17179484260885, 26.57788003794453, 15.93299162905097, 735.0028300976378], "[80]": [2.7022212847159075, 26.651768097095147, 55.39375458982078, 8.015840925252212, 2293.251442508789], "[100]": [29.80382625438426, 839.3560653803089, 133.63388785119992, 52.619973722303435, 5055.568145404733], "[120]": [6.426647411474934, 188.0228907305425, 405.6185070775092, 56.22971335088118, 12412.806867496041], "[140]": [82.39010928647187, 37.85904333660371, 774.6207912688532, 359.1376930203183, 27153.618625071296], "[160]": [38.4016469487004, Infinity, 814.0062549280498, 454.83522475006043, 176.2495553471034], "[180]": [66.94488895738168, 436.0496959690014, 1705.4559245723294, 1001.3656989379301, 236.41570828203496], "[200]": [17.647836414498848, Infinity, 4829.967864120677, 3096.1781665786802, 758.7675587701533], "[220]": [495.2889267508716, 72.2712671919833, 3365.2100873604863, 5266.730926230745, 923.684412474818], "[240]": [92.46106871577857, 853672242.5294863, 2647.6722452098843, 4263.033011602135, 735.9860905358306], "[260]": [19.309814380356737, 5.034805401913848e+16, 5354.707641576817, 1780.503132065919, 912.7573896211477], "[280]": [77.55565598658728, Infinity, 2914.571283856426, 426.2646571473623, 545.9394457091818]}