{"[20]": [6.59613981003949, 14.558123616397253, 12.818437586347498, 35.84128963180392, 30.245208043087324, 70.29447934613516, 394.7525834582189, Infinity, 33.061405744732596], "[40]": [254.892231860327, 59.70201008334041, 333.40178750335383, 321.123166492656, 324.21323764458054, 72.20926329284465, 115.03524116073041, 132.12083867557217, 46.02339150978275], "[60]": [3057.4950553534873, Infinity, 8805.300315065839, 2490.576725092456, 1748.6372825605445, 1779.468864483916, 8497.763639589324, 920.2601904859588, 580.0612642790309], "[80]": [1803.3696952562798, Infinity, 2091.4052584993783, 1031.9347992100609, 4486.076934683611, 1726.5043812865254, 2287.925745242824, 29294.67850895768, 23803.295474877184], "[100]": [595.222491454575, Infinity, 9625.60836845835, 131.15403317707364, 433.30705227519377, 543.9128869875136, 561.2075617010229, 13730.877403686549, 20157.931565004423], "[120]": [372.27792892246305, Infinity, 1693.8992297315885, 707.5536780263017, 506.2292778918898, 483.54675974832855, 327.5259552755211, 335.76918066993227, 374.6378525086736], "[140]": [292.69928435612127, Infinity, 401.46555298195517, 400.2389145961634, 302.92064158780323, 348.66249426833076, 402.8220931890942, 717.209719003097, 665.2609767785251], "[160]": [191.92676870030536, Infinity, 181.2079530676512, 155.72180690423224, 114.82818542855598, 147.68734133096623, 225.06536728446744, 503.60619435039735, 431.6525243978938], "[180]": [127.70912400895904, Infinity, 57.734206120034976, 62.641657601837984, 48.18014570801256, 61.52965739409383, 97.40157661708058, 164.95550696528787, 198.0877473417695], "[200]": [120.70743209650887, Infinity, 19.027838346438408, 22.014482304395642, 17.003466619045305, 21.86750288630145, 35.72909796264311, 239.78057535131626, 255.44311296339947], "[220]": [96.81736924098571, Infinity, 15.738736618473263, 2.9747659166239213, 1.084074773637568, 2.95582349501323, 8.463058828816942, 144.27767642316962, 151.09511456576382], "[240]": [98.02491966155145, Infinity, 1.8576725832306102, 1.0963478193172966, 0.8127510521053938, 1.0939447322089602, 1.9177320301832808, 180.6737155157101, 186.74753897805272], "[260]": [93.22267214414806, Infinity, 0.9582426837384562, 2.397668584611143, 2.208620602221189, 2.397366835022269, 2.9635169510690598, 151.61720159781808, 154.76862231444568], "[280]": [89.89194678670246, Infinity, 1.2063366294676534, 1.9999986875607854, 1.999998299550501, 1.9999610563139705, 1.999102461944873, 135.65321033507337, 136.99366850131318]}