{"[20]": [24.982977326427303, 25.3788813143802, 24.428571428571427, 22.790347849922824, 15.645588504835438, 11.037879511788974, 4.272312154470438, Infinity, 23.994368924728604], "[40]": [340.68624864319077, 223.65399430666008, 343.14285714285717, 54.59499869656804, 371.7736081133737, 357.45402701566684, 356.80426731305164, 197.45337728068966, 22.314449799252316], "[60]": [2430.113327423554, 1.6870672061881088e+18, 3739.857142857143, 3554.6015807235926, 2071.0300863169673, 1952.1090503561722, 2071.1904347763902, 18004.25277475093, 1747.271943756029], "[80]": [10748.454430098318, 3.729403789879908e+27, 26088.714285714286, 9315.577017055646, 3277.342309387903, 3581.157631933911, 2849.310796459322, 3164.3358062064726, 4422.130431950674], "[100]": [15331.820195935594, 2.647552091869952e+35, 24612.857142857145, 45220.16930080313, 3737.4713557452633, 3680.0343919932347, 3452.112306803683, 123606.44574254975, 124445.43351571323], "[120]": [5747.139000551182, 8.308450134770628e+38, 31797.857142857145, Infinity, 22720.908272404762, 9348.926800287983, 7317.650480172262, 1870.243746429369, 182033.42164554927, 119822.98003772146], "[140]": [3139.0793848394787, 4.976266294395922e+53, 16364.428571428572, Infinity, 6628.524735164727, 1768.5031720111638, 195.72521707833585, 707.1531789362834, 58190.32953777307, 65672.24799739131], "[160]": [916.0950058267408, 2.135402919236706e+62, 4582.714285714285, Infinity, 2103.0807408861206, 53.89658623390778, 427.1996462148536, 648.4757396875782, 1870.0627803921288, 1625.3156271435973], "[180]": [1018.3436664306246, 3.104745092395459e+70, 1364.4285714285716, Infinity, 689.5461411421928, 55.827422840141594, 273.7159304636966, 288.7418656907631, 2076.7122963010806, 2298.4469292310723], "[200]": [857.1090380012265, 2.1119689227880706e+80, 409.71428571428567, Infinity, 262.9479926293481, 59.44877165883898, 163.1070489872638, 142.60930499717688, 1860.8494418528308, 1768.449908228281], "[220]": [682.0331210348431, 1.776360035683665e+88, 129.71428571428572, Infinity, 119.07039338727924, 44.640214170734566, 95.4625731496449, 77.07651496339432, 1273.8484114851012, 1265.3878530443722], "[240]": [810.9914889639022, 1.0427345148083256e+97, 63.14285714285714, Infinity, 48.12007427745051, 13.578128998636373, 42.56207123385682, 29.13676760448311, 1294.1377042574416, 1312.5379127536694], "[260]": [461.3754868510696, 4.2491225503989994e+105, 19.714285714285715, Infinity, 32.13768832828247, 15.225413066491111, 30.83089750770437, 22.933055747305712, 847.9616909248033, 871.0832414298203], "[280]": [416.0573067417463, 1.6874702090631743e+114, 12.285714285714285, Infinity, 17.92074817311878, 8.819467558445519, 17.613648851161155, 12.984103681166648, 671.2153103950062, 684.3278875082461]}