{"[20]": [22.102707952960323, Infinity, Infinity, 31.285714285714285, 10.185548017519022, 15.28722502306072], "[40]": [73.04966924459973, 25.80561125779434, 613.4285714285714, 253.8997662671423, 265.6025825195288], "[60]": [313.11011150393824, 2810.992072250381, 14299.0, 10183.677237468562, Infinity, 12743.183425318748], "[80]": [28094.929559011114, 65399.514040673326, 63359.142857142855, 75967.51144962586, 24633.611284413506], "[100]": [32743.819038893183, 3742.306062089745, 46194.571428571435, Infinity, 31701.396441922625, 58702.117689087536], "[120]": [6185.455150145988, Infinity, 6030.090226732236, 24423.857142857145, Infinity, 6343.365039700467, 9298.928653564559], "[140]": [1934.2726938504275, 2.1363045702907185e+18, 5274.428571428572, 994.8881432567086, 1444.3708477236073], "[160]": [3263.0042421383087, 7.372882677611026e+22, 1443.7142857142858, 318.686618027988, 373.33744853964686], "[180]": [1697.7121632722067, 6.0278019656991465e+19, 372.42857142857144, 93.96097758335438, 92.177296586142], "[200]": [652.0105888697966, 4.396018973494592e+28, 104.0, 59286.173153371405, 28.185230606531604], "[220]": [265.6480074858472, 2.5901625481813673e+27, 18.285714285714285, 25184.611762732195, Infinity, 2.123911169983094], "[240]": [194.3240505963288, 5.087015053775103e+31, 6.0, 12731.569968124013, Infinity, 0.3111730338206904], "[260]": [295.88825374242515, 5.5291648133545605e+42, 1.0, 0.7000653148360221, Infinity, 0.05676331772674881], "[280]": [503.4389169667329, 3.387514671914416e+43, 1.5714285714285714, 0.27859205643296564, Infinity, 1.0427901932602262]}