{"[20]": [2.0, 1.8610357511668285, 2.0, 1.9999993602635626, 1.9999898707876245, 2.0, 1.9999999996917397, Infinity, 2.0], "[40]": [44.6532333308163, 2761330173.8757005, 46.857142857142854, 56.57047245116097, 39.297318189392925, 39.081341518017055, 38.7355098730646, Infinity, 50.880343967605484], "[60]": [707.0815265863412, 1.6870675070936527e+18, 834.7142857142857, 812.1188785267333, 823.9778688211338, 785.8223697869568, 805.4684375309347, 8578.144371219772, 30.052920294814726], "[80]": [1936.400073694731, 3.729403789879908e+27, 5923.0, 2242.1251476439447, Infinity, 7350.36170102594, 390.9173966148401, Infinity, 7350.928010821299, 2862.3947303380482, 7269.225686806653], "[100]": [602.815518782616, 2.647552091869952e+35, 2808.857142857143, 1413.7516221769001, 1874.2657836249664, 2226.656761371294, 2140.6319051084256, 240164.48511730673, 185346.22381915728], "[120]": [487.84868878965244, 8.308450134770628e+38, 3351.4285714285716, 389.38441039913414, 286.60748240566613, 415.01286605621954, 382.12856673891406, 18579.967485679044, 9175.8641974273], "[140]": [27.2285741880537, 4.976266294395922e+53, 567.2857142857143, 61.74541276785092, 46.638872110524545, 51.266777099227596, 57.764160392518136, 672.4229074471045, 606.5345662303409], "[160]": [432.2633560163579, 2.135402919236706e+62, 83.85714285714286, 17.802759096414864, 15.709321125053066, 15.125782603569242, 18.06033974330295, 863.768328996448, 778.5165060946239], "[180]": [184.7462784777847, 3.104745092395459e+70, 6.0, 0.8905930370513326, 0.7003811613357138, 0.3630950538759543, 1.1902553034411802, 334.88262870730773, 354.60516061947965], "[200]": [172.79671220785372, 2.1119689227880706e+80, 2.142857142857143, 0.5530385763092871, 0.5327138683947076, 0.45758954034036736, 0.6259919967858205, 293.7927192376757, 299.0030098160638], "[220]": [146.31856083912908, 1.776360035683665e+88, 0.0, 0.06952815559114758, 0.07617713661462575, 0.05305964219856665, 0.09341970624296682, 243.7454201483737, 246.6060400437811], "[240]": [129.94562938649938, 1.0427345148083256e+97, 0.0, 0.010096549307227058, 0.010977520645517366, 0.007344186622628205, 0.01395803666682437, 196.78249612346647, 200.3253029974765], "[260]": [116.71708882991697, 4.2491225503989994e+105, 0.0, 0.0014661688504182164, 0.0015819359618119194, 0.001016517880079987, 0.0020857118777311973, 168.59555340844435, 171.4259424181259], "[280]": [105.94565600628994, 1.6874702090631743e+114, 0.0, 0.00021290939660826964, 0.00022796569562540703, 0.00014070965596943067, 0.0003115986290035847, 147.47107173455746, 149.78634494290964]}