{"[20]": [Infinity, 2.998543159490088, 3.0, 2.9999987085353497, 2.999985195727045, Infinity, 2.999991206360744, Infinity, Infinity], "[40]": [13.698415528939291, 10353694.245340176, 21.381879013812785, 1.9063285613544114, 3.2587422081239072, 21.410495799789214, 17.410250750799978, Infinity, 23.931648575108373], "[60]": [62.44067137654481, Infinity, 215.38552721236556, 166.0790042173283, 142.66299278033605, 10.365753253187028, 25811.88583011626, 57.555547118583384, 71.5500159302563], "[80]": [31.942833414282255, Infinity, 99.4768005848679, 252.59563633393938, 13.50144519860175, 43.313298722821116, 6.64159904632127, 910.860070225796, 501.72041330409405], "[100]": [5.929270213749418, Infinity, 66.94969386530562, 458.0983502925391, 39.407030080887615, 112.52604485022853, 11.680105160485118, 32.782486051971425, 111.04047466605323], "[120]": [16.724230759897996, Infinity, 127.20501791506432, 660.2555570509522, 91.6392309430557, 229.46221448634807, 43.888965964860155, 76.76667378339441, 64.29551127474315], "[140]": [1207.8865966505184, Infinity, 2213.594010569055, 2932.2988815667522, 2040.9602472007236, 2522.19774519497, 1708.6087542020807, 1017.9271427609893, 1068.908197942808], "[160]": [3527.2773190128983, Infinity, 17916.489556370714, 14338.386600345495, 7950.401662456314, 7081.047172554442, 110413.39754505786, 1401.9128032006802, 1236.7928821530156], "[180]": [4339.369403639231, Infinity, 768.1742006189338, 24421.092606505143, 8443.9825106028, 8300.316623163733, 17566.173207462438, 10544.390034917807, 10850.964140133241], "[200]": [941.1903310088509, Infinity, 13714.68108351623, 3081.135079162443, 11251.355923314677, 9131.45693624089, 36106.95757617887, 5402.272624474753, 2802.6587712177065], "[220]": [167.64869061688924, Infinity, 2942.282571608855, 462.18898795993425, 2017.396309198666, 2959.3039618263347, 6274.740377400485, 34.17815113982505, 172.89916652648822], "[240]": [190.60626759456113, Infinity, 743.8097585363946, 75.85732247631147, 448.011916508307, 1104.7314575202638, 1857.1861879975784, 60.244771124076955, 114.47328842626409], "[260]": [136.94043777538502, Infinity, 135.27525062980942, 26.780165407057453, 90.73220130123399, 432.5208329473927, 622.525882238053, 179.72119720211904, 165.84470157477372], "[280]": [97.11414179571642, Infinity, 14.524682551676372, 10.209510111638409, 34.93552877547114, 153.94973675544716, 210.8236277212274, 124.94581989524112, 124.38222838750447]}