{"[20]": [Infinity, 0.5478876864646284, 1.0, 0.9999991742219653, 0.9999863229047318, Infinity, 0.9999959716016313, Infinity, Infinity], "[40]": [6.459447530130208, 12566749749.562595, 6.214400652034388, 1.973329228182565, 1.7501031335811428, 11.918609541284392, 6.758209738814171, 2.1635444164621056, 2.534679932425044], "[60]": [53.65482612061951, Infinity, 57.85049167753732, 67.14538012049813, 65.49591693805719, 43.26152648602465, 23.27085866825462, 326.62445289779043, 24.679712446337717], "[80]": [619.096808335953, Infinity, 670.4568895665892, 182.92618714493972, 116.56210514482545, Infinity, 770.5085112136264, 3849.968266749416, 477.7202822438319, 381.95823622324775], "[100]": [2706.607901298712, Infinity, 3434.482247385408, 954.9534112838911, Infinity, 1450.4567936412116, Infinity, 4632.73189707839, Infinity, 34048.57512699449, 939.1096478532073, 1092.1905043841728], "[120]": [3283.803937031089, Infinity, 225.45475594805245, 2047.4493050199835, 2478.2375020909867, 1742.7200283381583, 7140.696285089603, 25144.928802465252, 22842.13850711779], "[140]": [669.2954331629898, Infinity, 2557.293780725654, 594.5074212264763, 392.54126986697474, 549.6320284185776, 2018.990156677558, 1682.7613104964264, 1064.2586521878377], "[160]": [399.60795084101386, Infinity, 668.1902984917497, 185.24030728247394, 152.7112876877804, 166.86667373438127, 247.86623175781872, 1400.0347602126012, 1450.6832600396551], "[180]": [50.56943314496931, Infinity, 110.79192348389007, 56.95448898900779, 54.433492929872735, 53.21295580898169, 46.476317953335126, 210.64981043263043, 218.00454632312488], "[200]": [97.74871248617232, Infinity, 8.507578238504383, 11.236909629517823, 11.588424035656411, 10.616500712640946, 9.505668532568016, 145.59194545135034, 155.77991248446145], "[220]": [79.90540410062845, Infinity, 2.1938441582718404, 2.854681129908504, 2.9566222648182916, 2.763821143089584, 2.175385462641564, 175.08927423070483, 178.8862046885531], "[240]": [75.97726328922819, Infinity, 0.0, 0.5423422558435815, 0.5942146973662258, 0.5308536287954838, 0.45144863696824894, 147.76697589060353, 150.6030756664552], "[260]": [99.81143290495018, Infinity, 0.0, 0.1086725048651558, 0.12024922765874586, 0.10769319270701337, 0.09391174026239323, 117.32963811110024, 120.41689298452513], "[280]": [64.75354902762983, Infinity, 0.0, 0.021774319790865578, 0.02432494995808317, 0.021838424563156666, 0.019557088204275215, 101.74030881469065, 104.23857443654865]}