{"[20]": [Infinity, Infinity, 3.1883277110787676, 0.47782078794318317, 46.944082244995975], "[40]": [Infinity, 10.169197087754972, 8.30977933810659, 7.4159918634526045, 112.4278382720231], "[60]": [9.196446637356516, 18.88509672778944, 40.33472890758646, 78.59789494337647, 86.94877548738172], "[80]": [22.477824472138572, 22.40542331663504, 26.422901506201953, 47.37244203485866, 18.19141226766495], "[100]": [2.921186755552576, Infinity, 11.147142280092211, 39.909260039361094, 14.813556395639212], "[120]": [7.7506644229176365, Infinity, 1.0978189002043406, 52.79284816859041, 11.77021192481586], "[140]": [2.9680585976506135, 95.22109980078106, 231.0605915927411, 1067.094467159459, 80.80196829298102], "[160]": [136.8422162008296, Infinity, 1855.5972021290088, 553.5390389951139, 285.1613010988071], "[180]": [377.30428119592335, Infinity, 139.70590945996923, 4056.1048093468207, 4991369.894388571], "[200]": [16.03796052603428, Infinity, 1649.8238588211736, 951.102724734583, 1527633.1456354088], "[220]": [14.674398507918896, Infinity, 401.49331884401687, 191.07451822128093, 40323.68893670768], "[240]": [14.59171203647139, Infinity, 88.54619594499003, 19.15426555538424, 173762.5485235689], "[260]": [11.926380660398909, Infinity, 4.129474158797725, 4.257320008219554, 1631.5441708166002], "[280]": [36.47207095226503, Infinity, 1.1649991658867556, 0.2961237191261754, 11330405.586123312]}