{"[20]": [Infinity, Infinity, 7.710215628602168, 2.399893547628028, 17.45097971975778, 4.25623448976196, 304.62259445676455, Infinity, 5.022863474209721], "[40]": [11.652213169133718, 35.0025401988373, 48.58357752261154, 4.342520624005482, 48.156752765616396, 5.076033835062458, 22.60362050962026, 542.0864216836371, 52.53793150691075], "[60]": [424.38575299833894, Infinity, 188.97089672004455, 137.4595396669902, 98.78319493927631, 129.47845578527975, 155.4266600275083, 453.94417551174695, 272.657280239733], "[80]": [27.665766307266672, Infinity, 8.723714465079514, 255.72558987462608, 2.1321903518113645, 4.989204661149019, 21.41248721692464, 838.5732980213455, 695.1506108377315], "[100]": [54.35600806837455, Infinity, 6.058896772787604, 308.8633605637126, 21.02568325177201, 5.243132633325603, 26.732857247391976, 158.65758263507774, 147.6502110951358], "[120]": [15.848034567697438, Infinity, 40.266921845948694, 275.910002751988, 28.324005102514914, 33.198783172798805, 27.278882669066462, 21.296668671787142, 27.723904701246457], "[140]": [599.6209434384217, Infinity, 1259.9787202859509, 1752.5029721103567, 1152.3725548017478, 1386.3612442910278, 1150.8409478301676, 316.3231223582525, 330.7719352574682], "[160]": [624.5261091171167, Infinity, 8575.348569452295, 5224.6841419433895, 3306.819636220987, 3366.2639516366, 7535.844515418382, 1677.135609092623, 1708.9876235880383], "[180]": [1161.355992686542, Infinity, 1020.73112406508, 6185.947339692301, 6130.78964287471, 5817.078060422971, 7737.324466369436, 35.989374135369495, 147.42566657073118], "[200]": [614.2428438022714, Infinity, 6285.786222964163, 822.8088130341829, 4979.598983701822, 4152.804125234493, 89431.55590903781, 4539.995628476358, 4531.400271931491], "[220]": [135.1330449272899, Infinity, 1415.6864282077213, 455.301963638924, 1212.7840118137385, 1402.5598421270108, 14863.955207240826, 82.87698519826826, 144.0884066470215], "[240]": [150.41932047835908, Infinity, 294.9295687074765, 227.4582664577101, 434.8003854210241, 551.056501716808, 3322.95445469924, 258.08234642355114, 235.53158156716785], "[260]": [136.7567635868381, Infinity, 33.31727897166556, 84.80090473523411, 130.8047745060912, 201.027939636304, 953.1193321305941, 48.23150907065265, 59.488412899345576], "[280]": [138.38860767787753, Infinity, 3.4191241586428593, 29.06377412416607, 39.24828735706613, 70.16418267600919, 303.5374973710008, 65.38982595075497, 70.20345401809986]}