{"[20]": [6.847139549924053, Infinity, Infinity, 12.439301385934838, 5.886922375739951, 174.97111724242504], "[40]": [1.5047865783629588, 1.1000637672559388, 14.503316480220468, 8.516603166253294, 183.09791016823803], "[60]": [22.518257726655644, 20.76821239432156, 11.822012170117292, 0.8317589182136246, 686.1369857951546], "[80]": [8.154480588361068, 5.304101262825767, 29.346628660130058, 11.865612179170082, Infinity, 812.0981649983339], "[100]": [27.158731263972488, 11.928934079870626, 77.76974083416984, 28.842614212323102, Infinity, 1410.0074535012343], "[120]": [3.473719160243079, 22.319265258784732, 207.04275242976485, 23.276266346142492, Infinity, 2959.148929499159], "[140]": [58.3772587361479, 866.0696391939564, 281.05796572844696, 140.4085607407667, Infinity, 7107.054529165255], "[160]": [130.86956461664226, 61.95904724991902, 184.97533986199414, 44.92349247484709, Infinity, 11541.61747646211], "[180]": [252.92079548772702, Infinity, 983.8577561441488, 22.993120567647814, 153.08943331313935], "[200]": [84.29650855477094, 1341.1545313384208, 3505.4098749526115, 1366.0142507817047, 888.5428988745015], "[220]": [792.601091749193, Infinity, 7561.2650266937635, 5479.359655933718, 691.9277096200935], "[240]": [1893.579391189247, Infinity, 5610.975692001354, 8520.168724878788, 1384.2623873760028], "[260]": [3418.569268548195, Infinity, 6393.3320240336625, 4981.1030076361785, 2229.0058024029713], "[280]": [482.8472921301852, Infinity, 7460.351498012586, 253.12369777667593, 1818.212636269177]}