{"[20]": [4.666828416545519, 7.06083555394599, 4.428571428571429, 3.827810022465238, 2.8036299068192534, 2.0418729157502717, 1.8923015586444718, Infinity, 3.995719478817862], "[40]": [20.45185807329366, 2940346.39371657, 13.571428571428573, 5.092529778679577, 24.52177874649036, 20.618882393556888, 13.539990135351303, 232.69765382240465, 59.059288737343074], "[60]": [10.486477772449177, 1538406457077952.5, 4.857142857142854, 24.129974465142368, 32.55645562546, 4.503821410886935, 10.30335209311825, 244.9498729197067, 22.309602280346837], "[80]": [13.112804067709774, 3.40077629912588e+24, 24.42857142857143, 58.36073417823391, 14.908352991248591, 36.898210844050865, 15.589407881905146, 42.34658987600344, 8.698800896217307], "[100]": [24.297528889408568, 2.414254885475781e+32, 20.42857142857143, 64.77001789085554, 17.969646808902795, 9.031072124969, 9.41816243593388, 7.6519290668041435, 10.376828406200403], "[120]": [314.50966754924707, 7.576325486168787e+35, 157.57142857142858, 211.09423774411607, 134.33666460478963, 108.24228418532738, 97.9653347030652, 89.25283767604702, 91.08653960398891], "[140]": [11.883912464941659, 4.537767621226321e+50, 239.0, 178.91815523227, 10.97617818050253, 4.517164467667499, 13.024869386678574, 45.264135272104795, 47.77109849655949], "[160]": [38.960654478360766, 1.9472354461076123e+59, 226.42857142857133, 263.1432809109424, 72.35144396623377, 186.1826855695076, 49.70048320101864, 86.48804936847978, 90.88052183960122], "[180]": [16.69699947277968, 2.8311610852975855e+67, 400.1428571428571, 633.8239011145893, 221.5809852110558, 451.39352926245374, 137.23673653810897, 121.84959511792613, 126.36685028547117], "[200]": [186.75096570295682, 1.9258664884755883e+77, 1661.4285714285716, 1805.1290752150062, 1166.2178956278144, 1844.1323039021931, 837.8031712849584, 79.85942441543011, 85.69060501848344], "[220]": [196.10232711062417, 1.6198306258292654e+85, 2988.2857142857147, 3800.1508788169567, 631.1074526515167, 1115.6319414184254, 456.5246663345679, 339.32784147150596, 374.33363358661336], "[240]": [576.4733687906883, 9.5085081810186e+93, 1372.0, 6928.5610247656505, 1717.9058847024335, 1434.0633350436638, 1928.170814644327, 603.5800887046844, 611.811375963689], "[260]": [112.100563548629, 3.8746981460246653e+102, 2376.142857142857, 5222.253649164691, 2088.2957168795456, 1839.4116360646294, 2071.151900446461, 109.07255125796655, 104.59201648656926], "[280]": [510.2566966331151, 1.5387735893052318e+111, 2819.5714285714284, 1875.3329825054948, 1589.8465815379232, 2079.304037591638, 2406.4982940918426, 439.4028855249471, 412.9634938580002]}