{"[20]": [0.0, Infinity, 0.0, Infinity, Infinity], "[40]": [23.884837353801096, 3.4811106659720252, 44.45642998644781, 2.2405311383640085, 640.3575355961931], "[60]": [34.10868550749445, 4939.681410204775, 1641.51214956285, 710.0573648659264, 4672.019398000787], "[80]": [2432.8710381219253, 6993.267790603132, 15579.246773340908, 15286.437528105756, 14867.22426336514], "[100]": [8151.332063397928, 34697.39494424837, 10043.16912993985, 174528.6408475985, 10498.090871805427], "[120]": [1521.261736104006, Infinity, 5575.8010175640175, 106126.57765606497, 2370.2596002997425], "[140]": [199.6548101850644, Infinity, 992.5005024805898, 213508.17808248155, 361.89771600227135], "[160]": [187.17314721020807, Infinity, 273.98646422867466, 2888224.2024690746, 108.02275898550583], "[180]": [191.79732041496612, Infinity, 74.25612704491603, 4881578.802480349, 27.37902274610709], "[200]": [205.81203169247158, Infinity, 23.28635104754465, 5366890.216875968, 9.537291664222499], "[220]": [193.9253277348381, Infinity, 6.866955166766224, 5056389.132758453, 2.105658454771342], "[240]": [166.99339810676912, Infinity, 1.6799790014389466, 0.1717679870480145, 0.5962047669734588], "[260]": [146.34527516792312, Infinity, 0.5988088131381122, 0.011646623504911538, 0.12036124776196357], "[280]": [164.3353869748711, Infinity, 0.0, Infinity, Infinity]}