{"[20]": [23.398013692759996, 102.10617958725177, 27.142857142857142, 101.46666070224234, 90.58583831414668, 101.59118264780454, 90.64603610720881, 127.57577810381002, 110.95042694627767], "[40]": [3.7018964848061984, 18.204592672089348, 11.57142857142857, 68.00573272050472, 43.217273690490806, 36.126409071765366, 15.93180377748769, 11.169925903607862, 20.18405744301441], "[60]": [18.31495731310008, 1.6870675485517601e+18, 15.285714285714285, 53.99523998340628, 56.320312156803055, 47.798212169149004, 15.178333791554344, 38.81450992199788, 35.69931474013022], "[80]": [34.53745101310932, 3.729403789879908e+27, 50.71428571428571, 106.95016699926433, 108.52541864432389, 48.07128673499582, 39.46949811636995, 9.545646008276293, 60.069932881026155], "[100]": [44.76044132335289, 2.647552091869952e+35, 107.14285714285714, 188.121336779593, 89.50470492343683, 50.83783125644854, 47.225937047335435, 3.574694610435415, 4.490021964807312], "[120]": [52.53856786023209, 8.308450134770628e+38, 279.42857142857144, 395.3562740558408, 218.49433520494813, 112.49628966380436, 97.11732117417046, 64.28347107488946, 67.89977470832264], "[140]": [89.50696161551696, 4.976266294395922e+53, 387.0, 521.9230297778458, 229.74492599841244, 368.1559098613984, 137.31510472811829, 297.13513976115155, 290.0580539978914], "[160]": [142.92294991356266, 2.135402919236706e+62, 370.7142857142858, 699.4330850621196, 248.86700041513564, 383.89917711826024, 133.96194141150295, 445.1991943298167, 438.87744693352215], "[180]": [1032.080817999866, 3.104745092395459e+70, 1281.2857142857142, 1912.0478023791684, 1084.4683620168455, 1453.9721391316605, 921.0159469387029, 109.52071812346685, 137.3149820701642], "[200]": [800.0617579214158, 2.1119689227880706e+80, 3730.285714285714, 3243.50452017766, 2903.4467754862194, 3952.15928080662, 1775.216466895513, 218.20319362511782, 206.8897852565915], "[220]": [128.83141342179442, 1.776360035683665e+88, 4898.857142857143, 7184.771942401178, 350.2996982532022, 112.68872371188445, 1396.7401075930047, 79.5123980011249, 100.21201894972], "[240]": [982.7757946819675, 1.0427345148083256e+97, 280.57142857142935, Infinity, 8629.196069095597, 4742.507903669397, 4269.456502821675, 4246.001043053522, 2026.155993420287, 2164.823568131258], "[260]": [341.84826219664865, 4.2491225503989994e+105, 5689.571428571429, Infinity, 3813.8122192649107, 4478.830398999753, 3896.7926934115585, 3983.5992663165944, 1892.8022250526228, 1750.9627063243588], "[280]": [138.36921912764228, 1.6874702090631743e+114, 3353.142857142857, Infinity, 1097.5445908593101, 2017.6068782100047, 2424.72530999259, 2553.1356627117275, 1898.4555218605528, 2019.978856388254]}