{"[20]": [1.8632971328162908, 7.50446950072978, 1.2857142857142856, 3.717965584561105, 3.249334762505084, 1.901396814851144, 2.2899876777139037, Infinity, 1.0369472596789926], "[40]": [5.843238730709496, 4.5293048136002625, 10.571428571428571, 1.2110276432190048, 0.18035627012665145, 9.105250462478683, 9.85999575339875, 3.7633440157645914, 3.722640632781296], "[60]": [5.9618779571554725, 1538406475370613.0, 6.857142857142858, 18.209344050136046, 21.685742299350004, 4.8829771213014475, 1.58783590317681, 27.358553538640315, 5.304252692577656], "[80]": [2.845167259626564, 3.40077629912588e+24, 6.428571428571431, 24.86598485540481, 31.510326063490844, 12.562103445782196, 2.6951338691433264, 17.05545689532638, 17.26657351449421], "[100]": [25.977400702963607, 2.414254885475781e+32, 29.857142857142854, 57.997740158036265, 67.14018330120942, 33.458521734882446, 25.633781344962877, 29.235503063778665, 29.15005002942371], "[120]": [36.054601125704096, 7.576325486168787e+35, 53.0, 67.03684005572235, 72.59073186881076, 17.40378457082676, 11.527632471445287, 3.4255834509000636, 7.46438974834453], "[140]": [61.88656154265382, 4.537767621226321e+50, 73.0, 108.65994396212702, 106.17928211556645, 8.986699744242856, 3.341342058440432, 13.73759247004466, 11.763917502983247], "[160]": [107.01988949787506, 1.9472354461076123e+59, 114.0, 186.95581444234904, 40.712838623559946, 43.693376233532376, 45.86032242635264, 51.3240363769379, 45.91644586272463], "[180]": [94.244943436408, 2.8311610852975855e+67, 142.57142857142856, 244.00346789458183, 88.75769597674378, 66.37768767220416, 59.485503055263734, 17.554413867027392, 11.390421710411829], "[200]": [25.721522245843516, 1.9258664884755883e+77, 511.42857142857144, 634.9952539083309, 355.20030955481775, 348.4404647773956, 251.12447320238493, 21.573399071679887, 13.60046187798639], "[220]": [99.68326515040917, 1.6198306258292654e+85, 1219.0, 857.1745353222177, 340.8758502422834, 530.9027766125937, 315.2958796505609, 27.98238278588269, 26.6808929073718], "[240]": [94.32048057704196, 9.5085081810186e+93, 1085.2857142857147, 1505.6389599754266, 351.94916610951077, 645.3078227775568, 682.0594713583496, 54.15139406357139, 31.63040566421205], "[260]": [436.20006770334476, 3.8746981460246653e+102, 691.4285714285716, 1251.5826463243839, 1135.429662375851, 923.5684504360452, 993.1311969919907, 84.19885371210603, 34.33456912976908], "[280]": [57.620689687491904, 1.5387735893052318e+111, 1535.1428571428569, 47.49966791237057, 1060.907806514615, 1242.1362423607789, 1381.1298398924628, 606.7606734180249, 615.9865134435631]}