{"[20]": [22.293958803864644, 18.19537777485157, 21.924957868293603, 16.777476857490644, 13.185528504557093, 27.79869669639337, 143.99563251927432, Infinity, 20.079577245081765], "[40]": [79.61588577234262, 38.760672250198134, 53.77668916116325, 136.7020810876774, 80.92522954666723, 77.55858210461183, 197.39338274642705, 4022.4824380775476, 348.9915824533317], "[60]": [29.63267211346627, Infinity, 55.27570438017548, 133.23793852387755, 45.94718319799221, 86.30724825586255, 133.0657348225499, 194.4701166532628, 39.823277965420935], "[80]": [165.40461443085024, Infinity, 193.4862953505486, 330.7800645080342, 172.07100395186183, 190.0327325111057, 141.469011909765, 54.0321274069944, 12.396472531830605], "[100]": [464.09915293868494, Infinity, 514.2526839706311, 743.8178478512968, 418.20814981257416, 517.2993595291995, 116.22671896128217, 262.1659197345541, 247.62714377240394], "[120]": [291.181363684549, Infinity, 1172.4891648535452, 1455.96897794025, 733.1733063917375, 921.629458769065, 532.2710630743494, 112.28108877474934, 142.00315368421073], "[140]": [334.546855000273, Infinity, 2092.2377680857376, 2380.8183372053168, 1102.3940792674005, 1359.8251287831597, 4861.336580786059, 498.4878587378494, 468.45268405639615], "[160]": [528.9899292062565, Infinity, 2150.1597054053673, 2873.9028462787064, 974.9458969862819, 1384.2713834814422, 17858.222821534026, 2971.958788096814, 2987.383971274905], "[180]": [3021.6087283442953, Infinity, 3762.937986181368, 5734.723744364281, 2802.0191027529945, 3916.00185958513, 2074.74663501882, 1456.686348971542, 1180.5515997802981], "[200]": [419.77192086724745, Infinity, 7789.668097831399, 15311.945276058868, 6063.320661685165, 9060.596968152995, 2326.896976364463, 2559.782326749236, 2472.9080731752615], "[220]": [2409.1273216954014, Infinity, 2282.0344211206007, Infinity, 22083.57735909956, 515.7983964847022, 2531.5275620667644, 5692.2035955270685, 5321.19618460084, 4970.515739563128], "[240]": [824.4772164544927, Infinity, 5957.091522800149, Infinity, 16598.787967487107, 6191.310160773448, 2774.1226429954345, 6793.546475581353, 5309.603101994765, 5552.146082898142], "[260]": [418.3810481319429, Infinity, 7195.274996597728, Infinity, 8285.591638256901, 3114.0003645597153, 695.3289391435113, 1750.0994461572702, 111.03650085912119, 18.249658045034295], "[280]": [154.25464557817924, Infinity, 4197.8546924603725, Infinity, 3180.287038498044, 1698.5671409708552, 848.748126943556, 843.4316313720847, 234.92013165659245, 176.33868996255677]}