{"[20]": [3.141292121180026, Infinity, Infinity, 8.673868530824768, 3.640612640879556, 255.3425216589417], "[40]": [1.2953819735477154, 15.832142307942416, 13.205957838891784, 1.2792151930327125, 181.65917908137754], "[60]": [4.583752395130488, 4.839676554166444, 11.232086210003375, 6.102062054616481, 533.3352143582351], "[80]": [1.3711570518149545, 35.49975851907255, 26.139106752140098, 12.500228702182744, 1420.6777432485003], "[100]": [14.470542035600463, 118.03809748564935, 68.97835822993991, 49.392903562619466, 5214.076662595886], "[120]": [73.62522154964398, 163.64418835007598, 113.40962475085928, 39.73265432725094, 16116.845607187992], "[140]": [10.986335524831299, 92.37535410109466, 206.18110806672794, 121.17784060513647, 147.70683106430226], "[160]": [7.545314163892764, 12.062030470221895, 81.75765038145751, 31.81124786283708, Infinity, 229.18815128382906], "[180]": [51.82574144556353, 70.88440717241988, 414.1048205405811, 16.602060473812866, 235.65843565587548], "[200]": [74.56838175464027, Infinity, 1487.837961508927, 802.3500794364381, 349.60955858235315], "[220]": [206.33844710349769, Infinity, 1871.2716425275373, 827.7701930668355, 431.5627426433981], "[240]": [270.4290007145461, Infinity, 256.37292649511807, 1584.8617132299253, 1539.2197141900556], "[260]": [605.328108549217, Infinity, 2160.144234956909, 1039.8449430705602, 404.24571461698565], "[280]": [178.70298499000296, Infinity, 1491.8545984100379, 218.74124458025187, 608.1945332526334]}