{"[20]": [21.0, Infinity, Infinity, 21.0, Infinity, Infinity, Infinity, Infinity], "[40]": [58.669370918449204, 1410.3695500672297, 322.85714285714283, 49.27156781483444, 121.80343966265727], "[60]": [339.3798260389194, 2129.652727696426, 8610.142857142857, 5881.428466468449, Infinity, 7555.010177612858], "[80]": [12566.371098636213, 6879.6814951426495, 54926.57142857143, 61616.11844963081, 23519.39416936999], "[100]": [27397.083249188385, 377870.6968332347, 36993.428571428565, 29777.07796408338, 51047.85947440509], "[120]": [6827.465183296037, 4.1592760050615085e+17, 20939.0, 5458.05679019803, 8794.004684305819], "[140]": [1175.2791251915814, 7.411123709357805e+19, 3807.0, 982.0919024631528, 1608.246452253822], "[160]": [3558.404812003926, 2.4754097530156075e+31, 1082.0, 11907.313010970394, 472.06719254195514], "[180]": [2327.9655406727443, 1.5691824664939877e+23, 378.28571428571433, 10645.080902363281, 172.02337066290602], "[200]": [1206.0297167803292, 3.0317807090488935e+26, 125.57142857142858, 10523.364722548231, Infinity, 51.988738257991855], "[220]": [644.6776698416485, 7.436486018043589e+18, 32.57142857142857, 10643.047702410466, Infinity, 14.90549385695357], "[240]": [451.53300160053055, 3.297942792864744e+27, 6.857142857142858, 1.695766335592097, Infinity, 3.5501423426766], "[260]": [466.7882214405234, 1.5452091688344531e+37, 0.4285714285714284, 3.4999293327529486, Infinity, 0.7131077054746662], "[280]": [607.8765201894813, 3.065603020280917e+48, 0.4285714285714284, 2.7786979033471972, Infinity, 1.412036794546315]}