{"[20]": [Infinity, 2.998543159490088, 3.0, 2.9999987085353497, 2.999985195727045, Infinity, 2.999991206360744, Infinity, Infinity], "[40]": [13.698415528939291, 10353694.245340176, 21.45148193090634, 1.9063285613544114, 3.2587422081239072, 21.410495799789214, 17.410250750799978, Infinity, 23.931648575108373], "[60]": [103.44067137654483, Infinity, 258.2383224749967, 207.0790042173283, 183.66299278033605, 31.97111360691311, 25813.668438811914, 16.555547118583387, 30.550015930256297], "[80]": [98.57123064920664, Infinity, 2400.82588415818, 1222.5940555162554, 412.30737999182895, 434.0224561491308, 716.4408498138849, 317.18381209230984, 57.411595862169285], "[100]": [2061.2233756862915, Infinity, 13044.065152657337, 4797.495667690689, 2358.715433637314, 1976.3396299146366, 1564.7124119985676, 1407.731268134328, 307.76092504613445], "[120]": [2091.5707581477727, Infinity, 3115.133583631955, 22448.537805983735, 5860.813455650495, 787.926964544261, 1111.5864278356016, 7801.731267809102, 8215.815261552805], "[140]": [171.10825539580634, Infinity, 13061.002088772817, 9256.379985930218, 4825.177339698821, 2322.6868299733806, 1595.9493424997104, 7307.13895788274, 3023.1304608258897], "[160]": [616.0581806574486, Infinity, 4304.265945068773, 2599.8995457231476, 893.4509681460366, 225.60278936473838, 215.6542254954524, 1286.456733582289, 1399.8432240526736], "[180]": [163.09935029578193, Infinity, 1161.633969036419, 807.6345189279741, 93.59588183383948, 110.28333304164725, 93.84990809166906, 73.64529273573685, 57.644540940482806], "[200]": [161.7571993139335, Infinity, 330.5589337841694, 239.3305838101382, 10.3567394972959, 88.18477395978232, 96.54559327058193, 444.5949496745238, 427.6573794863828], "[220]": [158.16920467696409, Infinity, 92.8358658876815, 90.92491017261946, 6.484430234052206, 58.6548428569372, 71.11007928470318, 293.33890181718687, 299.93976689825644], "[240]": [98.98983141838048, Infinity, 20.89599306894965, 43.233866780048345, 13.522641539882455, 36.392095653846255, 43.683130988184644, 225.4635103155603, 220.36622913221194], "[260]": [75.05461181579244, Infinity, 19.94620317335707, 6.701019779107554, 4.069235328849981, 5.255667760720817, 8.696743188324227, 131.75178327117663, 135.14446595600762], "[280]": [72.12112953821585, Infinity, 2.9349799408754422, 7.472780476673826, 2.7002608112725968, 7.168155549305983, 8.930141227825242, 98.3663052950176, 102.10456256024702]}