{"[20]": [5.486291820854827, 6.080732624601637, 22.0, 17.803846836521593, 15.121167174941128, 9.018695067770622, 10.19327816949211, 26.15249775020296, 9.800924266632975], "[40]": [310.2728596372081, 62.51771134197219, 399.8571428571429, 385.2788800255921, 305.24298390389436, 109.44122872462464, 316.6698960912994, 1623.3826555167468, 83.99704380163331], "[60]": [3303.6606628560903, 1538405244893798.5, 8785.142857142857, 5197.422018873031, 1938.5900651108786, 1828.9263767077355, 1715.848047052903, 202.67796627200187, 397.6317918135828], "[80]": [7599.690307840938, 3.40077629912588e+24, 41706.42857142857, 40246.60121076234, 5684.866997499732, 1199.5695025386522, 1598.395823482715, 3795.1764624352218, 15668.812878710552], "[100]": [2940.3341256110143, 2.414254885475781e+32, 33159.857142857145, 21115.684065039295, 12515.78963180675, 5301.42161905214, 5016.512896935936, 194887.9596986305, 150647.84188137174], "[120]": [830.9070263974427, 7.576325486168787e+35, 12299.0, 4315.558950669195, 2028.5020046294176, 44.08129340888263, 140.885258544944, 8103.203917056746, 7011.710143588411], "[140]": [159.65753206727095, 4.537767621226321e+50, 2444.4285714285716, 1026.5597183916489, 202.41302428393192, 361.6660570413401, 327.22812764975833, 393.81718599717306, 219.77608831414568], "[160]": [309.15213853352907, 1.9472354461076123e+59, 563.0, 197.19453168766034, 72.45685600071408, 99.64775124511556, 105.23894334318749, 843.3961875379846, 821.6857469351451], "[180]": [216.2674641313315, 2.8311610852975855e+67, 124.57142857142858, 38.93358353274494, 13.974755642429798, 25.057777081413924, 27.489826519696884, 588.1878840094553, 652.8062018721182], "[200]": [335.86500188618993, 1.9258664884755883e+77, 19.57142857142857, 11.251821926404505, 1.6452220909364286, 9.292351209591292, 9.841713371483582, 526.3189338259956, 538.0771022705907], "[220]": [227.84761165140844, 1.6198306258292654e+85, 3.2857142857142856, 0.39651542172776144, 0.26703079511196925, 0.12054114231812185, 0.061658686382268346, 398.2581794640261, 406.298376053736], "[240]": [185.69990829785456, 9.5085081810186e+93, 1.0, 0.3012516147844479, 0.6313550421386888, 0.34006624589897566, 0.308409315263397, 312.1542503089006, 320.9471769497792], "[260]": [162.43467414314364, 3.8746981460246653e+102, 1.0, 0.3011655557163433, 0.6309289480015571, 0.306620392106621, 0.2231949616436217, 265.9378008953727, 273.5074779588015], "[280]": [149.63569785760592, 1.5387735893052318e+111, 0.0, 5.996495132623197e-07, 3.7079430564324764e-06, 0.0007668630895977794, 0.0024612631807136485, 227.6000750324079, 232.89133344247293]}