{"[20]": [1.0, 0.8610357511668286, 1.0, 0.9999993602635626, 0.9999898707876245, 1.0, 0.9999999996917396, Infinity, 1.0], "[40]": [22.399623892719934, 3411.0255404193244, 29.428571428571427, 5.003028941818421, Infinity, 32.99999268638047, Infinity, 32.33171159682276, Infinity, 32.99999999999968, Infinity, 739.4407732913592], "[60]": [24.418227576720184, 1.6870675632626934e+18, 24.142857142857142, 48.030488389929666, 50.506681806088295, 48.335899769201674, 33.71476631452087, 110035.22723389292, 97.35044202899408], "[80]": [10.859856080258965, 3.729403789879908e+27, 14.714285714285715, 57.506583857246284, 60.43901340124826, 30.343532953796604, 7.81603687906582, 8.276491080229832, 8.883667574279457], "[100]": [44.77562620850094, 2.647552091869952e+35, 61.14285714285714, 119.91536545576116, 56.93416003093341, 80.83077402321905, 55.05251136915338, 56.10784006189087, 51.13331576848768], "[120]": [190.81435677752813, 8.308450134770628e+38, 213.42857142857142, 292.15472071455235, 295.52947393865037, 133.0763999024889, Infinity, 190.5972713623182, 86.1791198519644, 87.31932091066159], "[140]": [67.84549414248056, 4.976266294395922e+53, 219.85714285714283, 129.1076239725263, 160.1635575818069, 148.84740133868377, 164.04864648542718, 304.04000058119993, 308.685428214783], "[160]": [5.680426513730481, 2.135402919236706e+62, 254.8571428571429, 440.056804777455, 135.1728341844654, 122.06445298231051, 129.51934959678283, 279.9565316617968, 291.2355787370245], "[180]": [201.45148056892867, 3.104745092395459e+70, 410.1428571428571, 801.5521985837198, 328.6725420242767, 426.5078082949914, 281.9270435778428, 23.345560001017475, 48.72795403162172], "[200]": [663.6680393673992, 2.1119689227880706e+80, 1654.5714285714287, 2243.623114536739, 1443.0089249443133, 1949.0459038060596, 1225.8113304634944, 465.67164064159533, 493.7643181554113], "[220]": [549.6315654011405, 1.776360035683665e+88, 3183.5714285714284, 2660.215301824761, 988.9833465708471, 1672.656371601949, 891.6605959633089, 10.454597532409025, 80.46878248897247], "[240]": [1030.3206583428982, 1.0427345148083256e+97, 2374.4285714285716, 5226.859620959612, 1968.2234979298173, 1774.596150919806, 2985.2464128524734, 1134.449415094392, 1087.8153651149296], "[260]": [649.3000153872908, 4.2491225503989994e+105, 2325.2857142857138, Infinity, 4059.576931214149, 3473.6161407863237, 2712.5266364342824, 2724.6173797787833, 481.7052256303541, 497.3630529208949], "[280]": [844.8475056426223, 1.6874702090631743e+114, 3396.857142857143, Infinity, 1451.1324858269998, 2221.7042351051186, 2236.1577535093793, 2316.327726667314, 961.1753613082765, 916.1880029887243]}