{"[20]": [11.011478718976928, 20.14639339588218, 10.0, 5.959784720067688, 4.759612832308964, 10.506668865158815, 10.071432191462932, Infinity, 10.77051177773138], "[40]": [40.198693080949624, 98.51589867596567, 79.85714285714286, 23.036001679133747, 83.94565719193676, 22.979691887930116, 108.65001756857697, 47.07684160055301, 5.200578399002282], "[60]": [324.7930938082744, 1538406249761964.5, 805.2857142857142, 620.6343758658912, 482.2700356763456, 195.05202177205274, 199.1031395515114, 171.5343386137181, 222.60172057546106], "[80]": [676.6646503809588, 3.40077629912588e+24, 4742.142857142857, 3061.617422523277, 2474.4597647143464, 1119.4847857379982, 1030.1177699073596, 1039.770096847571, 640.0720086449819], "[100]": [1862.715345939072, 2.414254885475781e+32, 6694.428571428571, 2487.869027094639, 393.23980395956823, 2475.1747957415355, 806.4082090411684, 838.8307819600996, 1497.126370411468], "[120]": [465.37318519605833, 7.576325486168787e+35, 6782.0, 361.57639809790635, 1485.7908769416263, 2491.8225010443166, 327.32739469600347, 5851.233266949173, 6315.9570457225955], "[140]": [39.855076605347676, 4.537767621226321e+50, 3939.0, 242.2880345553658, 368.6120194268051, 652.9551206186916, 182.95104642486922, 565.8216681415556, 285.7465478179074], "[160]": [242.86990674436402, 1.9472354461076123e+59, 973.2857142857142, 164.43031275949704, 23.834537452105906, 128.0915361574704, 18.739687219612847, 87.70482266655756, 101.60686146573619], "[180]": [181.9791389656557, 2.8311610852975855e+67, 214.0, 76.59818669580807, 13.793892169001197, 9.75515629615208, 26.03663234830998, 338.94222610906695, 292.514582455457], "[200]": [32.314482477044294, 1.9258664884755883e+77, 46.42857142857143, 33.50712578952181, 15.413989498307629, 10.53577564432436, 18.70983652028911, 142.56595659050402, 147.64446621020355], "[220]": [35.52377194425753, 1.6198306258292654e+85, 15.714285714285715, 14.971364435071179, 8.548386644985133, 9.225951317577971, 9.629323146804877, 88.50626953407412, 94.23276661205297], "[240]": [25.89166274809122, 9.5085081810186e+93, 8.285714285714285, 4.932645023523916, 2.0015827263366575, 3.5440287511801047, 2.465349070040471, 76.66942119087683, 78.86177663600121], "[260]": [24.605023170237928, 3.8746981460246653e+102, 1.2857142857142856, 5.470872289809338, 4.324894611405444, 5.141942043226045, 4.501929635772772, 53.82369464013016, 58.17006950977742], "[280]": [47.57228371798692, 1.5387735893052318e+111, 4.714285714285714, 0.5093663732746059, 1.6657549434677255, 0.5863148379717433, 1.4901207448875704, 68.36134966090314, 70.27158722767827]}