{"[20]": [Infinity, Infinity, Infinity, Infinity, 6.57488783873744, 1.352504546077874, 178.2526381520806], "[40]": [Infinity, Infinity, 4609.215613211544, 98.94588409992417, 89.14691945387261, Infinity, 1193.690823550755], "[60]": [278.8270623970925, 398.3236859202861, 251.14043862102045, 439.32074810279016, 219.6918911563676], "[80]": [73.94145061035199, 8.437658470128556, 220.55404175947044, 681.1724096768644, 136.08328639650108], "[100]": [13.46372874150445, 22741.13073891996, 140.64141416050683, 881.757597142894, 136.4823085220019], "[120]": [245.02620339266667, Infinity, 450.71502470565423, 1319.0299504074046, 201.4011415567147], "[140]": [2351.4995914512474, 307.55562813016945, 7335.259411940038, 9357.691023420226, 2775.713692444076], "[160]": [3505.319305890849, Infinity, 262.7907191120055, 10237.657585859835, 69451541.35717201], "[180]": [332.556362965753, Infinity, 6266.285704989546, 2388.3989770808184, 3279366.215847653], "[200]": [323.3767066552027, Infinity, 1599.308557443812, 480.1170567901853, 1205812.1628388718], "[220]": [371.0992814132736, Infinity, 327.81257323524875, 107.44521413607184, 791004.207787123], "[240]": [70.10916093401794, Infinity, 81.71833539736585, 24.5669081055316, 19590.249325213226], "[260]": [67.2990271661914, Infinity, 18.032542066520538, 1.5969118753148002, 3522.6624488203815], "[280]": [259.4560694834588, Infinity, 1.1988405637419426, 0.7914349868012424, 40746602.9993982]}