{"[20]": [3.0452834530111286, Infinity, Infinity, 13.571428571428571, 6.848298872873768, 15.745055511855103], "[40]": [11.992998196816522, 185.3927267804345, 11.857142857142858, 5.400680721270547, 8.811263982560181], "[60]": [5.317495657579464, 8.671307213077853, 1.571428571428573, 3.240846001836914, 1.788016089851375], "[80]": [2.730510749481965, 276.56639081839086, 13.285714285714285, 14.056032468452585, 9.589566776265158], "[100]": [0.6449197700257514, 358.82949790775234, 38.714285714285715, 33.31977192450232, 25.191587146332537], "[120]": [1.0742539276491812, 295.7378264184248, 123.57142857142857, 18.10973225397703, Infinity, 86.63550442791308], "[140]": [73.99547279303863, 184.69344414824002, 85.85714285714283, 14.578918177104242, 4.071415407250015], "[160]": [2.8771789112533384, 103.88012043206254, 112.28571428571428, 13.840578896615625, 21.967732040362478], "[180]": [186.57824823854799, 438.97323688621293, 503.57142857142856, 55.630238154650556, 155.59311707777738], "[200]": [345.46528868946234, 7.637505134931988e+28, 1284.7142857142858, 289.4567450619379, 429.5486622346061], "[220]": [576.4048462245637, 6.743786227490234e+35, 2418.285714285714, 1826.0232887083494, 362.3692274797568], "[240]": [760.0418179845856, 7.982794358640013e+33, 997.1428571428569, 2268.2433713364453, 379.5694519290282], "[260]": [1691.8507223941524, 2.7348878195759536e+42, 2433.2857142857147, 1005.9433506797336, 621.5295075213826], "[280]": [472.0363937467629, 3.2736165761054765e+66, 1982.8571428571427, 51.229704117297615, 268.89463555620796]}