{"[20]": [6.0, 5.8610357511668285, 6.0, 5.999999360263563, 5.9999898707876245, 6.0, 5.99999999969174, Infinity, 6.0], "[40]": [12.076180141923526, 24.72339447991621, 5.857142857142858, 110.07173193510071, 105.37583107727625, 10.57449461029239, 10.050176210919732, Infinity, 75.12269404680504], "[60]": [4.85528382164086, 1.6870675686121236e+18, 9.285714285714285, 26.407458976493775, 28.101848436818777, 17.077205175603886, 3.303042321984286, 215.99670491969692, 36.40400903156021], "[80]": [47.750857108656504, 3.729403789879908e+27, 56.285714285714285, 87.59435586965392, 89.86397915270399, 50.45897415344636, 33.008187439406456, 36.01934704164194, 35.63103136872459], "[100]": [103.50231442964731, 2.647552091869952e+35, 113.28571428571429, 163.7881542070882, 167.50089579374583, 15.615807625591117, Infinity, 92.05464522736075, 18.1186444666356, 19.367237302111306], "[120]": [337.9272295520698, 8.308450134770628e+38, 385.8571428571429, 464.33882933451036, 460.1433822057568, 136.70800809719134, Infinity, 342.81747814029956, 100.29428236170611, 106.26160886460138], "[140]": [123.4343179654195, 4.976266294395922e+53, 703.5714285714286, 119.17863915841076, 171.686068421875, 180.70907643238775, 197.1773506658201, 349.0574491357113, 356.9852125682305], "[160]": [51.17811203994461, 2.135402919236706e+62, 663.0, 713.7633581068562, 257.3539589570778, 496.56932969952845, 214.74076652099643, 1013.2135883725491, 927.0478142387983], "[180]": [231.22467930472203, 3.104745092395459e+70, 765.7142857142858, 1387.5946909108402, 500.3069243556106, 792.6518940146493, 406.1654075616275, 87.46012149887429, 101.98664059137673], "[200]": [178.50172461653528, 2.1119689227880706e+80, 1337.5714285714284, 2506.042476790936, 1022.6801628373219, 1711.1458325385192, 839.7881147057192, 648.6914704488163, 655.3462900948216], "[220]": [275.4667223629276, 1.776360035683665e+88, 287.2857142857147, 930.5332329709458, 455.24237472340974, 382.27956162879445, 947.1173466821047, 247.08924028666843, 199.63161438660063], "[240]": [29.433959507983673, 1.0427345148083256e+97, 1380.2857142857147, 85.81334115340087, 1209.9476296788107, 1415.4449969738125, 870.0576990402515, 82.15245010870376, 149.47341604505027], "[260]": [12.424498571394452, 4.2491225503989994e+105, 1248.8571428571427, 73.87169098217828, 491.36681655438497, 1145.0220514791426, 522.2202949842681, 29.180034955647443, 42.02902713667322], "[280]": [10.972122693776555, 1.6874702090631743e+114, 677.2857142857142, 127.55339182966577, 163.64381682510918, 339.9901692110974, 350.3808046948459, 171.2298834470149, 164.9435531937866]}