{"[20]": [3.0, 2.8610357511668285, 3.0, 2.9999993602635624, 2.9999898707876245, 3.0, 2.9999999996917395, Infinity, 3.0], "[40]": [14.964466563509337, 85530313.24476473, 15.285714285714285, 17.67802863198066, 16.293506881860537, 14.377871937265782, 10.520042325990149, Infinity, 8.456758976286832], "[60]": [19.098819826031782, 1.6870675686121236e+18, 14.857142857142858, 28.923082276816412, 30.65525018878313, 23.46244509774923, 25.591640906906157, 2360.822968819412, 12.418730944019586], "[80]": [64.27845213849014, 3.729403789879908e+27, 69.57142857142857, 98.97991366218767, 101.15029857062133, 60.37645778492618, 50.13823344805087, 539.7410545528684, 12.237124942076406], "[100]": [232.59516006294479, 2.647552091869952e+35, 262.7142857142857, 304.0681686414666, 307.6553166242708, 85.22705949717925, Infinity, 229.1519902640268, 56.3024897070394, 61.58909904651131], "[120]": [284.5247443768494, 8.308450134770628e+38, 841.4285714285714, 636.6960047587464, 50.29287977456352, 38.68327463936885, 28.187082907348668, 119.21720751015323, 140.0324172473879], "[140]": [393.85523011135956, 4.976266294395922e+53, 1695.142857142857, 1015.9816940200121, 458.5224155334354, 443.64794864245596, 459.965811355984, 1176.7610640564417, 1129.141177497199], "[160]": [600.6573369690959, 2.135402919236706e+62, 1217.2857142857142, 751.7298816535017, 36.467526116626686, 644.827952360597, 145.38212274448142, 460.77419838750575, 409.80435379885967], "[180]": [283.9052946761358, 3.104745092395459e+70, 4.857142857143117, 1359.1025498615477, 274.59723070863674, 44.81939761987178, 190.01277905012375, 672.8922174991985, 979.7802914495842], "[200]": [109.72614472583246, 2.1119689227880706e+80, 626.0, 1688.3124529511847, 244.05716758111248, 644.8387446125716, 100.46027511894044, 553.3435349119991, 550.972885849209], "[220]": [243.87003558643346, 1.776360035683665e+88, 1287.0, 1120.593630379486, 679.9277174387225, 1094.0710267403779, 603.5769997680081, 111.99531582632608, 123.13984893009729], "[240]": [210.62399544998152, 1.0427345148083256e+97, 1011.0, 684.7589998629813, 390.1624875883631, 917.6993561336303, 305.4043795821931, 13.24603337407757, 20.242785517175207], "[260]": [19.492156456283737, 4.2491225503989994e+105, 642.4285714285713, 350.0567528104461, 234.29470107153668, 659.6331814182938, 167.8446999005015, 65.39280269804033, 85.75834040079167], "[280]": [19.197167246281197, 1.6874702090631743e+114, 314.28571428571433, 157.32397435894728, 98.0530504489094, 451.34935516445546, 65.80956745983303, 40.359723595211506, 38.24824397467273]}