{"[20]": [0.0, Infinity, 0.0, Infinity, Infinity], "[40]": [12.420350829422063, 7.958033522270662, 4.857142857142857, 7.670122937179656, 4.827044908408926], "[60]": [51.028869410058746, 319.8607340836853, 255.71428571428572, 97.4100530275953, 140.9786759507126], "[80]": [192.6629838378658, 1847.8810267840117, 3101.0, 2684.5499200324584, 4152.4814188359005], "[100]": [1957.3961761186474, 4454.182408601332, 489.8571428571431, 3236.633945906564, 1466.4939427955633], "[120]": [819.4865917494526, 1.4118946375846552e+17, 2468.4285714285716, 783.1865419273039, 1672.1069137819259], "[140]": [49.03957426368666, 4835353280782015.0, 453.28571428571433, 89.27640190428005, 151.64542159353715], "[160]": [70.7027868102249, 8018084185243004.0, 66.85714285714286, 150.4729149410294, 28.096206080363103], "[180]": [23.30207561613834, 1.293557439101779e+26, 4.0, 868.2967280152312, 1.5140816310206429], "[200]": [63.984088246644916, 6.098597849504537e+19, 2.142857142857143, 1023.4965143973662, 0.8331591946830088], "[220]": [61.62756981856443, 1.950792486297298e+24, 0.0, 978.3374694588467, 0.007016427963039375], "[240]": [40.28644114484567, 1.4048914543090728e-72, 0.0, 0.0, 0.0], "[260]": [5.011712775518042, 2.316666846167602e+43, 0.0, 0.0, 0.0], "[280]": [43.760786969096806, 3.0284855948823276e+79, 0.0, 0.0, 0.0]}