{"[20]": [2.0, Infinity, 2.0, Infinity, Infinity], "[40]": [62.39730154853202, 40.93279484033638, 31.285714285714285, 17.80644105160461, 34.72511506914398], "[60]": [48.209391265721706, 283.7042008524659, 575.0, 142.43770748590907, 765.5592638368668], "[80]": [246.90471997468012, 298.293915070828, 4107.571428571428, 3189.857691362752, 7139.999910600545], "[100]": [510.1636447445471, 2328.1211262997354, 2862.5714285714284, 593.9772979441641, 5230.993378362621], "[120]": [189.29663178643818, 6827756688227447.0, 1553.1428571428573, 113.61729274048776, 405.0281218046043], "[140]": [33.74600835890547, 1.5168225471541598e+19, 239.0, 18.3514056221496, 48.15845640038046], "[160]": [57.970524362162024, 3.924980805916735e+20, 29.714285714285715, 2456.458397437964, 5.958070343540875], "[180]": [25.532891090316497, 4.589185554483036e+26, 5.571428571428571, 1.8319917614588173, 2.904137231829685], "[200]": [10.731693401803597, 5.015390995991359e+22, 0.0, 36.21003148339688, 0.08056924584595425], "[220]": [4.303947300155727, 1.4996194929502831e-89, 0.0, 0.0, 0.0], "[240]": [3.1551742553836775, 3.056565221358846e+42, 0.0, 0.0, 0.0], "[260]": [4.88673377266343, 3.7302752886618883e+52, 0.0, 0.0, 0.0], "[280]": [8.49772169476076, 3.0284855948823276e+79, 0.0, 0.0, 0.0]}