{"[20]": [0.0, 0.00012671894416448786, 0.0, 1.0835556608317027e-06, 1.135220078943924e-05, 1.587101661449283e-42, 3.4136889582377806e-09, Infinity, 0.0], "[40]": [2.797478639001876, 351833.3782008356, 5.857142857142857, 10.20373761993752, 10.245955296212294, 4.529504070194389, 5.692730224263741, Infinity, 13.472835273416468], "[60]": [43.85686687651619, 1538406463175606.8, 112.42857142857143, 86.50535662274129, 87.09446583919505, 36.009988845438755, 34.83524251570741, 437.4430308040328, 26.491298093476686], "[80]": [810.2819482730572, 3.40077629912588e+24, 1800.857142857143, 832.7557228649644, 2445.207201739873, 1009.4776463841515, 864.413342931055, 87.8325173936646, 96.41017399130442], "[100]": [3691.737181858154, 2.414254885475781e+32, 6514.0, 1224.3948182259592, 1147.191239355514, 673.1973448484714, 968.9735961765346, 7152.972435349076, 6256.030291693983], "[120]": [96.6983853135207, 7.576325486168787e+35, 5065.285714285714, 1872.7767677758766, 1984.9154038585275, 2256.649667182972, 2277.6560121992698, 14925.406675135357, 13350.071587194296], "[140]": [55.4709191555221, 4.537767621226321e+50, 2682.7142857142853, 670.3656880931026, 661.1019238570357, 741.6139314483653, 885.9985550889423, 1438.7116349492712, 1183.1120059703026], "[160]": [156.61260477243968, 1.9472354461076123e+59, 422.0, 139.20383906066257, 147.46643322164948, 152.06332418385074, 236.2724237194097, 338.4899248206117, 261.54629261278234], "[180]": [245.87617057271154, 2.8311610852975855e+67, 57.14285714285714, 30.999594445523215, 33.93460952995563, 34.13229060773107, 58.804584734063994, 113.3173006294628, 128.60290421518138], "[200]": [211.62306333036577, 1.9258664884755883e+77, 4.714285714285714, 7.0273781789379015, 8.216564716740576, 7.753779102263821, 15.121282069651098, 86.12600924670222, 89.36744759123638], "[220]": [194.64029269545244, 1.6198306258292654e+85, 0.5714285714285714, 0.4245313099757171, 0.5465350905673734, 0.5812079378678778, 1.776389219202585, 74.65696743047744, 75.76031602895509], "[240]": [174.0269143822493, 9.5085081810186e+93, 0.0, 0.18758409275821372, 0.22071237372675773, 0.21986393881725183, 0.4948537422862313, 59.74283665234459, 60.977817109721016], "[260]": [157.56268204194862, 3.8746981460246653e+102, 0.0, 0.03132233017410871, 0.03665765695313115, 0.03775587915582083, 0.08961305918534289, 52.25814458552954, 52.505402584117164], "[280]": [144.8359188224531, 1.5387735893052318e+111, 0.0, 0.005230097818219702, 0.006088133044352703, 0.006484149896700924, 0.016235399168515914, 44.59024796307964, 44.96320199713065]}