{"[20]": [43.73572891848204, Infinity, Infinity, 29.285714285714285, 27.441605888302156, 22.592302751088184], "[40]": [88.48607498500883, 3819.9635594384445, 986.7142857142857, 451.12826919005545, 434.838759320068], "[60]": [6462.991373937544, 11518.823578026466, 19250.428571428572, 14922.35999750261, 5666.580212132201], "[80]": [27958.7984874038, 47851.91469457526, 2783.4285714285725, 17197.369060629913, 23480.55264745833], "[100]": [1704.6962962182897, 25172.945563550595, 18739.428571428572, 5111.366911966747, 6010.719714900506], "[120]": [3796.8055931412555, 5.653301392819544e+17, 3776.2857142857147, 1286.9350811707216, 1496.2609083739703], "[140]": [336.0283423829343, 3.020546538759618e+20, 842.0, 551.8248824581758, 578.3450430218811], "[160]": [3343.083757525378, 8.795920215486596e+22, 291.71428571428567, 27263.39469642079, 239.68947730386412], "[180]": [3136.8943373874354, 1.992989217293574e+19, 119.28571428571428, 23004.026553182357, 104.00976010859944], "[200]": [2267.3939758293573, 2.849015767341802e+24, 41.42857142857143, 22132.320771816598, 37.21402556183547], "[220]": [1580.0976932238177, 3.5498867867389363e+21, 5.571428571428573, 21999.89392954558, Infinity, 3.8541723140252344], "[240]": [1053.5246409884503, 1.3245547624750976e+24, 6.857142857142858, 1.2344858897980782, Infinity, 3.034924178271745], "[260]": [610.2079455752009, 5.842193106466406e+29, 1.4285714285714286, 0.022668162102316387, Infinity, 0.7770796245742151], "[280]": [167.63939256205194, 9.026738578097771e+29, 0.0, 0.014314839314725915, Infinity, 0.491488963448456]}