{"[20]": [2.7403473040983073, 5.50446950072978, 3.142857142857143, 11.634888321643636, 11.522238565485823, 1.502888723997827, 1.0090444970047248, Infinity, 4.548057498960754], "[40]": [71.52059996733976, 10.0654131266719, 122.28571428571428, 0.8719153158544941, 120.88311063141542, 95.51745031155173, 94.1152773603527, 15.10575677806429, 35.77015871596848], "[60]": [1345.7874801872204, 1538406076594075.5, 3245.142857142857, 931.6103775947709, 806.3658216808058, 707.192531900409, 669.3731984610718, 2070.611736720539, 85.53788743394261], "[80]": [609.6093103946587, 3.40077629912588e+24, 5747.428571428571, 1510.5925002494696, 2594.251192816755, 701.0961105367896, 373.73707966406437, 13564.047667882758, 11322.144806195709], "[100]": [934.0262344703333, 2.414254885475781e+32, 6865.857142857143, 479.12947251518835, 314.0129047526134, 651.5009623141732, 710.6628912811566, 23962.12734950633, 3626.2364028376414], "[120]": [489.4806312690798, 7.576325486168787e+35, 1556.2857142857142, 177.59169635377566, 172.57536132408313, 126.8274573909066, 75.80573824103521, 3516.3705348974236, 2349.5723182091506], "[140]": [143.87575841212674, 4.537767621226321e+50, 308.1428571428571, 206.59062896148595, 189.14981164296256, 187.99258917618022, 244.97017028301113, 41.96776807586036, 32.51578492467979], "[160]": [65.23443342053906, 1.9472354461076123e+59, 123.14285714285717, 72.49532883739707, 64.89297768362785, 69.01159603167366, 109.99601818429336, 177.1577314248122, 168.28246745610784], "[180]": [33.96950799767319, 2.8311610852975855e+67, 27.57142857142857, 41.36609740278956, 38.52942642555283, 40.82920420474582, 59.98433234308352, 172.78576409550453, 163.37497762615044], "[200]": [49.78250688607159, 1.9258664884755883e+77, 18.42857142857143, 9.907200578998156, 8.831226230113327, 9.829430292455484, 17.881251239149687, 128.2440445566602, 137.06785029790677], "[220]": [53.46412656514167, 1.6198306258292654e+85, 8.714285714285714, 0.8131757804825999, 1.028813124382046, 0.8240535787215477, 0.8101599988371042, 128.23559682369424, 127.8985589929693], "[240]": [66.49589865895769, 9.5085081810186e+93, 1.0, 0.3970159043581193, 0.32502639264915845, 0.3955298307898426, 0.9601768205532505, 116.21030493340685, 116.86638143191006], "[260]": [53.61764857551998, 3.8746981460246653e+102, 0.1428571428571429, 0.6987702867154506, 0.6627554893558976, 0.6985706773168936, 0.9874372192335915, 95.87316590884164, 94.49716998601639], "[280]": [50.602034933395316, 1.5387735893052318e+111, 0.0, 7.685057383925326e-06, 7.132711694482853e-06, 3.415914267383064e-05, 0.0005527095331558763, 85.35408870567261, 85.48746349616299]}