{"[20]": [4.807033099639045, 4.998543159490088, 4.591445457568921, 9.795364952260066, Infinity, Infinity, Infinity, Infinity, 4.142617569416145], "[40]": [11.331030028278331, 12898141.293745378, 40.10203831694146, 2.4197892910789713, 2.6345359812898232, 5.793565291816393, 54.686464913449434, 307.9263980914553, 9.439270776827932], "[60]": [19.762547252194487, Infinity, 146.42039946539182, 122.40576530269227, 98.6561717069049, 27.585479243521554, 120737.21318122631, 2774.5541078812903, 158.30871753313232], "[80]": [37.90201852040443, Infinity, 91.69586594630765, 277.7899200928196, 57.28832764035297, 82.15049260824924, 44.55752862184782, 1440.613344870497, 18.910956473754503], "[100]": [6.257323171025841, Infinity, 62.79858779953397, 411.86068899037315, 39.255886435136496, 138.67969003592526, 112.45683227476124, 97.56436243197705, 61.40527169781716], "[120]": [28.237641895348812, Infinity, 46.45515258910818, 489.138718470588, 38.137208904118516, 129.52169755940074, 158.21435360934223, 13.773251586648474, 3.2182084302337075], "[140]": [711.9256543104373, Infinity, 3097.381788172028, 3683.563797853889, 2764.033533990727, 3766.6980223075384, 2198.155401845205, 414.14729555904376, 476.02911155053926], "[160]": [441.0152095546192, Infinity, 1506.7663294323145, 1743.011984820006, 1631.2935867012159, 2761.349790480061, 266.9195858042394, 2887.998187973318, 2693.3880932299007], "[180]": [178.74170442053108, Infinity, 3838.925494905, 1123.4280116208847, 3008.124811023291, 2150.7122298378413, 60130.93581324668, 1855.0839416843235, 1922.7723012334704], "[200]": [94.76912499196072, Infinity, 1141.4817969532432, 1136.6615893632556, 908.0944315053468, 732.2095250886466, 9315.21848729848, 187.42150992158975, 183.2848433069519], "[220]": [Infinity, Infinity, 250.6255323561941, 400.2552068340072, 315.78920217651836, 256.4879170268924, 1832.0735709084497, 137.10440497439865, 132.2531563760845], "[240]": [Infinity, Infinity, 50.33402663090892, 119.01462535318146, 92.87189621532085, 80.46189261182526, 468.85075863792116, 54.07602841144861, 58.90946412141282], "[260]": [Infinity, Infinity, 16.126643737369623, 44.31287062843801, 35.25534181916423, 31.864640868681416, 135.57038960645536, 39.21347964867994, 43.67066311103948], "[280]": [Infinity, Infinity, 1.1267186616388989, 12.659533700197988, 9.67879450594049, 9.556573526692356, 40.391453752325944, 49.222524332683854, 51.91763357795483]}