{"[20]": [Infinity, Infinity, 5.750349504397443, 2.314373671160396, 17.537936241496908, 4.343191011501091, 304.70955097850367, Infinity, 3.3826915535038293], "[40]": [17.072699118143927, 16214468.72299705, 23.224707399737948, 1.5251041706645503, 27.176864851442755, 11.199561565303407, 74676.91925875744, 173201.45552588583, 8.766502879319525], "[60]": [6.2386261600953565, Infinity, 73.88922461491639, 90.3690003673936, 99.91377862302792, 9.869924403673238, 1052801.8249972113, 160.17767451533362, 82.88515151704954], "[80]": [3.8827166795270833, Infinity, 3.571133325871022, 112.01493203252933, 2.14989308429546, 53.273325271332325, 6.731879415899136, 4.934476285339668, 23.218290918473052], "[100]": [5.157960502674042, Infinity, 21.352634940658312, 105.83078901964372, 13.134436160843007, 27.08803340401773, 5.580208965252432, 4.6424475203204265, 2.370459254737155], "[120]": [26.979113863726635, Infinity, 7.347765952149068, 106.57844470384171, 11.880354001902708, 5.860549822311624, 15.031209588736568, 34.856185333506694, 31.558717751920263], "[140]": [191.27708042264473, Infinity, 486.96096488311235, 692.4332516005791, 442.8757972619567, 558.072403325071, 443.0194319445396, 72.78521591965769, 74.80782568732867], "[160]": [830.0027240948466, Infinity, 3675.0038344933955, 1963.780732368865, 1588.9926368987483, 1408.894301720885, 3317.768053473375, 552.7475422293338, 535.669161822655], "[180]": [215.87454706479053, Infinity, 362.49746369069885, 1820.2267989437935, 2078.544394358097, 2716.1055925915325, 89.93129919123243, 2211.202454934492, 2338.9437069499354], "[200]": [674.5681628052491, Infinity, 3403.9020298843457, 1245.4188873965718, 3089.8123388884283, 2372.6567107978562, 61141.92436894863, 4862.065496259018, 5021.2771797393425], "[220]": [84.59666566546457, Infinity, 857.4698914586171, 1064.1176575771078, 998.2987350790278, 825.9811493988609, 11656.573807768551, 333.60756182993686, 263.9042107958288], "[240]": [67.48042242559863, Infinity, 170.88050813979072, 474.0943486821357, 390.7927918409546, 323.4113296926612, 2622.517287006348, 69.83579329821178, 48.53493798008985], "[260]": [81.50261540674033, Infinity, 13.519195788616551, 171.39464314469345, 133.47424706324995, 120.34778823742163, 745.8385131635016, 49.943575676429916, 44.25948865450098], "[280]": [71.57558797054597, Infinity, 0.5773807013354347, 57.287508890305205, 43.1272953148891, 41.8478105575147, 238.22866507309288, 59.560759884074294, 60.96366053645615]}