{"[20]": [Infinity, 0.9917785513114644, 2.0, 1.9999991742219654, 1.9999863229047314, Infinity, 1.9999959716016316, Infinity, Infinity], "[40]": [0.31682669148042375, 4.005100481471041, 0.30232662289828616, 20.71756989063452, 27.733977751716854, 0.5191043993407717, 3.238224630227438, Infinity, 1.895292469706133], "[60]": [3.6677544807764972, Infinity, 4.627998025217779, 9.497998647211253, 8.32368694729405, 1.334612111334937, 22551.228027646757, 6.506647322790115, 3.045079758060431], "[80]": [8.076904587898746, Infinity, 8.42216135161074, 15.907733500986733, 15.498312118397982, 13.678584754585579, 17260.835755978314, 8.679135417719156, 6.442520410095888], "[100]": [6.559098047025615, Infinity, 2.387069934421939, 14.640928168527491, 11.827821350746174, 3.9825795263624837, 2.6458957184371865, 9.663306452664893, 2.8383131952482934], "[120]": [5.175843364022431, Infinity, 8.849134608006146, 26.369893114348166, 24.39561266388374, 5.0285891666282465, 5.075120767043153, 9.284008751802627, 8.269082756819964], "[140]": [18.252161552414375, Infinity, 22.333047112374956, 42.6174021993649, 43.034323292990756, 6.971531602880924, Infinity, 9.126718719640644, 1.795301326568651, 4.279925761350493], "[160]": [4.516412609473046, Infinity, 3.5215524735360004, 17.69773476265928, 12.025441975737053, 29.488449039404482, Infinity, 11.990286343494777, 35.94185937808415, 36.6645095189823], "[180]": [6.432416342458418, Infinity, 12.666338806040029, 47.956414013233264, 46.38053065089472, 15.121854618693572, 2735.7467044561577, 17.129404909975666, 15.260052876354107], "[200]": [64.8402395698323, Infinity, 70.01470309127096, 125.3069648775815, 122.4095854131433, 79.60164579145352, 62.29066872167245, 58.74158416451357, 57.78841801811618], "[220]": [43.17850718772697, Infinity, 251.9069115013268, 221.03936546400365, 184.0963332480376, 200.16450146542763, 142.48087463289028, 133.82004815592092, 125.43594092232595], "[240]": [111.16839404490797, Infinity, 448.65474897317284, 178.67109871514364, 90.09496239324113, 93.09953310632628, Infinity, 366.15550506559447, 86.37626161861492, 88.48981969987764], "[260]": [95.12433368406039, Infinity, 570.5958684788948, 242.18742550725722, Infinity, 82.96489003074791, 175.41950039932854, Infinity, 563.3913244900214, 537.9097483278515, 532.9313882624513], "[280]": [306.87961539643874, Infinity, 235.14180533511174, 243.12288937072097, Infinity, 411.2225489150029, Infinity, 1935.3631369861428, Infinity, 57.42991962103444, 211.020962894367, 218.2460384191954]}