{"[20]": [5.0, Infinity, Infinity, 5.0, Infinity, Infinity, Infinity, Infinity], "[40]": [112.54795512856435, 50.837765048606386, 44.91000115135152, 22.310995873173393, 178.0562256673163], "[60]": [2.845197408095005, 37.82042905267438, 88.41997414519173, 13.25765775358732, 1689.7256659743744], "[80]": [73.9020867739215, 55.722814906532804, 212.35237917707443, 96.66633526318847, Infinity, 4004.7480487532252], "[100]": [43.19597383345234, 60.24386986463806, 845.6534794185143, 110.67215145148076, 796.5223209578159], "[120]": [36.175919150890074, 112.57519937263892, 2810.0446731330444, 2156.1104922242403, 1656.0981915015736], "[140]": [127.34452990566756, 18730.083640900433, 4058.8117838363914, 6101.168824578094, 1889.6308273589996], "[160]": [360.12269711428553, 407.87761065560335, 169.3454042797188, 6232.46318967316, 1106.0397279014956], "[180]": [624.707248741038, 10985996527.05929, 2307.4066131594627, 2804.2752571131828, 798.0862631702529], "[200]": [723.8198080384213, 1.044411389918445e+25, 1775.8829242773222, 145.12772978088947, 319.0674519097657], "[220]": [642.6502600612758, Infinity, 1592.0420484147535, 7468.391300984364, 279.1546711894413], "[240]": [401.1416230832514, Infinity, 1030.988929149589, 4852.947254186545, 198.33628990655146], "[260]": [187.08825261725582, Infinity, 620.7751750357041, 1714.8007712294752, 114.15180262244833], "[280]": [56.835128615213506, Infinity, 454.19196472545747, 774.9119650616082, Infinity, 99.0617656567244]}