{"[20]": [12.990511346591608, Infinity, Infinity, 21.84309807424664, 12.470849745099132, 11897.348627770223], "[40]": [22.172414437943125, 290.01964822451873, 53.45582891078153, 8.27679954318159, 419.0258846775671], "[60]": [3.021636247595042, 30.131059657748107, 55.03094146337198, 26.71412560682324, 2003.298904234341], "[80]": [50.8435086851083, 110.4504935965288, 191.67146030301447, 9.534842219220044, Infinity, 3829.1222052847415], "[100]": [78.17848697191756, 27.64604410649853, 518.4743209998561, 100.75856133149642, Infinity, 8975.368734144522], "[120]": [141.52246041963264, 239.56655762532645, 1186.6842842820715, 257.4634009166868, 227.07930556757768], "[140]": [7.691344546445274, 1170.5102594765476, 2101.6846251771394, 1526.312518257458, 437.5227877662374], "[160]": [92.47064843640277, 102.5387889094698, 2128.088084806004, 2669.801371958158, 433.964629532034], "[180]": [13.578789830452948, 3867235126751683.5, 3770.0464105577767, 5774.407752364343, 428.6224925008492], "[200]": [24.65200483811904, 3.120136760098322e+31, 7939.530778532903, Infinity, 12135.285132337687, 1612.3524138511377], "[220]": [1842.7501938215592, 1447.9526840614492, 2287.6937458110274, Infinity, 14782.38999333595, 1360.8811097887933], "[240]": [998.0088100452944, Infinity, 6020.793735330255, 49525.74188566958, 3096.221923571467], "[260]": [154.58195276394457, Infinity, 7210.451900372379, 15803.821037121537, 1443.7303670040565], "[280]": [199.46121227427028, Infinity, 4153.485092423089, 3955.811070531157, 932.8851349849965]}