{"[20]": [Infinity, Infinity, Infinity, Infinity, 20.67383946087052, 6.749399829425072, 174.29604217369769], "[40]": [Infinity, Infinity, 10753.043665335717, 246.2601728681649, 251.10822397542574, Infinity, 2152.6474838331883], "[60]": [1535.1892660540957, 2337.4380436283946, 655.5305581901717, 1066.8204576932244, 6894.437540835509], "[80]": [31.80552160957681, 52.07588364007206, 427.2986391054754, 1496.5214322855659, 147.85088024506553], "[100]": [19.55862674296437, 563.0283388568323, 402.80897753490996, 1929.5408672783117, 180.8222528215732], "[120]": [763.7140445507273, 531.1067157009096, 1184.3285207313422, 3270.214489995488, 457.25836065158404], "[140]": [5445.7863186692, 9483.335580526604, 14906.945233975499, 19517.059662195883, 6694.801683005016], "[160]": [6747.967431457641, Infinity, 629.7378514223633, 5800.106602858919, 91484235.35403618], "[180]": [186.25923757893975, Infinity, 11800.213540877647, 4743.98386083292, 3124301588.538482], "[200]": [902.7521333521164, Infinity, 2924.02554219776, 2982.915131018199, 2190701861.450383], "[220]": [700.4872127113181, Infinity, 567.07839169574, 1281.8246610743024, 600122082.1953288], "[240]": [140.33845203105741, Infinity, 164.215051634717, 56.73667003470443, 63022744.77770929], "[260]": [136.53037757900452, Infinity, 25.373028341839674, 7.920728792136774, 22845988372.831482], "[280]": [468.58842938651287, Infinity, 3.3500024011954004, 4189.317874922227, 6250772.506998188]}