{"[20]": [39.20695070789614, 1444.1645330041492, 39.42857142857143, 213.38878710902188, 209.0205836806097, 40.494046503514625, 40.98369563442875, Infinity, 43.45402882923031], "[40]": [367.2808781605444, 164.19877645224022, 467.42857142857144, 116.86675559171931, 507.6217802098846, 398.5156847784496, 335.3367795263854, 599.9055853261542, 128.26348695494312], "[60]": [552.7821625671725, 1.6870671205972224e+18, 1138.2857142857142, 1289.3091494167807, 569.0841591247768, 417.2473093941662, 570.5332374677987, 1029.7127656823109, 1669.9803693574145], "[80]": [1007.0717031623562, 3.729403789879908e+27, 1408.4285714285716, 2756.2018283476636, 1098.6608795429543, 1442.9608086581757, 334.35706994818565, 4208.979608902859, 3744.090720617949], "[100]": [21.88295458598077, 2.647552091869952e+35, 1470.0, 3940.4339523214076, 1131.7243355661203, 1983.811570092496, 227.96302898805425, 30.91287500762519, 171.4824866695808], "[120]": [3328.7376560803914, 8.308450134770628e+38, 4118.0, 7671.693200929796, 3899.6609628178603, 4909.567955059847, 2900.054606226361, 3326.948391849015, 3361.855355815069], "[140]": [3908.536715987404, 4.976266294395922e+53, 12506.42857142857, 16034.035100220064, 9554.95257360142, 16204.39582456977, 8127.022639028739, 18615.968338979183, 16587.66952294371], "[160]": [1898.106755978568, 2.135402919236706e+62, 12285.714285714286, 3900.7989372670418, 19667.196368817386, 10408.322383642204, 18167.215618552054, 11181.199469496285, 11012.211294141474], "[180]": [1900.6375055870449, 3.104745092395459e+70, 6717.571428571429, Infinity, 421.84203067462204, 2491.098010565911, 2487.6213523129036, 2589.971202265524, 19491.05965633576, 16386.552512919145], "[200]": [1906.5067210352072, 2.1119689227880706e+80, 1474.8571428571427, 62.51565275754945, 458.5826971306826, 548.7960692021411, 636.6238533399817, 3251.82820643346, 3122.5310571705213], "[220]": [562.8038202149955, 1.776360035683665e+88, 426.0, 74.08651686145924, 69.80270111459657, 91.81136875269254, 119.11625252813928, 1352.0520662065271, 1236.4683011086395], "[240]": [459.38774328793716, 1.0427345148083256e+97, 180.85714285714286, 6.801218635506203, 47.66398898645551, 52.104163195218604, 60.10790475951923, 683.1525421448425, 708.9174680764014], "[260]": [356.49697951651797, 4.2491225503989994e+105, 36.285714285714285, 8.417882500549874, 17.035784171685798, 20.741303471220974, 24.610890483966656, 536.6467571596282, 548.4388982783132], "[280]": [338.8303774507267, 1.6874702090631743e+114, 6.571428571428571, 6.884666352761939, 5.320546992698563, 3.53950544309186, 1.9772938426952997, 438.7752421428072, 451.49700676162]}