{"[20]": [20.704869899589536, Infinity, Infinity, 30.62068442793355, 5.674244605554874, 158.62413804344823], "[40]": [68.36614006381436, 39.88775523935383, 601.9075095254606, 240.1781084739733, 45266.97012614955], "[60]": [294.72818222364054, 1738.8177643201766, 13992.647642451544, 10148.011309809184, Infinity, 242832.48079039212], "[80]": [27869.931277090363, 60933.68860471926, 58260.93817842211, 75573.16797316585, 15390.639475606358], "[100]": [31375.45543334809, 3298.7488514118713, 45327.999990208846, Infinity, 31530.89912196805, 55516.9268161361], "[120]": [4036.174159161857, Infinity, 5874.202086595278, 20353.866066998642, Infinity, 6291.764720771458, 8360.77606695706], "[140]": [1043.8002993118803, Infinity, 4494.557535531807, 889.6118639679471, 1211.6746977853356], "[160]": [1807.9916055281503, Infinity, 1218.309036516847, 290.289464706101, 316.7920719937614], "[180]": [920.4090443810245, Infinity, 313.5587413741546, 87.137443778946, 78.51375800950878], "[200]": [578.1609863854011, Infinity, 90.59193194359258, 2256901.069388799, 25.088500015662174], "[220]": [505.07264758000144, Infinity, 13.907808665829123, 11194069.111226361, Infinity, 1.3979648781338754], "[240]": [481.2525367566025, Infinity, 3.90710914463222, 6970.843543360845, Infinity, 0.18605037748015346], "[260]": [469.4128737131355, Infinity, 0.561175140535016, 0.6688840191376405, Infinity, 0.03147241663356982], "[280]": [480.5417322592592, Infinity, 1.2315157215355044, 0.262931650807404, Infinity, 1.0026678749983293]}