{"[20]": [23.398013692759996, 102.10617958725177, 27.142857142857142, 101.46666070224234, 90.58583831414668, 101.59118264780454, 90.64603610720881, 127.57577810381002, 110.95042694627767], "[40]": [9.701896484806198, 12.204592672089348, 17.57142857142857, 62.005732720504724, 49.217273690490806, 30.126409071765366, 21.93180377748769, 17.16992590360786, 14.18405744301441], "[60]": [15.444838383250087, 1.687067545877045e+18, 12.285714285714285, 57.11457566157223, 60.06276246220548, 45.41129821400524, 2.36079371244643, 1.4237760549830796, 4.759721033719018], "[80]": [44.174932169700824, 3.729403789879908e+27, 46.85714285714286, 104.63294714137218, 41.993645038890094, 39.957379715437185, 35.988071883205464, 36.3019404626567, 38.35462240251542], "[100]": [106.4275644285191, 2.647552091869952e+35, 115.85714285714286, 199.40564583547115, 104.99062260480565, 60.58005615493218, 60.21507937781311, 76.81206731674365, 73.24197142487296], "[120]": [102.46071443537824, 8.308450134770628e+38, 326.85714285714283, 442.2012748442287, 266.8826901997281, 160.35769761216216, 143.03393561346843, 93.0006860345643, 86.09994634866428], "[140]": [163.00444757104856, 4.976266294395922e+53, 378.0, 528.1937891857974, 251.13921342242043, 335.3294605871695, 182.20492517816047, 188.13729795482936, 236.15604283485436], "[160]": [63.44617537329373, 2.135402919236706e+62, 525.5714285714287, 901.5768540413063, 373.61218284493816, 580.1625685402257, 267.072617702755, 336.4184984396411, 317.1853971801006], "[180]": [866.2259480413859, 3.104745092395459e+70, 1476.5714285714287, 2072.2505285556367, 1292.1535993848345, 1644.2822979907642, 1035.0163953000688, 794.0583374206749, 791.1755610186865], "[200]": [1202.5892914914984, 2.1119689227880706e+80, 3614.8571428571427, 3061.6705333228847, 2704.191010009037, 3777.7926440552906, 1440.537137182274, 1405.8856210401664, 1380.652264016855], "[220]": [667.4104091996087, 1.776360035683665e+88, 4672.428571428572, 7209.051368904566, 702.1856210266469, 436.033981239907, 1471.9658266401748, 2536.716322239201, 2326.25594814961], "[240]": [772.0584856856185, 1.0427345148083256e+97, 772.8571428571431, Infinity, 8149.640792747285, 4344.781661663186, 4139.621084033708, 4108.8286384561325, 2558.677698275187, 2686.7508133111023], "[260]": [662.4195828334505, 4.2491225503989994e+105, 5479.0, Infinity, 3629.1942404486417, 3937.5693094753315, 3354.992176554044, 3432.7404106832637, 1035.841141530571, 1149.3766443423847], "[280]": [1083.530690891385, 1.6874702090631743e+114, 3130.142857142857, Infinity, 1038.952869681067, 1806.5431097589121, 2173.664798528116, 2299.6216746622977, 1957.9283036093611, 1928.4907212473295]}