{"[20]": [Infinity, 11.40237880779023, 13.0, 12.999999174221967, 12.99998632290473, Infinity, 12.999995971601633, Infinity, Infinity], "[40]": [5.667119886314917, Infinity, 1.4011096041367952, 59.11472261533946, 9.109660864811683, 8.491084726024154, 106.42173548913226, Infinity, 86.86839070969073], "[60]": [1.3014331013405562, Infinity, 0.6542971981024839, 11.371974420404095, 11.334185895176361, 10.297801886546731, 161.63619866492877, 27.353674209396832, 0.5153342432308378], "[80]": [1.9714982648984845, Infinity, 0.5569705970747553, 15.756389840526268, 16.7825880426692, 14.088224163047684, 137859.20202364764, 4.561392767774228, 0.3856619581848102], "[100]": [20.963756365755444, Infinity, 21.75470982246415, 41.51154042586647, 35.17224744191283, 22.837183226593147, 20.330969321145904, 22.887015431377726, 23.654778103979098], "[120]": [15.980497465275523, Infinity, 37.34678140145832, 89.54457262894887, 28.39557712235105, 30.523651503025686, 20.122328272093338, 29.05849412029507, 35.557534933628496], "[140]": [9.390629539930929, Infinity, 26.193756518338354, 125.38649598145693, 30.108039989635433, 18.26719424565156, 38.74559349117858, 90.41373764329724, 86.90115849477293], "[160]": [33.02546655392897, Infinity, 39.30427036098828, 178.8618594643103, 90.57685657803268, Infinity, 77.24410072868564, 58285.847711650895, 2.182107731341866, 0.6130513809516052], "[180]": [64.05495948249091, Infinity, 88.29085287042068, 288.8472642927533, 68.6045328161953, Infinity, 181.87032597909732, 45.72888855816823, 4.1471701744467415, 5.58395820151552], "[200]": [95.6820088840249, Infinity, 481.5884905137898, 839.1449194471086, 324.31391331306554, Infinity, 210.9152439448645, 252.28830516876963, 33.2322210038657, 45.530406210089694], "[220]": [374.60776439712487, Infinity, 1147.648217733585, 2164.1225075868474, 276.6783772300326, Infinity, 466.46577671104444, 2969.9890066877315, 447.2729399886935, 370.7879994034218], "[240]": [209.8508793610197, Infinity, 1654.5542924501724, 4203.959642710956, 196.9806557181971, Infinity, 1391.9826702512146, Infinity, 6433.85549978497, 919.0541930678156, 905.8659819149769], "[260]": [318.167447661068, Infinity, 511.23453021737, 3648.1631839605457, Infinity, 1588.0623577682727, Infinity, 3820.532819381031, 43174.90254380176, 3542.2349829808677, 3372.058796975075], "[280]": [78.69496811187028, Infinity, 1440.130390468063, 1886.634710509743, Infinity, 2001.7564264752016, Infinity, 8410.544645038744, 14483.443089644223, 1862.628561407335, 1600.148039788754]}