{"[20]": [0.0, Infinity, 0.0, Infinity, Infinity], "[40]": [14.033184507903854, 4.725946129072822, 5.857142857142857, 5.108472613041194, 2.902898436774022], "[60]": [3.1314122792541355, 2150.249371332313, 112.42857142857143, 31.17404440337542, 30.61269187042987], "[80]": [197.2142091015594, 1637.7322292585081, 1800.857142857143, 897.6539836898464, 917.8326866724381], "[100]": [2114.9337342670533, 945.6319543286718, 6514.0, 7692.979901337512, 11810.45493868807], "[120]": [2745.516792883038, 2176.316154110037, 5065.285714285714, 5233.297946387723, 4496.757608121594], "[140]": [542.2659379673437, 2193330400509472.2, 2682.7142857142853, 669.565108935868, 1045.5331515378857], "[160]": [489.78893867135014, 2.335452059073075e+18, 422.0, 46.626611195476585, 122.66430584206489], "[180]": [339.33313204540235, 6.568686188446742e+24, 57.14285714285714, 242.3658549224947, 17.536973137431637], "[200]": [159.3986115398029, 3.882641747594225e+22, 4.714285714285714, 111.24011190323938, 0.8048784804508347], "[220]": [71.46406877108919, 2.8340533250569545e+33, 0.5714285714285714, 2115.729714617612, 0.2737199238750868], "[240]": [47.972176203433165, 4.865156450886639e+29, 0.0, 0.0, 0.0], "[260]": [63.58730266615066, 9.494126032933124e+39, 0.0, 0.0, 0.0], "[280]": [106.61943890060476, 3.0284855948823276e+79, 0.0, 0.0, 0.0]}