{"[20]": [0.6439409901633635, Infinity, 4.428571428571429, 0.5526837738410775, 0.7458378759377524], "[40]": [4.062344328795028, 12.504713851833479, 13.0, 4.677711491243521, 6.8463058725034], "[60]": [0.1010104000277039, 0.9382945397684352, 4.857142857142854, 1.5591405929637148, 2.233724946819322], "[80]": [4.286935684679406, 32.63681197911452, 18.857142857142854, 0.7890361090661457, 6.673739752458886], "[100]": [24.73949469805183, 256.7532200005814, 21.714285714285708, 29.69288456200968, 7.559996639499204], "[120]": [30.701258753364925, 296.08792357139134, 77.71428571428572, 15.896811747510128, 2.223501375446517], "[140]": [3.964500169857047, 132.04818320614345, 136.14285714285717, 51.871827421703415, 0.15290431183666442], "[160]": [21.929663459801645, 15.715498692741562, 90.42857142857144, 62.848796494246926, 43.255138676376305], "[180]": [16.837691312066113, 331.5553848772306, 194.28571428571433, 47.792575119759135, 24.2499231584751], "[200]": [30.887188984276236, 1.1067111620699253e+22, 824.1428571428571, 175.0118149374191, 239.82875545766046], "[220]": [32.64366082704055, 8.680399176075447e+28, 1335.0, 275.8705833677832, 262.2438120222105], "[240]": [38.204300868327664, 1.8221590986938813e+35, 501.2857142857147, 6.4346835585593, 16.79028629043205], "[260]": [87.50187472251037, 1.6466236698175332e+43, 1229.2857142857147, 271.89224533216293, 347.54694987503444], "[280]": [67.47166138467082, 2.2790233451143034e+62, 1196.0, 124.33641243339753, 639.5862382445534]}