{"[20]": [1.0, Infinity, Infinity, 1.0, Infinity, Infinity, Infinity, Infinity], "[40]": [5.900491849995717, 2.4129015700328544, 6.0, 4.502539574589244, 6.927635503022036], "[60]": [8.950328279901, Infinity, 22.714285714285715, 4.901584733097785, 19.86570721159793], "[80]": [91.27467103536239, 264.442122771205, 236.14285714285714, 113.37825558549116, 177.41392745022972], "[100]": [82.79719822780771, 788.3778854580833, 1870.2857142857142, 1270.2900918320056, Infinity, 2192.5620967325203], "[120]": [742.4548232417883, 5008.598376779581, 2920.5714285714284, 5567.077443375528, 709.6385794222269], "[140]": [1417.9188513423778, 5426.734763421364, 2786.2857142857147, 2519.6972561520133, 2997.1084077361566], "[160]": [31.9263544231884, 9.90832230823521e+28, 1789.4285714285716, 396.1260539002051, 706.9588132692218], "[180]": [491.2934478331192, 9.643442843492457e+19, 378.57142857142856, 724.3667838708465, 111.10642923034919], "[200]": [353.6333919611613, 4.3769659764013354e+29, 56.14285714285714, 757.0747900874175, 15.389798509774884], "[220]": [220.44232109729447, 1.3584566837054452e+31, 8.142857142857142, 789.1374776305541, Infinity, 2.6662369804477333], "[240]": [145.492953821305, 1.8801646668489203e+43, 0.0, 0.0008958232269378977, Infinity, 0.00936125123506666], "[260]": [101.02438984174846, 1.0411588315981054e+43, 0.0, 0.0, Infinity, 0.0], "[280]": [71.8183625731602, 1.0521594640024641e+36, 0.0, 0.0, Infinity, 0.0]}