{"[20]": [43.14490098990132, 21271.75682184104, 43.285714285714285, 28.62325430741486, Infinity, Infinity, Infinity, Infinity, Infinity, Infinity, Infinity, 23215.58914027423], "[40]": [539.9030548825796, 159.95163857467878, 688.5714285714286, 713.5621780031096, 733.9333306180181, 669.7853901535894, 565.9008083262044, 1166.466132372399, 654.5636379938348], "[60]": [11270.3477790738, 1.6870668517882918e+18, 12427.142857142857, 10873.558227711936, 1970.5552075873838, 1364.3521173705194, 921.2758204619076, 2256.770630468187, 7.812965578516014], "[80]": [12587.658154703771, 3.729403789879908e+27, 14040.857142857141, 1102.76865904047, 10352.828317895743, 1683.4988508007518, 965.2751644128366, 129787.59407699943, 7059.931347342761], "[100]": [656.1334132377287, 2.647552091869952e+35, 20631.285714285714, 684.8597919395033, 1328.4780780959936, 1491.1871119276548, 1239.6258732469978, 233383.65176322966, 44054.98629796859], "[120]": [551.8592952305189, 8.308450134770628e+38, 5545.714285714285, 133.06287217363706, 45.032306049581166, 28.457723111940368, 104.02072327740348, 4840.856240871742, 8553.455243138767], "[140]": [565.3691813740079, 4.976266294395922e+53, 840.2857142857142, 104.64564605935342, 84.13437184099598, 68.81986433293389, 45.5909542820736, 1320.3769952472167, 1318.213138545157], "[160]": [858.2479435868336, 2.135402919236706e+62, 134.57142857142858, 32.14389653820675, 28.56153552289117, 26.25329795496927, 21.46142247651955, 2656.137104117524, 2676.0816974739805], "[180]": [579.2738041233479, 3.104745092395459e+70, 34.142857142857146, 5.578442979494, 4.673181591466987, 4.726392187085846, 4.629034176131237, 1437.6484793896157, 1506.62101792775], "[200]": [564.7668137797491, 2.1119689227880706e+80, 5.285714285714286, 0.4641585365404095, 0.305177646825173, 0.34791140993219116, 0.3738712122374074, 1366.2462842917093, 1398.9270833125338], "[220]": [457.4107862547762, 1.776360035683665e+88, 0.5714285714285714, 0.8423970809884194, 0.7907585782115586, 0.8270958448070078, 0.890199785628607, 1055.7112889099328, 1066.5517914812383], "[240]": [430.6388787301339, 1.0427345148083256e+97, 1.0, 1.9248299719729398, 1.8993681771025184, 1.922864617004373, 1.970142937973778, 912.0341574695531, 919.2896261928956], "[260]": [381.5780481719876, 4.2491225503989994e+105, 1.0, 9.221273935774021e-05, 0.00010752544323194104, 0.0003402573009793792, 0.0012938332399268242, 755.8717423281942, 764.7152664834255], "[280]": [351.03171700173516, 1.6874702090631743e+114, 0.0, 9.285379132572081e-06, 1.1117876439128446e-05, 4.018434139218638e-05, 0.00017719598202910235, 678.1525250415841, 684.2482239678152]}