{"[20]": [6.55887129762072, 39.920230263366655, 7.165328715896708, 20.350818195175272, 17.54566115340622, 3.1897774500190716, 13.581624668250175, Infinity, 6.734471290895795], "[40]": [162.40696626776497, 86.0461600792679, 236.84489565310136, 58.87706090965798, 220.71199255065366, 40.957575121771065, 185.80206810607496, 2217.978074731022, 59.388986818532715], "[60]": [2281.026692164209, Infinity, 6295.675868964038, 1915.6422858018136, 1778.9052776932099, 1799.5397105640707, 76011.76414149531, 2570.06485226411, 57.35176018963444], "[80]": [4338.048728891987, Infinity, 7344.414172413989, 999.2754588554566, 5184.423418239863, 1151.7490463721667, 3101.185173618863, 13207.711510134128, 10906.06424292768], "[100]": [1665.6507434778082, Infinity, 11284.439770380839, 561.7701565749036, 963.412543072347, 919.3811848914528, 755.6736621738908, 44307.1354166051, 25461.85133764514], "[120]": [307.3284125524229, Infinity, 2303.222163750797, 663.5910628187582, 472.81337986611913, 414.8466340059793, 190.6421187694533, 1594.1587729748928, 1033.664538743475], "[140]": [195.75297336347467, Infinity, 460.0352544882456, 421.2112474320882, 325.71515822087844, 356.61243632435884, 380.2573713167799, 46.96261105624169, 63.605410135328285], "[160]": [140.01638931603893, Infinity, 157.71518589467695, 184.47680760533808, 145.8755620380017, 173.68984957853937, 241.82506081117262, 509.36165895902303, 490.4893502294459], "[180]": [109.17911892674155, Infinity, 54.7763425636951, 74.20828677856039, 60.548329972091686, 72.64373701323632, 107.24042296951798, 238.7303852967456, 256.40352546736614], "[200]": [114.11653833984137, Infinity, 19.027063970743484, 22.19686866888274, 17.930535430135805, 21.981735592981522, 34.25838591836045, 139.1245326810568, 134.73005147614086], "[220]": [101.32537992823977, Infinity, 2.611945874676487, 9.779567020334502, 8.560846837324984, 9.750826411528498, 13.462155680156368, 132.15251755135026, 132.5113825929694], "[240]": [94.76010600721848, Infinity, 4.297367462135269, 0.891509587496909, 0.2823022415979436, 0.8877389486761296, 2.8359060048866773, 136.2478902563364, 145.96915205323438], "[260]": [84.49662841260668, Infinity, 0.923399355968493, 3.4285383614897275e-05, 3.9353865875681486e-05, 0.0005063896329866366, 0.005298740437334581, 113.02246771836663, 113.9417876568718], "[280]": [84.05658831705428, Infinity, 0.0, 3.1218006486988904e-06, 3.7735440600904806e-06, 6.391783425894249e-05, 0.0008561202147970105, 98.62675029093357, 100.90800867841081]}