{"[20]": [8.011478718976928, 23.14639339588218, 7.0, 8.959784720067688, 7.759612832308964, 7.506668865158816, 7.071432191462932, Infinity, 7.770511777731381], "[40]": [1.3058191859431005, 16.55013514580287, 21.857142857142858, 21.873273072474973, 34.96821009701627, 11.003667741370073, 8.711886931019066, 25.82272337324366, 7.597355233244123], "[60]": [12.919447993675035, 1538406457077952.5, 0.5714285714285694, 33.03742123210733, 41.60008018791348, 19.813706082467363, 2.4394291711263776, 97.48623341368258, 28.748089952328275], "[80]": [30.763021554360392, 3.40077629912588e+24, 22.42857142857143, 53.837931955403334, 23.54359364549891, 42.524854782218256, 26.310608324221704, 40.222023415085005, 34.819613886731005], "[100]": [26.0045019334147, 2.414254885475781e+32, 43.57142857142857, 79.69366730816805, 35.99897467298017, 65.98814646893047, 35.99669110907813, 31.116181501575284, 33.43355349558712], "[120]": [52.81145170799459, 7.576325486168787e+35, 81.57142857142858, 129.96122851321695, 53.066537239165825, 94.31030457618022, 32.17204801682669, 10.46025452487197, 3.2932391676621933], "[140]": [0.9349090643399904, 4.537767621226321e+50, 79.14285714285717, 146.86476156568858, 43.281713882590054, 96.16518724340182, 11.048658467133237, 29.290570555213094, 20.695007186686723], "[160]": [59.71429097855321, 1.9472354461076123e+59, 52.0, 170.912808171751, 47.971432641991555, 71.40860177042896, 1.78814016653223, 50.74462226883577, 62.24280683488837], "[180]": [114.15888410618095, 2.8311610852975855e+67, 158.28571428571433, 349.86874943156374, 121.23054804587491, 214.76406135604026, 127.23930828013499, 21.20747026652441, 32.75923060789046], "[200]": [174.22749091738888, 1.9258664884755883e+77, 495.8571428571429, 639.5194564487273, 391.70656966886554, 696.5418696776659, 278.97877885611524, 145.04076033465662, 144.40430884698003], "[220]": [213.9517149314879, 1.6198306258292654e+85, 1227.4285714285716, 869.6812732278877, 452.8672980240344, 654.4561229492683, 452.61046394913865, 59.55752243850111, 62.03260405137371], "[240]": [222.22563603054004, 9.5085081810186e+93, 1902.0, 2502.1234842583654, 178.15151937482733, 42.5513075093495, 261.7155937512207, 456.53557639475275, 460.55890314399494], "[260]": [63.63282118229108, 3.8746981460246653e+102, 260.71428571428623, 2988.082124574408, 1489.9723921744153, 1342.2348085412268, 1488.241704370179, 949.1996339353236, 955.1125989296079], "[280]": [234.54943016460675, 1.5387735893052318e+111, 1762.1428571428569, 1305.685858230479, 1293.530215619725, 1557.337449717461, 1714.0621819937433, 457.36816067096424, 435.819798152329]}