{"[20]": [5.732048073236933, 119.77382207689091, 5.194639220762395, 5.705708739982444, 15.76015624525673, 3.947730212286395, 42.41795604996531, Infinity, 3.991859778362975], "[40]": [23.815454214312275, 3.1088853264111407, 64.52360676393623, 2.54268041851248, 65.98231763484941, 12.223846574695719, 25.751670827439604, 136.9011452721217, 2.3596161258247705], "[60]": [596.7965368591643, Infinity, 1497.4655421558393, 1057.8330087966742, 563.5103260145585, 564.9493819073305, 268338.8416753215, 278.3820350469004, 21.1379250000648], "[80]": [865.2784827698306, Infinity, 6967.571916012633, 227.00000487816274, 220.14136638746345, 132.58020448186258, 34438.18570131962, 12028.855777334998, 7815.76558552122], "[100]": [201.97211900672372, Infinity, 5944.636827201912, 1130.6526593347903, 943.8219753771982, 1076.3077229369787, 687.3267289432331, 15439.86750312467, 8654.449990907608], "[120]": [106.9070862563512, Infinity, 1853.1301589158045, 187.37459213988515, 82.06615804325581, 119.585095305784, 90.27142941029808, 11118.414505361088, 4715.12823314558], "[140]": [76.31103219683132, Infinity, 262.219114494389, 11.884243292104463, 37.47365613622693, 15.166227446986715, 10.921721367639915, 129.24614197508706, 8.449145626701132], "[160]": [75.91123195320496, Infinity, 45.31906949846673, 11.850566105410799, 18.993531302833503, 12.692029712980458, 15.7974758268071, 213.91148434646846, 220.0154868879109], "[180]": [62.20684854012734, Infinity, 11.261751629747254, 3.1579644470727146, 4.920011021260715, 3.3104508109159276, 5.176135016991773, 188.27590371282844, 185.26040424349753], "[200]": [62.82719677217638, Infinity, 0.9275196808121361, 0.9275383274149663, 1.2397887652730386, 0.9516544962497363, 1.3350671429474996, 158.4022358336113, 156.31653500846318], "[220]": [52.81902914859018, Infinity, 0.0, 0.020028834586036274, 0.023467813429609095, 0.015373745674562605, 0.05703154978030556, 106.42074631266628, 107.31916157051754], "[240]": [49.03023726164856, Infinity, 0.0, 0.002381826212272633, 0.002740147460059868, 0.0017617271265621983, 0.007547749904374204, 87.71602473067922, 88.7951951837549], "[260]": [46.17533005889703, Infinity, 0.0, 0.0002832439820757345, 0.0003199401767833811, 0.00020185820798619412, 0.0009984021539298418, 75.99615918858576, 76.6307109427991], "[280]": [43.441376058355516, Infinity, 0.0, 3.368281555038047e-05, 3.735584795053911e-05, 2.312422062262833e-05, 0.0001320134012386619, 66.51038416278183, 67.01697469564368]}