{"[20]": [Infinity, Infinity, 1.0, Infinity, Infinity], "[40]": [Infinity, 5788.359317613315, 2.0538214088994478, 0.5676162647649882, 14.637188218967466], "[60]": [1.7461076452703344, 0.6785648794450688, 1.9122747113087935, 8.471994914369542, 43.13312259618303], "[80]": [2.4971674533650043, 5.804401965115012, 5.492226247257038, 2.941294360462417, 4.564864354549892], "[100]": [0.9920841546308344, Infinity, 3.166080971491593, 1.655354489851203, 2.666378866390812], "[120]": [1.4236598887369234, 60553.22513256861, 5.066252728735348, 0.5906659874701518, 1.9767408486534215], "[140]": [0.27921593418011775, 1.0842338198276263e+27, 0.4098523459364614, 0.6083576568664594, 0.270401664864826], "[160]": [0.8168298107906263, Infinity, 2.8717005504463797, 5.815261975838722, 0.8157097940054913], "[180]": [1.8420333896757797, Infinity, 14.134819511525262, 25.34618622405916, 36.09853566753837], "[200]": [0.9954561076246143, Infinity, 55.25318757073983, 42.59423988433843, 148.62319252017676], "[220]": [5.0904984996477065, Infinity, 207.18111680652902, 396.45594642701, 514.153975375721], "[240]": [101.27163578334547, 1.9193239143593395e+18, 137.03857987974848, 339.89194512277237, 1065.8469620786839], "[260]": [40.61668136616117, Infinity, 147.68168520086414, 115.37784080393905, 534.9078493160215], "[280]": [4.088982204653886, Infinity, 125.8093067933954, 234.9491388183271, 78435.04243448647]}