{"[20]": [1.0, Infinity, Infinity, 1.0, Infinity, Infinity, Infinity, Infinity], "[40]": [0.20476030321879657, 0.12829694515382162, 0.0, 0.6462964376091406, 0.22616194687837787], "[60]": [0.8904441371483895, 3.1046444447888355, 1.1428571428571428, 0.5147720033930446, 0.8928316899175696], "[80]": [0.46363287259703556, 3.221780962324649, 0.0, 0.11974403142189251, 0.07202940412203633], "[100]": [0.18418309103433697, 2.2565011469663903e-127, 0.0, 0.0, 0.0], "[120]": [0.11351671119422642, 1.889387014517184e-73, 0.0, 0.0, 0.0], "[140]": [0.06349137407902387, 1.2200790716956115e+41, 0.0, 0.0, 0.0], "[160]": [0.051471944751070614, 4.092828541051046e+48, 0.0, 0.0, 0.0], "[180]": [0.10106901260027225, 4.540496743216101e+63, 0.0, 0.0, 0.0], "[200]": [0.09847380738465202, 1.3226422966952824e+69, 0.0, 0.0, 0.0], "[220]": [0.08546061992598246, 1.205699435141411e+68, 0.0, 0.0, 0.0], "[240]": [0.07242490616622997, 9.148505362091683e+81, 0.0, 0.0, 0.0], "[260]": [0.036683450550051525, 6.084434970324289e+96, 0.0, 0.0, 0.0], "[280]": [0.031070059428175145, 7.804459417317628e+105, 0.0, 0.0, 0.0]}