{"[20]": [21.913104320324315, 4758175.194160127, 21.285714285714285, 30.33743357111571, 21.27954036839222, 15.459745940014114, 18.391428261953024, Infinity, 4.103405640826743], "[40]": [245.25564928127454, 64.91507515015067, 253.14285714285714, 18.593860842791855, 279.5184169905532, 237.21594705531822, 206.17142476650218, 312.1618579393961, 72.27727649349097], "[60]": [1716.6833532468304, 1.6870673559722266e+18, 2629.0, 2700.208435792597, 2297.4167544385923, 1541.367321534313, 1420.1183158457584, 262.7254756724378, 260.6263718967898], "[80]": [6218.026433777284, 3.729403789879908e+27, 15295.857142857143, 1798.5742949518462, 1225.0819379559434, 1253.191726606059, 1130.6702386867073, 11854.192384788781, 12491.966249002333], "[100]": [7751.340744863919, 2.647552091869952e+35, 773.5714285714275, 1100.4899321372504, 280.6058674276537, 5319.893232580271, 2126.714817026528, 743.3261474817446, 1533.6245321492825], "[120]": [3362.8975057591774, 8.308450134770628e+38, 13539.571428571428, 655.7101348457127, 15.576965866959654, 195.4652948951134, 237.21364956064917, 22549.608431185246, 14436.265534652834], "[140]": [549.6509484958879, 4.976266294395922e+53, 4196.714285714285, 556.9595198334478, 233.3262175070538, 113.54899029153148, 248.18642306637275, 4854.398451676032, 3783.088212785569], "[160]": [56.26144478924198, 2.135402919236706e+62, 973.8571428571429, 289.96416241481825, 181.52212918119136, 150.276522866552, 182.93266316011363, 1695.4080827872908, 1223.3680680420625], "[180]": [354.1469322558978, 3.104745092395459e+70, 246.57142857142856, 145.62533535804198, 106.03803121194288, 111.17635632660185, 106.02091647453892, 518.7137297064935, 589.4084360345514], "[200]": [490.53391946706506, 2.1119689227880706e+80, 68.14285714285714, 87.12375234717244, 70.18454208527535, 79.53298708279628, 70.08780730633927, 916.8259802555169, 969.1334432449305], "[220]": [219.65543685634202, 1.776360035683665e+88, 46.14285714285714, 44.12289693466443, 34.306470724986376, 42.53740095724993, 34.224156774104614, 424.57601940646975, 459.6129113986403], "[240]": [262.42858280751534, 1.0427345148083256e+97, 15.714285714285715, 27.758949873783155, 22.94903205258552, 27.436956798686765, 22.904977366010694, 527.5919672585418, 535.701889292466], "[260]": [239.13633423769807, 4.2491225503989994e+105, 3.0, 29.21114237878125, 26.52471249801086, 29.14687848313475, 26.499333021869695, 476.4586053312514, 482.0369434232442], "[280]": [267.802851243458, 1.6874702090631743e+114, 4.857142857142858, 30.919932143350472, 27.78530302458887, 30.907253500652445, 27.755349227971962, 456.6072774795547, 469.09763062373787]}