{"[20]": [8.566228432274883, 2.0608355539459904, 9.285714285714286, 4.466781338613961, 3.7647874220260107, 1.8573003348507893, 0.06958328393072932, Infinity, 3.082634439418692], "[40]": [133.72679209004957, 41.89050023267299, 174.42857142857144, 47.29191035923881, 184.39047352237577, 93.10549944388109, 86.66515295696641, 148.66904953908158, 49.80266662323723], "[60]": [1811.282296884237, 1538405905863635.0, 4253.142857142857, 2669.975500634011, 1478.88561525867, 1470.0252557521117, 1479.9793660771006, 514.7877197809948, 347.91714695702103], "[80]": [62592.7670474671, 3.40077629912588e+24, 41869.57142857143, 28882.62393697309, 8011.172132684849, 5421.216938458943, 2034.1033055916778, 1485.7035124329777, 6540.325239770369], "[100]": [652.2308159669046, 2.414254885475781e+32, 22805.28571428571, 31686.577879023076, 18694.27222581455, 10614.675287190956, 10041.273558882982, 109612.93916539509, 1806.955308852892], "[120]": [2411.824450971857, 7.576325486168787e+35, 18118.857142857145, 6707.723009503978, 4169.996281826232, 959.0261893041898, 1161.7901502490022, 68.77117469619043, 4758.330332163252], "[140]": [70.08178933900854, 4.537767621226321e+50, 3723.142857142857, 2124.3246928711037, 243.53986354794233, 931.6829857676294, 916.5323786923591, 2102.3590058567966, 2102.9753064362403], "[160]": [297.8522681349823, 1.9472354461076123e+59, 1032.2857142857142, 590.8875588386102, 46.1454556867825, 405.1211508658165, 432.8506442401457, 623.4045971695195, 658.524785698696], "[180]": [375.22562831585674, 2.8311610852975855e+67, 290.28571428571433, 146.85352172157414, 18.219336751532296, 119.28419366459568, 132.93134847341935, 627.4383053427645, 625.1370310079093], "[200]": [321.30265951852925, 1.9258664884755883e+77, 57.71428571428571, 37.21552878817726, 4.734704656257513, 33.179432224953715, 36.163555458113606, 590.4228209335331, 627.9902462336146], "[220]": [141.87708671017026, 1.6198306258292654e+85, 22.142857142857146, 4.861205276907153, 4.648389119737622, 4.272785161994101, 5.478262498435172, 283.5446610402863, 304.370473996451], "[240]": [146.72566116651797, 9.5085081810186e+93, 0.8571428571428568, 3.794640732174525, 2.3863683045992303, 3.709033689326702, 3.8763137411080364, 319.5520568379293, 331.81163548711515], "[260]": [138.57387508448846, 3.8746981460246653e+102, 0.14285714285714285, 7.021905358655494e-05, 0.0002039824137252534, 0.012506284211736836, 0.026555608403021746, 279.7811878651097, 287.22904529527136], "[280]": [125.75273732166534, 1.5387735893052318e+111, 0.0, 6.782239751382209e-06, 2.0595920416006864e-05, 0.0018115229249520018, 0.004164172113281423, 236.21362736663025, 242.39937228957686]}