{"[20]": [1.0, 0.9998732810558355, 1.0, 0.9999989164443391, 0.9999886477992106, 1.0, 0.999999996586311, Infinity, 1.0], "[40]": [0.3526615245176824, 1747154.0304542277, 0.0, 0.9395612285784538, 0.5047352118891906, 0.7899606562189436, 0.4815023499211837, Infinity, 0.0001129829519319614], "[60]": [1.8355862584850238, 1538406481468141.2, 1.5714285714285716, 0.8465394068290095, 0.5133887159999657, 3.1600282673447735, 3.0300667444311093, 2.9341563786008, 2.5707072062783722], "[80]": [0.30078832013983325, 3.40077629912588e+24, 0.0, 0.03600034306187016, 0.0822874294015481, 0.06716369814681529, 0.13514328295793684, 0.11276602885417697, 0.2926141171679494], "[100]": [0.23387638955186346, 2.414254885475781e+32, 0.0, 0.00198197171536482, 0.005263626442534934, 0.004014029342949047, 0.009300346180005845, 0.5218892982060714, 0.6043276435623403], "[120]": [0.15493558364318027, 7.576325486168787e+35, 0.0, 0.00011003353416106212, 0.0003360864470493856, 0.0002725105101539716, 0.000689610991949063, 0.28328419688748546, 0.26052511895429], "[140]": [0.2137684280558026, 4.537767621226321e+50, 0.0, 6.107447498573357e-06, 2.144759548417126e-05, 1.8533953976770914e-05, 0.005431235948401913, 0.1743145807453426, 0.16183877723316353], "[160]": [0.13721488666975346, 1.9472354461076123e+59, 0.0, 3.389905286679164e-07, 1.3686427549915198e-06, 1.2604573850132213e-06, 0.0027692785394036355, 0.12588047829399138, 0.1178144020764772], "[180]": [0.09067597600116278, 2.8311610852975855e+67, 0.0, 1.881546707627137e-08, 8.73374560063939e-08, 8.576934931203581e-08, 2.811253000794954e-07, 0.09850741266054969, 0.09282837232768928], "[200]": [0.14350456105331305, 1.9258664884755883e+77, 0.0, 1.0443412202998023e-09, 5.573280496811624e-09, 5.833787510619839e-09, 2.0846075082297444e-08, 0.08091215198319877, 0.07668900416029281], "[220]": [0.08053951479186836, 1.6198306258292654e+85, 0.0, 5.796553325330381e-11, 3.5564874196687097e-10, 3.9666874496499354e-10, 1.5442358654908278e-09, 0.06864976600031455, 0.06538433553697899], "[240]": [0.101635658165663, 9.5085081810186e+93, 0.0, 3.217342167018988e-12, 2.2695075534310822e-11, 2.7005746750797284e-11, 1.145592585339866e-10, 0.0596149032045822, 0.05701409213637669], "[260]": [0.13167981900121695, 3.8746981460246653e+102, 0.0, 1.785766478565325e-13, 1.448244850890279e-12, 1.836729903056543e-12, 8.493582862138058e-12, 0.05268153199064882, 0.050561201964610406], "[280]": [0.05750497316704509, 1.5387735893052318e+111, 0.0, 9.911789764411735e-15, 9.241710321796235e-14, 1.2482075206278597e-13, 6.303199778037407e-13, 0.04719284793094054, 0.045431202197732466]}