{"[20]": [Infinity, 2.998543159490088, 3.0, 2.9999987085353497, 2.999985195727045, Infinity, 2.999991206360744, Infinity, Infinity], "[40]": [6.926191637965928, 1030399.7869060088, 3.365238554301635, 1.3469256249209358, 1.410603533552647, 6.611369457909584, 6.840549135942681, Infinity, 9.865741719335201], "[60]": [5.27274594223241, Infinity, 23.46088769431317, 2.3872568150297524, 5.974737041855264, 21.7813519772647, 475.1096866657905, 3.689640600322868, 27.389776485456263], "[80]": [1.553450049872552, Infinity, 0.4663175476409778, 33.7794059007879, 1.9121608473407128, 21.375486597116772, 4.505613327615498, 94.44954685284874, 37.10744543518494], "[100]": [5.884571091943387, Infinity, 3.156409213676756, 39.932262365981174, 0.9726575434144572, 18.019025040112382, 0.6112036736368573, 32.94424988852244, 29.86496387342801], "[120]": [4.350132545513894, Infinity, 4.616378999932334, 31.45755128139898, 0.1967820216503156, 12.97516162019147, 0.1332812328910972, 1.2131952560247068, 2.220589579829776], "[140]": [110.33948511501048, Infinity, 157.63062564793427, 210.90516993025935, 149.52931419032265, 191.4704116950075, 149.30219671416248, 100.48881332851458, 105.9538768681379], "[160]": [192.47698297336348, Infinity, 1345.5577438672497, 706.2595858638438, 610.6319401292078, 1963.9943384747182, 1227.2852684714799, 177.1864494855045, 175.0627491559879], "[180]": [716.2926193446802, Infinity, 1080.1506893569554, 935.1691579272026, 347.1431468665386, 1002.4255966381686, 960.8115609532656, 1960.1869825845845, 1944.7806666299857], "[200]": [125.48686529663316, Infinity, 1962.0020890004962, 2107.4972452998495, 1761.3707279549228, 1511.122534980536, 41318.57264910898, 716.6732168387389, 330.6201851816189], "[220]": [86.10992301664261, Infinity, 642.2113267625809, 936.9603881054835, 810.4122404123732, 549.6275124580814, 9442.500661235643, 192.01346678536248, 82.72394807878415], "[240]": [31.04093335230098, Infinity, 120.85774277902077, 368.18530715220834, 320.3423568514755, 217.2774473205736, 2089.36163210278, 12.174496269182674, 16.66551398161658], "[260]": [45.60714268221858, Infinity, 13.062315677467078, 130.24490760306347, 109.70642895148816, 80.7377569688064, 582.4572323982301, 28.04996832009959, 26.105955585555346], "[280]": [37.25694705466787, Infinity, 0.40655981251783013, 43.20335958778252, 35.50339556956233, 28.201748934733057, 186.39153862728634, 30.373452569202126, 31.31137643713753]}