{"[20]": [0.0, Infinity, 0.0, Infinity, Infinity], "[40]": [11.999733297809591, 34.12054423275145, 24.714285714285715, 2.010163757141335, 16.25689427390796], "[60]": [38.84685922107997, 464.01634635604796, 737.0, 285.8908306646134, 866.7149625642063], "[80]": [1354.3089099176686, 515.6267169909406, 8503.142857142857, 9258.349662216255, 12513.136860373861], "[100]": [4108.837901597672, 26601.661419479016, 4643.714285714286, 7989.470648150201, 5668.244676911665], "[120]": [1087.5011617066866, 75066292570814.92, 3691.0, 1287.678093429568, 1536.2563108772474], "[140]": [26.594767967129997, 1.0021403319338696e+16, 674.0, 237.86117300552223, 295.0285759951], "[160]": [50.740988421140145, 7.202428493611017e+20, 149.85714285714283, 1138.9290223799023, 75.57431181883669], "[180]": [95.40711873066272, 8.38536843554018e+17, 49.28571428571429, 2527.760625848033, 24.65771755784243], "[200]": [141.4057059651855, 1.7072293979717576e+18, 8.142857142857146, 2778.234975277773, 0.769313869228661], "[220]": [135.63113230037976, 1.3678209885195835e+27, 6.857142857142858, 2776.9054220078297, 0.8544350017887474], "[240]": [87.23057017239469, 2.4848925575199046e+33, 2.0, 2.428333311383098, 0.2166017030851739], "[260]": [7.6217877243577306, 1.041070877137616e+38, 1.1428571428571428, 1.6774693350950394, 0.9842997220512142], "[280]": [101.52175773889117, 9.424635857234136e+52, 0.0, 1.3905604478720877, 0.5815787613494923]}