{"[20]": [Infinity, Infinity, Infinity, Infinity, 16.5435348428148, 80.5603853950013, 222.12119191046767], "[40]": [Infinity, Infinity, 5920.040485584354, 177.4315733038275, 216.7798898501668, Infinity, 1394.9004738072304], "[60]": [1152.3939847889883, 132.3582659315592, 393.90130355039236, 706.7322363872994, 177.26531668750323], "[80]": [9.277663158281337, 133.38354806410192, 87.89870949327553, 826.764437787165, 51.76284991557615], "[100]": [82.79690985985812, 70201.46723326831, 193.83723964751798, 1076.1360944415462, 81.89096779792689], "[120]": [196.66760359579527, Infinity, 229.78374466701862, 1260.4083298434393, 103.37511008860587], "[140]": [642.8490934929985, 27192.60538635777, 10238.970402084253, 12219.44744418366, Infinity, 3049.535628944891], "[160]": [7804.298306212265, Infinity, 16531.31005189103, 16058.120909525562, 6133.12262912815], "[180]": [4765.400134731028, 52872.93934446812, 17707.75538726837, 12361.177880639187, 1786666414.197449], "[200]": [171.66710832099193, Infinity, 7973.125556278499, 2252.2903618186942, 447577418.4423781], "[220]": [584.7730610774, Infinity, 1524.462427824885, 470.1702782397944, 165096283.97943753], "[240]": [157.197330527405, Infinity, 343.25884464490565, 40.28067426625772, 115157206.37373184], "[260]": [153.11874228681123, Infinity, 31.209324805318264, 5.361122999943463, 22757095.39274475], "[280]": [751.2568636869166, Infinity, 0.14836559733674, 6.396230099946303, 9495039.219232041]}