{"[20]": [10.29395880386464, 22.20410567325478, 9.87559336785931, 28.762524569170182, 16.84358455334271, 27.53453326058563, 144.3197792884508, Infinity, 8.079577245081765], "[40]": [95.39347819653756, 4518610954.120354, 100.83141578953462, 36.09091169711029, 27.369470527042807, 40.54472835961478, 37.282841848679354, 71.99999817181603, 48.35638431792942], "[60]": [166.97479211300345, Infinity, 467.3086215303628, 514.7056079513088, 511.88253237202457, 25.468054699314575, 705.033162491232, 349.7248226604002, 461.89010261196603], "[80]": [44.65313223795534, Infinity, 164.41328017681315, 572.606177871078, 32.36692272647925, 92.87932439356962, 248.65893536426483, 7883.679196833936, 3294.3053082811794], "[100]": [17.66096295634362, Infinity, 65.81210770074364, 747.5792610055328, 33.82645622703815, 97.01847928411638, 34.79973307178814, 510.4360585496532, 287.5425106869479], "[120]": [160.75241671574318, Infinity, 140.02711413642407, 925.1473603677604, 136.78078198166705, 191.50157187854884, 123.21694707341477, 161.4853707743023, 156.70202316893062], "[140]": [4046.089940264622, Infinity, 5183.592031135012, 6283.800209081405, 5068.743693279729, 5510.607163542716, 5020.038036097811, 3323.939030450903, 3425.6223670996133], "[160]": [2576.1091798657085, Infinity, 21065.427716408103, 16816.548179590365, 6715.760843723728, 7001.501246856312, 315903.9391666159, 990.0663063249485, 1364.4494056572657], "[180]": [8298.636966770468, Infinity, 9678.999055386625, Infinity, 10208.389809224527, 21233.229712605447, 14424.356988777396, 23673.85270509045, 33421.400725980675, 32665.799012964308], "[200]": [2061.6446862901926, Infinity, 12129.431160770187, Infinity, 727.9225708511415, 8680.464161258675, 6154.524746855518, 47209.4601949258, 32748.73321245443, 30040.519976396787], "[220]": [1074.7910561176989, Infinity, 2666.795450325293, Infinity, 184.1079131303501, 1879.9257183263455, 1923.5086719448884, 2046.4804523182993, 4757.220705038788, 4589.985982148964], "[240]": [233.4903502064905, Infinity, 641.6614852939764, Infinity, 109.6119037440965, 543.0664716256546, 761.0737906953866, 907.8125916047636, 335.2546109385167, 406.58129472692923], "[260]": [365.81951524702623, Infinity, 103.9389114545613, Infinity, 54.528384294024406, 142.19851774428957, 293.63482499572905, 324.7015176769103, 813.8642214464268, 794.0351129950059], "[280]": [222.22598959387406, Infinity, 10.44989412083047, Infinity, 19.160619045212265, 34.28308657022666, 103.97957104833995, 111.10856845422812, 438.23639688915137, 447.5294849885989]}