{"[20]": [4.070522069419084, 209.46310989659153, 7.285714285714286, 9.372455119780838, Infinity, Infinity, Infinity, Infinity, 242.81067953151697], "[40]": [83.99326821473423, 2.898361671325233, 194.57142857142856, 174.79236362258092, 195.08660442979033, 125.02227086985266, 99.30280295747622, 264.57302922261863, 186.47428932282952], "[60]": [3099.137236351534, 1538405825375824.5, 4165.142857142857, 2532.5605292849887, 905.4758700853818, 865.4374512395179, 816.908469013204, 436.06805195324705, 359.7056522917037], "[80]": [1531.1260618984452, 3.40077629912588e+24, 15205.857142857141, 2323.1276199124186, 1283.226242391298, 579.2341957839017, 751.6785865541533, 9396.074974992174, 1838.4314513053614], "[100]": [319.71165978428326, 2.414254885475781e+32, 13539.285714285714, 1275.587363828079, 1747.4210397721727, 1790.4396665443237, 1496.8961954546758, 31991.97105440833, 4885.580994279106], "[120]": [231.69443778374625, 7.576325486168787e+35, 4198.714285714285, 17.841439753014583, 84.92636483105025, 153.2314245248308, 212.79390035506185, 801.1898922673072, 1612.7186480599848], "[140]": [89.67845003756338, 4.537767621226321e+50, 636.2857142857142, 86.51456656372267, 58.25592796118792, 44.404395122807045, 26.35269081934547, 346.3927620618547, 337.1044130811821], "[160]": [190.32230870608146, 1.9472354461076123e+59, 109.57142857142858, 23.757129918810243, 18.432039183651362, 16.584296775670445, 13.184631526463633, 517.8339156660535, 524.5617779689055], "[180]": [98.65165889719538, 2.8311610852975855e+67, 22.142857142857146, 9.563357225318407, 8.099790668664353, 8.507573336796964, 9.791884590319695, 206.36526604876866, 230.47883366053375], "[200]": [113.70309021833327, 1.9258664884755883e+77, 2.2857142857142856, 2.0724900964922437, 1.8093441473670167, 1.926950289438071, 2.242000589375577, 247.1708108398302, 259.0381142671315], "[220]": [85.80957153632244, 1.6198306258292654e+85, 0.5714285714285714, 0.3855438798531552, 0.29771861167016234, 0.3662566070701341, 0.5637219837121652, 183.79156113847876, 188.19919490552513], "[240]": [80.99467220555289, 9.5085081810186e+93, 1.0, 1.6976194952903645, 1.653841810223974, 1.6951303828243132, 1.8197690649442386, 158.5311653331994, 161.54244916087438], "[260]": [68.41419436735396, 3.8746981460246653e+102, 1.0, 0.0001230937176048172, 0.00013430929792489305, 0.0004383310484880808, 0.0019584985696018556, 128.20433854106088, 131.52270514926153], "[280]": [65.80322106761923, 1.5387735893052318e+111, 0.0, 1.2394945124454687e-05, 1.3887249388560995e-05, 5.1766835330083816e-05, 0.000268224718122266, 117.23419171613723, 119.64385871130648]}