{"[20]": [11.48686378115394, 7.656562062203079, 11.428571428571429, 14.30886807135657, 7.615684860245395, 7.481723726930287, 5.526073569503605, 9860.576170228582, 5.617131413522195], "[40]": [116.1488637499794, 2171183557.6531005, 143.28571428571428, 56.49720804451189, 158.81056916972432, 56.359088162161854, Infinity, 86.12375574026113, 66.39239678927751, 78.40124087173508], "[60]": [48.711403825534944, 1.687067398767666e+18, 193.42857142857142, 275.1434120122509, 69.87462415398278, 73.73104987788332, 112.53748406321336, 61022.06238409954, 58.704160950689584], "[80]": [110.37240649827208, 3.729403789879908e+27, 13.571428571428555, 342.88223235997873, 26.065571924544656, 27.068303088080995, 72.4462424444439, 5189.413816001556, 216.38393221155206], "[100]": [62.84062241861699, 2.647552091869952e+35, 19.142857142857167, 355.6843791007367, 11.778906207605132, 14.231163835888538, 0.08473866692594356, 99.53334388213125, 76.67104935257271], "[120]": [281.3751764626228, 8.308450134770628e+38, 242.28571428571428, 625.1366082760488, 253.7208568953929, 242.8132217805363, 261.1650983316762, 202.71564283121307, 208.47895063051055], "[140]": [3353.4372162647123, 4.976266294395922e+53, 5506.0, 5966.939283656241, 5147.9939037328, 5900.137476641008, 5113.801309413635, 1266.8683822663443, 996.7660851603259], "[160]": [4763.520111994028, 2.135402919236706e+62, 9178.0, 8944.885888394616, 438.73580881833186, 876.6621487543998, Infinity, 6835.50017995105, 3001.6293002476123, 3542.6527296701515], "[180]": [1378.1846463761476, 3.104745092395459e+70, 10066.285714285714, Infinity, 608.2461938980168, 14298.364129367474, 14184.917381675783, 14318.030328024692, 748.3068201946098, 4227.121252578143], "[200]": [1192.0, 2.1119689227880706e+80, 4345.142857142857, Infinity, 2165.245967519519, 2975.4706319512097, 3698.8041763434685, 3956.8809523834516, 3773.3825987732616, 3523.6681104412755], "[220]": [436.30489932349974, 1.776360035683665e+88, 727.0, Infinity, 959.4254844908737, 839.2230549803062, 1139.8563653008657, 1287.922131915694, 778.7238976716226, 781.355127826874], "[240]": [672.3829175637575, 1.0427345148083256e+97, 129.57142857142858, Infinity, 353.994101319884, 268.0763305590909, 391.48799298990843, 455.0777819872322, 431.84445031527906, 459.15107977961594], "[260]": [723.9292293378905, 4.2491225503989994e+105, 11.142857142857142, Infinity, 114.27893890652444, 77.91858385094699, 125.78533336162829, 150.47093076499561, 285.9213690209669, 280.4595637145032], "[280]": [659.5448438700791, 1.6874702090631743e+114, 4.0, Infinity, 36.4066467929112, 23.56138818813041, 40.37098553728031, 49.001714076884966, 290.90790267873433, 289.4095203228061]}