{"[20]": [4.352341572567958, Infinity, Infinity, 13.428571428571429, 5.593873731402514, 5.416570792195172], "[40]": [19.553408083446193, 14.413190342706997, 33.57142857142857, 20.8839023399435, 31.628293486475826], "[60]": [16.89365919914701, 53.16447886074768, 0.8571428571428541, 18.266609678905112, 12.663615945917016], "[80]": [2.753582566128088, 9.342945381851877, 43.42857142857143, 11.855103792385364, 23.789438994160065], "[100]": [26.792880751349543, 20.96052844117031, 97.42857142857143, 47.0201468267108, 75.56290783496672], "[120]": [63.073164213727296, 4779.658043574208, 295.57142857142856, 76.14502569237078, Infinity, 232.26504574213885], "[140]": [92.0164432012009, 261.29037985683726, 408.0, 214.66555226849925, 202.12222730972974], "[160]": [59.36678104375051, 72.81287574931707, 429.42857142857133, 191.56310058470945, Infinity, 170.30323261392255], "[180]": [179.29238482412256, 498.49692997086913, 869.1428571428571, 129.4173861146528, 197.81790773995408], "[200]": [269.5467666125669, 1.8574562665934263e+23, 3337.4285714285716, 1686.332350843095, 1179.5489068247907], "[220]": [69.65124090515747, 1.5338883327304954e+23, 4908.285714285715, Infinity, 5221.8506690064005, 1026.8922300323702], "[240]": [409.33845999313417, 3.3787503539803837e+28, 1120.0, Infinity, 6783.9508864892005, 1479.9474078210424], "[260]": [294.2005557714547, 4.5621304189179583e+30, 4632.142857142857, 2787.0552841923973, 2417.015428264618], "[280]": [371.77225087668467, 9.773645058141065e+51, 4214.571428571428, 692.2458458001788, 4182.653031911943]}