{"[20]": [1.492466070632581, Infinity, 7.0, 1.3966693299157251, 0.7949223748099445], "[40]": [3.6088438864318917, 12.037209843540289, 21.857142857142858, 9.662480084062757, 11.348916465987926], "[60]": [1.37160635110218, 14.345690023415955, 0.5714285714285694, 12.981091807976242, 5.527957489676609], "[80]": [25.50123236319176, 59.846457827562915, 22.42857142857143, 3.415128261211052, 8.75749210557926], "[100]": [23.882526920784315, 130.09095878317106, 43.57142857142857, 8.846834057710737, 19.106867122699768], "[120]": [4.871012445437145, 28.85267174178864, 81.57142857142858, 4.840936605241325, 14.966228798920099], "[140]": [14.607361185853165, 110.89267731130263, 79.14285714285717, 26.94116313972046, 9.624789567077073], "[160]": [17.428281833567496, 37.700199289377395, 52.0, 27.337790928888182, 10.901572121997447], "[180]": [37.88064437036792, 271.5730130744659, 158.28571428571433, 30.45530507647527, 5.210692529125026], "[200]": [12.797649352361532, 3.274006477135883e+18, 495.8571428571429, 247.42146535842085, 98.0434045942693], "[220]": [85.01835837039062, 4.917390739715419e+37, 1227.4285714285716, 381.17853639864325, 305.2393311752826], "[240]": [137.19671074829967, 1.1747237622082093e+36, 1902.0, 1917.7996681578124, 301.382116129741], "[260]": [461.22318345801796, 3.247646376319571e+50, 260.71428571428623, 1081.8008641064307, 318.7464249917193], "[280]": [123.81175882716525, 2.3305553002208364e+44, 1762.1428571428569, 506.0780712746864, 354.4905251624268]}