{"[20]": [Infinity, 0.00038431969908012077, 0.0, 8.756466713984944e-07, 7.900128624105816e-06, Infinity, 2.5035488720457547e-06, Infinity, Infinity], "[40]": [5.485025987103151, 16851724.049636785, 16.241950359045457, 13.280704552179037, 20.451055153381635, 6.859441213363264, 74.75165632277822, Infinity, 9.860866414290928], "[60]": [115.05173436478309, Infinity, 238.25668670378226, 217.61961582846598, 205.58699586246874, 54.117082933100214, 74.43752831947458, 124849.91578929675, 51.06429649009794], "[80]": [1392.3781805044953, Infinity, 3748.8133780402686, 1312.6268119931435, 5445.9785687514905, 714.3183226138565, 1217.419881688938, 251.20140259476173, 121.10371408865042], "[100]": [1820.6581964880552, Infinity, 10591.367790807031, 3523.432231317342, 1611.319388817758, 1185.8064171625003, 1634.0133976114132, 163.4163400529329, 3029.9053054203423], "[120]": [1367.4406610470971, Infinity, 9912.571139010915, 1092.001737098414, 4497.907037347524, 2552.540989216702, 21201.197283336813, 60623.79483496367, 38466.58006301481], "[140]": [174.8428313978054, Infinity, 3733.316946816289, 229.13254571015207, 945.1985712957533, 748.9724551413079, 1403.458432219041, 298.3966495643244, 14.327309964255127], "[160]": [177.71957304329297, Infinity, 596.1195683166691, 26.038717376131785, 118.06672385472231, 115.50816499452887, 183.27845987898056, 26.46678089453884, 4.823795458501865], "[180]": [105.34214995060303, Infinity, 110.19998432194983, 4.3815069820735655, 22.51106046460369, 26.253129410328103, 35.60765871690885, 158.47875475743365, 152.32432937093375], "[200]": [73.78493624426692, Infinity, 18.588967178470558, 1.2521105338938066, 4.9527370955464445, 6.496815479178492, 7.789118725902198, 173.7569557251425, 175.8419907307543], "[220]": [71.8187985468081, Infinity, 1.9681030355540805, 1.4069846135911623, 1.8526898185183402, 2.4942071507088577, 2.8800959236643418, 149.09736698476482, 153.2185814369206], "[240]": [64.1294473001294, Infinity, 0.0, 0.12535046817156256, 0.1637517815447959, 0.32309447659908014, 0.5110760213421968, 124.28126461111934, 127.50010385644242], "[260]": [60.27528089457752, Infinity, 0.0, 0.019493199127565367, 0.025299979722474858, 0.05512902440334833, 0.09306761359564752, 109.28703279057699, 111.63127173319037], "[280]": [57.08187376169824, Infinity, 0.0, 0.003026947213768517, 0.003908207838062722, 0.009400907319586432, 0.016918517534921972, 95.00916348969348, 96.87555712840272]}