{"[20]": [Infinity, Infinity, 6.782704704111578, 0.3865251878240162, 91.67386415205596], "[40]": [Infinity, 13.08823273683837, 82.77824717361032, 53.91239383041178, 92.76660750822278], "[60]": [209.03300434700606, 12.245822236861802, 489.40063493007847, 837.717212228167, 143.3306578098916], "[80]": [24.801120468989485, 34.395126162366495, 371.64420677607706, 1323.76514044636, 97.3391805926819], "[100]": [27.75500033785095, Infinity, 489.17893344929837, 2030.226081484147, 119.53806189855969], "[120]": [16.848363899959946, Infinity, 611.267384374747, 3044.900119193615, 143.41776138602506], "[140]": [107.9222939775652, 2360.684873109104, 15139.109670162132, 21357.22374329887, 5674.510168799756], "[160]": [217.44097595547325, Infinity, 3609.762786671652, 34178.22567195666, 39582175.04476322], "[180]": [2683.3955129372835, Infinity, 15438.1592214508, 7179.457147102616, 1530678.0861485603], "[200]": [1024.721593827749, Infinity, 3982.1768564478375, 2198.0382499023212, 464631816.9496176], "[220]": [169.61772254594652, Infinity, 735.4579622311454, 662.1395477241657, 31337.36566295083], "[240]": [112.2551933074709, Infinity, 269.40986319809673, 90.07777165017256, 22811.691562599593], "[260]": [112.2139694589038, Infinity, 33.88817729029558, 14.229854336333888, 3677.0847898985066], "[280]": [140.06550432078095, Infinity, 2.069635297536993, 13539.47509500855, 16281520.666231785]}