{"[20]": [40.691258039762886, Infinity, 41.587416818334695, 32.08233191552963, 20.340257315476848, 25.59153614362328, 39.76830757457618, 38.0, 41.00170269382408], "[40]": [570.8714685231726, 23.2071361449067, 716.9572640430149, 751.79179313824, 755.6788664132955, 566.140744345798, 312.3324344350231, 374.9562637653976, 591.874772044934], "[60]": [10930.266559380445, Infinity, 14760.184364112636, 4227.488471389673, 1705.7383341241077, 1130.1690364749848, 8500.792458520706, 3595.753065731406, 2041.9865287611385], "[80]": [11069.873726465143, Infinity, 16496.58938826518, 6715.054867653293, 17096.015015950805, 1277.0013517349714, 2188.1186544384313, 905041.3573304829, 2398.5206332995936], "[100]": [760.3607244156934, Infinity, 24295.77508189399, 3227.1077107649007, 2209.4844737967837, 2205.826171362372, 2402.406103033659, 888167.9316829442, 46006.176483218864], "[120]": [2728.277419886103, Infinity, 6544.250008187715, 997.8986740653017, 191.00539955177902, 165.82045983641146, 39.49483465345201, 20906.984416608397, 17704.33385234131], "[140]": [1035.7864628611708, Infinity, 1173.129485733656, 368.72205062630024, 221.15910536890382, 208.4315782758902, 164.353850207878, 2545.813136656263, 2404.941811260258], "[160]": [682.2441584735096, Infinity, 291.51403872528596, 89.36890957207126, 56.02623788128047, 63.01884245925446, 56.442663137494364, 2648.7850126825792, 2761.2163365870765], "[180]": [551.2812222952043, Infinity, 64.54643192443058, 15.154138679663253, 8.149219746468273, 11.169641748065438, 10.571063694324176, 1758.759618624533, 1881.4733708440165], "[200]": [473.12971168491987, Infinity, 9.715200539205517, 3.8715618407566206, 2.6621380369991043, 3.2901963071923386, 3.18299250088382, 1603.324481572692, 1604.4467203640338], "[220]": [425.24432230234663, Infinity, 5.318132691120401, 0.453032834254263, 0.962300204433021, 0.5369666106327283, 0.3682377296173568, 1113.6694865353868, 1142.037884426336], "[240]": [397.4622137485453, Infinity, 0.0, 0.0007423537910070486, 0.001102272278240128, 0.012533180289640854, 0.03445774030836784, 975.6106459407127, 989.4318841080284], "[260]": [378.6121090001111, Infinity, 1.0, 0.9999157222965809, 0.9998783681223328, 0.9982751609794345, 0.994445155683473, 836.1942796498221, 847.7076815732369], "[280]": [355.65998253876893, Infinity, 1.0, 0.07426151761935984, 0.1585844083401193, 0.07448971123446854, 0.0253672493205885, 731.1109919363258, 742.4781387254682]}