{"[20]": [Infinity, Infinity, 0.0, Infinity, Infinity], "[40]": [Infinity, 20.744019212814816, 14.849233540755803, 2.4781975865230037, Infinity], "[60]": [41.292404298717635, 6.502088454345319, 73.13439108034429, 116.8312230768635, 48.58477455905808], "[80]": [40.406436193542234, 80.63371123608903, 8.611997532476193, 156.79286925719285, 24.914697986724832], "[100]": [3.1486920713708026, Infinity, 12.441550911393103, 167.20333014876823, 15.788419588085825], "[120]": [3.7209142444992427, Infinity, 1.5685472308075383, 162.31294261507375, 12.170459574933973], "[140]": [74.43143263341966, 7.54257491542056e+16, 255.80095348124902, 363.3972916682202, 91.51987277571982], "[160]": [471.9323358264614, Infinity, 2959.545766823375, 1724.7326203508653, 795.8723240458077], "[180]": [1689.1390481642238, 24416872226908.977, 2048.9194592511667, 4195.449304587938, 3957453.948011309], "[200]": [1549.532511844944, Infinity, 4047.1730752560466, 2814.64287009347, 18541200.79881294], "[220]": [109.1356625340524, Infinity, 1073.7679810857294, 463.8141287449742, 6263249.103187979], "[240]": [48.601062665937114, Infinity, 251.44082590788227, 41.3734423750346, 1734042.8022232128], "[260]": [47.86086854661903, Infinity, 22.890111977508635, 7.264425135648969, 118388425.55953538], "[280]": [139.84958220662492, Infinity, 1.6279034421092615, 0.657751695951499, 3314008.147403143]}