{"[20]": [15.223693466308134, 10.444703438285892, 16.0, 34.437407460112475, 20.91097635089509, 21.18883651512607, 16.74629730618581, 31.126415644885647, 17.975639103371513], "[40]": [196.14869169354597, 149.5806210359766, 251.0, 165.05225573980897, 275.70564963082757, 190.2600816042284, 175.5143597825636, 364641.7637743074, 186.09814223608242], "[60]": [0.7873009493833933, 1.6870673546348667e+18, 352.0, 440.7431520481134, 68.13904352572047, 213.8978195555237, 298.72534966531936, 1055.7035764469008, 635.5685935335642], "[80]": [159.68493641103578, 3.729403789879908e+27, 79.57142857142856, 645.6239539727674, 41.477069420574594, 86.06709004727657, 42.11354563415591, 11096.864494504003, 2268.896762124655], "[100]": [141.66655362303618, 2.647552091869952e+35, 0.7142857142856656, 696.1381380313303, 6.4349971509350326, 41.36758080979837, 1.55414065776813, 397.0784959582981, 285.6616890990563], "[120]": [547.2970244974382, 8.308450134770628e+38, 654.5714285714286, 1407.9712262861374, 619.8923230034077, 716.3251395015249, 619.2921568189391, 518.3331871375707, 523.6589238878524], "[140]": [8016.939061555648, 4.976266294395922e+53, 12639.428571428572, 13312.444487465404, 11867.971403041029, 13698.322680765006, 11689.447949380477, 7968.716738811546, 7392.083718636093], "[160]": [12008.482633995402, 2.135402919236706e+62, 16154.571428571428, 24584.798418519764, 1515.5327715144522, 1044.2744358881246, 14760.426110241991, 15940.546547924681, 14578.387703303215], "[180]": [957.7368807897292, 3.104745092395459e+70, 20591.714285714283, Infinity, 5841.642494197511, 25832.646656084005, 25555.031004317076, 25673.651705676668, 10041.889428485207, 12617.160573689303], "[200]": [4090.6147722086334, 2.1119689227880706e+80, 7815.857142857143, Infinity, 91.8247468685413, 4736.12199118602, 6531.080091056112, 7006.982469790102, 25173.315153669384, 23770.42188270562], "[220]": [1293.0252715066717, 1.776360035683665e+88, 1384.857142857143, Infinity, 190.98470270330768, 1112.1517083084696, 2067.5499711878115, 2332.843323813643, 1211.948360411458, 1034.6274082394027], "[240]": [542.705507217479, 1.0427345148083256e+97, 251.0, Infinity, 96.4288884199174, 311.15890486086226, 698.0828703693928, 809.0136241959194, 1214.1566823925891, 1144.955466171534], "[260]": [548.4084280925317, 4.2491225503989994e+105, 36.857142857142854, Infinity, 33.529856644759526, 86.27940558041671, 230.18984237648604, 272.78061330802916, 601.092257579367, 612.1294889666051], "[280]": [376.6651027471826, 1.6874702090631743e+114, 2.8571428571428577, Infinity, 6.0474978430772275, 20.65271065568815, 70.26124855523311, 85.63342145818194, 682.6562456675894, 664.6945411222791]}