{"[20]": [15.891790768324896, 3.9689282020381835, 16.64967240977654, 49.22998058224254, 37.48363800849878, 282.2018867890261, 346.052014385541, 5.159281936665766, 3.9520995261489547], "[40]": [123.18191784902356, 90.57791613716022, 177.68759435102112, 2.9429015484583765, 198.65795074656694, 5.089159656781404, Infinity, 670678.1637141759, 129.06970573063438, 1.790444791776006], "[60]": [18.18976797270301, Infinity, 387.68733446658183, 486.6461884529591, 106.9558990607927, 764.5454107209285, 757.0494401526533, 2102645.815137321, 1158.6324507999382], "[80]": [43.27627335445099, Infinity, 87.46793265816459, 644.94618328471, 26.200536475950162, 80.0716943609313, 68.3293371212274, 24923.195346834033, 2968.2609614762137], "[100]": [24.071589346461106, Infinity, 192.5216174544555, 957.6324889789045, 157.50939578461322, 277.2432029313813, 119.34059974175686, 107.13259596752773, 162.41670422396928], "[120]": [300.8865076818192, Infinity, 229.9228108766485, 1118.0420591839443, 226.73092352215556, 395.4634755894421, 137.97027455812102, 296.1973690016115, 301.82602867512435], "[140]": [6326.524367397641, Infinity, 10256.420552023843, 11882.131620763554, 9910.575333268129, 11198.19316399133, 5554.15843835939, 4080.966100090358, 4247.340200680144], "[160]": [6094.188867202556, Infinity, 16720.73082780023, 17051.63348523708, 2840.909954685012, 6422.792133153262, 234171.75214471773, 5149.66621138009, 6286.79149931312], "[180]": [400.7905166642549, Infinity, 17798.529253092398, Infinity, 4890.4361197621465, 26652.601536202954, 14134.757721000584, 65551.74371793827, 75214.9137758339, 66381.97154455629], "[200]": [2401.3520018753716, Infinity, 8036.220179209285, Infinity, 421.08832596225085, 5173.653819803591, 3981.427288050047, 8095.078733126332, 20040.07447102643, 19833.33722066987], "[220]": [388.2823227433085, Infinity, 1542.5252278069756, Infinity, 116.73531351048669, 1139.688725927293, 1325.7155481603636, 1794.1528383566213, 1603.6094940410749, 1477.6059218825162], "[240]": [407.05828274064066, Infinity, 342.27175132267615, Infinity, 71.5708629612237, 342.5824243960832, 531.4910448763927, 660.4350740434276, 838.5214252210463, 880.52550201096], "[260]": [279.07713201170355, Infinity, 31.154054688522223, Infinity, 25.575527063268765, 77.23576062485536, 184.69167858993768, 216.63188898902072, 700.0730417387795, 671.9290279997997], "[280]": [265.9539684174968, Infinity, 0.15528266521203027, Infinity, 5.061331677463707, 15.927539336179057, 56.87696369903383, 68.47448457991051, 433.84046203984644, 460.0921407982751]}