{"[20]": [1.0, Infinity, Infinity, 1.0, Infinity, Infinity, Infinity, Infinity], "[40]": [11.374426103886826, 10.870871298876525, 12.570523110856668, 11.43068140061804, 6112.776491166811], "[60]": [5.575196005867515, 72.00121648790169, 97.33937745976492, 17.764267345327934, 309.7436954280246], "[80]": [25.635529653076734, 208.34902992978925, 1011.1525466742613, 269.3849515792283, 25140.383577029093], "[100]": [1175.5666722459077, 4081.7981157473337, 5817.281245247057, 3810.579994105006, 2261.1976237634753], "[120]": [2247.276455895899, 2368.176715555492, 1110.861670398185, 32589.20742626284, Infinity, 2564.9291837159126], "[140]": [459.14417500455636, 7290.37126843056, 5654.766009046771, 217307.69557617418, 2027.553963487924], "[160]": [71.17375944660354, Infinity, 1857.3462686170442, 6031190.489997515, 414.79652097220105], "[180]": [75.19780733863628, Infinity, 321.8527281107245, 5270200.745804305, 64.48335951344619], "[200]": [68.01940723707685, Infinity, 30.342468851272066, 4932095.979539741, Infinity, 5.917373791425379], "[220]": [60.51763196868215, Infinity, 2.003276091423162, 4995992.35451203, Infinity, 0.3767137316865392], "[240]": [50.48216854277693, Infinity, 0.0, Infinity, Infinity, Infinity], "[260]": [42.72750410150433, Infinity, 0.0, Infinity, Infinity, Infinity], "[280]": [44.34937336069, Infinity, 0.0, Infinity, Infinity, Infinity]}