{"[20]": [Infinity, Infinity, Infinity, Infinity, 7.0, Infinity, Infinity, Infinity, Infinity], "[40]": [Infinity, Infinity, 369.7136519212145, 43.14285714285714, 71.44855673063535, Infinity, Infinity], "[60]": [292.1099745702743, 26.502368605352842, 165.57142857142856, 224.5063329828382, 182.58765921648128], "[80]": [66.78381423057346, 164.8986013534668, 19.285714285714278, 245.87903485715208, 66.99060819890741], "[100]": [0.7852448660703146, 6.881376813442131, 6.285714285714278, 224.65426179132692, 7.118322257601648], "[120]": [4.662177868591641, 9.154581338534008e+28, 24.0, 198.98470195456173, 2.0278381100104923], "[140]": [35.59035329542348, 356088176269.18665, 749.0, 968.0867115450693, 175.92813060417677], "[160]": [397.7322672244509, 3.7507431071009825e+33, 6544.142857142857, 7101.443427488259, Infinity, 5062.652638202769], "[180]": [3613.9703431468315, 15669.446422635956, 2385.0, 11183.662665082802, 293039.9968683211], "[200]": [2144.3125888174955, 2.5919524888649985e+46, 7192.428571428571, 2940.643728417278, 36313.51181584742], "[220]": [383.76259121509815, 5.519404280692909e+68, 2178.285714285714, 526.5430270283576, 11701.313355124621], "[240]": [68.03316954229751, 1.482352414814249e+27, 437.0, 71.74958622540017, 40166.70487122374], "[260]": [120.21480247117543, 1.066388172108773e+75, 64.57142857142857, 5.454398074837, 15549.331400357549], "[280]": [69.13792223544515, 1.313870724371543e+78, 4.571428571428571, 1.6074685889681406, 579.4019926691767]}