{"[20]": [1.1905688506450574, Infinity, 4.428571428571429, 1.4552375222863443, 1.3731551359061092], "[40]": [8.54347786455019, 24.93671807496329, 13.571428571428573, 7.649576365016607, 11.636568102700444], "[60]": [10.77790931441561, 24.72484491700837, 4.857142857142854, 0.8649777282370934, 8.660981786557329], "[80]": [0.12313864962625587, 16.27979272102121, 24.42857142857143, 0.5046516642242551, 4.789726211262021], "[100]": [10.410413298275614, 13.17249708035763, 20.42857142857143, 34.59129198557801, 1.437067024157642], "[120]": [49.0821988004912, 404.10487036165955, 157.57142857142858, 40.95410117339242, 94.26504580749338], "[140]": [26.39365486200154, 184.86375549542367, 239.0, 111.43582467286535, 33.12222732027885], "[160]": [62.1638123282014, 50.10289251578547, 226.42857142857133, 83.200609499331, 32.69676738599196], "[180]": [138.95035245775944, 1054.6392919593918, 400.1428571428571, 67.77563842475092, 110.98963164738689], "[200]": [153.89926597732847, 1.693778399859607e+20, 1661.4285714285716, 103.49507428321795, 435.09890815696235], "[220]": [204.16090404775423, 1.3987287895644578e+20, 2988.2857142857147, 1384.7080565205124, 631.608355134149], "[240]": [302.9777094974597, 3.081021369608556e+25, 1372.0, 3482.0259763753056, 367.44173508425956], "[260]": [413.41634367269035, 4.160126892319308e+27, 2376.142857142857, 288.4491844669119, 1175.1096881802805], "[280]": [484.95274988007986, 8.91249516962864e+48, 2819.5714285714284, 224.21924658721855, 2787.6528385968186]}