{"[20]": [4.797997024169374, 139.79060543791903, 4.473984735750105, 11.939580416397277, 16.267447790580007, 2.750196464238463, 43.04505410198506, Infinity, 1.4740857357664219], "[40]": [14.894558479072934, 7.246871435418572, 21.162817271261844, 1.2245787344264358, 1.8224772161981533, 8.80532964723876, 9.947345054915852, 2.375540443312453, 1.3564465566267478], "[60]": [20.066923247384064, Infinity, 79.79588381244764, 98.28400837642884, 108.29139221521413, 7.284861208828675, 15.701949046269943, 82.28980936364134, 49.65449709728959], "[80]": [201.24133392489603, Infinity, 691.40398449153, 509.35418010381227, 80.65347865987766, 75.45090665182285, 396.62343213787136, 205.2424904805642, 225.04127014651837], "[100]": [528.8062361523682, Infinity, 3230.093595710409, 1552.603335713106, 558.6588937896419, 577.4710209789663, 2322.8239412266907, 289.638265357185, 305.3598195637734], "[120]": [420.2865093254044, Infinity, 4652.637259842424, 1087.9246699100695, 159.66097598177197, 193.01015020529658, 265.48760454307853, 1652.7155545774447, 2237.595407944406], "[140]": [74.59412900804091, Infinity, 4082.400624064646, 558.7570144022694, 944.3021385060108, 601.4098231255379, 262.3277240432177, 504.76134756098935, 790.8318721879092], "[160]": [289.19355860622835, Infinity, 3253.6502866419264, 142.83322067173467, 299.8229679643318, 170.8353548073003, 77.61711889025459, 608.4874885506729, 276.0972207342869], "[180]": [129.05075028544235, Infinity, 998.5405531397279, 61.00551911165278, 21.447586247840057, 5.4901704887089275, 5.968223312313397, 183.4454060284675, 180.2148537720544], "[200]": [63.81768295340746, Infinity, 250.00229225490511, 34.64971793574002, 13.778946494699095, 23.382734515261024, 20.220486754182403, 65.0242615721997, 82.61711124630648], "[220]": [78.62950008358068, Infinity, 59.82345311001407, 21.354295745874982, 13.11913201259981, 18.053236148533824, 16.681944331902095, 160.5445743659238, 165.51431923349588], "[240]": [43.44683447964799, Infinity, 19.181163995875277, 12.317579709081869, 8.982049886613648, 11.431165396478326, 10.85386096720618, 108.82313389467633, 104.55566273108094], "[260]": [40.811362241698525, Infinity, 7.980251244164777, 0.7694563643199134, 0.20895676799513327, 0.5424997072060226, 0.37134640969579374, 78.83545454897394, 81.6656626859674], "[280]": [32.46289517911726, Infinity, 2.315576511940887, 0.11968564883879448, 0.012055132047404705, 0.06327576238080831, 0.04183296901396004, 53.07189841294903, 54.5856781869011]}