{"[20]": [4.329244874951376, Infinity, 7.0993677949412435, 4.1213406287416685, 68.07134354861867], "[40]": [1.7576097687111558, 4.601013138294759, 13.711741286553554, 7.8403981659620445, 98.76431620104594], "[60]": [2.122213651804097, 12.154289151662208, 10.565026128941332, 0.18630118012329286, 321.58111695937623], "[80]": [0.650483339587528, 8.52164758982499, 3.8272922042458566, 3.187154245435183, 398.8021309260559], "[100]": [6.800713352536122, 40.97905220437263, 11.772631037250036, 13.22472058368968, 589.4078390569581], "[120]": [8.092696735921791, 15.839463780886229, 31.875151519027465, 10.807279171810682, 914.2380079307452], "[140]": [1.1123888227605656, 21.428265245927424, 71.39966764181254, 33.741857447264195, 1771.262630309818], "[160]": [30.73103824060645, 88.84333313326037, 54.231500930108226, 10.850578196235588, 2812.9370884565087], "[180]": [81.8084704075044, 79.71491518002269, 283.1559881693334, 40.875069944915225, 4549.67011033807], "[200]": [66.37899682729294, Infinity, 1095.8215002925665, 149.53033714475606, 129.7903910443299], "[220]": [31.855276485538237, Infinity, 3187.628620913008, 1283.0838206355254, 289.8134000016894], "[240]": [603.5491957583423, Infinity, 5144.519126238277, 3286.171056025129, 676.8847747634557], "[260]": [1249.8519062423613, Infinity, 1673.1179635923795, 211.77327445849573, 554.021062083409], "[280]": [158.14230272478687, Infinity, 4295.699914012611, 2060.683879238681, 710.5285798599907]}