{"[20]": [Infinity, 0.5478876864646284, 1.0, 0.9999991742219653, 0.9999863229047318, Infinity, 0.9999959716016313, Infinity, Infinity], "[40]": [12.098771892362803, 11353181996.160776, 12.594291176164411, 8.607394332298801, 6.249853360573526, 8.892247592545798, 6.937434303932846, Infinity, 10.999529003310343], "[60]": [75.81169460525732, Infinity, 97.8299395338565, 106.78035069766362, 106.2143617914895, 75.65883689371066, 39.963939740468625, 75.59224370072225, 15.885667705255363], "[80]": [634.6644081284975, Infinity, 1011.2978352298375, 326.5997117045591, 170.31959979430926, 151.5091129825514, 1108.0764468093905, 74.64837873693277, 192.1922434601744], "[100]": [1730.8677832427768, Infinity, 5820.119956113588, 2020.0533401775144, 1460.0292014786066, 773.7172093169258, Infinity, 9928.45786397874, 3561.4471563359534, 3732.374163931806], "[120]": [4544.44910498982, Infinity, 1102.457118377354, 1708.8365785863482, 5420.6202518686005, 2748.882384547466, 7817.742671677617, 19278.40533849699, 18458.840814718034], "[140]": [1705.9748755194469, Infinity, 5592.51869912906, 1433.9192083112137, 1188.9171504849146, 1395.7098671697884, 4182.872142954258, 64496.78398125111, 38497.742391103624], "[160]": [931.8151366143903, Infinity, 1903.145158649673, 516.5800696983417, 466.04271256554864, 493.1783135651927, 441.26175516884723, 8309.783961816032, 7779.5552713764655], "[180]": [180.04244065304576, Infinity, 315.2983433419152, 144.13601758811137, 137.9954830882885, 141.8736361873684, 97.88045511659058, 613.201467950703, 635.3828982304333], "[200]": [85.64943627849588, Infinity, 31.50573490945986, 36.54249171985292, 36.72352534226888, 37.39472616642903, 27.876222249472665, 305.2638470272932, 283.93543502285263], "[220]": [91.64510828809414, Infinity, 2.0759369928153095, 7.972980706056531, 8.15411907676907, 8.454082183015146, 6.730505433585551, 254.25706679624352, 268.5405313535359], "[240]": [86.44813273356378, Infinity, 0.0, 1.6112692642036734, 1.65848983507008, 1.7748153864281064, 1.4934801083474043, 200.99010007720352, 207.99706353287255], "[260]": [81.07294152220966, Infinity, 0.0, 0.3286064599361215, 0.3390166936924832, 0.37566587716756217, 0.3307997932048279, 177.4994760170544, 181.45056845651672], "[280]": [76.1758756926938, Infinity, 0.0, 0.0670123412774057, 0.06928158664976795, 0.07948156821051869, 0.07314961351252112, 153.2032449466951, 156.37150375198868]}