{"[20]": [79.80215599472226, Infinity, 6.023617751222095, 3.1380244707058926, 116.88610284818786], "[40]": [12.016099406256231, 47.99041612359772, 10.6624079975061, 14.111904582498855, 232.95218592106005], "[60]": [1.4878944033204886, 8.783440301274046, 24.58207037845701, 5.078314456405907, 1571.5398418528357], "[80]": [28.947964921513798, 325.0588411609701, 147.58930095218554, 38.931268903572615, 4759.417939328145], "[100]": [19.034020691702175, 139.58010612278113, 346.11162217736876, 12.942989508681382, 430.1975399178557], "[120]": [46.27447304628297, 457.68583557108855, 986.8447259558999, 361.6964377604513, 361.91114991497386], "[140]": [109.38749881769125, 348.97472568559033, 1049.7793194228184, 707.6814518308852, 1067.6147296297631], "[160]": [78.10950661276996, 64.35695378815728, 215.2832115796506, 841.4791325164656, 593.8917633294193], "[180]": [24.554692518588052, 44.352483030435366, 277.8865641410877, 132.5981478029607, 582.0498283489422], "[200]": [497.9177509719905, 473.17519620476867, 32.40107404274594, 3904.4123538292847, 648.5794315282265], "[220]": [559.8173109990092, Infinity, 715.3109235928736, 12510.310278236011, 503.39585484918723], "[240]": [416.7794336705972, Infinity, 859.1583209621821, 10480.089352542138, 316.5163192015189], "[260]": [269.4310635979662, Infinity, 735.546533910596, 5403.7677556418175, 201.06128836753345], "[280]": [44.99605309351814, Infinity, 355.006983712399, 2340.802048614995, 98.24640040320689]}