{"[20]": [11.395430655491218, 8.162379513334377, 21.246929830672343, 0.6274023391662835, 2.697789168091511, 2.516969387848896, 14.992035362126526, 2.5372729973101706, 4.990949531442699], "[40]": [170.85918066596102, 13.757933313957086, 337.61850765240195, 349.94916741779286, 235.497499863557, 55.5749328078706, 43.98807432276911, 3071430.0119798253, 22.1338352896495], "[60]": [776.4595505359988, Infinity, 2838.3401274245766, 2694.248597583066, 1815.7536864039635, 1832.2813868879489, 596.8609104372986, 408.0789764467461, 436.2179905127042], "[80]": [4213.845965485253, Infinity, 17824.264693953734, 6401.433857899302, 1555.5327347384755, 3221.198257258493, 1010.7924357380329, 3609.9032353611933, 2571.251038890479], "[100]": [1938.6116959295646, Infinity, 3979.558851139625, 20523.781513916954, 5923.2697712116515, 2164.930977489889, 146.86487343704445, 5559.109681978668, 8073.50943645531], "[120]": [359.4237475166115, Infinity, 17242.714768979185, 6151.969481485158, 3623.0587093329736, 4120.1989647225455, 1596.62294743713, 7077.625818893587, 1345.8146460335936], "[140]": [334.90410575836, Infinity, 5326.810873071949, 1855.8457775706543, 647.3555020121386, 588.7211795483558, 68.53561085393474, 392.1989061447012, 983.9147171839039], "[160]": [223.00161652116176, Infinity, 1241.1036834209276, 692.9290634278773, 32.68701361173268, 14.601985670913363, 159.23774908359653, 567.2168604142392, 565.0381480473741], "[180]": [145.89722107136015, Infinity, 329.61917955361344, 265.8615059396953, 36.47402181850466, 77.21055916637978, 97.9869341475435, 7.980765321930429, 2.2237514226036335], "[200]": [137.97322559849547, Infinity, 96.75030809541693, 97.96829108048237, 18.708809301985617, 52.6348484642091, 40.344724160590125, 432.52652574903755, 440.9831068109818], "[220]": [116.07437950155227, Infinity, 23.85066598668966, 53.436444614539035, 21.626967227712395, 42.88783885438333, 30.396739831395735, 225.27062432669808, 224.31612943362347], "[240]": [97.79888298067485, Infinity, 19.675660418272297, 11.5958487382402, 1.5052573988196072, 9.17984280847545, 2.1041037000607004, 199.98763285136576, 206.5778019043375], "[260]": [98.50039390585668, Infinity, 6.8505368886335, 6.3673498996423605, 0.6818041664958767, 5.818562587019164, 1.2661753097126678, 188.11472959528288, 189.04717361423897], "[280]": [87.71660941565355, Infinity, 0.3061888117203438, 10.481721186803854, 5.670902912988785, 10.357621547496068, 7.002308396498052, 127.3606162226829, 131.4428771960984]}