{"[20]": [Infinity, Infinity, 23.0, 18.365939758251635, 22.30482246355443], "[40]": [Infinity, 28.924579221526756, 364.8571428571429, 56.429512506385436, 285.2110661689644], "[60]": [524.5447171056824, 1981.3370597280182, 930.7142857142858, 1660.7401979676683, 553.8833795215785], "[80]": [8.72851830614809, 277.74949582712725, 240.42857142857156, 2166.594062933976, 94.48900155561341], "[100]": [175.07828965213366, 54.309818891139, 192.0, 2134.517219880867, 46.760822778001966], "[120]": [83.7536864797712, 4.4682984433974444e+26, 279.0, 2546.726330291295, 111.90527441562017], "[140]": [969.7559014047474, 12191.98397111955, 16414.142857142855, 20962.754061107353, 7127.436955846675], "[160]": [3662.3633332133977, 4.08956372526778e+34, 14374.857142857145, 11282.948038168099, 936761.1383408345], "[180]": [1537.5501185129215, 1.6069791518857718e+19, 23553.857142857145, 12697.803048022448, 566857.3215668334], "[200]": [501.26433422138143, 6.29636117587685e+42, 7663.571428571429, 2267.7613173348545, 234656.65922457585], "[220]": [726.2602660560333, 4.747823169099546e+66, 1466.2857142857142, 508.2363480349703, 12774.956600131152], "[240]": [145.0079277552265, 1.8922527652155447e+23, 353.8571428571429, 74.01424071840137, 37062.04933251506], "[260]": [173.8364959270757, 8.074174099261123e+79, 40.14285714285714, 12.11664337547042, 11566.281525782153], "[280]": [693.5578713288452, 1.1978575246386403e+49, 2.428571428571427, 8.718620406087801, 3618.429535294367]}