{"[20]": [29.951364463302742, 512.5258512600416, 37.10354305537189, 590.5954779716433, 375.72766423124546, 28.983717281639375, 234.42756049969307, Infinity, 772.853448032746], "[40]": [0.9381459727328373, 2.539988351285141, 55.70579343139951, 116.10188882749041, 93.15698663105974, 54.26595986718724, 923.3906776271048, 2314.2761042681773, 11.883337090701927], "[60]": [57.07806477025383, Infinity, 102.28520426521015, 204.6758955331628, 85.76468056589033, 129.02523654609325, 238.06153757849205, 62.36414882689206, 82.83690853868387], "[80]": [185.74177295484716, Infinity, 294.5347022061888, 478.2897031296485, 268.2349187567415, 230.35286792932905, 153.0091484957158, 137.04034782670777, 138.91606144857624], "[100]": [490.7596642438467, Infinity, 1027.3525541636686, 1355.331468741239, 837.802494274169, 1009.0869391784496, 432.2934457661534, 142.87007356803053, 215.95954200150308], "[120]": [329.982687096702, Infinity, 2469.289498247202, 2168.241742424749, 908.8169737444773, 1178.111476189437, 1112.3772785466526, 1468.0139555560686, 1468.1189849517455], "[140]": [70.82046016576588, Infinity, 3505.164872692217, 3447.5457105719784, 1297.071085419268, 1812.116320428639, 77969.66722462571, 2508.7034035530633, 2883.2378146180095], "[160]": [107.94419465596546, Infinity, 2927.4520993992805, 4582.098751757118, 1297.856281172802, 2220.3338642787044, 1779.8503240164441, 2504.22225055728, 2576.8542704429196], "[180]": [1232.5549073390002, Infinity, 3463.593878275327, 10352.461107715975, 2539.64987438865, 4402.574601665653, 1362.425663926127, 3525.441399993778, 3925.0767836477507], "[200]": [1889.901933627558, Infinity, 828.2313168984047, 13658.899457661711, 128.24829653311525, 3784.7254662652235, 1512.034899072285, 3272.802814186468, 3224.9968631718675], "[220]": [192.62223913630493, Infinity, 4677.613159766039, 8891.692169984219, 4324.928691860955, 1743.0889854374875, 4676.7066249054915, 1774.3834908817419, 1762.5228958459368], "[240]": [466.8262391903679, Infinity, 4805.139871489279, Infinity, 4943.894800931535, 3425.3983910113507, 6531.0856595916985, 3598.00922350888, 2459.7685217242665, 2610.540983376176], "[260]": [215.77897960075612, Infinity, 2999.355114575613, 1632.5221057008246, 1260.6770806084508, 3770.1126827377525, 1164.9173978550589, 215.93393688112425, 177.76383433170705], "[280]": [154.90385539471734, Infinity, 1214.4530983879138, 593.8675361550584, 307.28462038498367, 1703.7053035215563, 224.1022126354879, 213.26167774805367, 207.51862272441807]}