{"[20]": [Infinity, Infinity, 4.428571428571429, 4.0917578259562255, 3.5972566143326117], "[40]": [Infinity, 132.10935608764683, 95.14285714285714, 35.888535771847955, 122.53610295533359], "[60]": [462.65460503162376, 1229.8035002649572, 1079.7142857142858, 1366.2574111852912, 525.085907038148], "[80]": [482.96789759228614, 922.0014155125773, 597.0, 2428.329406417401, 329.79310314256054], "[100]": [59.03102976088303, 5.244226580805384e+17, 542.1428571428573, 3173.8864355132055, 24.719340170871874], "[120]": [66.92364665669902, 3.7672439037485113e+24, 601.7142857142853, 3871.5762906920345, 112.19945828619984], "[140]": [2071.8019566677813, 3309.2551057926685, 7387.285714285715, 11221.684625236767, 3009.8466637762995], "[160]": [2672.4272953943073, 4.084680952586737e+41, 24957.857142857145, 44550.661785960656, 5878.622549173349], "[180]": [9305.545879249934, 1859.8264473016898, 18106.714285714283, 12860.201224643024, 620711.9507074093], "[200]": [3029.618959126301, 3.2421372622315495e+34, 12463.285714285714, 1058.636917569096, 310020.7956611112], "[220]": [253.1868591566763, 1.3379379581979058e+42, 2964.857142857143, 110.19802383574915, 152180.9060638055], "[240]": [115.26759419682435, 3.6719588675100085e+27, 888.4285714285713, 389.5986924562705, 64874.58086860951], "[260]": [236.87415286228128, 2.315146192913755e+68, 230.14285714285717, 32.913687574430895, 25742.628360867904], "[280]": [1195.8727802730486, 4.410793877618244e+79, 25.142857142857146, 26838.4723995231, 9246.112873310138]}