{"[20]": [2.2565369206288874, 3.052767363090416, 2.676820902516045, 6.414873485020909, 6.640400294867489, 0.8103570294674831, 8.582230379890479, Infinity, 2.6667327023992384], "[40]": [65.57396460471473, 6.133045178980409, 115.48851961508281, 4.862236755692618, 116.14108509465532, 88.02790566222323, 59.959904187612054, 10.609689015868925, 30.596461700209147], "[60]": [1247.8708395431481, Infinity, 3037.903455749672, 815.4011288268629, 502.869660151286, 455.4281706299258, 1852.3861338828065, 1977.76779962991, 61.55211782700715], "[80]": [324.01747261493125, Infinity, 4006.4584469851206, 1219.748813588663, 2088.2740585094, 388.5563819807855, 21389.937171673027, 12961.399218906847, 10857.194987604611], "[100]": [567.7435945693732, Infinity, 5578.675909040323, 472.8287527759567, 266.6072217921506, 477.04630794302017, 505.06532408022633, 21305.564912282684, 2769.2779574671636], "[120]": [260.06641241707933, Infinity, 1227.803194572955, 176.85404835488922, 165.13108230060834, 116.46613582308905, 51.02530106730105, 3475.523287602611, 2316.398604715044], "[140]": [119.71045966159849, Infinity, 247.89836368250315, 206.4806134684747, 187.9077812240023, 186.63607121018433, 178.71602003102325, 33.23562975485867, 24.96646289122907], "[160]": [86.06650607354486, Infinity, 101.62256197979879, 72.48268567008478, 64.74264066120581, 68.82804365782853, 95.04619743521268, 173.53009161534766, 164.98392723672328], "[180]": [67.7029810083958, Infinity, 22.421468203200334, 41.36479669821682, 38.51373413152961, 40.80694297643604, 57.610976385857164, 171.1881854480606, 161.84039689587874], "[200]": [60.94575562195273, Infinity, 14.937306483055252, 9.90706782276178, 8.829616645303355, 9.826760194038677, 17.517811661484913, 126.69727532539869, 135.59709079846616], "[220]": [56.84771864724858, Infinity, 7.34387107082502, 0.8131622049214317, 1.0286481025854897, 0.8237330539394484, 0.7547474934325734, 127.45939869933312, 127.14607257703676], "[240]": [58.9374638336983, Infinity, 1.0, 0.3970145107257683, 0.32500941718719767, 0.3954912074864115, 0.9516995275552399, 115.6816578892318, 116.34465996145902], "[260]": [53.70720611402766, Infinity, 0.09991448401478657, 0.6987701431419214, 0.6627537371319387, 0.6985660065923923, 0.9861359339098599, 95.46050232991543, 94.09091980345681], "[280]": [51.336696661058646, Infinity, 0.0, 7.670221640688775e-06, 6.951301767086089e-06, 3.3592592732884076e-05, 0.00035843033329281893, 85.01962311160506, 85.15485259301884]}