{"[20]": [Infinity, 1.6615804916722952, 3.0, 2.9999991742219647, 2.999986322904732, Infinity, 2.9999959716016313, Infinity, Infinity], "[40]": [22.256878889308997, 11280834605.766699, 23.24040908795747, 15.687963213809867, 30.71095127651923, 25.695327716376063, 11.21760173291585, Infinity, 1.7143685071096784], "[60]": [120.79013454121846, Infinity, 201.40368987962353, 195.2017938484723, 198.16272903691728, 60.026608869254666, 582.0095376990665, 174.4798137730069, 62.64904254984693], "[80]": [1073.0395914995083, Infinity, 1375.9873217355212, 1371.4985406507187, 1318.9940425610134, 813.7005470096999, 427.8148184212797, 549.9768011964395, 302.3693351889077], "[100]": [2387.1255859353682, Infinity, 6116.673076091004, 1112.2804445824527, 2159.433031871428, 2129.4442856595065, 1969.1984611988516, 2958.5981962994183, 3179.0033813237387], "[120]": [1752.312225810013, Infinity, 7597.798791056298, 2218.3358894108087, 92.63755533913204, 150.57865188704324, 906.292102036061, 2672.4774784682227, 3105.0470314882295], "[140]": [211.53384609318394, Infinity, 6032.591904820156, 1653.80745833078, 1223.2313747599762, 96.4243153547012, 581.7547359900954, 14313.35233744924, 14535.832877385952], "[160]": [1527.1364045448965, Infinity, 6151.305138492817, 455.0245145809757, 423.13614506418907, 95.91275913925952, 280.07197177636544, 7826.67591873015, 6177.281533312735], "[180]": [200.53572365854416, Infinity, 2149.4739874872316, 183.3923790694448, 26.07947863391346, 41.140861622026065, 9.644366026655803, 227.33111639057884, 62.13379795675764], "[200]": [324.9423155374366, Infinity, 552.1456181691581, 115.87622777188214, 54.550470449688085, 75.32237112746239, 53.12883889791642, 3.427440750215399, 133.6495004816738], "[220]": [336.07338810086645, Infinity, 140.0084374314308, 65.34688400511178, 46.45792931185667, 53.8697461040498, 45.80630850893764, 430.8092240640878, 420.1496479684471], "[240]": [379.3308837435293, Infinity, 55.68847872217068, 28.031130268451342, 19.70208563794909, 24.95047984412328, 20.291263412847506, 356.58435752242445, 356.9928810257124], "[260]": [325.73324070336395, Infinity, 18.05449378804544, 10.818194220508714, 8.13932833107895, 10.023533013131765, 8.412527245936191, 357.01011025211784, 351.264538087041], "[280]": [305.819942254558, Infinity, 6.8759980411459605, 4.528382991280203, 3.224694332253522, 4.327940115554134, 3.454443971893206, 290.9685531859486, 287.15725737137797]}