{"[20]": [3.7585583749752796, Infinity, 1.6556776055543232, 1.0663494036922292, 45.63614174822212], "[40]": [15.609352645293413, 7.963392567020878, 64.60586418625822, 11.377496648622014, 1061.324481208883], "[60]": [93.00161639144655, 124.67559354112117, 1588.803974627607, 730.8162603802848, 24895.77007505753], "[80]": [152.37472975060956, 3841.9643066153462, 1732.2725736530615, 1360.348125576788, 78568.38141074493], "[100]": [461.42194856519944, 1908.2797960826947, 2797.639770202862, 1994.7769963857259, 794.3357692999308], "[120]": [205.22937588370385, Infinity, 558.3304052262991, 915.6819341330402, 298.1250814440506], "[140]": [34.13219637224671, Infinity, 115.63587049625569, 91301.35260526728, 120.70089008646397], "[160]": [61.77042369458559, Infinity, 27.9227624794381, 139.279581710186, 45.412423389191034], "[180]": [51.60716244031245, Infinity, 15.868623667847254, 14279.02087603135, 18.13497866872497], "[200]": [35.74881696103183, Infinity, 4.6066600255040235, 168070.75699814718, 6.19734619961414], "[220]": [29.416197824490972, Infinity, 0.34061933107327347, 690066.3064820643, 1.3136704615097434], "[240]": [25.68448971179173, Infinity, 3.051293132690195, 0.7379247324264696, 1.0876924741556697], "[260]": [25.163424476412782, Infinity, 0.0, 0.0038216591196953615, 0.08460460140589808], "[280]": [26.511956993997057, Infinity, 0.0, 0.0021097397807799696, 0.04838118409227671]}