{"[20]": [Infinity, 0.5478876864646284, 1.0, 0.9999991742219653, 0.9999863229047318, Infinity, 0.9999959716016313, Infinity, Infinity], "[40]": [0.47679360666748677, 11780800527.911398, 0.0, 3.210788845980168, 2.2837704207516505, 0.7448560660128222, 3.9318534386029382, Infinity, 0.17924472826789345], "[60]": [0.47489648033093934, Infinity, 0.42954531402301754, 0.5631228590501126, 1.263205340104606, 0.7185075431303297, 2.4379075195341704, 0.9999999999999689, 0.9987042365209323], "[80]": [0.24699384401507116, Infinity, 0.31805127249720266, 0.0796830203313724, 0.05513323818461238, 0.14685550157354268, 26.287382766235556, 3.4334390151722256, 3.4159826229386594], "[100]": [0.175252366486177, Infinity, 0.0, 0.00494457328453664, 0.004025091480526584, 0.006479306681395094, 0.5462085164557348, 0.6635000667750853, 0.9185046093952454], "[120]": [0.13052484936244832, Infinity, 0.0, 0.0003304215009619665, 0.00031064484447577756, 0.00044259450341813594, 0.03439528484204861, 0.5095488798093907, 0.6022509926336574], "[140]": [0.1339159163733354, Infinity, 0.0, 2.2061961914015794e-05, 2.385447750866281e-05, 3.050134833653956e-05, 0.0023296627544592773, 0.309069174285972, 0.36042243274059677], "[160]": [0.10582555580270578, Infinity, 0.0, 1.4721811351843876e-06, 1.8352619418863267e-06, 2.100878657167544e-06, 0.00016110671580664405, 0.221870069132523, 0.2544022410358595], "[180]": [0.09796449986236716, Infinity, 0.0, 9.819916234229224e-08, 1.413981618444609e-07, 1.4466195671648582e-07, 1.1164056765397198e-05, 0.1730911952042641, 0.19555160227823126], "[200]": [0.0986111480812933, Infinity, 0.0, 6.5483115861613786e-09, 1.086082030355844e-08, 9.952581646015902e-09, 7.801103195302968e-07, 0.14191851277663126, 0.1583598904345683], "[220]": [0.09202157345286228, Infinity, 0.0, 4.365716507066719e-10, 8.323123600888494e-10, 6.84940320743514e-10, 5.434291041024052e-08, 0.12027360222444175, 0.13283013299923055], "[240]": [0.08251214949156027, Infinity, 0.0, 2.910093875375192e-11, 6.367196316205566e-11, 4.7106878450640586e-11, 3.810735998002274e-09, 0.1043653934914784, 0.11426836442293957], "[260]": [0.08623940077737942, Infinity, 0.0, 1.9395394538627397e-12, 4.884593785609192e-12, 3.2395198745409126e-12, 2.701142948839543e-10, 0.09217897478499049, 0.1001889172414475], "[280]": [0.07177851180676424, Infinity, 0.0, 1.2925323661120956e-13, 3.7462024837404884e-13, 2.2258957258237912e-13, 1.8949325000302475e-11, 0.0825443659209922, 0.08915650607203619]}