{"[20]": [12.485570760827818, 6.52172078180963, 16.05164256907602, 1.509889017821039, 3.0495209558016434, 2.897967896504599, 14.578441740613703, 5.54550562906859, 7.911445152804956], "[40]": [91.67469485483844, 11.672934048912106, 195.93010621855797, 209.85762052132043, 204.42218000217548, 35.41373437150274, 42.74871142558663, 29.7067162304096, 2.72869174480894], "[60]": [20.478977563568794, Infinity, 1000.230589058561, 803.3690628486017, 250.89544366534628, 60.455525393329125, 95281.64245077761, 3161.3765362695394, 280.1274165725037], "[80]": [45.10514070477621, Infinity, 378.44423303113643, 1490.3148309188982, 186.72718056808813, 318.41156872722024, 151.57316383370244, 294.03524423341145, 1158.1497843767077], "[100]": [20.923799647120944, Infinity, 376.6698898904708, 2246.7586161407226, 280.38775963505435, 609.2393268404643, 155.8445962295231, 945.7871223506436, 744.0193991763226], "[120]": [106.99488978289972, Infinity, 304.2499995578966, 2598.3073269939086, 248.17523282940988, 787.6645466542201, 110.410097940029, 26.146807884357685, 59.863143936257956], "[140]": [3908.9835374946174, Infinity, 13319.774524049193, 16302.15463192577, 11816.308236116462, 16339.0127173235, 13848.448882286568, 2450.0414472607144, 2287.34143571551], "[160]": [5754.127209990098, Infinity, 12160.530496627158, 47961.96350113439, 2307.4131888341835, 9351.838478543486, 189776.1152971175, 5254.523920530903, 5163.056451190323], "[180]": [39636.1272099901, Infinity, 19236.15854355186, 17606.292430521957, 17555.549857391823, 11152.94998182329, 24413.488832070092, 7321.846219390703, 6384.814144378466], "[200]": [147.25443969652747, Infinity, 6749.273731667522, 3537.765327808324, 4019.6868886088128, 4038.8600156046705, 4861.663380919973, 1246.0341459200345, 1418.881622639347], "[220]": [159.75360018201272, Infinity, 1426.5366262061652, 809.5841185824138, 797.7291279242887, 1463.7937823732912, 1457.21527980722, 327.4455210279397, 392.15988478327256], "[240]": [113.09541112899761, Infinity, 360.1514292647165, 113.89977319310532, 192.5328461282538, 591.2164121574002, 507.55427121005107, 99.90444548057975, 109.78037407957667], "[260]": [86.20596246119601, Infinity, 53.909786444433436, 11.205287247862286, 28.331859513994612, 213.92031522502967, 170.13918432003166, 158.02482574519692, 177.71759262396935], "[280]": [89.53832387273775, Infinity, 5.444769458176572, 7.167998125613366, 6.178767775630617, 66.13084886823783, 51.545619874516966, 157.95164233762765, 161.81007624014393]}