{"[20]": [1.0, Infinity, Infinity, 1.0, Infinity, Infinity, Infinity, Infinity], "[40]": [0.028834400965394025, 0.27942966480296283, 0.0, 0.6306785343959964, 0.162178548349591], "[60]": [0.08134579219488547, 5.9858059650697015e-05, 0.0, 0.3736117925113194, 0.0623162201215246], "[80]": [0.8924814254820137, 1.161825907615015, 0.2857142857142857, 0.7404327752917189, 0.3634698134663072], "[100]": [0.6039817308866867, 1.7037036567425785, 0.8571428571428571, 0.21332699994017731, 0.5201798147234838], "[120]": [0.6901846857152292, 0.059167920223444526, 0.14285714285714285, 0.5099839210796463, 0.6940746412686232], "[140]": [0.6134938461707601, 1.7017863382249692e+36, 0.0, 0.4826078671451648, 0.37777735042024796], "[160]": [0.3199490476063516, 3.1865716215632824e+33, 0.0, 0.0, 0.0], "[180]": [0.20053912317433564, 3.171556638378085e+51, 0.0, 0.0, 0.0], "[200]": [0.14287888567336177, 1.3226422966952824e+69, 0.0, 0.0, 0.0], "[220]": [0.10854834243067898, 1.205699435141411e+68, 0.0, 0.0, 0.0], "[240]": [0.08621118614096017, 9.148505362091683e+81, 0.0, 0.0, 0.0], "[260]": [0.10339317834754218, 6.084434970324289e+96, 0.0, 0.0, 0.0], "[280]": [0.09305391867674005, 7.804459417317628e+105, 0.0, 0.0, 0.0]}