{"[20]": [1.8246137022709288, Infinity, 4.857142857142858, 1.7627702533209852, 3.1763120141260024], "[40]": [68.50008187130595, 193.90613786263066, 202.28571428571428, 19.536921496611342, 6.074670736172209], "[60]": [107.2630657062873, Infinity, 4861.571428571428, 1831.2186833499336, 1282.5342298596697], "[80]": [1093.1407441301635, 1945.0107691025696, 20284.0, 18015.34831624504, 1260.5629252228464], "[100]": [2899.9043766111063, 21085.88660723048, 16879.857142857145, 1268.136851828498, 7730.062803985285], "[120]": [962.8326928499591, 904996431406202.5, 6052.285714285714, 970.8730467648784, 1638.9455019208172], "[140]": [175.89081783822087, 2.392202385866656e+16, 1085.5714285714287, 180.52054675794625, 277.26241355009506], "[160]": [281.4262797160684, 1.6579547318312566e+17, 249.71428571428572, 55.96543361026647, 63.975970677574765], "[180]": [108.79302840470109, 3.283815135843586e+25, 51.14285714285714, 6.016222072920584, 11.068308476130852], "[200]": [10.904598998149368, 2.6851491730439497e+20, 9.428571428571427, 0.945442644034145, 2.2014505357867478], "[220]": [18.562601799213525, 4.1096568003352566e+21, 3.7142857142857144, 42312.4766393716, 2.095501911542688], "[240]": [9.29553803610247, 205041688048.14682, 0.0, 0.064904622499985, 0.25285921537154327], "[260]": [19.72770230220607, 4.759736111803241e+29, 0.0, 0.02024130591002207, 0.1519502518106974], "[280]": [64.71058272543328, 6.821844494031956e+60, 1.0, 0.30790441754972603, 0.5732289969270029]}