{"[20]": [13.869227349591535, Infinity, 5.913078871036527, 6.36843541754161, 347625.3087922879], "[40]": [4.630850325131328, 339.5093900871408, 95.09535317674883, 30.28255027202104, 471.04596720674306], "[60]": [21.885306027339222, 422.4721502850686, 2084.0932545554974, 661.3491770793713, 22411.229228047683], "[80]": [2873.0590292776824, 470.65131217134103, 8731.932581708348, 7331.819384667739, 147968.97438338152], "[100]": [387.6619660552309, 29309.860635795634, 7619.869104278122, 928.94460976641, 1484.9744932049634], "[120]": [91.78944536036661, 15064.584118412506, 2249.026182247463, 436.2534992861397, 233.8597558308955], "[140]": [78.27925542737931, Infinity, 364.714278297896, 53.666147359469456, 27.979848536380715], "[160]": [232.8163702932249, Infinity, 58.841307848284444, 1.3671165789720963, 2.3966866682883117], "[180]": [217.19425173260848, Infinity, 7.647765417362121, 0.1357807842268641, 0.4978975010278835], "[200]": [158.771211538283, 1890080007843.025, 0.3026851678060893, 52942.36516868918, 0.9952428316346738], "[220]": [112.82129303004345, Infinity, 0.0, 1142350.3169548376, 0.5299089968515523], "[240]": [80.14810725361576, Infinity, 0.0, 0.0024946447145010797, 0.022757544836758157], "[260]": [57.36603582445625, Infinity, 0.0, Infinity, Infinity], "[280]": [49.31798101566, Infinity, 0.0, Infinity, Infinity]}