{"[20]": [0.35118769226063806, Infinity, 19.08519439470974, 2.6455509983608922, 3235.0230978408995], "[40]": [11.531288976979424, 113.39902909789589, 41.14205711848463, 0.8526526760370979, 446.87003078035474], "[60]": [1.2969343655754058, 5.876910267924501, 15.70583867000377, 12.973700756184543, 1052.4172475935284], "[80]": [25.845267794548135, 30.298846455758724, 90.32394153059487, 11.407869140496256, 2754.374611407498], "[100]": [16.601488115308992, 77.53585690448176, 219.30359925635872, 7.461577484633216, 10696.066142328296], "[120]": [4.078110233486885, 159.21751822179564, 562.324564993398, 92.90846880432528, 26931.458286287045], "[140]": [89.51751896937849, 148.72586404341467, 740.3913519574812, 259.459594231044, 226.33828795385406], "[160]": [39.378358141569365, 183.34607431194257, 886.1960907751749, 432.62348235485223, 320.6809281957102], "[180]": [136.57558394386578, 702.514378677882, 1985.754784476569, 1347.5468873475445, 772.2778984498626], "[200]": [333.6356504640367, Infinity, 4689.711269127877, 3569.0548792447858, 695.2164746037255], "[220]": [66.75982818423913, Infinity, 2520.067320204195, 4030.6593844813756, 987.1444199463161], "[240]": [443.3141933486433, Infinity, 3113.8858644899287, 1995.4494758399662, 1213.275798279872], "[260]": [425.1598585360336, Infinity, 4980.297889966489, 103.80150188797451, 586.9975805418252], "[280]": [79.47352949015965, Infinity, 2350.228548729508, 42.460152114682266, 235.33386291423793]}