{"[20]": [11.395430655491218, 8.162379513334377, 21.199274489368168, 0.6274023391662835, 2.697789168091511, 2.516969387848896, 14.992035362126526, 2.5372729973101706, 4.990949531442699], "[40]": [170.85918066596102, 13.757933313957086, 339.0478126196529, 349.94916741779286, 235.497499863557, 55.5749328078706, 43.98807432276911, 3071430.0119798253, 22.1338352896495], "[60]": [23.130365847595503, Infinity, 677.4292591274241, 788.7553014941644, 127.80597846761607, 214.30154172218263, 154987.66813608905, 4908.725646161154, 361.57698552105], "[80]": [35.10963174288661, Infinity, 174.89812410018848, 1417.8729129729409, 57.504547539643816, 184.95556672267878, 168.2997945996761, 9874.045914709877, 80.27319755509806], "[100]": [161.51325266976428, Infinity, 220.44745250207217, 1956.6398921258128, 201.96511731224058, 405.6106831089962, 149.00269056645993, 94.68266251488362, 183.62572714161564], "[120]": [395.37766625281563, Infinity, 190.75524275423436, 2208.653902029319, 232.94904816649657, 555.2715326861504, 183.29715958694862, 324.3667576936819, 305.9432330636592], "[140]": [2971.175759353639, Infinity, 15163.851965764887, 17252.892321811792, 13288.372634321388, 18769.43304646212, 24024.99398339456, 946.862537862444, 823.8003916879971], "[160]": [5672.22959099765, Infinity, 10483.612272374998, 47820.23481416032, 2929.2498834121584, 10009.47370399281, 97054.64502808367, 3575.005557488944, 3853.522641834507], "[180]": [693.8282881159676, Infinity, 20157.961394117596, 14880.269876012007, 17846.598619349148, 11814.108138305844, 24394.359198842314, 9968.52324847873, 10056.618536890506], "[200]": [364.3223014007936, Infinity, 5802.255803220343, 2729.7526440604374, 3559.7910020278314, 3979.8303118509484, 4830.548538395152, 641.6151431560129, 927.1114952817715], "[220]": [163.95571929786232, Infinity, 1232.4969940335304, 530.8280422334262, 746.588572926977, 1450.19149127518, 1450.1087063005966, 179.0808750459057, 41.06259868358499], "[240]": [158.5494475025219, Infinity, 254.9882947533898, 57.23719658760219, 135.1046916706561, 559.3947705647371, 486.48773572513664, 260.710069752234, 274.40694975226006], "[260]": [121.74752184387162, Infinity, 23.652648828418247, 14.77322982015849, 16.26314150911365, 183.934819710456, 152.57950620398313, 244.7486743782385, 254.94946965382618], "[280]": [89.6442580936348, Infinity, 5.378164323322153, 4.220258615998165, 5.897981006502095, 59.6002362319836, 47.73736988749567, 163.11873446629932, 166.2447171580946]}