{"[20]": [13.982977326427301, 36.3788813143802, 13.428571428571429, 33.790347849922824, 26.645588504835438, 0.037879511788974085, 6.727687845529562, Infinity, 12.994368924728606], "[40]": [47.309845450383655, 3224502003.980355, 33.57142857142857, 18.78891421541202, 48.22969233500252, 46.43774046857718, 33.557291833308014, 3084.1400861917523, 299.1629783417168], "[60]": [14.533575590992356, 1.6870675445396874e+18, 2.857142857142854, 40.23373314427584, 44.62878130441317, 0.6089310640732606, 14.74377780410542, 4775.26736812647, 55.05093390787917], "[80]": [42.34160722703469, 3.729403789879908e+27, 44.714285714285715, 96.69138723816386, 40.8689527453198, 74.25272151122836, 44.2233281664578, 101.1564742853039, 27.115076814337556], "[100]": [65.08578893632483, 2.647552091869952e+35, 73.28571428571429, 148.27704588597976, 68.96106287745674, 56.13923243061271, 50.87658269056078, 58.465739693170164, 56.70735531996846], "[120]": [57.65488788301104, 8.308450134770628e+38, 230.0, 338.6835975199214, 189.66938930035911, 119.41284346836795, 101.63713283951887, 27.53673101894117, 21.053039198672764], "[140]": [89.861384323263, 4.976266294395922e+53, 362.14285714285717, 459.5402184644554, 252.14469409539993, 14.84296882855881, 7.916643050904554, 87.07137387870989, 81.47233627509218], "[160]": [77.67263219229153, 2.135402919236706e+62, 461.0, 631.2504821478159, 244.36584212190292, 441.50218470389996, 178.44758762935294, 293.08036218860116, 294.76118758071243], "[180]": [755.2838299202376, 3.104745092395459e+70, 820.8571428571429, 1250.6347918469937, 671.6233452992128, 880.8404779733355, 614.129240084483, 782.8169953883125, 756.5305162572367], "[200]": [1374.4269598387673, 2.1119689227880706e+80, 3002.8571428571427, 3505.881859787449, 2567.2608431736453, 3322.316288351462, 1871.2094819328727, 807.1206364443988, 816.9867639145996], "[220]": [80.3056843319282, 1.776360035683665e+88, 5073.428571428572, 6109.760723646439, 777.0425747400332, 1633.9426378406533, 233.81874858063748, 1108.5426659049044, 1011.4008752810332], "[240]": [2047.0868404759713, 1.0427345148083256e+97, 1670.7142857142862, Infinity, 9250.13507437997, 4575.495738550446, 4201.235102085488, 5738.7431772728305, 2758.14055979592, 2802.580258195907], "[260]": [796.3332241099033, 4.2491225503989994e+105, 4427.0, Infinity, 6010.645062819558, 4692.171022669183, 3425.6742035262414, 3481.9037226726614, 1379.0728855722045, 1483.6078137469376], "[280]": [1228.7336546369752, 1.6874702090631743e+114, 4475.571428571428, Infinity, 1970.9077114370748, 2735.1192387127476, 3031.771022921588, 3156.857665350836, 1300.4680022810935, 1236.3245501567872]}