{"[20]": [14.674371406206648, 16630.5541963925, 14.212281933828447, 70.44109441831212, 1164.700994111716, 9.522709412691102, 12.011719516289753, Infinity, 13.162933574495078], "[40]": [53.26838105159388, 431.88160617034066, 151.24890729769268, 202.79475936671628, 162.12810061599544, 127.31880421215459, 480.0548159584555, 177.8785851073313, 168.9990070490175], "[60]": [1560.8995829182732, Infinity, 1757.779412238071, 1740.490365443464, 1739.373982570236, 140.3465517411995, 1292.5600267235925, 1897447.0838542143, 111.30578865287275], "[80]": [6874.826614117984, Infinity, 8172.542379674883, 5812.314883094887, 1638.6350990494539, 1505.38970039615, 1528.4942036864795, 12318.78680274398, 7401.841418475677], "[100]": [851.2441272495796, Infinity, 1851.3899973570506, 387.03804976715384, 4478.9653293661295, 3927.61673594753, 86.2332718037068, 37716.54738474414, 30813.353426407364], "[120]": [297.3333931093825, Infinity, 5360.609464245351, 168.39321616905042, 212.11666706509658, 188.05302895206398, 13.837332893730258, 95666.97986842049, 77884.44608578525], "[140]": [194.85291139120707, Infinity, 1289.585864055551, 263.0298042000433, 144.77791644164193, 93.65208757960617, 175.78248374651437, 654.9906938306106, 673.0857359031398], "[160]": [389.76348192270945, Infinity, 325.7266561631394, 133.1200944074088, 88.6858018692064, 81.73282145564541, 91.74770608869733, 244.40661275209223, 268.29451950025253], "[180]": [432.0482680862618, Infinity, 99.73912002020515, 52.68177828159388, 35.385242244650534, 39.97115330775953, 34.88555651642912, 923.088875445527, 914.9176049036424], "[200]": [356.432852189601, Infinity, 17.63690695845267, 41.400514544941096, 34.394991047874385, 38.58852102608188, 33.84197753339667, 433.12015023797824, 440.40395134548936], "[220]": [384.98950737353107, Infinity, 5.5769640468825425, 30.87438432830235, 26.135417879944477, 30.281998662004618, 25.623548867680437, 533.3460651453373, 537.4496613938561], "[240]": [305.5182302845184, Infinity, 8.280343561325385, 17.972552427940435, 14.751272228031034, 17.851234392240123, 14.37976068108431, 264.2021495927357, 272.3995080384972], "[260]": [282.0306124005103, Infinity, 2.990333853831639, 10.957159579055107, 9.284502048271149, 10.932755129964852, 9.08892557867731, 289.8504348665867, 289.8139206862432], "[280]": [252.46633805575536, Infinity, 2.7431052785851056, 14.959963652490236, 13.286489704896711, 14.955113979533547, 13.089827553600497, 279.29083427926275, 282.5259922809427]}