{"[20]": [1.6393394402906218, 13.127758360989718, 1.0341979226173115, 3.426128589380202, 4.149144930770246, 1.18389025537162, 6.133102012931406, Infinity, 0.5655683330388331], "[40]": [2.8916005198346317, 19768888.541918587, 5.07562669740992, 0.4002182382818308, 0.992679660325588, 0.9313906264866507, 4.843939926679452, 3.3788065249082755, 0.4700939047866165], "[60]": [1.6115874594689914, Infinity, 2.398540775788313, 3.2143760973925706, 5.918459394355365, 15.50084250962032, 1074312.6221017574, 54.368923158838086, 44.147953912368436], "[80]": [2.892674133859273, Infinity, 1.1235517489960363, 22.503357175774646, 29.042092987328274, 9.094819292159844, 3.3476175061339672, 132.28930923742163, 6.832550993959005], "[100]": [1.1599467632212161, Infinity, 1.012642010813666, 20.763951471127765, 0.18947726893448832, 9.670558104772807, 0.12173157992376668, 5.65694375727665, 1.5102780536262705], "[120]": [4.0185370505160884, Infinity, 13.946482361403694, 5.718477262935026, 11.507902894211085, 2.5445749631854127, 11.425110943913301, 10.770609669072549, 11.277202352586164], "[140]": [39.922621098689795, Infinity, 55.54374000282291, 79.53029955819734, 53.40510385241826, 72.92161472141858, 53.540412062428715, 45.23320895016047, 45.579401738001835], "[160]": [130.26889988229067, Infinity, 548.3256159078908, 787.7803628537465, 486.7717283402676, 785.1143213332192, 515.4207732553505, 25.598025187719827, 30.088247140813518], "[180]": [35.1205306059332, Infinity, 2638.742055171585, 1445.3408896550561, 962.6504567473443, 4614.080869967888, 2429.5720589169623, 743.1942521664746, 745.3444440098876], "[200]": [298.6546528553621, Infinity, 683.2285187183224, 1382.8418710376984, 900.892312435208, 1519.6751671304153, 1002.4130454990857, 1275.4598179661573, 1433.7845938743346], "[220]": [214.01845848075575, Infinity, 2399.304569173912, 538.9963741166109, 2102.111279418528, 1742.679912894122, 39833.93220497938, 1089.6583026377596, 1071.1821482151413], "[240]": [151.75593784766738, Infinity, 1159.7653136950219, 938.4187724646071, 1276.88812366019, 979.2016833022191, 11926.589747550384, 132.49719037366592, 228.40253604636675], "[260]": [37.59899047377528, Infinity, 125.25399485500918, 600.8451794784344, 458.349890039877, 398.2287271022469, 3089.406070201265, 20.148851570382075, 15.663850064316962], "[280]": [26.96556886906642, Infinity, 11.549260706351664, 237.91553330804595, 167.17109199523773, 159.31550911417227, 934.5468580222832, 36.01692028518441, 36.762829167474855]}