{"[20]": [Infinity, Infinity, 0.0, Infinity, Infinity], "[40]": [Infinity, 7.929048418425703, 6.443561703750965, 2.484921667730505, Infinity], "[60]": [10.473937828353739, 18.950250430277197, 66.26367667657742, 98.18542481406385, 51.82039442777894], "[80]": [9.276101653860291, 27.041287989064834, 13.035582161976082, 122.32977068222186, 17.23485274966151], "[100]": [2.9655526019629628, Infinity, 3.3310031421416144, 113.92548410250875, 8.304345254663565], "[120]": [2.1314233921639336, Infinity, 9.260041090760023, 87.94142618010835, 4.667286595904089], "[140]": [9.388990440804715, 61.831904908537325, 101.91527464227275, 196.35858765375232, 29.254204443005186], "[160]": [25.40933559727176, Infinity, 1381.0057689626408, 1960.3662915745354, 239.68898213655112], "[180]": [349.98455340997475, 3.459332652650484e+19, 7093.5896650141085, 5620.209800411366, 4787896.928199049], "[200]": [3139.020754145408, Infinity, 423.358686324439, 12789.11137835148, 54085997.03826485], "[220]": [1564.4261604880232, Infinity, 4996.167429687732, 4326.169645456875, 18369300.57984762], "[240]": [156.06644457872068, Infinity, 1858.4571756411283, 910.8872265064845, 7462073.716056363], "[260]": [94.08992030199539, Infinity, 356.66194535613596, 70.39045352351762, 1847946.3196246647], "[280]": [76.5094054216536, Infinity, 40.17113070194904, 15.028764292725125, 37395.52605228009]}