{"[20]": [Infinity, Infinity, 2.142857142857143, 2.616792154704979, 2.3144115748091556], "[40]": [Infinity, 35.62529555924002, 39.0, 14.44903126460062, 53.78065045851349], "[60]": [48.097218553715436, 91.15058750800006, 280.7142857142857, 412.10159838526135, 21.386795453784487], "[80]": [19.98417753517333, 64.91180761105306, 301.57142857142856, 816.3965972116505, 27.504382123888718], "[100]": [13.32024023616782, 301.3286778783861, 384.42857142857133, 1294.0793609422506, 62.108912453534], "[120]": [12.884651540274717, 9.086733437370994e+23, 388.42857142857156, 1853.0866855732484, 255.06451090347127], "[140]": [552.1060241019677, 1340.388652052241, 4802.428571428572, 7482.571282131683, 1884.624086660121], "[160]": [31.397054454389945, 1.7874338845915273e+30, 1925.7142857142862, 6585.280636195281, 196764.4485846805], "[180]": [621.4175953554068, 1.5046290679801354e+17, 3222.2857142857147, 1502.9186471338448, 36025.8946406339], "[200]": [283.6978922136491, 1.0752892566908228e+51, 776.0, 46.52068820984198, 275.0862824073329], "[220]": [136.83020502162606, 6.048593434618713e+58, 195.28571428571428, 108.29660881688488, 3873.128211381688], "[240]": [45.13949212795221, 2.8733494726579536e+25, 68.57142857142858, 28.100177307784705, 22.833001897020395], "[260]": [26.617540003515586, 2.429057980929295e+74, 17.571428571428573, 0.6057223510930445, 11.030306488823488], "[280]": [30.699731341456715, 4.734337113551996e+54, 1.1428571428571428, 2714.8298117163486, 0.1979720150003601]}