{"[20]": [Infinity, 0.5478876864646284, 1.0, 0.9999991742219653, 0.9999863229047318, Infinity, 0.9999959716016313, Infinity, Infinity], "[40]": [0.6452509890230732, 952674065.0624169, 0.10119215460933581, 10.413427297526152, 13.844746196481466, 1.1082698712200636, 0.836955344360564, Infinity, 4.196667557030331], "[60]": [1.848215959588155, Infinity, 2.0415571265736285, 4.57634740198526, 4.4544715227926455, 3.726875713506105, 1.3233791003862694, 1.662152524629146, 0.5761702340848481], "[80]": [0.8027332911258699, Infinity, 2.628313899372147, 1.0829642325410045, 0.7581121600476982, 1.1800732725449945, 62235.44176745365, 1.2611384618149686, 1.5816728589009759], "[100]": [1.0474925953744503, Infinity, 2.0, 0.21911134245951977, 0.053053438084811035, 0.5621260817577197, 1540.8114889720214, 3.5123875070793025, 2.809348141263944], "[120]": [0.2895848272558165, Infinity, 0.0, 0.005994676205124792, 0.0050771150167850145, 0.05570810076596581, 267.62163513130724, 1.0543893891852465, 1.1131685290518811], "[140]": [0.24876111160029368, Infinity, 0.0, 0.0005077613499700926, 0.000485376549846798, 0.00941006356806882, 34.08718230080262, 1.1493104947954114, 1.2449887964734196], "[160]": [0.22071670948512975, Infinity, 0.0, 4.297961004037122e-05, 4.6601121683531005e-05, 0.0016162157029392004, 12.564187125409642, 0.7320187245950234, 0.7967399253158289], "[180]": [0.1996823653271286, Infinity, 0.0, 3.6365979015284867e-06, 4.462661683201711e-06, 0.00027752415576927104, 1.229188760260718, 0.5364281182201311, 0.5815559594454617], "[200]": [0.18422532152210253, Infinity, 0.0, 3.0761759751667884e-07, 4.2656573677402266e-07, 4.7622192201061835e-05, 0.28960385977962416, 0.4232812667177682, 0.45634642515048307], "[220]": [0.1718435697831523, Infinity, 0.0, 2.601588875811111e-08, 4.100836723353613e-08, 8.168154993941966e-06, 0.02616168997315762, 0.34956934768103387, 0.374798042860329], "[240]": [0.1616345559201914, Infinity, 0.0, 2.199869726858568e-09, 3.9344393043817636e-09, 1.4002040472066726e-06, 0.005029347882091702, 0.29774227472885423, 0.3176144206081704], "[260]": [0.1526074453126927, Infinity, 0.0, 1.859943735673485e-10, 3.7683931512344307e-10, 2.3999660875017294e-07, 0.001477600249059028, 0.2593137831632077, 0.27536801117386667], "[280]": [0.14508800906940192, Infinity, 0.0, 1.572379714572733e-11, 3.604427534815121e-11, 4.112287278872901e-08, 0.0001479903195462475, 0.229681975463976, 0.24292069076808834]}