{"[20]": [83.47429912466984, Infinity, 6.571428571428571, 3.699164455954888, 3.396887763473966], "[40]": [13.820404676635789, 48.96288528766392, 13.857142857142854, 15.582221159771777, 4.750920046777033], "[60]": [2.387546567362591, 12.83548621511072, 31.14285714285714, 6.1085806731927335, 1.9828528846313134], "[80]": [32.948865097859596, 386.3366844984545, 164.14285714285714, 40.61025590038264, 81.8262681950967], "[100]": [26.36214169053278, 177.52320436738603, 394.71428571428567, 18.533493065046287, 47.34089304786244], "[120]": [57.544044165589185, 495.70213167612974, 1123.4285714285713, 379.6080563657174, 102.09983723872801], "[140]": [127.12748597811787, 371.65703872605627, 1321.0, 738.8757541111809, 278.0104807286789], "[160]": [99.98916009432196, 100.54404812161101, 309.57142857142844, 900.6987529725675, 211.58565680679567], "[180]": [43.925909856212456, 81.29930699089982, 299.1428571428569, 244.76526797883344, 56.520719357793496], "[200]": [532.1354579186518, 511.257330934166, 54.714285714285325, 4580.567879352275, 69.50074278632292], "[220]": [622.7856189500453, 5.974447615035122e+27, 851.2857142857147, 14216.367902538983, 316.8662676394151], "[240]": [492.69742964608577, 1.260074692268424e+41, 1026.2857142857147, 11862.972188684014, 439.4663265092031], "[260]": [353.2121812616865, 2.385037502410368e+45, 878.5714285714284, 6091.961080348136, 374.3837312084179], "[280]": [84.22943392507159, 2.4317182591898178e+51, 425.8571428571429, 2629.2078647597245, 184.4249766613674]}