{"[20]": [0.8424105020931467, 1.0664136134907665, 0.0, 1.9599754260190627, 1.3547367933939447, 1.8379336618377224, 1.322575476579249, Infinity, 0.017717223146532457], "[40]": [22.163288166850876, 2586829.6875450313, 30.714285714285715, 18.42014358114598, 18.598353494754, 19.58075263724055, 19.511062566616765, 22.158118045069152, 33.131425543653506], "[60]": [18.912976354542764, 1538406399761072.0, 132.14285714285714, 89.3432491665678, 101.06855656171751, 34.07224080233169, 42.674827613306036, 44.65676342004366, 136.65562533088803], "[80]": [21.241765209197297, 3.40077629912588e+24, 117.71428571428572, 250.7795403875861, 67.00113794442314, 113.0884766745105, 57.984593364730756, 1449.4363482563867, 507.85523678699536], "[100]": [27.810616271235176, 2.414254885475781e+32, 156.57142857142856, 402.29711200429915, 92.15538986019419, 217.61415576876186, 50.287877860073195, 106.3031912576555, 79.22840392456908], "[120]": [72.2202639092518, 7.576325486168787e+35, 287.71428571428567, 657.980875582884, 209.58786667535196, 387.6406349870314, 149.63359693596658, 50.76409988169121, 56.456496142071046], "[140]": [38.62325976107968, 4.537767621226321e+50, 2769.1428571428573, 2122.284248245161, 1740.405641547442, 2497.3064826482396, 1398.193855949823, 1084.7608792311803, 961.1184392487103], "[160]": [104.59474603617764, 1.9472354461076123e+59, 1676.7142857142853, 2446.6381490213244, 2459.487453626758, 2372.3223534701638, 2552.829257289801, 941.7806603861482, 1013.3959189211046], "[180]": [203.13019073348778, 2.8311610852975855e+67, 1472.5714285714284, 889.5417669502681, 943.6199346252793, 908.5915148008162, 1151.7435205089587, 768.312387454444, 602.3205897797598], "[200]": [103.56043223117581, 1.9258664884755883e+77, 314.8571428571429, 252.39795640970488, 293.78845485995635, 263.1845320239223, 385.3852574726442, 110.85731715228314, 93.39086708000332], "[220]": [134.97936542560478, 1.6198306258292654e+85, 72.71428571428572, 56.985689353006364, 68.63367877747697, 61.65807202534242, 97.69287006269874, 115.19191137847213, 124.16499839197343], "[240]": [89.62396790143498, 9.5085081810186e+93, 29.285714285714285, 16.73409047315073, 20.582707493370165, 18.61929020551832, 31.13321045564299, 19.36564901668467, 19.55240463538992], "[260]": [84.31957763331297, 3.8746981460246653e+102, 3.7142857142857135, 4.909662543573475, 6.140841535791214, 5.597674137977011, 9.785343672316657, 36.49460993449908, 38.82215600791119], "[280]": [74.26428386304246, 1.5387735893052318e+111, 1.2857142857142856, 1.4203770892868368, 1.6131277681761071, 1.6558981641721346, 2.550400828335606, 39.08930468818181, 40.87226186060657]}