{"[20]": [1.0, Infinity, 1.0, Infinity, Infinity], "[40]": [0.35742093143413284, 19.210162011861186, 13.70610448616745, 13.497840781491892, 39.063829439878795], "[60]": [10.427302505194524, 9.09576760049307, 13.958218731776597, 13.714721816297812, 196.9322316804028], "[80]": [2.7078188039978897, 3.6256304225698934, 0.44266943983307094, 0.5725414393849191, 302.4745233342174], "[100]": [2.321090245110375, 782641.5760129716, 1.071017021582825, 6.827303790577257, 294.5606544021342], "[120]": [10.013178199847001, 643.7255146970431, 15.290930335630474, 8.653640102669145, 329.99040113374787], "[140]": [3.0647548593966083, 51.85233627361777, 36.44595444456221, 25.28493409364773, 856.7680078560071], "[160]": [34.14277334142685, 37.63619019971362, 10.808605554289867, 3.5683234624892055, 1641.84713956735], "[180]": [10.727607757782991, Infinity, 69.29922972563071, 34.88252298596342, 9569.4414609357], "[200]": [17.607235045957747, Infinity, 167.40151979671418, Infinity, Infinity], "[220]": [79.88679434715561, Infinity, 539.8437406826253, Infinity, Infinity], "[240]": [63.028313462914745, Infinity, 1263.7187500675698, Infinity, Infinity], "[260]": [104.7403823379505, Infinity, 2070.913074299643, Infinity, Infinity], "[280]": [216.83932179043128, Infinity, 1878.870310275897, Infinity, Infinity]}