{"[20]": [62.26192553778827, 42.4909615495846, 72.0, 21.649911607813763, 0.9042118476813812, 10.506945081811779, 11.448364717680946, 29.025888060128928, 28.636854157650824], "[40]": [649.7226612584748, 433.59449915132586, 905.8571428571429, 961.0939104948004, 805.7745413184153, 7.772105377145863, 48.16852428755328, 383040434106.4457, 175.18513695798538], "[60]": [4617.99839639081, 1.687066726076653e+18, 8082.285714285714, 8293.923306395895, 6766.690520606581, 7202.684158055397, 3019.1405545577245, 13720.503689097583, 868.9640680080483], "[80]": [10107.32138594536, 3.729403789879908e+27, 38253.0, 20496.720893031063, 4221.048922375943, 11886.996419778625, 2911.442172672483, 19686.80572258096, 13776.060225132453], "[100]": [15930.949365646811, 2.647552091869952e+35, 4324.142857142855, 38274.65386179836, 7441.5662052043335, 5710.537695677354, 1475.5796997052457, 243043.969736723, 167318.1370239037], "[120]": [2405.994592278783, 8.308450134770628e+38, 30437.0, Infinity, 12329.112183079485, 4263.423537358736, 5277.083330178655, 730.1340396314372, 29619.73387458603, 16289.387921294168], "[140]": [2209.1965507148198, 4.976266294395922e+53, 9643.714285714286, 2780.209681496787, 617.8835333006282, 489.6422439296193, 371.5749606557838, 8288.61272977202, 2568.6438386711034], "[160]": [772.939256675927, 2.135402919236706e+62, 2257.4285714285716, Infinity, 814.9310369156317, 31.431242087403916, 55.969998782516655, 270.7806896963025, 465.9162049834034, 285.48218816005783], "[180]": [342.0307938277565, 3.104745092395459e+70, 589.4285714285714, Infinity, 260.4203877830996, 43.70845431811341, 85.44710267773846, 116.20080187510777, 1029.0921329639127, 999.6517674741158], "[200]": [481.36866293326966, 2.1119689227880706e+80, 175.0, 91.23128438442335, 23.358645538836043, 51.62536951236271, 47.46288941093274, 1416.1491686977608, 1486.3082023854959], "[220]": [611.9960456014996, 1.776360035683665e+88, 52.71428571428571, Infinity, 35.31052233926604, 14.176252413106365, 26.431974782412418, 21.878201188502448, 1317.120741257832, 1323.914066025955], "[240]": [655.9557552391543, 1.0427345148083256e+97, 17.857142857142854, Infinity, 21.717514228250618, 9.338469335118415, 19.737350011499082, 13.91687170190811, 1327.4717046224916, 1294.302110550659], "[260]": [624.0008176296942, 4.2491225503989994e+105, 2.571428571428573, Infinity, 15.735733820525724, 10.954159217073347, 15.295244170685534, 12.72760598154658, 1010.8714967313485, 1012.8154766567736], "[280]": [579.5713927666056, 1.6874702090631743e+114, 7.571428571428573, Infinity, 7.66317625087294, 2.600787925523724, 7.5653297394979475, 4.480771367833385, 975.1276986239965, 977.0656037896495]}