{"[20]": [Infinity, Infinity, 9.0, 3.5445671836774064, 9.65735292170729], "[40]": [Infinity, 22.12409986884053, 67.85714285714286, 16.329656061185787, 89.9890858361422], "[60]": [95.2828084245026, 58.304484464429606, 272.85714285714283, 459.3849034346084, 170.88946253353225], "[80]": [15.741318905930711, 35.22732722424189, 299.28571428571433, 851.585605456698, 76.53312886085382], "[100]": [23.7198556531514, 340.42010561785423, 426.8571428571429, 1344.6268386708853, 93.44411424074406], "[120]": [74.3363668918746, 3.013740015083462e+23, 455.14285714285734, 1936.9430375177985, 122.90545775745386], "[140]": [1628.0518706410912, 636.845600766057, 5544.714285714285, 5629.406996487051, 852881.6922367957], "[160]": [575.4184560456433, 4.463276418931589e+19, 3510.142857142857, 5357.691306442295, 210201.9992202511], "[180]": [555.6461483228245, 2.6061180730096752e+23, 2612.7142857142853, 1244.1861361210817, 751.8308716765537], "[200]": [521.2702655410044, 4.511567207855312e+39, 578.0, 335.9271347037559, 231.75758299575125], "[220]": [290.3625678229011, 1.60738265276656e+64, 133.71428571428572, 110.6315019040731, 101.22226086059862], "[240]": [101.92040312287713, 4.085139716889437e+38, 43.85714285714286, 34.59360745361472, 62553.02780180973], "[260]": [73.42019893205527, 2.6852433826416007e+73, 18.142857142857142, 4.454979026555245, 0.7857845087103854], "[280]": [52.85485530320318, 3.054213171857062e+67, 2.0, 1.695288538806273, 6126.968257682569]}