{"[20]": [Infinity, 0.00038431969908012077, 0.0, 8.756466713984944e-07, 7.900128624105816e-06, Infinity, 2.5035488720457547e-06, Infinity, Infinity], "[40]": [4.955323051353947, 78633.69994901621, 7.243048706913262, 3.236401566386148, 5.415131779853369, 2.676905734557139, 4.607125573834973, Infinity, 8.728971812136907], "[60]": [1.0959418515488246, Infinity, 1.4728827330497574, 9.086071158584698, 8.527753077987413, 1.4551011473321531, 3.447586151424361, 104.57588742672145, 4.440651941133793], "[80]": [1.2515578114642436, Infinity, 0.3373985294414324, 14.262730360057006, 16.785723436197316, 6.419148648707657, 1.3139122383087871, 44.17364952159917, 32.28930284210087], "[100]": [2.5026406769797718, Infinity, 4.488746231763719, 20.406164701489363, 25.170477871146556, 11.819597081557237, 4.307059138081596, 3.5888387749943025, 4.854622085027233], "[120]": [21.43453614256488, Infinity, 26.077095309374574, 47.480264071006744, 40.17223039459159, 29.29869337399077, 23.72805489281086, 15.414389221095009, 16.21797464201983], "[140]": [19.08705375327059, Infinity, 31.95375333474695, 21.775671668459314, 33.44496665971161, 8.941107608676237, 14.634512198339527, 22.017722869093408, 22.510445007138802], "[160]": [12.472715625149133, Infinity, 28.591374730517895, 40.70180022391122, 21.315851424089768, 19.21123995281103, 60.62032845265859, 33.12733495610639, 34.04138213099299], "[180]": [40.451664258956825, Infinity, 64.28852223658127, 119.52878308318523, 38.603779929370056, 39.55411494152332, 67230.41038570464, 2.6080203398578248, 4.02796311120482], "[200]": [150.40047498708577, Infinity, 181.0922627697534, 279.0696898462794, 123.17121889822799, 125.68797353924325, 97.31243190649018, 76.80265644278934, 82.39968842543472], "[220]": [58.716733736675835, Infinity, 520.6108790649544, 337.1899923384355, 178.16576290045757, 216.7526493955204, 239.75618006807173, 89.92821003631707, 84.20339264681067], "[240]": [Infinity, Infinity, 882.6270964120772, 508.1455396852075, 112.22300666855635, 152.99082232293287, 1776.7855333828477, 237.39616828725988, 234.19509929920494], "[260]": [331.9989961112713, Infinity, 166.25357778608975, 490.12040751947984, 639.837515259974, 1256.2140360521273, 721354.2101261435, 99.18160364725313, 73.79283986926292], "[280]": [133.54497180711513, Infinity, 1015.8711669321286, 234.58275406256854, 983.0049106565, 6525.665814608399, 16644.544946833725, 271.8427094739978, 266.115643445957]}