{"[20]": [22.982977326427303, 27.3788813143802, 22.428571428571427, 24.790347849922824, 17.645588504835438, 9.037879511788974, 2.2723121544704377, Infinity, 21.994368924728604], "[40]": [88.87497459806578, 64.15596047108082, 58.285714285714285, 164.3453515707394, 84.46228004286868, 78.04398500175265, 85.01725465057874, 5952.395010665664, 380.83017117456075], "[60]": [36.307960678091774, 1.687067485695931e+18, 57.71428571428571, 133.7094549739405, 52.68016464732101, 89.37474570489374, 13.298625737656891, 363.6680156432658, 50.28707039258538], "[80]": [179.555591826352, 3.729403789879908e+27, 203.42857142857142, 331.83630055553704, 178.34646344994135, 203.28064819422883, 165.41562923932415, 59.38769384797388, 17.968950398229936], "[100]": [491.1909838465316, 2.647552091869952e+35, 543.1428571428571, 749.8577876874294, 470.92606135837605, 567.7934531753335, 174.3660413447568, 267.59270285765854, 251.63095790633736], "[120]": [350.59693662109476, 8.308450134770628e+38, 1258.0, 1482.1044651998861, 935.0563814877466, 1184.8822555344661, 72.17385403526032, 117.62701323020383, 146.9179591806651], "[140]": [426.5817608710868, 4.976266294395922e+53, 2271.5714285714284, 2440.3361207734283, 1465.8337717273885, 2018.0295261374104, 152.41720493270623, 508.04393765832356, 477.2592791299803], "[160]": [669.1757625991277, 2.135402919236706e+62, 2315.142857142857, 2951.216230693657, 1309.3544152369132, 2133.494998422184, 571.9104134752533, 2997.786642048418, 3014.533540096685], "[180]": [3352.5381246250145, 3.104745092395459e+70, 4000.0, 5863.60411861674, 3019.754025070779, 4495.689054709986, 2222.958621969283, 1485.6731657016226, 1208.5607777016776], "[200]": [705.1131088614966, 2.1119689227880706e+80, 8490.142857142857, 16433.23661484429, 6509.619239223268, 10284.985034051355, 4177.036146900977, 2580.4571176094178, 2493.7453160690784], "[220]": [2823.7156087445765, 1.776360035683665e+88, 2976.7142857142862, Infinity, 22533.94411969263, 655.7133004590105, 4443.856209944486, 2099.7364635763006, 5346.850288973266, 4996.023205795245], "[240]": [1321.9380311618006, 1.0427345148083256e+97, 6298.0, Infinity, 16761.206707611862, 6831.400668484239, 4804.457092605404, 9566.424992016458, 5358.095526785342, 5599.761779340894], "[260]": [779.8293322445224, 4.2491225503989994e+105, 8014.5714285714275, Infinity, 8341.92542586138, 3460.071660110838, 1309.0510379531916, 2850.109664585638, 136.24697943065257, 33.9417635921327], "[280]": [202.2053540677598, 1.6874702090631743e+114, 4785.714285714286, Infinity, 3199.563088353983, 1808.805924227242, 1283.3532595937386, 1559.4133500021344, 244.6918280954569, 185.73138153056152]}