{"[20]": [7.99889681013541, 43.88107285594636, 8.142857142857142, 156.36769644637684, 155.86048460695233, 8.134290793394285, 5.928558372785365, Infinity, 28.73712426292699], "[40]": [184.88905457192277, 1600964305.6233377, 251.42857142857142, 79.75628855112393, 80.69283257455817, 99.13832172731031, 98.91184783475074, 145.91004170104844, 188.73512387201077], "[60]": [3402.1767266400784, 1.6870673011405207e+18, 4859.0, 1774.4613305002467, 652.8031367543481, 496.09526388309314, 564.8528091379831, 83496.68059092885, 3044.755616024635], "[80]": [4847.3454218736715, 3.729403789879908e+27, 753.8571428571431, 1237.3575628328108, 2950.900736701813, 1126.628608266079, 691.812675679399, 214807.97021757724, 78900.89670327336], "[100]": [948.9923469725909, 2.647552091869952e+35, 4789.571428571428, 48.27110744415472, 8.612678497084971, 122.28061075130131, 258.7766737231723, 9931.110094099091, 43825.65859833904], "[120]": [704.5550233903086, 8.308450134770628e+38, 965.8571428571429, 177.37247042852212, 174.3898497168333, 158.7930438792185, 120.21547092338272, 1096.2105299771924, 432.2668377592007], "[140]": [661.9245718403663, 4.976266294395922e+53, 217.85714285714283, 95.90158449238015, 90.52725554937223, 88.18649977365848, 82.2882189009373, 971.2824696584212, 929.5520581699916], "[160]": [218.97432660390814, 2.135402919236706e+62, 64.42857142857143, 41.703230415973096, 39.65585778012091, 40.257595889825964, 41.55125472823435, 500.0577007067126, 541.6763467997532], "[180]": [236.5463371937617, 3.104745092395459e+70, 34.857142857142854, 7.562857680547975, 6.5980206649068975, 7.334731146944604, 9.433438257999985, 523.743853778248, 561.552072469528], "[200]": [192.0488428812696, 2.1119689227880706e+80, 5.857142857142858, 4.155702639825423, 3.906701902538531, 4.12170921677712, 4.74146452769528, 393.02530867001246, 415.25575960902034], "[220]": [197.75640008847563, 1.776360035683665e+88, 0.4285714285714288, 3.625631869491378, 3.511828861029198, 3.62072569855205, 3.9572750943483417, 374.2484169817657, 382.4874616463325], "[240]": [143.73148379197528, 1.0427345148083256e+97, 3.4285714285714284, 0.22311152774643603, 0.29150112117549254, 0.22380431479306495, 0.007113665574706424, 282.4547829492397, 291.2974714018724], "[260]": [140.31964753544867, 4.2491225503989994e+105, 0.0, 3.9269719709855534e-05, 3.620808826159386e-05, 0.00013554330219325576, 0.0011567118324677136, 265.83350775853063, 272.08832443508965], "[280]": [123.57972612240064, 1.6874702090631743e+114, 0.0, 4.422118873620809e-06, 4.061530842792559e-06, 1.7639650101135076e-05, 0.00019068571845629487, 230.05757470391887, 234.6014541126445]}