{"[20]": [2.0, 1.9998732810558355, 2.0, 1.9999989164443392, 1.9999886477992106, 2.0, 1.9999999965863111, Infinity, 2.0], "[40]": [16.947170759123757, 3079978.955816846, 16.0, 2.966869764019595, 4.836919310809151, 18.027262943109005, 17.60801635496674, 10.015624999999922, 20.575631038117677], "[60]": [66.00808487965122, 1538406404639239.8, 277.7142857142857, 42.815752006750756, 54.81818450951931, 69.65913553071914, 71.78366857234488, 21.344854698886138, 119.92136264812052], "[80]": [933.7238753776028, 3.40077629912588e+24, 3483.714285714286, 1222.039626277001, 818.3184503120301, 468.77629517011974, 1783.2404942472695, 972.8359783021788, 994.239412440651], "[100]": [1469.2399701688337, 2.414254885475781e+32, 3500.142857142857, 2096.6117565490968, 2945.2125446777936, 1289.119512997866, 1197.2694124527989, 7449.218738472702, 6917.486507290274], "[120]": [771.0486731115725, 7.576325486168787e+35, 5709.857142857143, 1268.915387707625, 1220.0078163529397, 1479.247927141333, 1478.037043158105, 5088.4074728603955, 2230.357004514255], "[140]": [238.97746449449778, 4.537767621226321e+50, 1530.4285714285716, 339.03360804592876, 323.5580713885338, 354.8994626493334, 443.80403926726126, 814.9826495483628, 490.67164831413606], "[160]": [225.50728594612292, 1.9472354461076123e+59, 216.14285714285717, 82.49552529909758, 86.30427972957992, 84.12928897397603, 127.60869305598118, 90.55548063960441, 155.99154673286256], "[180]": [72.12966826579213, 2.8311610852975855e+67, 24.0, 14.838572960397698, 16.22378132232697, 15.156008453777918, 26.297768078596718, 194.5488362665119, 195.713806116257], "[200]": [54.17896144271026, 1.9258664884755883e+77, 3.142857142857143, 3.0250585696228605, 3.3707438441949655, 3.0889747953937245, 5.533058542780997, 115.36125019317394, 117.61622987614513], "[220]": [46.6683218968501, 1.6198306258292654e+85, 0.0, 0.36872786646666345, 0.4503929268915811, 0.3809147927339305, 0.8904130262211111, 94.83691443619496, 94.6775375986395], "[240]": [40.684574341207735, 9.5085081810186e+93, 0.0, 0.05611454910648185, 0.0677684102841007, 0.05834127007306553, 0.14533370994851055, 77.00950913860373, 77.10959548979781], "[260]": [36.389883985530105, 3.8746981460246653e+102, 0.0, 0.008539658558681329, 0.010196666945789374, 0.008936223285016677, 0.023719274270286538, 65.65888560263824, 65.735202989919], "[280]": [32.97003028873746, 1.5387735893052318e+111, 0.0, 0.0012995855128122278, 0.0015342202624456262, 0.001368739827273024, 0.003871288594657606, 57.22432029373307, 57.28361446091543]}