{"[20]": [7.293958803864639, 23.37801871673304, 6.871510526222097, 31.76252456917018, 18.017497596820967, 27.664968043194325, 144.4502140710595, Infinity, 5.079577245081765], "[40]": [173.8922266992304, 16281049239.15364, 275.3035234191091, 315.29237373722214, 255.6154797845811, 565.1665100051649, 20624.067177699493, 648.1788314444268, 969.8109816662383], "[60]": [4757.081984005913, Infinity, 6218.499168978781, 5807.257040397542, 1155.1757596619252, 1065.226319448439, 2508.01599458582, 16254.165619924303, 1672.144714386912], "[80]": [2565.00473347207, Infinity, 30224.421886804837, 10475.411081345472, 1647.649071716118, 2839.158203451476, 22055.538556596566, 628180.1175986647, 75935.66294045518], "[100]": [676.4739814878697, Infinity, 20875.796878010664, 6172.2200389667605, 8287.836435046618, 7493.3119871452745, 5253.050235666924, 678917.0400760659, 331907.47361390997], "[120]": [4725.8203568485915, Infinity, 11496.523390875222, 1298.6856663139365, 494.7835454520636, 266.0007219523317, 287.57360695232467, 21715.938800506672, 27870.964661157694], "[140]": [536.2874375568854, Infinity, 2313.658432689968, 654.6482657788212, 273.0053808839877, 359.12343419805865, 216.61059274119955, 3306.7189291311925, 3026.6127120404276], "[160]": [252.7580301718887, Infinity, 611.679538877826, 157.37557930827336, 71.65992850665387, 105.00612854942212, 83.8921692871969, 183.04200260705565, 81.1116319576649], "[180]": [277.5627640950443, Infinity, 112.75318666069516, 52.70464896783827, 34.68093182522227, 44.271022110726, 42.15161868369079, 1440.7745979968809, 1596.9473808222288], "[200]": [358.0950249036299, Infinity, 28.681525353105712, 9.878963592979288, 6.089714681395193, 8.5736132005247, 8.627009282625123, 1560.6193021616614, 1602.4342976015705], "[220]": [334.95894460223394, Infinity, 7.326610583174827, 0.5029250096637253, 0.11156651853367677, 0.30521132970259623, 0.2906686276273215, 1294.0349021577579, 1337.7044538091989], "[240]": [341.8633183137896, Infinity, 1.0, 0.0787778722207476, 0.1824607564527828, 0.10886706395593575, 0.09213180804520663, 1077.9669237323628, 1101.4336769525282], "[260]": [323.9711829459877, Infinity, 0.0, 0.0005270447851258301, 0.000771434509703894, 0.004925745153978958, 0.01471322205765213, 931.6588824910511, 948.2196412030372], "[280]": [303.26939667613254, Infinity, 0.0, 6.136533264631797e-05, 9.029400116731824e-05, 0.0007008689165196534, 0.002408695138476301, 809.7273070031632, 823.3830321503614]}