{"[20]": [Infinity, 0.5478876864646284, 1.0, 0.9999991742219653, 0.9999863229047318, Infinity, 0.9999959716016313, Infinity, Infinity], "[40]": [13.056112273233559, 11780800527.302702, 13.568292560989393, 2.6649482129185067, 3.028597907626478, 14.5263801026701, 7.1126320693992975, Infinity, 3.4036148270456095], "[60]": [58.75508815025836, Infinity, 100.31438468251376, 107.25847820807607, 107.3683481324415, 68.0003574218738, 44.55714544598292, 41.956752949742665, 27.75197075543892], "[80]": [739.9325689347655, Infinity, 1256.2423522893678, 471.7374189698848, Infinity, 1481.3720362435577, Infinity, 1449.3194908105036, Infinity, 956.8600115204467, 165.9260649750622, 11.17900524815522], "[100]": [8610.84924398989, Infinity, 9544.796460928132, 4328.200533310719, 3513.3631679152554, Infinity, 11884.183482687236, Infinity, 8838.94505854484, 4262.162686270844, 4197.227478879213], "[120]": [6646.38465931609, Infinity, 7873.099841256538, 4004.882709100988, 8005.201600565717, 5247.416052366901, 4977.003676216543, 56149.92532886107, 56357.561451696914], "[140]": [2194.9651292872227, Infinity, 11988.026904518909, 897.5245703627423, 4877.674559957311, 3903.4322092512953, 14933.119650319511, 94056.95675481076, 12057.11809873436], "[160]": [2062.167746842511, Infinity, 5167.4375336888925, 164.23691800362076, 1224.416028380986, 1135.494703352403, 930.2292420430496, 21051.774506879003, 21059.609428905416], "[180]": [623.2951032404769, Infinity, 1118.247036984573, 72.99504735780349, 292.4753431638283, 328.3628333013658, 299.3720301650348, 2548.2837098964173, 2668.993741519504], "[200]": [96.40090720359329, Infinity, 221.50671828810127, 37.469992517120374, 80.20664829841019, 104.06620232247391, 79.09947528383472, 328.4623725780977, 375.5653223712816], "[220]": [144.85823789911578, Infinity, 31.911753003826146, 10.00797830604496, 17.435504030690478, 26.165487369933405, 19.907820466297355, 378.1740243506892, 384.41951413678265], "[240]": [219.36021403917925, Infinity, 2.155154104021747, 3.333777337217427, 4.31048318230103, 7.216997297583584, 5.5694557691364786, 439.0929062719305, 438.10379318882184], "[260]": [135.1512069394359, Infinity, 0.0, 0.6639448226641194, 0.8198922938957477, 1.5888142319617946, 1.2939122179629803, 385.67191203612254, 382.08601633795433], "[280]": [139.13236617904718, Infinity, 0.0, 0.1382568175902696, 0.16886348960103975, 0.3569685109595227, 0.30040344997127416, 321.79612560886835, 318.4917167086112]}