{"[20]": [Infinity, Infinity, 5.665924170819432, 2.314373671160396, 17.537936241496908, 4.343191011501091, 304.70955097850367, Infinity, 3.3826915535038293], "[40]": [17.072699118143927, 16214468.72299705, 23.193478467951888, 1.5251041706645503, 27.176864851442755, 11.199561565303407, 74676.91925875744, 173201.45552588583, 8.766502879319525], "[60]": [102.34201815544807, Infinity, 201.9739928390239, 214.09681240840231, 221.38887199183006, 97.20526581186542, 1766265.3467307072, 78.54783764181164, 17.154520760932353], "[80]": [309.38012339665147, Infinity, 1344.018357314481, 936.3105510084347, 110.68697977485196, 115.10100468899307, 235.98669487583518, 113.78022132225442, 117.22811725416501], "[100]": [446.5264062337554, Infinity, 3301.6845541908483, 836.4456040188363, 46.83287795992411, 34.10613499945428, 634.1221150322579, 51.755147402791664, 32.989634810061645], "[120]": [73.38355351625103, Infinity, 1915.961264786043, 242.26725287369288, 848.2350615056228, 1373.0555447762194, 217.78025181084777, 3259.1301094590763, 2094.0968590409343], "[140]": [338.40742287528354, Infinity, 2174.941500268766, 20.273449725377723, 310.45780469814474, 364.2393252062639, 189.88733008001833, 881.4149328319385, 832.5443850194308], "[160]": [98.98739558459029, Infinity, 591.0772756392676, 20.65241382247095, 47.88249903676943, 66.44591260345528, 18.78057537568479, 101.55306551182382, 143.92187312031552], "[180]": [65.06135457483757, Infinity, 95.26437460262363, 29.903961352654914, 13.68247720145482, 0.7747097019918582, 21.779031114735066, 163.2787708994357, 159.9249643861864], "[200]": [40.39548116329278, Infinity, 33.103404305752264, 17.082093499448657, 8.162610108137427, 8.4735880768732, 11.104056519497318, 61.647928218392224, 61.01048423883335], "[220]": [43.91181750654938, Infinity, 7.0337857915431465, 3.4713918550092946, 1.4026703812672765, 1.3165343226449233, 2.0750727922497485, 59.47210279284413, 60.939293875227165], "[240]": [39.4189345461304, Infinity, 5.214761754599944, 1.410219618745649, 2.4935003616066225, 1.8825868881804018, 2.230793171872423, 59.89245484095704, 61.067560247624215], "[260]": [16.941512334838205, Infinity, 2.0, 0.655940686691852, 0.980128673933484, 0.7663610855320193, 0.9066884329849995, 30.874627695226057, 32.36800966903764], "[280]": [13.658831988246796, Infinity, 1.1999075531073593, 1.6892835577625, 1.5189008610026058, 1.6623401930800896, 1.5539524496484365, 29.331193465214294, 30.366459929986764]}