{"[20]": [1.1905688506450574, Infinity, 4.428571428571429, 1.4552375222863443, 1.3731551359061092], "[40]": [8.54347786455019, 24.93671807496329, 13.571428571428573, 7.649576365016607, 11.636568102700444], "[60]": [12.158355513894051, 6.6281525484826105, 3.857142857142854, 0.6341054596515505, 9.724858665229704], "[80]": [13.04523473146729, 15.701523517049282, 25.714285714285715, 7.431101462949442, 12.411964200198526], "[100]": [2.356122048247073, 61.37324383495711, 36.28571428571429, 21.674274372211727, 11.568463298859513], "[120]": [18.543709928054113, 225.1765820212264, 118.0, 10.343559557126412, 39.73948521329555], "[140]": [20.24534711095623, 94.97060167423433, 221.14285714285717, 104.10090307383655, 57.97094381321847], "[160]": [63.006295621083154, 231.45124909966194, 284.0, 168.46898621776063, 5.1101564490986675], "[180]": [13.701440680748874, 1.0940655936634615e+18, 359.8571428571429, 37.7117698533566, 26.5011801033927], "[200]": [142.53918433832996, 9.142534423326506e+16, 1399.8571428571427, 82.59755425824005, 362.06927665655394], "[220]": [55.62690438198479, 2.219575795353818e+18, 3057.4285714285716, 1564.6862938694503, 672.4998290503481], "[240]": [355.4956989602488, 9.676431651193115e+18, 1770.7142857142862, 3859.2263495535735, 422.5004026813094], "[260]": [339.47331005637534, 1.1608109403682569e+56, 2118.0, 708.6680874701724, 1129.3858373890544], "[280]": [576.1060513480061, 5.12212898728983e+44, 3077.5714285714284, 141.02735538630168, 1057.0663365168193]}