{"[20]": [Infinity, Infinity, 6.131717460635997, 0.33789022397505036, 69.91695105146584], "[40]": [Infinity, 303.0266827384941, 38.92688317401324, 25.729354294590657, 844.9376308203798], "[60]": [30.35479457486521, 253.53208322298562, 89.57610559256055, 239.3995767459242, 81.34546459964884], "[80]": [3.9157379892261646, 76.80465831439844, 1.9286758563284632, 258.3260690270634, 16.574876942298474], "[100]": [3.442082974755365, 8.83375300936798, 3.8711694895020705, 261.75684808454844, 15.872156740963387], "[120]": [4.462897915477873, Infinity, 2.9992728012368586, 244.86868477719548, 15.297763043719277], "[140]": [137.3120381082081, 1602.8014830995278, 1720.083848948031, 2326.494112823077, 382.32555716213733], "[160]": [1163.0567795476295, 11690.797790798215, 10128.751269568509, 6267.974097952906, 209129934.49882773], "[180]": [2765.8905933105066, 13729.83928228041, 5469.6445083607705, 12311.342660011213, 31200601.770691685], "[200]": [59.47461229400733, Infinity, 5287.729181989748, 2110.0442492100697, 24169989.27124968], "[220]": [156.66388395595658, Infinity, 943.0603544212054, 373.284338567565, 16963325.019965064], "[240]": [59.77828939090487, Infinity, 184.82802150608745, 47.116323233882156, 30450.73433964038], "[260]": [53.399491078302965, Infinity, 22.97953931907107, 5.3970890505344515, 9894836.464899313], "[280]": [174.89289231447907, Infinity, 0.22209857630200672, 4.714017008866645, 28339213.75952035]}