{"[20]": [Infinity, Infinity, 7.428571428571429, 7.742766953371227, 8.266182693504783], "[40]": [Infinity, 27.92391728093689, 48.285714285714285, 19.715882787083657, 68.81341738013302], "[60]": [162.6952218021549, 75.57024090305413, 149.42857142857142, 290.06505365413426, 95.4551972106467], "[80]": [43.29080557360902, 87.37045214598766, 3.428571428571445, 302.72052436319456, 36.132313500934], "[100]": [42.848664245120005, 3.2512411243665072e+19, 40.14285714285717, 280.3571849655463, 36.50832747986698], "[120]": [10.367850209158348, 5.064285544126107e+28, 4.285714285714278, 311.6711375842196, 14.222417491319334], "[140]": [49.77939112902186, 1317.6497942664664, 2070.0, 871.6048633554929, 820.0224170893507], "[160]": [201.2330989083821, 8609.30296778744, 7286.0, 12367.77947619306, 1173.5605814076225], "[180]": [1157.300398408468, 4.972982037193037e+28, 5572.285714285714, 6418.903761241852, 81839.68732610272], "[200]": [140.88017186565594, 1.1768706604040605e+37, 3349.142857142857, 871.5155884421115, 243124.76043467436], "[220]": [110.91607174818387, 2.724599356746097e+64, 508.0, 204.35921440467192, 2925.0743716493403], "[240]": [6.588869363193595, 6.177750686015257e+26, 110.57142857142858, 13.849620572921822, 63.0601425275986], "[260]": [14.441074988790994, 5.599640999441208e+78, 14.142857142857142, 1.610390629433493, 6.006405685211124], "[280]": [177.6103423905122, 2.5720620305448676e+70, 1.0, 4.153678834847893, 383.38042556821]}