{"[20]": [3.0, Infinity, 3.0, Infinity, Infinity], "[40]": [4.181584280892012, 5.772736295283806, 27.23773990403467, 3.7359545777306282, 1169.3835458311314], "[60]": [151.82620953382425, 289.3377732493086, 364.273203871587, 86.06893927857006, 6268.349713199989], "[80]": [1113.5099113220383, 283.4440495015037, 6162.062432560948, 3387.5592608376337, 87457.70362648586], "[100]": [6855.557248431879, 60985.217831656104, 24155.449064539458, 39078.55558199216, 4932.267332081489], "[120]": [11281.116525720936, 22044.769379353045, 19090.670063072856, 296845.3518818828, 18378.77186309396], "[140]": [1192.0483611254062, 7540612.156742615, 8237.618533327415, 484589.9874526441, 3719.3787917113045], "[160]": [1083.8278840194876, Infinity, 1644.1666812047908, 12262218.976032361, 582.8468866738533], "[180]": [825.9864690065581, Infinity, 288.881343983112, 17688599.004883558, 84.147526187423], "[200]": [412.74676534296947, Infinity, 70.0658507699928, 17538732.70260154, 27.45939890956087], "[220]": [291.25202717430454, Infinity, 3.8891739667740275, 16504662.958761666, 0.9735844917543526], "[240]": [257.8399553345381, Infinity, 0.9791889308405828, 0.37877702464029045, 0.8728362057881993], "[260]": [257.30416545639395, Infinity, 0.0, Infinity, Infinity], "[280]": [290.8330700294803, Infinity, 0.0, Infinity, Infinity]}