{"[20]": [15.891790768324896, 3.9689282020381835, 16.664445114035594, 49.22998058224254, 37.48363800849878, 282.2018867890261, 346.052014385541, 5.159281936665766, 3.9520995261489547], "[40]": [123.18191784902356, 90.57791613716022, 177.6990316255057, 2.9429015484583765, 198.65795074656694, 5.089159656781404, Infinity, 670678.1637141759, 129.06970573063438, 1.790444791776006], "[60]": [19.589278747926876, Infinity, 376.16220559720665, 459.97430838843644, 448.5238683831002, 893.1559314702099, 872.3436890496952, 10526969.23336111, 1222.5375794943109], "[80]": [21.16053443938685, Infinity, 126.27491996529886, 679.2689168360271, 48.18755139631088, 129.23791019498208, 38.890102210441626, 11268.676542310744, 1987.1514551772261], "[100]": [44.006084731902966, Infinity, 73.53225172873121, 807.9778606734224, 53.954123779660684, 134.12555875928544, 19.701862763378045, 183.39832698836722, 269.41856674083925], "[120]": [171.74361915240632, Infinity, 370.3379429853238, 1215.0398252644832, 344.038846925811, 478.8490900579396, 322.0121290474623, 73.62262411493072, 138.3307302295443], "[140]": [6578.463861077623, Infinity, 10070.308168645268, 11543.429904096616, 9735.250131752111, 11015.328506823802, 9713.455446728674, 2110.9706552006087, 1671.0592668316945], "[160]": [Infinity, 29533.46386107762, Infinity, 16180.164622816057, 16793.01210585587, 2842.6420497487757, 6518.844397997834, 233621.38380455517, 6830.1032862749025, 7054.025088450675], "[180]": [1442.8956749781823, Infinity, 17901.959169583253, Infinity, 4777.742482254588, 26740.699367232817, 14196.770316234046, 64081.49685666523, 35883.61315384715, 33514.642085833235], "[200]": [1326.772198555663, Infinity, 7914.478933742658, Infinity, 397.2334079747442, 5267.072008442363, 4080.8177409788805, 8254.283052099887, 16525.832015787822, 15809.151268306105], "[220]": [Infinity, Infinity, 1495.2831756985477, Infinity, 130.64226191029925, 1166.4985924748332, 1365.1752706120776, 1819.8575894526882, 167.075639246386, 762.0498839774519], "[240]": [Infinity, Infinity, 298.58566712087, Infinity, 65.01119096073131, 314.24867119990375, 514.9199417332006, 660.6178785723548, 766.1409352517618, 818.0438367745548], "[260]": [Infinity, Infinity, 40.292508885191936, Infinity, 27.474431810200894, 81.80121060487053, 185.64941697164633, 218.28463299396995, 582.4586438328286, 581.7604163496636], "[280]": [Infinity, Infinity, 0.3894627413687325, Infinity, 6.584298539936075, 17.69373688318477, 59.03892360626775, 69.68365569596044, 509.7906051282037, 517.5227346931714]}