{"[20]": [3.755130579592329, 24.14639339588218, 5.857142857142858, 18.10565185249462, 17.249253346447638, 6.143218209702824, 2.667433871854734, Infinity, 5.603691774362046], "[40]": [4.912410698858668, 3892.7045339040387, 0.2857142857142865, 8.66151364138923, 4.010524281541976, 7.180570067940582, 7.363901823653948, 10.560909681935179, 7.346108871230178], "[60]": [0.83054763633322, 1538406479029130.8, 2.2857142857142847, 7.886728841709228, 9.876363420699729, 2.6719779965222905, 3.37290891585954, 7.634592908627397, 0.9013462683946365], "[80]": [1.4200681752627808, 3.40077629912588e+24, 5.142857142857142, 14.121357589927902, 19.16351864548569, 10.172599035550514, 11.65740224912285, 1.6496294242144742, 2.186033268676738], "[100]": [7.810943025217213, 2.414254885475781e+32, 13.0, 23.237817897026876, 27.89994617378523, 12.871180176939959, 7.594230824226518, 7.96880353033286, 10.23889040606906], "[120]": [5.569870671820809, 7.576325486168787e+35, 15.857142857142854, 23.690142863315202, 27.826243225872105, 8.347582280256496, 4.908402105186902, 23.5774330420695, 24.643445234830537], "[140]": [11.332331176817618, 4.537767621226321e+50, 11.285714285714292, 32.14643739345096, 35.3055807278648, 9.111755404870081, 6.816000593466271, 2.0788333992376096, 2.223258007648468], "[160]": [18.974013677377457, 1.9472354461076123e+59, 14.142857142857139, 50.8049322639104, 55.9895375784491, 1.033153794106454, 0.7159328395551086, 0.7253549935224726, 1.6528278117320667], "[180]": [18.63353377341315, 2.8311610852975855e+67, 33.71428571428572, 78.53479848032764, 89.41613877181068, 18.830195567270238, 16.200347279396055, 2.2553374049385866, 1.5327180164017875], "[200]": [95.02775953751075, 1.9258664884755883e+77, 206.57142857142858, 242.52795734091862, 140.95042682847867, 164.22677443531285, 141.68755410444976, 86.59588326548425, 88.63376581863201], "[220]": [42.29412823411735, 1.6198306258292654e+85, 408.8571428571429, 242.3145204448664, 116.807551687863, 154.64324874068632, 103.05760046535829, 68.42748928004016, 66.13510095365291], "[240]": [72.21036262605276, 9.5085081810186e+93, 939.4285714285713, 797.402819250332, 275.5400571671976, 76.75720031290393, 284.95902949428546, 308.9151039252024, 308.6213303987706], "[260]": [261.80292076062506, 3.8746981460246653e+102, 258.42857142857156, 569.8260673841969, 402.55418946580903, 1777.3990814368117, 768.3956688829167, 39.80784196157674, 20.039242239490704], "[280]": [171.26600616105497, 1.5387735893052318e+111, 656.2857142857142, 362.5590225598844, 916.8858542061566, 6557.559322375106, 839.6567910163653, 189.25536436075436, 160.66817561839252]}