{"[20]": [Infinity, Infinity, 5.497445375678667, 11.666479800846666, 96.79432542037674], "[40]": [Infinity, 5822.779640975828, 52.6644546185471, 38.3636369992798, 757.0425997894805], "[60]": [8.06556304700359, 14.788155430538598, 244.85705000125753, 459.86025792718044, 104.82378109412538], "[80]": [22.515882072024965, 80.3401510694339, 48.02469182108818, 590.8973785651306, 31200.69999722438], "[100]": [11.041896048989056, Infinity, 37.04297168570585, 685.8356558320155, 28.439892932620737], "[120]": [14.627427131874583, Infinity, 74.05185381283916, 720.8459994326614, 29.98200404822275], "[140]": [150.39404711876747, 909.6836425864693, 3488.5738877017784, 1283.4977502284964, 1199.4013848424338], "[160]": [642.8169793314772, Infinity, 12077.973881449627, 23426.950888130377, 2432.495759735144], "[180]": [643.5097162525649, Infinity, 9239.222959957964, 12938.334878689726, 534662598.8718222], "[200]": [412.0069048643761, Infinity, 5426.538339320472, 2327.5791227041445, 171380888.37148723], "[220]": [73.44546437849023, Infinity, 1015.2451993385331, 404.08851756348673, 65765044.723455556], "[240]": [51.27422656223207, Infinity, 200.91059134643453, 72.85176350652264, 32330244.72651284], "[260]": [48.75757010197496, Infinity, 30.289732921332856, 2.8433747132600162, 7463066.989587831], "[280]": [49.688188396621506, Infinity, 2.0399544383677126, 0.5424410080803145, 2335634.899137487]}