{"[20]": [3.000256154970862, Infinity, 0.1658416874989932, 1.0445723191002876, 3.7773115659823806], "[40]": [0.22097941104478203, 1398.4519110282563, 22.920617623793706, 6.84256593265173, 206.86895630358475], "[60]": [48.9291780852674, 659.7623995095929, 528.9677240757394, 206.37490118650396, 4088.506266784608], "[80]": [161.91263180983754, 372.17994616231687, 7335.401996918866, 6860.4529637145115, 85305.7923827048], "[100]": [5007.779804024804, 27220.92412798641, 452.223534800607, 7872.572612233797, 2218.6704771537848], "[120]": [1625.9439156890687, Infinity, 5091.340200751449, 35439.33579179693, 2662.8602328827933], "[140]": [129.64317016054835, Infinity, 947.8209687276031, 66.71827513403184, 318.03097039566916], "[160]": [149.90812677160585, Infinity, 172.38558545630985, 7.965300011999757, 56.84940281533806], "[180]": [105.38392129406307, Infinity, 32.838696150119745, 2895746.880397359, 12.661239151499766], "[200]": [111.0918474795907, Infinity, 9.745592540680594, 59234.22857560763, 5.584792946858636], "[220]": [108.49247899215484, Infinity, 1.0, 1919754.2341699658, 0.7495761473919587], "[240]": [97.36068350603378, Infinity, 0.0, Infinity, Infinity], "[260]": [87.5412581554564, Infinity, 0.0, Infinity, Infinity], "[280]": [96.52318600853023, Infinity, 0.0, Infinity, Infinity]}