{"[20]": [2.664839217193479, Infinity, Infinity, 8.721706718973518, 1.1248236512833463, 281.298785259361], "[40]": [4.380980189687766, 2.7118104374462284, 0.9815775892637724, 5.157568439867178, 107.3632021209254], "[60]": [0.3920622845788684, 741999293075.0958, 0.2650595368452244, 0.9844029027088748, 152.0562442263259], "[80]": [0.6121881342221841, 2.6541758758419993, 1.2345649657098472, 2.468189402390777, 192.04243211156555], "[100]": [3.3753828572376263, 8.120997330870761, 7.361233826818386, 5.400846178708391, 267.5531976246589], "[120]": [6.328805454553605, 18.89928304974752, 3.4733310183929094, 11.140863807698876, 636.8019737966598], "[140]": [7.731155234993994, 42.43079866353705, 24.318157924752178, 17.529012174235202, 1481.1194648168166], "[160]": [32.36026614198756, 1334103963.9932919, 42.476515148377096, 35.16961217077986, Infinity, 2105.012599740625], "[180]": [7.885405104423559, 31776.680753089375, 49.42540009970294, 20.48923070539347, 11083.166815148497], "[200]": [4.912072502140066, Infinity, 220.51934268210292, 43.18655729331467, 72.59034810495042], "[220]": [73.63180376943436, Infinity, 659.4896344746286, 263.74603168481053, 138.03682522431617], "[240]": [288.70903159602693, Infinity, 1336.676992012724, 768.2541488588539, 402.036790802807], "[260]": [603.8674846103132, Infinity, 551.9212363542057, 1641.3256406076778, 473.38464940724793], "[280]": [254.35165066877966, Infinity, 811.3059296093726, 450.13730721336293, 199.95615555824423]}