{"[20]": [2.968431255600868, 118.99121338123874, 6.55097195715725, 14.24256726377135, Infinity, Infinity, Infinity, Infinity, 188.73790353472072], "[40]": [72.7850757880945, 4.5322766303278, 178.63734398272322, 173.08029524270916, 184.59598794717516, 112.95045802768792, 53.48728368765496, 255.65178212581242, 174.99554476021095], "[60]": [2936.182994734213, Infinity, 3883.318289753654, 2367.6760147022737, 510.0554863513022, 552.0357219954503, 1697.6523474545215, 243.84494117195666, 336.82022069842316], "[80]": [926.2621742607884, Infinity, 12472.443763282601, 1321.2389304206392, 1214.2054471830202, 318.9887378647596, 2254.5692442744003, 8637.042528180209, 1435.569953476957], "[100]": [190.95586622277497, Infinity, 11489.832576274433, 1194.4700439354601, 1703.8300731573665, 1528.054364755432, 1330.877024987616, 29866.2109262522, 3265.2568535947225], "[120]": [178.96300165602023, Infinity, 3212.0119091515176, 11.26458203537212, 81.07853332842731, 129.58503468116808, 178.86472464724332, 731.563172000125, 1548.0513642376065], "[140]": [142.10824556018312, Infinity, 506.71400727859935, 85.79196451882696, 57.29221747746909, 42.15706638987754, 21.542083559723633, 334.5550656047805, 326.385207942532], "[160]": [132.64213609426747, Infinity, 78.0725901638141, 23.687473022319114, 18.318602014250974, 16.33010413149457, 12.462827899424452, 513.2692924211683, 520.3879826554421], "[180]": [95.53345283669174, Infinity, 18.069531881213553, 9.556737855836532, 8.088259432558646, 8.479197102707156, 9.697137706636143, 204.6130888641998, 228.7724511815857], "[200]": [94.04995297180334, Infinity, 1.3184412618758437, 2.0718580118442533, 1.8082011256010595, 1.92377185290152, 2.229663122795858, 246.05853399941122, 257.91169454693625], "[220]": [82.77463147217004, Infinity, 0.31875937065965293, 0.38548322073486513, 0.29760565691871943, 0.365898939347148, 0.5621121978059577, 182.9857142716024, 187.3865166348505], "[240]": [79.1720829360579, Infinity, 1.0, 1.6976136494970482, 1.6538306250819341, 1.6950899635678485, 1.819558139008971, 157.91232972952045, 160.91413129210062], "[260]": [73.1072083940391, Infinity, 0.6404555187874562, 0.00012252834710821728, 0.00013319843376950473, 0.0004337470286231842, 0.0019307609325544348, 127.6957621248959, 131.00811424330755], "[280]": [70.47304423599694, Infinity, 0.0, 1.2340101536229181e-05, 1.3776603888267336e-05, 5.12453740685241e-05, 0.0002645661517352175, 116.81520730024174, 119.22010560038768]}