{"[20]": [2.994243378507881, 2.9998732810558355, 2.857142857142857, 1.9435683288517493, Infinity, Infinity, Infinity, Infinity, 2.909090909090909], "[40]": [8.033233686330325, 194033.78303844255, 9.571428571428571, 0.09933605056342643, 1.064170466514767, 5.563070461678139, 3.0546796787959476, 14.575842153359641, 3.875406855011583], "[60]": [9.034214986999167, 1538406479029145.8, 13.428571428571427, 21.013839076478437, 25.707075813148755, 14.764330179069525, 14.796068044697185, 20.09542231082457, 8.788939458955596], "[80]": [10.991218902262915, 3.40077629912588e+24, 46.285714285714285, 54.4307229443825, 59.818707617739406, 6.339688431987568, 5.31180751914502, 29.76740551510491, 23.816854975444528], "[100]": [50.510252544714945, 2.414254885475781e+32, 135.42857142857142, 151.06891209774398, 160.9072687885539, 50.395810538194524, 47.75724844359297, 11.592379927694651, 12.025748264688787], "[120]": [33.08854833698888, 7.576325486168787e+35, 390.28571428571433, 191.71484966667128, 22.18004667396565, 22.070127742386035, 27.249636286964574, 7.835062573490745, 23.142237394149447], "[140]": [138.0629519540339, 4.537767621226321e+50, 585.5714285714287, 368.7721456616341, 168.2142098444374, 363.8513407304647, 16.33445815900859, 581.568201111585, 555.315591927595], "[160]": [47.541035895003915, 1.9472354461076123e+59, 29.57142857142844, 337.7411239039293, 104.9609065965924, 22.72086711123984, 114.97731213361521, 462.8610373941806, 429.4030985606844], "[180]": [22.57053446229338, 2.8311610852975855e+67, 218.0, 502.88395376037374, 29.8983927699569, 145.4608445873464, 62.39057519144717, 121.95718941926589, 138.5580411451242], "[200]": [0.8924035753630051, 1.9258664884755883e+77, 205.28571428571422, 649.1436957667247, 3.9731352113569756, 56.336369074491586, 19.35494511355796, 73.73268743365088, 46.39152503247942], "[220]": [8.115864877725699, 1.6198306258292654e+85, 267.1428571428571, 463.1099367963252, 78.02233042839794, 181.80480458517673, 68.41628580264933, 0.8345770141838784, 0.1672328347358416], "[240]": [23.791289113142284, 9.5085081810186e+93, 201.42857142857144, 292.1891518814758, 56.83727990727982, 187.9015788165401, 50.037147548001826, 8.866195599534308, 10.106798368292516], "[260]": [24.863156392471637, 3.8746981460246653e+102, 104.28571428571428, 176.0056009442231, 16.717091860998664, 142.43612812090794, 11.960309697064133, 33.544564760666674, 30.53428280543943], "[280]": [35.000385759832966, 1.5387735893052318e+111, 91.0, 67.93704503991937, 45.36618326053838, 136.90180249531693, 42.23236664859459, 45.45658707039891, 45.54324398368817]}