{"[20]": [1.0, 0.9998732810558355, 1.0, 0.9999989164443391, 0.9999886477992106, 1.0, 0.999999996586311, Infinity, 1.0], "[40]": [12.122394095829502, 277047.96410279005, 15.285714285714285, 4.35579913521558, 4.292746630142215, 2.1841821783408335, 1.666188666408786, Infinity, 2.3914613641529456], "[60]": [13.458255981967305, 1538406477809642.5, 14.714285714285715, 26.559019987414743, 30.464763422740145, 24.090180352291213, 16.25970724327647, 878.7651373224917, 17.382192983373734], "[80]": [0.43329150413966033, 3.40077629912588e+24, 0.5714285714285694, 19.88632081835375, 25.78489937812568, 6.953609129529198, 1.4122515618599607, 35.40713414158839, 16.64541209812279], "[100]": [1.1757790301741267, 2.414254885475781e+32, 1.857142857142854, 20.587100243849733, 27.81430396821588, 7.479972751896831, 2.04923552143196, 0.48704844902790967, 0.5280586276696226], "[120]": [17.49433982936759, 7.576325486168787e+35, 16.57142857142857, 43.16648993840059, 52.666855595657196, 28.026996067618672, 16.99511253956865, 18.23542162296642, 18.14228584946993], "[140]": [10.591726769184959, 4.537767621226321e+50, 43.85714285714286, 51.751313193450656, 53.33382843444025, 40.0195654623506, 30.99952827620895, 13.204139033725227, 13.29380477482755], "[160]": [1.9156049333271312, 1.9472354461076123e+59, 18.0, 15.144097733146964, 32.638362607034026, 26.877003280829996, 32.55155234013449, 45.80339124192386, 45.014673267056196], "[180]": [63.53079428737175, 2.8311610852975855e+67, 76.14285714285714, 121.48159551510406, 42.681614445542124, 44.395720839828016, 42.67686089880519, 30.367726536611258, 32.03410363528019], "[200]": [44.94107250843797, 1.9258664884755883e+77, 196.85714285714283, 263.30392980626857, 97.77492369617966, 126.82027874346102, Infinity, Infinity, Infinity], "[220]": [999.941072508438, 1.6198306258292654e+85, 609.0, Infinity, Infinity, Infinity, Infinity, 139.94669048053038, Infinity], "[240]": [3518.941072508438, 9.5085081810186e+93, 1471.8571428571427, Infinity, Infinity, Infinity, Infinity, 259.2818049939624, Infinity], "[260]": [8183.941072508438, 3.8746981460246653e+102, 2460.5714285714284, Infinity, Infinity, Infinity, Infinity, 816.5350848897451, Infinity], "[280]": [11341.941072508438, 1.5387735893052318e+111, 1160.7142857142862, Infinity, Infinity, Infinity, Infinity, Infinity, Infinity]}