{"[20]": [23.059988536759306, Infinity, 12.844577110650443, 1.8309987083169872, 95.37820659804605], "[40]": [41.592386712170885, 620.8973029948883, 333.24826492941315, 124.15121538976771, 2108.0934195580667], "[60]": [982.589178875072, 4837.078585873779, 8785.298819113803, 3837.782041865841, 10838.935052121298], "[80]": [6923.664417501784, 14647.11741106617, 2200.638704032995, 484.55623665804103, 2818.65252250287], "[100]": [1551.9584972913485, 961.8741779646283, 9753.809054892732, 10038.366731137945, 2004.8725814403645], "[120]": [2075.6841247875277, Infinity, 1719.824652558943, 3868.946527013292, 863.9834974774373], "[140]": [189.04479989403222, Infinity, 393.3442771400203, 1394.7602551021325, 342.9398796099227], "[160]": [671.4086469704351, Infinity, 179.46837722029926, 553.7376952699709, 152.72208115342738], "[180]": [639.4353897973111, Infinity, 58.42311779845505, 189.6317605634558, 56.57971326049682], "[200]": [410.2529255649391, Infinity, 18.44174270265345, 53.84146933661309, 16.462629207833192], "[220]": [263.98758422857804, Infinity, 15.335267213225322, 3478754.262279968, 7.474127360105778], "[240]": [201.9425669268104, Infinity, 1.8787237336380165, 0.39450404077529067, 2.160136818249491], "[260]": [175.04704889638512, Infinity, 0.9294219888146087, 2.0667256209502285, 0.3730375820090664], "[280]": [161.78284006319117, Infinity, 1.2169780917425979, 1.7364037296430295, 0.30868506236774845]}