{"[20]": [21.0, 225.01115332065484, 19.714285714285715, 75.977795823283, 68.95843722386543, 20.748042832425806, 20.923773749193234, Infinity, 19.314162546835647], "[40]": [200.71206104144187, 259.9471839779785, 215.85714285714286, 98.8058837073275, 237.34610458556435, 28.18127463622605, 16.205695193389772, 516.0921549566048, 64.29307779956429], "[60]": [815.2237599889004, 1.6870673840567337e+18, 1346.2857142857142, 1487.9017582457489, 1175.194709083779, 1063.4264328098325, 916.811132218754, 2187.264255816382, 62.3939234491686], "[80]": [3652.933221451537, 3.729403789879908e+27, 7793.714285714286, 959.9126014675876, 5631.774502082155, 163.10267150130676, 388.5267733435139, 1715.5529194840365, 1363.6917385655343], "[100]": [2856.481045984481, 2.647552091869952e+35, 22092.142857142855, 12115.716144499049, 401.95418419391353, 1889.8621905437176, 793.5929592861721, 867.4112347270857, 1167.7126982483387], "[120]": [8902.716270462857, 8.308450134770628e+38, 3644.857142857145, 21944.38285937725, 2817.8032818208158, 5855.947694048104, 186.74868441904982, 22496.073204694447, 82224.58962940126], "[140]": [5176.335565289746, 4.976266294395922e+53, 18147.0, Infinity, 8658.152271158497, 2001.3553709102434, 3550.812180253699, 593.1636237811872, 77773.40637288516, 52478.39674592189], "[160]": [1315.6688369000276, 2.135402919236706e+62, 7059.142857142857, 1985.2800059240383, 356.82833608768306, 445.6037938130198, 107.1135421353838, 671.6551371442911, 1589.6656117194411], "[180]": [1481.7412413952807, 3.104745092395459e+70, 1884.2857142857142, 542.695516218345, 24.372533237774746, 71.30634101394855, 104.04555761709162, 655.4766098965895, 737.2426442642081], "[200]": [1614.9168879250983, 2.1119689227880706e+80, 474.28571428571433, 153.19511794758972, 18.31242338396021, 4.892913013779207, 52.943608909166926, 684.3226346826084, 820.656865297264], "[220]": [1716.534895378105, 1.776360035683665e+88, 127.28571428571428, 46.85395268786253, 8.76485899660041, 6.868842987911009, 20.596749652701668, 782.0376375418006, 776.9523469300972], "[240]": [1542.6190544645488, 1.0427345148083256e+97, 40.42857142857143, 11.477343335463928, 0.16825402343481244, 1.4815546292773885, 3.948427771199162, 753.4330747294434, 760.8686651181911], "[260]": [1373.8691969482134, 4.2491225503989994e+105, 9.571428571428571, 3.7548169376388776, 0.3806108922297273, 1.2765874001147606, 1.655145387834211, 535.2751048606096, 537.807095875324], "[280]": [1228.2105413282743, 1.6874702090631743e+114, 2.7142857142857144, 0.8280253799946048, 0.37527769840693825, 0.21698519821870643, 0.5382942289782039, 417.4472819341687, 423.0026948326906]}