{"[20]": [Infinity, 1.9985431594900873, 2.0, 1.9999987085353497, 1.9999851957270454, Infinity, 1.999991206360744, Infinity, Infinity], "[40]": [0.7832180059399801, 10584122.861079572, 1.0, 0.4389264072065438, 0.6122974795242253, 0.3929127753991412, 3.2918701094052367, 0.43925088930722994, 0.6922333437900722], "[60]": [5.69687794372464, Infinity, 5.586159905815369, 8.12102484798291, 7.3749764959444954, 4.373478712416153, 32299.842730415596, 42.79757009158728, 5.4071989646044845], "[80]": [7.761326766730898, Infinity, 10.838751896766205, 15.74738448443335, 15.874295601478657, 2.32651117763599, 23298.171969310286, 3.2341084199321073, 0.7315588470806347], "[100]": [6.593682671356686, Infinity, 37.025282286894274, 29.37525947067963, 17.06531102318836, 3.070987124978662, 100.15776199262807, 6.99778928922961, 7.164875523859778], "[120]": [22.07122254373271, Infinity, 134.54167458994286, 104.3802284278799, 19.674825456601514, 17.28563357422314, 212.06493745433798, 17.335671236812555, 11.759197868693724], "[140]": [123.71590608289641, Infinity, 333.6658072444766, 8.257542099988335, 19.464046683878617, 16.208316626903756, 8356.058571920948, 102.61924389125397, 104.07500515950944], "[160]": [8.499041897230914, Infinity, 567.6833392293591, 252.37162027913726, 119.04385359152866, 119.90459967030985, 62.811169935838784, 221.93981982129407, 224.95825045617713], "[180]": [43.27052101408763, Infinity, 19.47548837863664, 26.993125435716603, 22.304157502390204, 67.26368149273104, 638.2760590108853, 49.721175661019736, 45.53120753946062], "[200]": [15.889896524596098, Infinity, 442.696286130624, 10.026063474463921, 69.54445795817357, 122.19193838825788, 35.30233116976026, 134.85575329882576, 53.39239261835238], "[220]": [11.562491842297062, Infinity, 334.3380463998681, 30.162482889459945, 33.87338032420553, 54.01138286297423, 11.910198712123135, 105.56924180927429, 99.3358244241931], "[240]": [11.33242343963948, Infinity, 157.41467268878517, 6.868593554705537, 18.416933178354185, 45.62915518474733, 12.24312071392031, 27.116353609703424, 18.110801297631152], "[260]": [16.914153206649505, Infinity, 53.16255286679347, 9.75127624421036, 2.039310576016252, 14.117538814047204, 0.3847925634134615, 1.0975560756123772, 4.38327721615073], "[280]": [24.73010416290622, Infinity, 26.929865139383786, 5.746019762587645, 4.062411306857313, 6.144741865550777, 2.2660629592816344, 40.53785344735446, 41.63795454512549]}