{"[20]": [468623.87257371616, Infinity, Infinity, 42.629010720060236, 35.77083090567181, 21016.723324392602], "[40]": [165.63684572010325, 367.60159228012884, 790.0311418684906, 312.1693261629039, 4360.296722463771], "[60]": [1432.6985375760987, 14901.69473112581, 17533.72962785043, 8708.786681593256, 14705.535744529581], "[80]": [124322.09599314784, 126680.68780378127, 36692.3626517968, 52075.10454205835, 12268.963548292904], "[100]": [16892.18459063661, 10892.786507957318, 40750.601975106765, 5081.150824950414, 10990.810745797267], "[120]": [1336.2908001421058, 17915081.870623413, 11317.239986314346, Infinity, 264.4421572540335, 1684.7057746062978], "[140]": [661.3163181907408, Infinity, 1760.4276817308603, 216357.1496345338, 196.8635995277463], "[160]": [3686.3248009127096, Infinity, 344.4131534395928, 31.810496442143968, 40.017407451953225], "[180]": [3894.683598982014, Infinity, 64.0607949363368, 12.806662958468653, 2.114522740011293], "[200]": [2800.527343941544, Infinity, 13.509083968326625, 2903663.578054004, 0.20775384291592208], "[220]": [1872.6233377285673, Infinity, 2.519031474045991, 11400194.61999902, Infinity, 0.1859803608155777], "[240]": [1161.4610456554608, Infinity, 2.0, 0.5080555082075772, Infinity, 0.362301653212207], "[260]": [648.4513976320707, 2.6611694755297237, 0.09622344700963026, 0.3495862725613902, Infinity, 0.43572487907115626], "[280]": [478.66050531712887, Infinity, 0.32940623895575155, 0.3710227381906969, Infinity, 0.2722391353626889]}