{"[20]": [4.048985059308477, 3.7717516701253544, 3.873197490410078, 2.0304905898694914, 3.384158583471461, 4.397619081841801, 24.370013697910398, Infinity, 2.3597016270923956], "[40]": [75.19183113903019, 30.541214324726603, 89.27105026084594, 5.8644990617241195, 101.12105867883575, 83.85962909713854, 46.52605602109169, 37.457423631364215, 13.403505884714464], "[60]": [147.64846818152353, Infinity, 1157.667755005976, 943.269075574378, 605.1004067544834, 312.26425040433145, 379.06611069379085, 3052.5237958298208, 320.45651017812315], "[80]": [2983.281730614103, Infinity, 9122.796208184081, 4468.759088856279, 2399.1355408649124, 2433.163661454791, 1678.1595543448943, 1575.4569304382173, 727.161345606721], "[100]": [1089.1394150230692, Infinity, 19135.649015037103, 18764.79564660379, 347.6528777228613, 1623.3506572390586, 1258.651806547013, 13978.148469843774, 13412.895806752573], "[120]": [488.0442881607833, Infinity, 15283.008460047087, 21762.51779167011, 6290.897067893813, 167.47845287464116, 1954.4937823047478, 2162.6168898054393, 80.56721301481066], "[140]": [340.1799642431608, Infinity, 10146.352651691299, 6852.8761309366, 2066.9049574158075, 692.0187943235125, 241.13772958059616, 860.1865004568261, 594.5251593710548], "[160]": [231.67916774559936, Infinity, 2901.177378750589, 2128.0922563124186, 347.46896165551163, 82.0075608302168, 219.27193654177617, 367.4466868458761, 338.65653858879926], "[180]": [168.7177908665498, Infinity, 776.8110058500946, 748.092554648112, 29.40338602670733, 229.04154324743016, 226.8122709718853, 6.608246070508333, 61.18393091709849], "[200]": [146.18120363767403, Infinity, 264.9586465990029, 267.108632463422, 22.26368931956654, 139.6636276823446, 101.41311505421604, 173.81938676688955, 177.145589395867], "[220]": [140.26102613076364, Infinity, 80.27155774991473, 127.18641744586955, 26.067639907449195, 96.41927164717697, 62.02530368686666, 289.25730635340136, 287.1542461833597], "[240]": [111.47389812972587, Infinity, 36.28874845595881, 53.13879129091993, 10.56308308559844, 45.75570955431183, 26.282855439628385, 213.15302617227667, 219.2378672581811], "[260]": [103.41149871708225, Infinity, 16.237405561485208, 31.72297408427145, 8.900286338454583, 29.955095195854003, 17.46333115207975, 133.69180117813875, 133.71542277179879], "[280]": [94.86633704805492, Infinity, 0.6683314016525993, 33.74868327174936, 18.081094763173972, 33.32572255239346, 23.9891859616464, 129.6047447497563, 132.19244102324737]}