{"[20]": [10.322684342946202, Infinity, Infinity, 13.68242577533166, 7.40694348010622, 3636.7917405115036], "[40]": [17.48411804078091, 114.09552099541652, 31.93185356266189, 21.07387583490587, 210.46184358699108], "[60]": [1.0020808089653723, 28.29127431511495, 11.697043934207757, 10.63856767390354, 770.9514248492022], "[80]": [37.39268051685478, 588.6382087301569, 32.12229960836803, 30.0450648390905, 2630.392558821911], "[100]": [44.1010484561515, 105.5551398936461, 132.42227599487902, 35.770698922403334, 6980.7400145522], "[120]": [72.47316401760882, 1345.1823554381244, 259.0033993695397, 10.513627866959876, Infinity, 16155.849148301762], "[140]": [6.900916368530756, 45.96888277600719, 361.23014444030457, 239.04678330418142, Infinity, 30809.795633089394], "[160]": [40.728201088923676, 6784689238496171.0, 309.8851278646421, 118.08458626093432, 257.9101347312697], "[180]": [117.88410083463882, 24.80943206249286, 1111.3298735539668, 238.40537601451572, 306.4417505839166], "[200]": [450.26544146942064, Infinity, 3082.159199997647, 1682.220253627224, 538.7269648486166], "[220]": [625.1908011157091, Infinity, 4349.2592489732515, Infinity, 4893.550250455046, 517.9545805978714], "[240]": [377.72050273546, Infinity, 226.82915830027542, 1812.458937654094, 1433.1233117666422], "[260]": [1241.2296243622332, Infinity, 4817.452997467588, 1388.7143583722777, 905.3782558468395], "[280]": [252.10196399535127, Infinity, 3174.5675197032683, 191.7825693219652, 431.00538386649345]}