{"[20]": [Infinity, Infinity, 0.11119166434344362, 4.039737354708035, 28.465029061537933], "[40]": [Infinity, 22.143887441148507, 16.99597440909422, 1.4567491541420137, 12.458859212615367], "[60]": [95.56337198253561, 64.0758058298202, 123.25121750885737, 193.58459862182227, 200.7008114782205], "[80]": [3.201798645256961, 41.21862754756755, 108.09218131995628, 368.2929003868947, 174.41642591007152], "[100]": [41.51914681096953, 7550.2878535421005, 211.04528265229123, 661.9702678194974, 331.8201187222645], "[120]": [8.868584878064803, Infinity, 144.74573132798588, 882.0916280574629, 299.0428227692638], "[140]": [290.66959780972286, 224.15979461030108, 2308.6331065305953, 3789.0366686743264, 1301.3299063846132], "[160]": [23.37219236116274, Infinity, 833.6850976401835, 3333.219109134349, 3435.6293440365375], "[180]": [297.58832332859146, Infinity, 1376.6369034184715, 664.8899089159383, 628.1607100525478], "[200]": [104.79906761297863, Infinity, 316.18272489755736, 154.94850009006302, 186.96182356698097], "[220]": [34.93517894111558, Infinity, 63.54222675057008, 45.37964381140118, 4316383.20655439], "[240]": [15.796923183264198, Infinity, 25.807399083018428, 18.170719221508385, 12.262011067069363], "[260]": [14.925619720869058, Infinity, 6.744195354083158, 1.386665642944017, 1034705.1311998658], "[280]": [17.038397366259293, Infinity, 0.5064611456728616, 0.03548842810465694, 311097.30633988616]}