{"[20]": [3.319090120387584, 2.5759637455935263, 3.758786678369928, 2.9610133328301926, 2.8210391059023547, 5.058096759344798, 14.09095320649327, 0.5428111718568353, 0.27340389961854866], "[40]": [18.460875285282064, 23.858084421497644, 25.90618043294531, 1.0715177682303, 25.82619558970921, 1.351606092325366, 53093.560107911995, 8.499593028434086, 3.0707096092490955], "[60]": [186.29448339206323, Infinity, 221.58003984378712, 231.64106194702555, 233.45004231979402, 77.31982222282024, 58.00721710460452, 0.9880410295095488, 6.449276626204172], "[80]": [423.9841446303221, Infinity, 1713.5352728506455, 800.7576962052954, 58.99379894094116, 41.46676526938295, 1586.10648457413, 177.57976824391775, 194.2845744535879], "[100]": [58.749052320868394, Infinity, 4835.003144611306, 846.469016885002, 426.30968752864914, 414.60458580504525, 7532.857503443569, 391.87353964107507, 685.9011021946867], "[120]": [155.6682354843305, Infinity, 2834.332290096904, 45.50594025570932, 858.4466238383292, 1471.6477242930027, 438.7866923531624, 5527.861885748583, 1319.2634002191571], "[140]": [269.94564835602307, Infinity, 2934.535143867366, 137.70694167538682, 367.7930856347117, 139.27779570450204, 287.81890200543313, 430.3585056548474, 96.09552212538631], "[160]": [63.01367887514164, Infinity, 690.9468684208794, 24.56252680239581, 19.045928378364717, 23.375774280069574, 1.0179845532292178, 305.4517941693108, 203.7308770631945], "[180]": [51.2306315436633, Infinity, 148.57357913097573, 18.478940800828255, 4.755472646610159, 20.16247091560941, 10.79371088428801, 140.65811260062378, 143.66230211821], "[200]": [44.15060412017778, Infinity, 43.226606537647676, 7.504486637130586, 1.7819003813746352, 8.145402670458658, 3.473259268204766, 58.39634070521247, 69.76524786176927], "[220]": [37.23842348314805, Infinity, 11.209258297678844, 4.2867181880224985, 2.322427067817452, 4.457614199078722, 2.7602274636679334, 65.95686507529197, 65.33164964889866], "[240]": [32.58800843070512, Infinity, 1.9529441666051663, 3.528924566672517, 2.8218185511355625, 3.568659455305471, 2.939427525877624, 44.941079498291394, 48.10037282487052], "[260]": [31.875438983437622, Infinity, 3.924522478378165, 0.5687102920013026, 1.1273463128002823, 0.5589615704507502, 1.067839159858862, 46.66270797139929, 50.01295183466977], "[280]": [29.093248008740023, Infinity, 1.21409055259511, 0.3867144179178668, 0.15896851851893906, 0.3884926620594895, 0.1808627887681182, 38.11434757784669, 38.03417136981808]}