{"[20]": [Infinity, 0.5478876864646284, 1.0, 0.9999991742219653, 0.9999863229047318, Infinity, 0.9999959716016313, Infinity, Infinity], "[40]": [18.74706076297623, 1820.80437472565, 27.289732285399154, 15.131742308992523, Infinity, 32.99999012463595, Infinity, Infinity, Infinity, 32.999999995817845, Infinity, 704.4656936041578], "[60]": [18.11325041596329, Infinity, 22.966217794530024, 47.966899097660914, 47.86174080426769, 48.18522503342794, 17.998948594753458, 106846.00281948825, 79.72484979134663], "[80]": [5.799243433657033, Infinity, 13.198864111167847, 57.18446686029801, 47.53725528889407, 26.869842751885038, 4.154351379847901, 4.754438733013609, 7.322810826039051], "[100]": [40.32276852801271, Infinity, 58.939504734649695, 119.56688681583313, 55.57568366015972, 77.20804752205368, 51.72319077581737, 54.44442207142732, 50.04132145822739], "[120]": [180.22282072099918, Infinity, 202.42701216890336, 289.65603910356043, 290.879007003974, 112.50507320332467, Infinity, 187.15028527228148, 84.48431880766812, 85.42382589255263], "[140]": [42.05617997656139, Infinity, 188.569931193308, 93.43482271655905, 94.33351440391881, 79.32743719105763, 87.17718111439544, 300.01752209634026, 304.71952077940904], "[160]": [9.99920342774141, Infinity, 231.1245838469898, 433.53147675248346, 92.42828570463827, 67.0390104255273, 172503.86030824014, 275.2360326105724, 285.95114332592334], "[180]": [167.44111694936606, Infinity, 386.0525803163386, 795.0692717863275, 307.3848064671215, 377.2677228764698, 214.27328008954063, 18.571608243810452, 45.42319829405483], "[200]": [596.9657570984532, Infinity, 1575.956327415027, 2227.0725338356638, 1408.4930291385638, 1865.2411373485609, 1077.1916552968664, 461.2184755235677, 489.1432959400247], "[220]": [441.5237403247684, Infinity, 2969.7647457468643, 2285.861290558617, 524.3685907166995, 916.372519260094, 478.6665184811134, 5.573741064231251, 72.55642985818704], "[240]": [898.7190135070459, Infinity, 2017.0144372452166, 3751.271225909614, 1330.839089838008, 943.6862416353493, 2623.113710108628, 1125.0136048013987, 1078.436420082402], "[260]": [469.95557187497934, Infinity, 2291.2840976152156, Infinity, 3109.8547986282097, 3322.3691986896547, 1746.85369305469, 10667.264032860663, 465.6022783676776, 481.4294583568721], "[280]": [647.9033746537061, Infinity, 3027.9340706313947, Infinity, 953.4391720494539, 2188.0342061978413, 1381.2072695246352, 14753.39832526064, 947.5370066332828, 902.6699357334127]}