{"[20]": [1.0, Infinity, 1.0, Infinity, Infinity], "[40]": [0.4058255991315711, 23.436471048132447, 15.285714285714285, 13.772744793320427, 11.46998418268544], "[60]": [11.945278143914575, 10.226720587155299, 14.714285714285715, 14.279131368889086, 11.629269630717133], "[80]": [4.635014903345507, 5.451260336157318, 0.5714285714285694, 1.0717806239738366, 3.59884480923904], "[100]": [4.2020752625954785, 6907.191906822075, 1.857142857142854, 7.892376362930783, 4.3615103697684035], "[120]": [12.95884123871533, 1050.92104756264, 16.57142857142857, 11.174467508341792, 12.435287102595474], "[140]": [5.418660493561276, 59.409034803025236, 43.85714285714286, 27.40595310329239, 23.2133579378022], "[160]": [38.493249909441715, 43.60505386994447, 18.0, 5.863634847556995, 10.459843852290277], "[180]": [16.223814308216163, 7.312581197669208e+24, 76.14285714285714, 38.42657007256389, 21.32614392681819], "[200]": [23.9207564302817, 53.62109806035551, 196.85714285714283, 129.79439535933045, 69.54769466234677], "[220]": [87.79227683948761, 1.7785275680603054e+27, 609.0, 137.0374569423218, 198.82381017543003], "[240]": [77.48831311702179, 2.0476611767020943e+24, 1471.8571428571427, 517.7403217653809, 170.03328253675], "[260]": [124.05234558050506, 1.2179366814670843e+45, 2460.5714285714284, 2400.849758950215, 119.05900788867257], "[280]": [241.05837768391757, 3.952865888655227e+45, 1160.7142857142862, 2550.423196607124, 450.49534644281084]}