{"[20]": [Infinity, Infinity, Infinity, Infinity, 4.008548956496782, 3.5927222344213776, 74.20981217696878], "[40]": [Infinity, Infinity, 20.746473923074177, 24.102111586906336, 11.484569765541758, Infinity, 453.2309749374306], "[60]": [22.44127322779651, 421.8019812464611, 0.9258207837396593, 32.95500165697446, 47.606640391373205], "[80]": [9.298106644345298, 25.124663353295887, 5.389197654006413, 31.361067858680727, 6.42179730077248], "[100]": [4.351955221953581, 8.195400625713889, 2.78630513927927, 29.794387243296818, Infinity, 6.131700927505249], "[120]": [3.107767209798703, Infinity, 2.9876694036040083, 23.663231584142462, 3.4644181826703586], "[140]": [100.87492439108874, 91188.35006831172, 176.70645660686557, 209.06691052100595, Infinity, 26.293712794383122], "[160]": [86.05446808715037, Infinity, 1568.9283636640344, 155.62828993358065, 863.4583379822818], "[180]": [4336.827271938885, 7474.09914329172, 4944.577786634086, 7670.090556703508, 10228479.376636], "[200]": [2906.8879380774843, Infinity, 121.50693889375115, 7636.724740234905, 12679780.263848485], "[220]": [921.05826306532, Infinity, 4375.606653406718, 1247.73460369696, 36425128.58762158], "[240]": [565.2213345825794, Infinity, 1573.2403777917573, 242.5470013922651, 1251822.8233583306], "[260]": [69.7707457697875, Infinity, 170.02653402853727, 28.411247597115192, 459092.6954038572], "[280]": [110.84132461520676, Infinity, 17.744420013717004, 2118.855885830882, 60576.630744367525]}