{"[20]": [Infinity, 1.9985431594900873, 2.0, 1.9999987085353497, 1.9999851957270454, Infinity, 1.999991206360744, Infinity, Infinity], "[40]": [1.4900364358095148, 14548987.038190894, 3.1607007839790966, 5.384457072133253, 4.129497796390997, 5.52984787710385, 1.3964476857886765, Infinity, 5.5321808947306295], "[60]": [2.8413823435622887, Infinity, 4.19392432616767, 9.568958225485794, 10.596493842055798, 8.429577137978939, 140.41440600042043, 9.703261408017188, 10.533772083520377], "[80]": [1.3844493545543455, Infinity, 1.0190295884846206, 4.93634698680813, 3.3344317821902747, 0.6444870581288304, 175301.12053474115, 0.2811911297186431, 0.29378457646073236], "[100]": [0.5779232988831888, Infinity, 1.1216456475790018, 8.617732289443513, 11.248743146857588, 5.190686259221616, 26204.52956655007, 1.394131999939587, 1.3461436762852754], "[120]": [14.70014018552705, Infinity, 15.227608585662606, 23.480467397629344, 25.01790922941375, 18.078261823488987, 9.462869479254893, 15.140443917244541, 15.575101243297453], "[140]": [0.8878281753513595, Infinity, 2.592133361633913, 0.9654633099784619, 13.142178933200519, 1.7898223868661756, 4.163252233131042, 5.7381971360305055, 5.976431413213132], "[160]": [6.122047178353335, Infinity, 16.690300191797142, 30.47137611750582, 20.2394890306881, 3.2908217534631397, 6.85189439546528, 3.3125053442617007, 2.8554325767075714], "[180]": [1.836565047117152, Infinity, 4.198710926830203, 22.023053543784023, 14.960487718481822, 3.919066086258179, 29.01395667883471, 27.87347054223279, 26.612388250708303], "[200]": [60.037235413408645, Infinity, 71.75473499067334, 105.46565101021145, 96.24345839582757, 66.08982969253148, 40.51448553242174, 43.783679707525096, 47.13951117124435], "[220]": [10.210146724986457, Infinity, 132.1189274801639, 57.59092333868425, 27.0275790914291, 45.36455992648086, 534.5839774352715, 12.081637873393953, 10.175684037789347], "[240]": [135.04907816129008, Infinity, 470.1161015135549, 246.58396826226698, 198.1770501405139, 102.46827573531502, 1044.014005670675, 80.95560187933968, 80.89175697090481], "[260]": [52.21635367581575, Infinity, 706.0214601325148, 452.3252883942729, 226.69978914845117, 176.73727172265572, 2010.6564281458016, 262.27656867959985, 257.93263160947606], "[280]": [21.484867026360345, Infinity, 99.12955726759547, 323.02789792868333, 189.0114390653088, 711.730991025126, 1006.713321705168, 155.5425162677227, 187.42026176528287]}