{"[20]": [Infinity, Infinity, 1.8566968500423677, 1.94333568581336, 25.434879257962105], "[40]": [Infinity, 32.501857590903946, 36.90189541697284, 11.764382263715284, 30.581481676891855], "[60]": [43.034196892076736, 56.157128146001035, 238.89699907830297, 403.3557191431972, 209.3631537660235], "[80]": [12.269856333643075, 59.237448813456055, 249.9044157556143, 816.3458966034422, 202.99172549829856], "[100]": [7.08551467958812, 10795.624991593219, 328.423523474028, 1263.1338595941459, 359.5469961122632], "[120]": [6.885656335003851, Infinity, 328.64903178268133, 1852.7103158205935, 177523.1386579301], "[140]": [519.5191708538737, 1226.910667626153, 4303.295448537759, 7322.281868475619, 1476.6714702715424], "[160]": [24.26939117730146, Infinity, 1817.7718569772228, 6152.791474856631, 7322439.513778094], "[180]": [525.2525053491678, Infinity, 2609.6100044171167, 1338.174028593534, 116316.36460252221], "[200]": [182.2267221509368, Infinity, 605.4290651202516, 398.88697956106006, 225.09049818723187], "[220]": [73.0681682696931, Infinity, 161.89344282200736, 92.14127155952725, 10577.45156551231], "[240]": [33.803965228521655, Infinity, 56.36586271838559, 24.85281912878673, 16.883607946004407], "[260]": [29.322144199018545, Infinity, 14.091287773922563, 0.3234790803958693, 1189.1917223963833], "[280]": [29.065080450136175, Infinity, 0.866366955318769, 2809.492487415769, 0.9549364695437588]}