{"[20]": [4.048985059308477, 3.7717516701253544, 3.833578383670706, 2.0304905898694914, 3.384158583471461, 4.397619081841801, 24.370013697910398, Infinity, 2.3597016270923956], "[40]": [18.253349819083144, 16857784.490418114, 13.007189429643718, 2.6923926489574037, 21.979747504841544, 20.28184403426547, 175.77615574550265, 219.8316675135088, 52.12510401166755], "[60]": [6.4253772858930684, Infinity, 2.7097193013716843, 23.639027487399254, 22.765378768762506, 2.469070377042004, 7.698568736620033, 199.22897184629812, 19.526005113652513], "[80]": [7.653115345334396, Infinity, 20.409134367194405, 58.143539905705794, 14.165971001652558, 34.229211520381405, 14.319504769369765, 37.571197740985205, 5.680647166612658], "[100]": [16.120529055769317, Infinity, 17.073241946778413, 63.38465629899462, 16.838672771915284, 4.817865388959122, 269.6268859505277, 5.816684204702547, 8.6439066654627], "[120]": [Infinity, Infinity, 147.1386099388567, 207.04517828051357, 128.3138032453531, 89.35849512936399, 87.25395966727997, 85.7108641187569, 88.02435963937383], "[140]": [6.898029199863322, Infinity, 206.67885692285444, 158.63711980548626, 14.03340055810266, 26.24460182265835, 90.735513243267, 40.444665975616246, 43.67157190691303], "[160]": [22.72889853834446, Infinity, 179.54984110859962, 250.47679340637052, 43.744575561444876, 99.18485442808428, 21325.052862766253, 80.67131480764608, 85.59661521777493], "[180]": [10.035223597910765, Infinity, 334.3355068412255, 621.4843052527128, 201.99122804087276, 354.6588943148949, 88.34238793812084, 114.870599393555, 119.55080397818735], "[200]": [128.53583061899081, Infinity, 1448.6959360334433, 1755.5162361921848, 1115.2846021955695, 1592.8213707812115, 630.5063982886769, 68.99090025677378, 74.9376975433006], "[220]": [126.54121976620505, Infinity, 2605.4709172114094, 2706.3980770651433, 349.28110872500696, 630.1211309425549, 951.2576644814358, 326.14536934584237, 361.86745256134805], "[240]": [496.01386313361684, Infinity, 1018.9463269614954, 6079.276837170615, 1360.5032842649484, 764.6631552009111, 13030.509119295664, 590.651753859394, 599.0815748231854], "[260]": [60.262836993595144, Infinity, 2106.987707388505, 4728.893460944468, 1969.0231983230365, 1012.0749984160494, 79425.0334090129, 93.90070343189565, 89.64022452552653], "[280]": [393.0331735294752, Infinity, 2287.02911573911, 1633.0901085293017, 1499.2325291923398, 1206.767467320517, 13701.6118791568, 426.62421395501764, 400.7456293580934]}