{"[20]": [Infinity, 0.00038431969908012077, 0.0, 8.756466713984944e-07, 7.900128624105816e-06, Infinity, 2.5035488720457547e-06, Infinity, Infinity], "[40]": [5.3755451389099225, 91.13148770747442, 16.30570236791739, 9.11883937889027, 21.999989310738947, Infinity, 21.999999990870716, Infinity, 53.405687994215256], "[60]": [6.9500835284252895, Infinity, 11.103064131601746, 25.91911066346246, 27.699564065616464, 24.578596955757074, 8.799957234235858, 10636.698004357513, 7.594845141018122], "[80]": [1.363433977353155, Infinity, 3.4183430328653985, 29.997153123505722, 36.651526362224175, 5.315170148884673, 1.0300513735554606, 10.803646802207869, 7.04898068230308], "[100]": [17.395092071435897, Infinity, 28.776039256718743, 68.92969587047952, 26.32912974956123, 35.42418898507455, 24.32571922379169, 27.08370084481845, 23.713080949532173], "[120]": [55.422230833080725, Infinity, 76.28320115256747, 119.38147405470117, 75.1202120584167, 30.051760660163104, 62.17134127998389, 13.762437837280924, 14.168797150222046], "[140]": [23.47316086006303, Infinity, 110.44326348500307, 25.954555843798023, 21.48283667182899, 26.49691331090408, 140.52756977783375, 90.03340418863242, 95.45684035145501], "[160]": [4.8560214159456105, Infinity, 133.73665082236613, 213.68760262262205, 51.21519950872471, 29.238572210978305, 65219.922448119774, 84.61416860193286, 87.9004033834191], "[180]": [11.295955353879814, Infinity, 128.0235989982071, 344.490011903186, 78.14698199128135, 83.98521303203984, 35.18902032220224, 43.50959455858482, 37.99395880637465], "[200]": [198.0692354673394, Infinity, 723.8508821366453, 1092.3769122771803, 605.6085280626023, 923.6203505184081, 434.89844905748726, 164.03935026860293, 172.83157560716504], "[220]": [182.74635943315295, Infinity, 1574.6471486643845, 1149.4881454153851, 333.33289652046784, 524.5221313509472, 382.45049476097824, 54.21537994840178, 30.15232974229841], "[240]": [148.48828247255443, Infinity, 1527.79051375682, 2303.297236207805, 206.50235190704836, 354.4630478209242, 1325.3410327405218, 238.8502089940716, 217.1843830993042], "[260]": [167.64879198539504, Infinity, 921.6254781040413, 2595.5111367399613, 1438.9652505893523, 788.3089888515776, 82296.41385876412, 79.34792144031138, 84.66939990958141], "[280]": [165.66968076597078, Infinity, 1826.1814095132818, 898.1165262625093, 1309.8132521299176, 920.833522855429, 18530.224765244817, 119.18981780477243, 109.2914788986136]}