{"[20]": [1.129578760057789, Infinity, Infinity, 4.9626591922554, 0.5381065301177125, 120.20519596169066], "[40]": [9.523345143820473, 14.309839592897575, 15.539053970796653, 8.658729915921992, 84.92184420955485], "[60]": [0.5631406205908687, 10.265475705161938, 6.613908424447013, 0.9090996280508735, 473.4315228842414], "[80]": [1.576162112287609, 5.918036089851458, 11.821231235067353, 14.462165709759391, 1030.0830405539343], "[100]": [17.641753139424676, 8.290117536463189, 55.00012983241154, 17.84348636080726, Infinity, 1571.513521104992], "[120]": [39.11263451709265, 77.86524516295206, 85.05798407772106, 16.173245910354698, 11429.180628674332], "[140]": [1.302522329276864, 17.957389177061717, 127.93736638331924, 78.07527374236915, 62.530511640016655], "[160]": [29.635324229309557, 160.80141202989782, 155.43853807745765, 84.82512317801344, 178.25074787126826], "[180]": [14.022183185547842, 89.63977296069231, 244.94895399597377, 117.11718184785431, 194.99697654277585], "[200]": [56.44946122171061, 1.4865997620164896e+17, 1086.8996500552264, 517.0950602076471, 287.2451685212341], "[220]": [109.36090268371126, Infinity, 1890.74317989606, 1294.41224169432, 435.5598376879413], "[240]": [214.38277760383315, Infinity, 1375.0339240756487, 2741.718340966746, 1141.7527019927193], "[260]": [247.72869108044372, Infinity, 1695.2607860617788, 2276.1588292353995, 881.8418069600792], "[280]": [145.4246170332347, Infinity, 2051.4051684089613, 679.4515845681077, 695.7438373626679]}