{"[20]": [13.982977326427301, 36.3788813143802, 13.428571428571429, 33.790347849922824, 26.645588504835438, 0.037879511788974085, 6.727687845529562, Infinity, 12.994368924728606], "[40]": [47.309845450383655, 3224502003.980355, 33.57142857142857, 18.78891421541202, 48.22969233500252, 46.43774046857718, 33.557291833308014, 3084.1400861917523, 299.1629783417168], "[60]": [16.533575590992356, 1.6870675445396874e+18, 0.8571428571428541, 38.23373314427584, 42.62878130441317, 1.3910689359267394, 16.74377780410542, 4773.26736812647, 57.05093390787917], "[80]": [34.08366400572858, 3.729403789879908e+27, 43.42857142857143, 95.294572790329, 33.86886907382993, 71.90338466764184, 35.55104251634239, 93.2226989413348, 2.0494453081415998], "[100]": [103.2901888690138, 2.647552091869952e+35, 97.42857142857143, 172.87783055626704, 94.95559688227748, 79.67619547018359, 76.40611170394959, 79.39759624503935, 79.4034227673726], "[120]": [452.50966754924707, 8.308450134770628e+38, 295.57142857142856, 408.08591473516066, 271.336949181205, 194.23630557924116, 180.97390390544012, 189.71963636127998, 193.13469969735286], "[140]": [37.96466041947667, 4.976266294395922e+53, 408.0, 412.54548422575283, 112.77922307702329, 101.73140287060937, 120.8167867726761, 167.4805850487503, 169.70652157812174], "[160]": [3.0087850929776323, 2.135402919236706e+62, 429.42857142857133, 630.4254204991743, 221.06794326112777, 393.22544704131906, 20.380775561245173, 178.75538289976612, 184.85780383844872], "[180]": [182.9253312201895, 3.104745092395459e+70, 869.1428571428571, 1404.1609385029512, 655.6560554240925, 976.5231342971708, 479.24244326338953, 155.3153968179272, 170.4902176942319], "[200]": [836.3170767005604, 2.1119689227880706e+80, 3337.4285714285716, 3879.7874086981114, 2777.837726215141, 3708.239385352999, 2005.1208101379034, 13.767586648797078, 24.919289855739407], "[220]": [160.3223432318391, 1.776360035683665e+88, 4908.285714285715, 6392.8435183555575, 401.57504742043966, 1398.011497404008, 134.65052805471532, 622.1060511587893, 733.7848786683699], "[240]": [2001.636727234123, 1.0427345148083256e+97, 1120.0, Infinity, 9138.675253441743, 5058.538973317161, 3701.3208124775483, 5214.5984494876975, 2295.8067140045405, 2306.2807220005834], "[260]": [249.53213092810256, 4.2491225503989994e+105, 4632.142857142857, Infinity, 5637.72193997278, 4223.359119763745, 3151.3734467306804, 3204.2354008983475, 571.9994151800565, 574.3599956098587], "[280]": [1466.4996848688338, 1.6874702090631743e+114, 4214.571428571428, Infinity, 1901.8134766208723, 2434.3469994329716, 2643.32111530594, 2761.708561527458, 2097.4730879337767, 2012.1569080625122]}