{"[20]": [8.919146292546719, Infinity, 11.714285714285714, 9.974899089925925, 10.391322919873549], "[40]": [3.0486656718623344, 20.87710844238551, 8.714285714285715, 0.1555425536927224, 4.929595314659366], "[60]": [2.5756353032362895, 1.101735599548121, 3.1428571428571423, 4.414187730133641, 2.745178091805677], "[80]": [9.700381041524182, 18.58041587280273, 25.285714285714285, 1.2310078544812484, 12.037018332418214], "[100]": [11.853946555520167, 131.9486986194329, 85.85714285714286, 10.202177824930857, 51.29789912499055], "[120]": [36.389576719435354, 56.325828453319446, 214.85714285714283, 25.47452787590771, 164257.29504655823], "[140]": [61.274350324812076, 43.05527674649579, 366.71428571428567, 92.93093058192426, 58.644704133612095], "[160]": [2.253549645181238, 3.022292979707386e+18, 355.2857142857142, 222.66555169842604, 18.911282373704807], "[180]": [55.16075591188019, 1221.8909380332716, 651.5714285714284, 412.9176958676403, 107.95573008620568], "[200]": [116.1889937113101, 6803738620667564.0, 1018.2857142857142, 3353.519372273684, 185.46200221434992], "[220]": [93.2482082280385, 1.1656003913176219e+27, 419.8571428571431, 3817.002246345639, 458.20297942766047], "[240]": [160.53918522554795, 1.9032807203220502e+51, 1089.2857142857142, 6186.549263018376, 510.59470460892135], "[260]": [108.34983921872777, 5.5211068874309e+35, 764.8571428571429, 2527.1093540256575, 340.9662260361961], "[280]": [76.4593100012641, 7.503064872604237e+56, 323.1428571428571, 848.7872929495607, 118.68169435759035]}