{"[20]": [32.42438736980251, Infinity, Infinity, 41.590752842432785, 36.148473276502656, 57917.888407152066], "[40]": [135.34751803390031, 357.68033615701586, 774.2603379973494, 202.63689199528721, 1025.9833772146676], "[60]": [2050.3394013218913, 12778.338965987743, 14231.147006069978, 9126.487066058266, 26137.039958624322], "[80]": [33821.14636800149, 1275.8097531716896, 17489.724020575595, 32069.76421189298, 8410.955149280495], "[100]": [764.9329738850502, 60929.56025511275, 24344.903892382434, 3455.809839909605, 9920.237605133552], "[120]": [870.3426873267463, Infinity, 6732.6009237317, 102.43297355962436, 1202.062235189639], "[140]": [389.8714645359924, Infinity, 1195.2534133102076, Infinity, 59.070097042476775, 181.4552779617637], "[160]": [1778.6222026407108, Infinity, 237.87339223236816, 14.844364500748119, 40.05009354625489], "[180]": [1646.4011517092458, Infinity, 38.88813124670774, 6.587427344507587, 4.293114904523409], "[200]": [1117.3089174455054, Infinity, 5.08025479878579, 0.6677594721339735, Infinity, 0.7260128480629038], "[220]": [740.9210299294944, 485852822593975.56, 2.0, 6814778.388314276, Infinity, 0.6005894749691197], "[240]": [477.3302022714955, Infinity, 0.0, Infinity, Infinity, Infinity], "[260]": [295.37330666071284, Infinity, 0.0, Infinity, Infinity, Infinity], "[280]": [230.4012043100624, Infinity, 0.0, Infinity, Infinity, Infinity]}