{"[20]": [Infinity, 4.402378807790231, 6.0, 5.9999991742219665, 5.999986322904732, Infinity, 5.999995971601631, Infinity, Infinity], "[40]": [9.087288117921284, 16.04630618861742, 3.9568572867176353, 80.90608880045546, 97.26191337141145, 8.93696357550175, 6.437571314120237, Infinity, 61.16875341100897], "[60]": [2.592822600713004, Infinity, 6.500243976149929, 26.313266269486377, 24.435408752544692, 15.781983908405943, 1.8162927001067073, 202.30376322728475, 33.119038643185476], "[80]": [42.39738401872162, Infinity, 51.48440847361036, 87.31657655983764, 78.9597505973979, 44.68041312292976, 17.70381143490581, 33.03629477758033, 34.11971955438842], "[100]": [94.53157544363198, Infinity, 107.40421024509074, 162.19648609191367, 159.45860923074304, 8.388648190399087, Infinity, 52.2099131445662, 15.040812094596749, 17.145001334531038], "[120]": [319.52036262675495, Infinity, 370.0924724843656, 460.277057858663, 439.67369892822956, 106.33018917546673, Infinity, 279.69781275698944, 96.30464839175804, 103.6613954476988], "[140]": [78.93040039038, Infinity, 647.536248585847, 73.16041558176599, 91.69199170907108, 96.57639484741736, 355.6892961875963, 341.52244374437447, 350.18057007664436], "[160]": [27.511369075646424, Infinity, 588.4069079066619, 696.4080405740436, 160.55404848780034, 285.2646366349828, 163242.09534813114, 1002.0748257427682, 915.5639977732932], "[180]": [179.38627395878194, Infinity, 714.6291600343186, 1374.3462670988897, 456.1118436194142, 659.8354325843404, 354.51339645344154, 79.50517191095012, 94.29192958797876], "[200]": [107.39384151891774, Infinity, 1231.7707720717951, 2480.097524520062, 970.3701010874622, 1560.5181758199678, 740.5682974094274, 640.3328615611341, 647.5946680163283], "[220]": [164.1960961226075, Infinity, 236.5018350171837, 850.4410392031674, 356.4504888647276, 204.13843313480808, 787.8295173552798, 233.7167159155632, 186.83685444623765], "[240]": [40.486823290359546, Infinity, 1266.2813360546993, 50.27248562902175, 1161.048415628772, 1239.4743063586932, 6567.043044274838, 69.795734717412, 137.47652660942742], "[260]": [38.90003994115377, Infinity, 1136.609563579686, 58.15363748558305, 444.4664751622657, 1044.7682090883638, 4052.3090943811567, 23.103739163651564, 36.21976562981163], "[280]": [34.35859784042323, Infinity, 594.5997212082332, 121.3411373285077, 136.70908154309362, 307.42825379000504, 2553.005310097532, 166.9682043603734, 160.9283619933459]}