{"[20]": [Infinity, 2.4610412883214257, 4.0, 3.9999991742219647, 3.9999863229047325, Infinity, 3.9999959716016313, Infinity, Infinity], "[40]": [96.24772383380561, 23239555874.86008, 100.4305256685808, 55.88987310653708, 78.67570764753106, 160.33119253777474, 912.7859918566809, Infinity, 86.98554782667306], "[60]": [413.59991602532557, Infinity, 567.782177557281, 619.4740637446237, 628.746754390793, 572.3164513541864, 21708.43239004935, 69472.03586813559, 208.20499188750202], "[80]": [2172.9884032823566, Infinity, 3948.040479007098, 3771.2974006338077, 1133.0804188763332, 1143.3191395704505, 920.4536260708827, 193.9803182465785, 81.57392952700901], "[100]": [4443.654288980889, Infinity, 16184.350857918123, 6953.743453626363, 546.0783492475971, 753.3840846184628, 119839.87686125076, 9862.549077221835, 9779.994784592798], "[120]": [8984.927582912307, Infinity, 10571.100036271733, 21090.029122844076, 2501.462082453366, 449.05514187893897, 4815.943882695558, 5045.583485869399, 15653.394175340258], "[140]": [794.7527176013782, Infinity, 16607.700637375143, Infinity, 14773.521998759774, 4973.921201704, 235.52053841676496, 758.2684387530087, 58436.92648449664, 53734.51004267934], "[160]": [2004.1203455761256, Infinity, 10202.089682294074, Infinity, 5017.91762815576, 1272.5201765680663, 416.92525643487375, 16.74835007805251, 13352.600010197271, 7349.980039268689], "[180]": [458.5926421541196, Infinity, 2974.046670464443, Infinity, 1715.139991012085, 6.373047010658436, 240.57970259622013, 377.7624867659751, 1444.3225181968464, 1638.8230269864193], "[200]": [711.2874161354447, Infinity, 1070.8099666761343, Infinity, 486.9400605496113, 3.547233486952806, 76.17510040465068, 120.61586685606677, 174.80252780322536, 185.16176521233876], "[220]": [884.1571012526218, Infinity, 298.255833008997, Infinity, 151.5580184831055, 12.847027079884452, 41.845710644402864, 55.89986497427172, 915.8577588428969, 887.6353341278343], "[240]": [714.2793269205632, Infinity, 85.534588725655, Infinity, 48.95818160816051, 11.437962800533649, 20.249216741322993, 24.50440433315432, 436.3881376763165, 461.2581431374349], "[260]": [746.9641373449381, Infinity, 30.438914443537136, Infinity, 20.708193566569957, 4.841218033144844, 13.250480868523667, 11.750939051812882, 565.5977017789667, 562.0882134207793], "[280]": [629.4878415421445, Infinity, 10.28827560066116, Infinity, 4.0112217838596855, 0.3496998074228453, 2.0800074976897567, 1.958922757821466, 471.202463398807, 466.4429110417865]}