{"[20]": [0.0, Infinity, 0.0, Infinity, Infinity], "[40]": [0.19802452840724713, 3.7075301875575555, 3.1442618621459304, 2.262502147080723, 20.391996136690384], "[60]": [3.1974047070459966, 2.963476472759409, 3.7626080415172747, 6.239545946496406, 71.17027015202768], "[80]": [0.6090283817708726, 261957.4000246089, 1.665293935280043, 3.1602816538743026, 84.24593168020593], "[100]": [0.695111988835491, 1.5761800579635681e+19, 0.2739582696641968, 1.431054392742649, 91.71255698313087], "[120]": [2.941880413917782, 5.237842732129046, 3.4955148212683698, 5.735822422109372, 150.05779782376413], "[140]": [0.628919096331218, 2.4281230652899e+18, 1.332895678540165, 3.8981923883730247, 156.13114100225087], "[160]": [1.8395160152018324, 91019.63816102345, 1.6139282446354355, 4.910450841464916, 181.5897272432216], "[180]": [0.8340290804979906, Infinity, 3.594039766886913, 1.5167311409272357, 373.04447147261925], "[200]": [1.0018624884841782, 5.2232703685157336e+20, 9.046241415094842, 25.675512409485034, 914.9119221062324], "[220]": [10.399871749512846, Infinity, 44.32999162634156, 2.7771621500201475, 1942.0688399697665], "[240]": [23.612189658631383, Infinity, 52.32054695735007, 13.337457213456982, 5035.640169570382], "[260]": [52.89988752680367, Infinity, 139.0226001036054, 73.91072176172793, 17007.301559868854], "[280]": [22.976725127488493, Infinity, 124.13586412570521, 76.28622491845623, 32.735946231298335]}