{"[20]": [4.0, 3.8610357511668285, 4.0, 3.9999993602635624, 3.9999898707876245, 4.0, 3.9999999996917395, Infinity, 4.0], "[40]": [3.9515948634704117, 268435960.70157355, 5.571428571428571, 20.7848390842975, 17.761899802781514, 8.12137822338882, 3.14219045574914, 25.171936035156143, 3.6550467741949806], "[60]": [0.6312727333507553, 1.6870675686121236e+18, 0.14285714285714235, 10.5835905509147, 11.535797323605513, 7.20506376845539, 0.2886903129181526, 30.340653066746853, 16.608074472287832], "[80]": [14.577735096910306, 3.729403789879908e+27, 11.142857142857142, 24.18537385867285, 24.889295857866312, 18.769289444265656, 18.519864348139038, 13.637293449025975, 10.144212517418975], "[100]": [6.560213826976685, 2.647552091869952e+35, 9.714285714285715, 27.756528506708836, 28.960798857607344, 0.14528872391208125, Infinity, 35.585586841285306, 5.686894172358343, 3.779400005281289], "[120]": [6.028706280963249, 8.308450134770628e+38, 5.857142857142854, 31.58242498661202, 32.75821315337036, 1.465540254539242, 1.221413433536469, 7.052460853239964, 5.7158512020570456], "[140]": [2.1964054400452966, 4.976266294395922e+53, 2.2857142857142847, 37.559277287993545, 39.536447129903564, 8.608019168058362, 1.8313746103413493, 11.031875946560582, 10.543681354276686], "[160]": [8.767447496716954, 2.135402919236706e+62, 9.57142857142857, 44.81646096726998, 46.223109932025935, 12.344136224265064, 4.689138531569668, 3.285152664816124, 2.5766546297691164], "[180]": [18.54829051819219, 3.104745092395459e+70, 29.42857142857143, 75.49683190095362, 78.18164538235501, 33.32059408171622, 12.278815757711712, 12.788463727190475, 12.991322306768211], "[200]": [85.61231038451876, 2.1119689227880706e+80, 103.42857142857143, 149.5854802894407, 145.04967518856427, 89.98682088834228, Infinity, 80.89184350470327, 33.60864293092962, 33.49831586747655], "[220]": [208.20016372221903, 1.776360035683665e+88, 251.28571428571428, 180.79461437717475, 142.40691233579173, 173.66222686243702, 148.41401690443098, 99.41898589903678, 100.84417509495802], "[240]": [233.18252473869939, 1.0427345148083256e+97, 721.4285714285714, 499.0714092782906, 317.6523095658408, 249.3058976855532, 215.52665172577508, 63.83444637589923, 63.2427507628945], "[260]": [18.401236071160383, 4.2491225503989994e+105, 791.1428571428571, 630.8966756607658, Infinity, 199.5389060374821, 444.58815069254024, Infinity, 196.45711843583967, 719.991682277197, 721.6484837296975], "[280]": [107.41849819029267, 1.6874702090631743e+114, 511.14285714285734, 479.01600356159497, Infinity, 99.3527337839414, Infinity, 2489.9454769770073, 146.0357953578673, 290.4589568224483, 304.175410872434]}