{"[20]": [1.0, 0.8610357511668286, 1.0, 0.9999993602635626, 0.9999898707876245, 1.0, 0.9999999996917396, Infinity, 1.0], "[40]": [19.06156969561869, 60940809.634518065, 22.714285714285715, 52.89703179458671, 53.88973845381091, 59.390078134325634, 59.52033912440696, Infinity, 10.676995129760293], "[60]": [211.5371960772594, 1.687067549889118e+18, 237.71428571428572, 245.30213747143122, 250.40265331388616, 80.95260066172716, 67.03585826563625, 281752727.7110057, 9.443109392200597], "[80]": [1670.4278063780716, 3.729403789879908e+27, 2756.0, 1217.2654019297963, 803.0596868688676, 301.29800671979365, Infinity, 1984.8955188896364, 818.837759188626, 663.3763554900306], "[100]": [10582.757133421543, 2.647552091869952e+35, 14189.285714285714, 7883.236155019433, 4258.846768744064, 3102.2864008563356, Infinity, 12336.647400994854, 12518.16028888844, 13625.557035999427], "[120]": [1726.1786099014716, 8.308450134770628e+38, 637.8571428571413, 3872.9594869932516, 13364.13335040606, 7476.00553898724, 7338.362516781763, 6495.450285561266, 19386.880461756227], "[140]": [284.3217897496961, 4.976266294395922e+53, 12056.285714285714, 46.77534176205336, 2810.698902302538, 2824.302563942523, 2729.452080805675, 42853.41296542762, 35844.02043308515], "[160]": [779.824134336236, 2.135402919236706e+62, 3717.142857142857, 302.6065233071479, 667.5550615151108, 768.3537449535129, 823.4857854820534, 8245.734116553522, 6303.422449714395], "[180]": [614.7085581870888, 3.104745092395459e+70, 664.4285714285714, 97.25046842970471, 156.35739530943772, 200.29904376360463, 235.35309991852716, 1632.8390308033195, 1414.2367084775697], "[200]": [527.7592882723693, 2.1119689227880706e+80, 104.0, 31.345234507075084, 40.5313027228969, 55.47131283599066, 68.5964148570275, 765.9355401773739, 801.0175701149379], "[220]": [235.68866800441265, 1.776360035683665e+88, 11.857142857142858, 5.476243788307121, 6.729457904987546, 11.036932817270953, 15.03552956032846, 388.88221383182315, 404.8630339745353], "[240]": [281.9144688637134, 1.0427345148083256e+97, 2.4285714285714284, 1.618444420969028, 1.8582679188212097, 2.875903569791046, 3.8483209702340644, 395.38368273328865, 403.0513627123523], "[260]": [243.46531505084658, 4.2491225503989994e+105, 0.0, 0.2793480457279599, 0.2990381855990318, 0.5594213110444063, 0.8203153381447852, 312.6695722646996, 323.6630963689418], "[280]": [220.22878005441453, 1.6874702090631743e+114, 0.0, 0.053086209814535594, 0.05665433872800788, 0.114756507622349, 0.17501886615320877, 271.85222604594327, 280.5289591376291]}