{"[20]": [2.00102479240984, Infinity, 4.721784081199962, 2.2253576441629392, 107.7571624928303], "[40]": [2.8159389418943954, 2.799931697603218, 1.055893721165062, 3.609404180030906, 48.32770399037872], "[60]": [4.2047207982854795, 178702081.73954046, 4.231152389292383, 5.437155482343866, 69.06223825891624], "[80]": [0.4688798445261649, 3.1579179113577673, 0.39481414996808006, 2.2332025915242375, 87.03252515806469], "[100]": [1.0459055681849363, 5.571630698674397, 3.3488706966209416, 1.8284536191865381, 121.15620011900123], "[120]": [9.26607080595039, 1.7960286532417569, 3.1547648208731798, 12.826486234155437, 288.33668179082537], "[140]": [15.798417344443568, 34.77531723152945, 24.354070879820434, 17.924845299825076, 669.0933974245604], "[160]": [15.19768937382642, 661838.9540317056, 19.262838846707126, 17.763993688889023, 956.3699069500811], "[180]": [1.3929942798700097, 687.2393570097604, 19.734210330158472, 0.38691770211472903, 5068.492038322445], "[200]": [6.962720380900644, Infinity, 100.49446016428018, 22.328675870680364, 30.45146492803553], "[220]": [66.6488501300472, Infinity, 336.8222520822462, 129.8821529000395, 71.22621202626142], "[240]": [105.8710936006437, Infinity, 618.1229279350998, 211.0091606177557, 165.84242289103724], "[260]": [58.84829922184026, Infinity, 502.8464672930948, 754.3305896519329, 230.98230809604868], "[280]": [30.22065861986673, Infinity, 344.5369426264944, 23.90911097746247, 98.89114141807588]}