{"[20]": [0.3802363320611567, Infinity, 0.9267550879907632, 1.7591158178235304, 63106.48795978544], "[40]": [70.70577818668747, 1013.7683651218234, 76.97823638078627, 1.442995011753544, 645.635006227698], "[60]": [186.96688178604452, 246.79598247953746, 1752.867413315415, 763.9287285904129, 3701.965670939873], "[80]": [3457.4963736470468, 2972.930501170355, 17997.070640681883, 18254.74515826737, 13622.380999842124], "[100]": [9856.098676411504, 63982.448913417684, 9224.60641820297, 8391.936847710776, 11077.999399048313], "[120]": [2111.494461791155, Infinity, 8128.43046223485, 1546.9588908712362, 3921.06931056492], "[140]": [243.73363047156474, Infinity, 1491.1701436998703, 268.7072003605918, 558.553599911181], "[160]": [221.3600446652808, Infinity, 362.5960150420353, 33.22130702769836, 107.03196445360153], "[180]": [238.5844447726462, Infinity, 82.49793352728807, 15293.70746345168, 20.235564116990567], "[200]": [263.9362080275899, Infinity, 19.80144769513951, 284364.28640383715, 6.147874748073951], "[220]": [242.15548624360508, Infinity, 2.6112760451911865, 3930193.9935245696, 0.11415972387885262], "[240]": [204.53551602391954, 3.760665422650373e+20, 3.155715649619637, 0.8988184801909757, 2.193429745849025], "[260]": [173.55526652083125, Infinity, 1.0, 0.3048232425401247, 0.7312335629156889], "[280]": [187.20293818801727, Infinity, 0.0, Infinity, Infinity]}