{"[20]": [1.0, Infinity, Infinity, 1.0, Infinity, Infinity, Infinity, Infinity], "[40]": [0.971165599034606, 1.2794296648029628, 1.0, 1.6306785343959964, 0.837821451650409], "[60]": [2.5553478143018133, 14.794102262172084, 2.5714285714285716, 0.7237113472695575, 3.1839049160746073], "[80]": [0.4657018539836879, 2.2290000764660363, 0.0, 0.0, 0.0], "[100]": [0.19261692828543697, 2.4046388339641984e+17, 0.0, 0.0, 0.0], "[120]": [0.1490890389576037, 2.5016788418554443e+23, 0.0, 0.0, 0.0], "[140]": [0.13841371620679954, 1.2200790716956115e+41, 0.0, 0.0, 0.0], "[160]": [0.10530479010534821, 4.092828541051046e+48, 0.0, 0.0, 0.0], "[180]": [0.03790313394759286, 4.540496743216101e+63, 0.0, 0.0, 0.0], "[200]": [0.009801877984502494, 1.3226422966952824e+69, 0.0, 0.0, 0.0], "[220]": [0.004265908808855537, 1.205699435141411e+68, 0.0, 0.0, 0.0], "[240]": [0.011588454586935859, 9.148505362091683e+81, 0.0, 0.0, 0.0], "[260]": [0.04134847464036044, 6.084434970324289e+96, 0.0, 0.0, 0.0], "[280]": [0.04163175143946579, 7.804459417317628e+105, 0.0, 0.0, 0.0]}