{"[20]": [Infinity, Infinity, Infinity, Infinity, 38.285714285714285, 30.69991231198, 31.66195165312395], "[40]": [Infinity, Infinity, 65.57885151440394, 343.57142857142856, 473.87540861815273, 364.9708956790187], "[60]": [2315.711390727479, 1210.7132626280004, 592.0, 1085.972688371509, 902.0683759801673], "[80]": [128.36345478263888, 175.63444290263578, 502.2857142857142, 1583.89999543623, 407.87499611336443], "[100]": [142.74130670664817, 1170.9372535015073, 396.2857142857142, 1944.1815197466287, 3.9311049631764945], "[120]": [1621.273951148204, 2089.4474543578744, 2181.0, 4151.951747530866, 2102.2520248108503], "[140]": [12626.916656368965, 7343.139442433032, 18074.571428571428, 16768.809685396693, 10479.088740232537], "[160]": [16742.89842444132, 4.526995039995074e+34, 7116.5714285714275, 16547.616018716395, 726628.1957271914], "[180]": [1003.9951619559656, 7.46081064329552e+20, 11663.42857142857, 3353.2019918814367, 580253.3110263016], "[200]": [2106.981438230956, 5.4561711252065946e+48, 2595.1428571428573, 749.6467813766011, 104712.50055903848], "[220]": [1759.862906682986, 1.9073238869931904e+68, 554.4285714285714, 221.38118496023455, 132557.00969481913], "[240]": [232.83520992639478, 8.276865062256877e+29, 177.14285714285714, 33.853219521420954, 118243.03740974034], "[260]": [235.6245956538307, 8.155637498173899e+83, 26.285714285714285, 8.93116469880163, 16162.162897502181], "[280]": [1318.4073092280123, 2.557835768540612e+67, 7.571428571428571, 2.842963498065946, 8494.332207708558]}