{"[20]": [17.731993713947, Infinity, 17.960130931771666, 18.158509792437588, 3164.008374175883, 13.23331308921028, 39432.70544417941, 17.791898605064816, 18.157096451099342], "[40]": [368.1333468915535, 319.2443885523302, 374.71580481619907, 20.651446608837496, 392.911613795188, 233.61402955643806, 690610.3419958481, 73498.05809185853, 16.740941807920805], "[60]": [4853.446148741181, Infinity, 6959.01931254678, 6034.014480401189, 663.9117405221261, 374.65177191717015, 4701.1120087250565, 6126.7299805871035, 1041.4461169371198], "[80]": [7082.8504737243775, Infinity, 8880.703797620825, 2116.3993878344613, 10234.385612847429, 2948.919840833634, 3562.322672259803, 319483.11646211764, 229508.23202531695], "[100]": [670.9429677335979, Infinity, 12320.449900574038, 734.5715729319522, 432.9246186824971, 1242.3496716404943, 681.2532428038405, 176028.02723123593, 184548.80885555045], "[120]": [1598.275886941651, Infinity, 3239.3866241970295, 68.92390914775889, 100.39478704530381, 17.805376970942376, 30.370959778830034, 8081.825435427157, 8475.526711442642], "[140]": [335.6431270969583, Infinity, 561.2751993191076, 66.44540824005644, 69.25639033716222, 53.1360507853261, 21.743500613205622, 702.3296468948407, 432.59478743017144], "[160]": [396.49243735370857, Infinity, 109.80253198513215, 15.643136725607635, 16.331733336509167, 13.240513393645129, 8.467759907732775, 1537.9690503749662, 1539.9283718702782], "[180]": [290.9980772621042, Infinity, 16.405244389276362, 5.2895592953255814, 5.419560151406525, 4.919314114409831, 4.057151231966708, 1186.439675492562, 1129.909139171876], "[200]": [261.7354649166144, Infinity, 5.924358298786627, 0.49323724201563146, 0.4559648507143499, 0.5451864632552673, 0.5573979931731718, 955.6317720800245, 960.3510310065285], "[220]": [247.00965873021897, Infinity, 0.1598302293330967, 0.08810622048191295, 0.08079107995505962, 0.09541800412728944, 0.08308625776857317, 759.8604776925102, 759.6198595507291], "[240]": [230.199292115668, Infinity, 0.0, 0.0015731830305700878, 0.0015441357772682238, 0.0025753400620448018, 0.012247084635679027, 619.2394755679663, 619.5296606090953], "[260]": [216.0776433334969, Infinity, 0.0, 0.0001786671093185206, 0.00017505841352357217, 0.00031337113363431884, 0.0018209146272605682, 534.8800789688771, 538.4194139851418], "[280]": [203.81286031923463, Infinity, 0.0, 2.0291198387625398e-05, 1.984479433175579e-05, 3.8130554867196666e-05, 0.0002707100817229346, 467.6658099955736, 469.91514991250756]}