{"[20]": [1.0, 0.9998732810558355, 1.0, 0.9999989164443391, 0.9999886477992106, 1.0, 0.999999996586311, Infinity, 1.0], "[40]": [24.279662093389206, 2557287.346034988, 29.285714285714285, 12.649048083973803, 13.068327242943177, 13.6542360191985, 13.80967598883101, Infinity, 14.88966918829761], "[60]": [85.52884397733527, 1538406394883080.0, 185.85714285714286, 161.2449208485449, 175.4267276890451, 123.53731937132952, 135.46131147665307, 1346.0072589916965, 65.19230138765488], "[80]": [4.733890738374157, 3.40077629912588e+24, 33.571428571428555, 179.2904761925504, 11.912573463864476, 103.68670265069204, 19.48963947266543, 564.5850238060684, 408.9995723825981], "[100]": [15.093570864556114, 2.414254885475781e+32, 21.142857142857167, 285.1411523195762, 16.719221835219912, 20.48062080519196, 22.570370290876383, 20.17109929643425, 39.890669631203764], "[120]": [0.15968959638553315, 7.576325486168787e+35, 13.142857142857167, 281.86636102834143, 10.410379417097488, 17.384623910031962, 10.026332933547394, 35.527084244254866, 12.629848424133229], "[140]": [407.59962792521105, 4.537767621226321e+50, 605.0, 913.7291723757894, 535.1027981793424, 601.7855569463474, 534.7348955934117, 381.3561026559187, 395.7054309129569], "[160]": [2108.0213456663187, 1.9472354461076123e+59, 6809.0, 5818.750327790341, 4268.166319926072, 4364.647459892305, 5527.9979399844515, 75.30320479842158, 83.82909297641163], "[180]": [1714.3248581759763, 2.8311610852975855e+67, 18536.714285714286, 30075.570057539946, 7022.271816040593, 10614.467543903796, 1382.0169097960825, 2924.9595950067087, 2498.833106789847], "[200]": [494.4257546800727, 1.9258664884755883e+77, 12915.285714285717, 16572.66398494952, 17143.71243382484, 17271.609418600943, 19807.1962271718, 15844.471471045006, 15267.655370090622], "[220]": [1790.2491407751786, 1.6198306258292654e+85, 9038.142857142859, 3351.7989930535205, 5433.899129810152, 9504.77152329672, 10649.715706789317, 2835.6716979584617, 2968.88040212317], "[240]": [647.6002264872777, 9.5085081810186e+93, 2806.5714285714284, 242.09667918419746, 1714.7796790498774, 4097.523366151222, 4669.5983178495435, 662.6055804336665, 625.4162440935738], "[260]": [351.3512187206352, 3.8746981460246653e+102, 616.7142857142857, 189.05247522512047, 456.89175863829644, 1762.4930377431897, 2036.718819683966, 15.427613972315612, 11.652011925864372], "[280]": [389.36232151325294, 1.5387735893052318e+111, 61.28571428571429, 89.04233012126812, 106.8396115080009, 671.2487950510728, 787.4265172708779, 172.5024738993614, 177.770237238943]}