{"[20]": [3.0713163875399005, Infinity, Infinity, 4.028492124677007, 2.992096553460807, 113.94309825671652], "[40]": [0.2962785805533778, 43.80376441424114, 7.947356802618628, 3.9862675165944457, 100.3891512074446], "[60]": [4.765636336915024, 4.056492572746033, 2.023905207902727, 0.3189296562221909, 237.98840920175996], "[80]": [1.4086409472128891, 161613234411.4634, 2.3612136321874333, 3.784992110486202, 279.98912396194714], "[100]": [3.805178276000559, 11.010829947506389, 0.9616677582695846, 16.088098446400217, 596.3951565402464], "[120]": [0.650119583631534, 21.80337505791222, 3.4851873156869146, 6.437601058044562, 1113.2905100901003], "[140]": [3.626913058659548, 2.824174617696851, 6.419237452128713, 3.3475217003016517, Infinity, 1350.4767601428746], "[160]": [10.216924974230379, 586697558718.6101, 14.104255102298376, 14.328698589022023, Infinity, 1162.4875995470359], "[180]": [7.434963210173526, Infinity, 10.902226808346843, 10.799418095889676, Infinity, 1806.7555372914996], "[200]": [13.913602786895858, Infinity, 48.36525642625459, 73.2972182349007, Infinity, 2588.9959953638813], "[220]": [17.096498760814498, Infinity, 145.6863940196657, 4.05986107142045, 13149.306220191154], "[240]": [56.2218120494776, Infinity, 327.90321173335747, 14.9767356457352, 28562.187226207283], "[260]": [74.13739612213782, Infinity, 418.9244647815722, 172.0843940355626, 85.14246716633096], "[280]": [52.816567409544476, Infinity, 423.4094916800989, 318.83360022871216, 120.83025042055041]}