{"[20]": [Infinity, Infinity, 2.0, Infinity, Infinity], "[40]": [Infinity, 4096.598814452805, 2.1217518770917825, 4.54131211418722, Infinity], "[60]": [1.7093493936723163, 12.22542613092801, 25.607257536477192, 38.15904277359736, 20.847278227240476], "[80]": [1.0918168964537518, 0.7921450885805023, 5.360577763587723, 25.651304731739486, 6.759121856866241], "[100]": [1.0083347924361334, Infinity, 2.322758863913199, 19.458585068491363, 3.1773254120433108], "[120]": [4.851614499706365, Infinity, 9.372565924214035, 10.843038451328345, 4.625631392296745], "[140]": [3.917035567571, 38622996.57695156, 42.567596980742074, 68.38586900691976, 7.483083912748829], "[160]": [61.91225492428331, Infinity, 521.8057266324788, 721.390720401132, 109.20113256661215], "[180]": [374.94450076482224, Infinity, 2677.088480354375, 2497.1240470597722, 4678267.460884708], "[200]": [441.4805544978329, Infinity, 647.3822507397952, 1673.9451363898165, 4395038.183710537], "[220]": [240.52066777046247, Infinity, 2469.1129339327717, 700.4110710599031, 15194700.73695613], "[240]": [12.230503643576645, Infinity, 1268.3727189963436, 422.69570961665056, 395588.96437877795], "[260]": [12.602802255746441, Infinity, 184.84360487503292, 23.74426737853793, 47395.83136049777], "[280]": [12.633200133448133, Infinity, 19.34230264364539, 4132.984437573729, 17367.618857295405]}