{"[20]": [0.3237564345673505, Infinity, Infinity, 21.142857142857142, 6.173941341539166, 17.211540704848478], "[40]": [3.633073431523542, 494.30305388276923, 459.2857142857143, 145.96797381655904, 136.09780398253957], "[60]": [2776.073790620405, 29123.967610914457, 9304.142857142857, 7141.604066680102, Infinity, 5680.9435555312375], "[80]": [14488.719954134156, 31006.540121587423, 2300.4285714285706, 8979.972721101283, Infinity, 3969.2650693549112], "[100]": [598.0398623456276, 9514.07120701579, 9718.857142857143, 2699.941688219764, 3137.55301926854], "[120]": [1808.28362339055, 2.2882738708159037e+20, 1959.2857142857142, 679.0037691879115, 719.8168265696931], "[140]": [204.87956260904065, 7.580726354696925e+20, 450.1428571428571, 126.77221757017216, 272.4497489500941], "[160]": [1595.7624130187314, 7.070708322206745e+23, 165.14285714285717, 131.73617764421383, 131.3034812701313], "[180]": [1554.6719580264519, 3.909096537141626e+24, 50.57142857142857, 37.483679628447774, 45.721094412684195], "[200]": [1125.348175347137, 2.31384306146727e+26, 24.42857142857143, 11361.402557875457, 16.093394993112945], "[220]": [776.8117181444127, 1.4761627319420007e+34, 7.7142857142857135, 11423.159707337461, Infinity, 5.564531196585878], "[240]": [520.763998376842, 2.646372467103462e+28, 2.0, 0.20071622029244438, Infinity, 2.005392624442747], "[260]": [300.338194095709, 1.2950978368066278e+26, 0.8571428571428571, 0.07995117845854298, Infinity, 0.5179319313156026], "[280]": [75.3633814770743, 3.4048270355572546e+45, 0.0, 0.0018987485532135603, Infinity, 0.12417549297967044]}