{"[20]": [15.21727429007867, Infinity, 16.857142857142858, 15.84751748960712, 15.52464302570837], "[40]": [19.36387489008297, 240.76842314235535, 239.42857142857144, 56.07069607252714, 59.137082232846126], "[60]": [141.7899535837314, 9341.681449988435, 7164.428571428572, 2794.2038186221025, 1853.0356233527173], "[80]": [2757.2284786967066, 10899.652290960425, 35062.28571428572, 28540.189851880692, 3434.737635471509], "[100]": [5557.108289008887, 3001.299348715227, 29076.0, 11518.97488127945, 13285.60719770065], "[120]": [3342.831791356828, 23726.680950802234, 8688.285714285714, 5287.0832229467105, 3570.113241734167], "[140]": [73.86778159656342, 1.028940639049098e+20, 1571.4285714285716, 1505.2442942239418, 1005.5313521022586], "[160]": [957.612449597417, 1.7413533097129953e+24, 424.28571428571433, 508.03771956106766, 303.8231744325201], "[180]": [624.9232180544906, 2.7408983148220934e+25, 140.42857142857144, 146.41379190865433, 104.55498813510422], "[200]": [273.12853279328874, 6.098861897608151e+24, 56.85714285714286, 38.82868625581597, 34.310848528237216], "[220]": [108.61880063588501, 345383463142.16815, 12.285714285714285, 40096.095132004135, 8.226637112192996], "[240]": [82.85051984605781, 7.103418403523688e+18, 0.1428571428571429, 0.1522158982617119, 1.4411213404046879], "[260]": [151.24881413662422, 7.437503400977269e+37, 0.4285714285714286, 0.5278419276382773, 0.34508388094455933], "[280]": [292.8007561097204, 1.1856573126526413e+52, 0.0, 0.32786306646848046, 0.23552606507582713]}