{"[20]": [9.0, 5106.329513713683, 8.285714285714286, 21.680195859391443, 6.666967925214932, 3.6682164965959965, 5.41864014544235, Infinity, 0.35922243001433607], "[40]": [75.28642502984405, 15.83968177569129, 86.14285714285714, 13.029306431334248, 97.81130440436291, 59.50349430421552, 52.99552373967764, 26.79928038295023, 17.251715883868457], "[60]": [25.057060299429395, 1538406285127467.0, 451.2857142857143, 380.2782694408401, 221.9870011784825, 35.809095271228216, 10.874813159182622, 4926.745026628861, 232.4762888999876], "[80]": [60.04622578101976, 3.40077629912588e+24, 216.28571428571422, 610.5638975857994, 105.85792585415197, 187.56719082751238, 83.59694944758417, 2930.5622380907216, 635.9098719501314], "[100]": [187.44045309439616, 2.414254885475781e+32, 237.57142857142867, 1011.7564008441749, 182.4258757151838, 373.5727631687371, 82.14737251835595, 337.7514866785873, 301.14354238148667], "[120]": [35.06249231732272, 7.576325486168787e+35, 298.7142857142858, 1319.6408235929755, 204.22479353449125, 575.0577738828067, 88.93294004797053, 9.758546078258405, 0.6802603518926844], "[140]": [1882.8346698889472, 4.537767621226321e+50, 7314.285714285715, 7746.94601094804, 5863.703238259377, 8275.040150536177, 5636.404754419447, 573.3791507782371, 527.0155640740631], "[160]": [3308.9714623045, 1.9472354461076123e+59, 3578.8571428571413, 11553.542694083982, 6281.408085851144, 8278.717437513209, 12030.622710387841, 4072.5536423847225, 3227.537395218649], "[180]": [1538.3309717649172, 2.8311610852975855e+67, 8984.857142857141, 1998.8738177001032, 5993.020537482786, 7169.438732489401, 8303.137548217117, 3286.91889335843, 3216.941292333213], "[200]": [282.77060273429106, 1.9258664884755883e+77, 2622.2857142857147, 64.6257671219787, 1590.9509475301825, 2520.7846116113988, 3439.797336036161, 1671.447739531663, 1428.015090084662], "[220]": [344.9431110360829, 1.6198306258292654e+85, 467.28571428571433, 16.08986555328238, 373.5432763065795, 755.0204718052103, 1130.7951992987742, 327.46064368996065, 282.75394332610676], "[240]": [357.74636871367056, 9.5085081810186e+93, 140.71428571428572, 20.779311152679327, 118.33527652705305, 251.91747662304948, 381.5443599573762, 196.73744663649268, 189.81292767624097], "[260]": [266.9599042683167, 3.8746981460246653e+102, 33.42857142857143, 18.115573637933572, 37.57817376060496, 90.16300912736962, 140.67637289630397, 116.03894725640342, 116.8647132910682], "[280]": [293.6400066575088, 1.5387735893052318e+111, 3.0, 3.229363168839095, 9.07358858586032, 25.5543634516791, 41.49240245363123, 108.79384926763353, 110.66526201222638]}