{"[20]": [0.08064760197805695, Infinity, 0.9425106020459985, 0.22361425243538677, 41.472930132437774], "[40]": [5.92908214122902, 8.033586499632825, 9.580642820555871, 6.883857017558954, 38.51924209910274], "[60]": [0.5898710550444133, 4.574358707137264, 5.696770228439376, 6.860040337848745, 216.05314198591086], "[80]": [1.902011373144408, 7.886751232323169, 4.683942210554549, 4.931175229173829, 469.72498576898977], "[100]": [9.038295010130145, 8.82119520591493, 27.021070591266003, 0.9086251506974286, 718.3399796589346], "[120]": [12.442298030493992, 89.84606157441411, 45.06510449454147, 5.4482834255694454, 5226.981867836977], "[140]": [2.6031224813965865, 1.8358454086683138, 66.4924679768189, 29.85286518175412, 29.479616491287324], "[160]": [41.30628555181715, 10.988123914566883, 105.54624541551661, 69.76451091305634, 130.36249150156982], "[180]": [7.017969322691022, 12.867819887658559, 122.8528950316415, 35.454528527259136, 89.02714635906901], "[200]": [3.974526946445635, 135560242243040.66, 448.3666842694705, 30.522826720225012, 117.49576395606925], "[220]": [23.153789797243142, Infinity, 1032.9109431780134, 121.92977985470336, 220.00343001918426], "[240]": [6.989927356356575, Infinity, 898.765219024277, 645.3654845798131, 575.5038230178984], "[260]": [288.5411099449642, Infinity, 675.7406175203399, 1114.3687149715208, 360.02809396796323], "[280]": [302.54918563172595, Infinity, 1331.3291548193438, 216.81243723349698, 522.6132264880166]}