{"[20]": [Infinity, 219113143.1585262, 25.939451295336614, 22.78366585837282, 34.96148789836221, 34.06855735873882, 62.258112704186594, Infinity, 42690.22606551347], "[40]": [65.46432181854779, 47.90857786462051, 80.48850541309444, 133.4019993097858, 110.5220037000964, 83.77365501986763, 27.016057559427757, 12947.203907251027, 47.17277391630612], "[60]": [36.5824756493596, Infinity, 66.28899436217884, 174.93782946602028, 38.571858782949214, 105.25932802591808, 201.16018211462972, 109.21659964752548, 123.72292693769376], "[80]": [313.6843681584149, Infinity, 357.0064527801134, 551.0834937659472, 329.26840933470646, 400.4176477345097, 298.2099114543223, 181.33624644954713, 64.59615490120348], "[100]": [532.9797922965785, Infinity, 1148.3345327640625, 1402.789326777063, 758.2165485165576, 950.394246027204, 936.7361836162543, 330.7184058729217, 330.63670664333404], "[120]": [593.8689746529184, Infinity, 2864.630243160128, 2939.2258241244645, 1455.711219769234, 1724.961543559652, 2077.5048135550805, 524.802561950325, 535.6255373177896], "[140]": [698.3724763820377, Infinity, 4387.28102423573, 4099.456370824346, 1789.2606069472638, 2304.311254343712, 51487.33277391916, 1629.7311243943784, 1574.0361889293158], "[160]": [196.2132499833049, Infinity, 2298.8294646577006, 4165.473176355391, 261.4989243144507, 1340.356651424077, 2044.2198319832457, 3728.3447871898643, 3378.647579447586], "[180]": [1132.6722240735537, Infinity, 1865.8959671821785, 10269.998907820584, 1033.6024462722294, 2622.3374925583053, 928.3873034338228, 2782.159306674871, 2956.7281432080426], "[200]": [1930.2808769315511, Infinity, 64.28034655761493, 12453.86828317863, 440.9552124212148, 2321.4685673653453, 752.7659073699903, 3647.618387250175, 3490.2323919387563], "[220]": [111.2855289808886, Infinity, 4246.763689629798, 8488.359299313115, 3890.2886627298126, 2092.793940842966, 2302.930355629935, 868.6786930935511, 827.2952662819657], "[240]": [778.5705224434822, Infinity, 4105.484666391414, 4596.349667531743, 2848.2636773017225, 5959.229089030704, 2277.9630827119613, 2575.5262626251947, 2538.69378708347], "[260]": [156.18384867282603, Infinity, 2651.3452280511096, 2055.358667323233, 1397.1978994753745, 4350.209951638636, 1293.4730442535772, 492.39617655345666, 520.5451385861276], "[280]": [111.08602737262892, Infinity, 1210.271405590913, 830.1766196730932, 530.2104053224299, 2645.2555197296283, 608.4694686115823, 27.887222689524187, 29.66934873522459]}