{"[20]": [10.22257972278692, Infinity, Infinity, 103.40694852536919, 4.618956742623966, 63885.43459164509], "[40]": [249.94883925178257, 893.6109298273016, 2306.788881212847, 751.8237703030471, 10376.667485530992], "[60]": [11381.107892394999, Infinity, 39596.369602045204, 25033.30225476454, 12834.202058341012], "[80]": [178329.79585560074, 160321.5870181601, 12797.00091869593, 54313.34943528689, 17863.762542916636], "[100]": [6936.929345744933, Infinity, 7124500.066355629, 44155.454312507885, 3670.7804833692826, 9151.86772714997], "[120]": [3149.760842441418, 20428482.787087344, 9679.21040462732, 578.7482749432139, 1150.533214684523], "[140]": [975.0188338270576, Infinity, 1881.4178650295828, 239.37543557447339, 165.52325938945555], "[160]": [6048.414840908529, Infinity, 413.14861570109605, 77.43842307856696, 23.495709084511216], "[180]": [6026.25709298588, Infinity, 96.7519041258918, 19.523584069026178, 2.9767000412462763], "[200]": [4169.470899380136, Infinity, 13.811080561265156, 5654655.842840164, 0.5617351842054563], "[220]": [2754.2382365940102, Infinity, 7.407589482943068, 3208176.1714625843, Infinity, 0.43466371720419145], "[240]": [1662.7241084967623, Infinity, 0.1665838036679532, 7601.790041328689, Infinity, 2.107669819908287], "[260]": [883.8190575379356, Infinity, 1.2985015472531989, Infinity, 1.4419247057657927, Infinity, 0.18509906932823525], "[280]": [631.4252177117951, Infinity, 0.20617970225683493, 1.787280990316893, Infinity, 1.5175878352737884]}