{"[20]": [Infinity, 0.00038431969908012077, 0.0, 8.756466713984944e-07, 7.900128624105816e-06, Infinity, 2.5035488720457547e-06, Infinity, Infinity], "[40]": [0.4228362206962133, 1756509.2365070109, 0.5708906331413778, 8.050714468503065, 5.873919608743426, 0.9766161422127574, 3.3131507830051974, Infinity, 9.199466463702668], "[60]": [27.94999861440087, Infinity, 36.61264576000007, 22.253520396018683, 10.2855103774903, 8.921099944937732, 37.96226162582185, 16.025681489913357, 15.52832190714811], "[80]": [111.04219675834592, Infinity, 285.62224813107275, 217.67341919352342, 162.90051904037782, 90.16760751914086, 122.78830261681308, 62.62117053727303, 43.4351717075268], "[100]": [358.5404632736518, Infinity, 1408.8622392553323, 303.95289740454865, 278.7605881307993, 269.4475307819181, 594.5631882452553, 416.4751520982411, 311.8551584962056], "[120]": [177.46741707753324, Infinity, 598.1380694739003, 92.04351955284406, 165.94291809338688, 25.235623065611104, 6265.080951857034, 2055.5197777160183, 1713.4713635082794], "[140]": [90.52729215109518, Infinity, 1458.390854055378, 226.3287628026199, 203.76310820590604, 216.81825191305873, 165.4854515995381, 745.4299841687389, 395.79711752759874], "[160]": [46.674428410461786, Infinity, 617.4765581538477, 73.00766352033898, 55.572816933879814, 67.08549906208738, 39.818899144890615, 175.5738189626053, 176.23877280882272], "[180]": [35.16446157151568, Infinity, 164.45908670954705, 39.99410052346157, 36.85768365675672, 39.07205487717533, 30.596642625725668, 11.727781153483056, 2.258181594486869], "[200]": [18.94148226618514, Infinity, 18.889191895125663, 1.2621547113631133, 0.3828275286053236, 0.45140251367340417, 1.3829849160410579, 23.496091783902997, 27.99975582287659], "[220]": [11.77818194780849, Infinity, 12.976498684528043, 0.10353427982446249, 0.9244990683583655, 0.03285985801832394, 0.36452695644624145, 27.752036738224543, 29.602261282438263], "[240]": [13.513337726125137, Infinity, 0.3185529283264817, 3.636179035660713, 3.9222983295283376, 3.5816032746615876, 3.76156023974838, 32.89322083368983, 34.00163554791591], "[260]": [14.607285059469248, Infinity, 1.0, 1.619054933674288, 2.0152409905563613, 1.6065115639678766, 2.161456503566266, 31.56662478765525, 33.66417920714424], "[280]": [11.780391379587218, Infinity, 0.4270708331760649, 0.03617284649555826, 0.048232953785785244, 0.0373107678522502, 0.06266176095009061, 24.458036295494203, 25.262607293345607]}