{"[20]": [4.43303894202409, 42.972390872250806, 6.540953540964214, 26.38583885509512, 20.12932645192667, 2.2163050489991725, 68.00935286208956, Infinity, 33.66912843275003], "[40]": [18.715003848215332, 21.08554610042135, 60.841655832697185, 3.536904758791628, 64.9555927517511, 4.945301642078226, 19.20108369953285, 83.00079827246515, 2.7525541687098753], "[60]": [326.67405769206687, Infinity, 779.9169326875276, 658.1750947517301, 402.7062487630412, 62.75037691907819, 272.1600793279038, 59.4900843384303, 64.81053370282878], "[80]": [1431.211339830363, Infinity, 6194.0264362113785, 3034.3565297727023, 712.4538817271642, 752.4782082368722, 1130.0504882944151, 1392.6122584312473, 989.9447570014498], "[100]": [174.47823282620686, Infinity, 15788.564961657497, 9610.387444702792, 1510.2109910386225, 2014.580433708943, 936.1441001423279, 4179.9485522740115, 5770.231677466309], "[120]": [174.3157300353068, Infinity, 11152.929614926054, 14675.485787180678, 4629.227172925071, 1393.0847804909347, 1139.0829934283568, 13837.10981675326, 11923.033883604963], "[140]": [127.18295849288442, Infinity, 8362.673575320257, 3949.164284702683, 1766.8441889567507, 517.4765566157554, 492.822793795388, 3500.722492245813, 4445.828099916241], "[160]": [334.962453194079, Infinity, 1941.320766064727, 1015.6368939428291, 238.60214233304598, 130.1598574487729, 105.62796851690315, 1508.0342419554236, 1287.9061318317654], "[180]": [121.36033805562572, Infinity, 458.0057015647522, 193.82576979504393, 5.927436969986931, 118.73749573298993, 106.3824799194624, 105.98418142812987, 156.56663068427707], "[200]": [86.475973037256, Infinity, 133.27763340744482, 89.16573369695021, 17.570241683891403, 73.17985677562446, 67.10403998154209, 98.28466251793532, 105.13180026261783], "[220]": [100.36704657346866, Infinity, 44.1284839992908, 26.092101910852822, 1.481285709763516, 22.92306413105241, 20.437426933388817, 248.97353200955826, 249.17831504429543], "[240]": [65.42642613336177, Infinity, 3.076298622085156, 10.088701820254213, 6.143050615980129, 9.482047322035214, 9.104975797166267, 107.97788265644624, 119.05585319146505], "[260]": [69.82273773405916, Infinity, 2.177529538308448, 8.121628155936273, 3.755620187233531, 8.007925524699651, 7.485640058268634, 125.21898305020544, 128.95665651026272], "[280]": [65.4017246750937, Infinity, 3.398033910770636, 0.4851030948396235, 0.8812912691328141, 0.4641068376527963, 0.2976603769202478, 108.90649375302634, 111.85731605799332]}