{"[20]": [1.0, 0.8610357511668286, 1.0, 0.9999993602635626, 0.9999898707876245, 1.0, 0.9999999996917396, Infinity, 1.0], "[40]": [0.7391262607612921, 1989425839.8280761, 0.0, 4.906984276602254, 4.094581512328807, 0.7997257493785452, 0.6124774413351384, Infinity, 0.00022920857688579765], "[60]": [0.8265752719607704, 1.6870675712868388e+18, 0.7142857142857142, 0.5822902327398365, 2.3719300293246017, 1.2509884417775243, 2.021855670417643, 0.9999999999999862, 0.9999999999999898], "[80]": [0.4803961220745945, 3.729403789879908e+27, 0.5714285714285714, 0.08320279879591098, 0.10365899802290147, 0.16245007008562384, 0.18001054557677854, 3.952418544659779, 3.735707131449326], "[100]": [0.3201824755299152, 2.647552091869952e+35, 0.0, 0.0051451645166767914, 0.007509258847215978, 0.006805887798398925, 0.008602623500243569, 0.6938232338033093, 0.9510186552488359], "[120]": [0.21496035266730745, 8.308450134770628e+38, 0.0, 0.00034259608714439974, 0.0005685619900661614, 0.00046252367691829676, 0.0006279394172846365, 0.5207368008462286, 0.6170053298876799], "[140]": [0.22671992639736996, 4.976266294395922e+53, 0.0, 2.2811560555816902e-05, 4.302841158087263e-05, 3.176583100028884e-05, 4.614077535449586e-05, 0.3149174261168032, 0.3677025251562232], "[160]": [0.1610828661828274, 2.135402919236706e+62, 0.0, 1.5188247797877203e-06, 3.256150356022754e-06, 2.1820216696979744e-06, 3.391239927828106e-06, 0.22561521743991236, 0.25890372569901454], "[180]": [0.13914393233122627, 3.104745092395459e+70, 0.0, 1.0112508087285091e-07, 2.4640604050259576e-07, 1.4991258934032145e-07, 2.4916221538469667e-07, 0.17575364576992297, 0.1986735285344012], "[200]": [0.14930197130224296, 2.1119689227880706e+80, 0.0, 6.733021737927605e-09, 1.8646531828183242e-08, 1.0294278307618422e-08, 1.8300869720499494e-08, 0.14393687057374385, 0.1606827131168004], "[220]": [0.13379327982987857, 1.776360035683665e+88, 0.0, 4.4829215324474207e-10, 1.4110577435210805e-09, 7.073130014360906e-10, 1.3445794953239478e-09, 0.12187199400387992, 0.13464275287377345], "[240]": [0.11140490830223376, 1.0427345148083256e+97, 0.0, 2.984779517647661e-11, 1.0678038884390996e-10, 4.8577080966266906e-11, 9.875185027507717e-11, 0.1056719464941443, 0.11573247305916834], "[260]": [0.12555923637364264, 4.2491225503989994e+105, 0.0, 1.9872997338671194e-12, 8.080499733451976e-12, 3.3364814132575035e-12, 7.261240801839336e-12, 0.0932729763558069, 0.10140281645665576], "[280]": [0.08463705007974158, 1.6874702090631743e+114, 0.0, 1.323166488131445e-13, 6.114837549381156e-13, 2.289988618767926e-13, 5.332901144235576e-13, 0.08347787114736802, 0.09018376566152915]}