{"[20]": [1.256536920628887, 3.4877370693912413, 1.6496806533865402, 7.084933132363313, 7.031704642693576, 0.5027010836899644, 8.538752119020913, Infinity, 3.460632561640838], "[40]": [18.157811958914127, 8162417.253112455, 65.23826607216176, 3.75810185016312, 7.4634171253902055, 11.737528124222477, 584.9052433207349, 67.92580127399687, 23.28433808961213], "[60]": [763.4841880306897, Infinity, 1582.3885612180036, 296.67678573908836, 150.59093640368093, 128.81983839477573, 213887.16339998826, 1282.3924974959173, 291.3039303705712], "[80]": [1182.7070826265422, Infinity, 1710.3754063596546, 542.0073069467957, 833.3113308626885, 210.83718291976413, 11878.852934662596, 18392.72308877753, 8169.604940244237], "[100]": [342.3251653808161, Infinity, 2845.6228796351247, 258.15579154678136, 179.66843266115774, 270.60190112622826, 216.43953156030068, 969.5139306894081, 3946.2212346932], "[120]": [94.15543314940648, Infinity, 531.5659621521942, 137.32633709006086, 130.18960855402193, 113.80109986120681, 58.765072351229975, 209.49383143061274, 72.9304766152593], "[140]": [113.86477606728864, Infinity, 119.05645128698556, 86.17269406351565, 76.87943814220351, 76.66091716287349, 63.20316920987643, 263.2947314833969, 252.6487423683402], "[160]": [41.62301192060913, Infinity, 26.67935291514165, 45.26016343882414, 41.71005329638559, 43.45783621301582, 49.91569679390873, 56.75588505822065, 70.32136211826659], "[180]": [42.40048845132992, Infinity, 15.675206592022498, 14.731635526319097, 13.055939398788869, 14.44540005068195, 23.263731174735767, 106.76170977335269, 119.44481106559616], "[200]": [35.652513144173035, Infinity, 4.597821221647404, 2.6513903331829853, 2.218817352131021, 2.6085820096636483, 5.196276622595487, 77.5154923758079, 84.89939102939556], "[220]": [34.29548367551365, Infinity, 0.284068596294911, 3.490170609313315, 3.292437452767112, 3.48397736688806, 4.842332269347664, 72.33393632279574, 74.99606014706241], "[240]": [28.310258137780224, Infinity, 3.06906510444714, 0.9039275370604042, 1.0227395764967668, 0.9047684655774495, 0.03262176006948653, 52.80799456028742, 55.55435653782519], "[260]": [27.664658167320855, Infinity, 0.0, 5.105327185685538e-05, 4.3577813910717184e-05, 0.00016853128204555185, 0.0013123383469122772, 51.47636179540418, 53.32515095787504], "[280]": [25.67158887128616, Infinity, 0.0, 5.74937769639276e-06, 4.8928314906815545e-06, 2.1943648199439612e-05, 0.00021912945108404832, 44.46776338152622, 45.7956006959214]}