{"[20]": [19.71985373030703, 55.812677814095366, 25.482406363695496, 95.75492083186523, 68.52876717006397, 143.31104715214215, 416.61723574899463, 125.35697861072872, 100.56965913800717], "[40]": [1.9783312103604074, 9.959259911815636, 10.216128397583583, 61.71468414504461, 37.01077866885816, 22.27203647118241, 719.3245361404632, 6.167481319445101, 17.733572613605396], "[60]": [12.442521219456538, Infinity, 13.08392316073947, 53.86952570514607, 48.976284049737025, 47.441375922506474, 234.87763971186013, 31.918148682815335, 33.01161302980263], "[80]": [24.597902097081477, Infinity, 47.12431021397295, 106.59503164290571, 85.51598615618342, 42.10384954417473, 28.61969832751376, 8.140161141571186, 57.91438486918598], "[100]": [32.099516894492645, Infinity, 98.14787569925628, 186.49886178634583, 81.98862995125565, 38.15535397683023, 62.82205778579934, 1.9147808634805492, 2.4726979455453333], "[120]": [30.315321524427848, Infinity, 251.64596324954275, 390.05653817328295, 186.63876830938787, 72.14381066336736, 309.24803251047075, 60.7169625988541, 64.6077744132964], "[140]": [54.222460298447764, Infinity, 348.5994490629762, 509.36468315852727, 150.05954975687737, 241.00206232683368, 593.8365716401939, 292.0878332389706, 286.009334556584], "[160]": [105.30946400197223, Infinity, 346.0538991351191, 689.7059632887377, 196.79661384353474, 281.2505008627284, 51051.62012914614, 436.1397822616283, 430.40605596030474], "[180]": [987.8763695386393, Infinity, 1214.7716178312521, 1900.0886368213892, 1048.6219779513708, 1371.5887099637587, 835.6832901802251, 102.0117765018624, 129.55238635958491], "[200]": [641.4682627978152, Infinity, 3509.315413601669, 3120.468416599908, 2550.3998361843464, 3102.056661545857, 1125.662113184396, 208.08359892074694, 196.9419477264701], "[220]": [84.01624083369742, Infinity, 4410.44916559469, 5623.37610600635, 312.04372314817607, 676.6413548578837, 3004.102897368004, 64.25061392103838, 84.81157833947672], "[240]": [715.9864659749238, Infinity, 158.24224247207198, Infinity, 7624.442176789358, 4244.460775954326, 2733.9186343584506, 18872.745688616742, 2001.588742025729, 2140.7846245078413], "[260]": [182.37905369444806, Infinity, 5251.615961059617, Infinity, 3297.063280483525, 4415.795330416359, 2620.2204896180147, 27068.75166455184, 1869.9618294621196, 1727.7512428885204], "[280]": [120.38465698472453, Infinity, 2940.2453486527565, Infinity, 860.8027679414951, 1983.8116231222068, 1526.310732712614, 7454.427667054176, 1879.517507603925, 2002.0671052103626]}