{"[20]": [13.0, 12.86103575116683, 13.0, 12.999999360263562, 12.999989870787624, 13.0, 12.99999999969174, Infinity, 13.0], "[40]": [9.774368262567592, 19.43743832223845, 2.428571428571429, 71.84311188311348, 10.180878540344523, 8.71955690017316, 2.9141903859031064, Infinity, 97.02084690302144], "[60]": [1.9490620084344634, 1.6870675686121236e+18, 1.2857142857142865, 11.391351979531269, 12.3146574187672, 10.332527879299418, 1.1893489901914176, 31.46038554187856, 0.7516006792930874], "[80]": [3.7140528591165864, 3.729403789879908e+27, 1.0, 15.759421385302769, 16.93426356854506, 14.241019014459443, 14.207342441108386, 5.976130050687978, 0.5240897657178536], "[100]": [24.455670883668482, 2.647552091869952e+35, 23.142857142857142, 41.51180726929152, 40.28318792364202, 24.736859104793336, 22.542600772738425, 23.85021759221506, 24.582657553998366], "[120]": [24.31619156339862, 8.308450134770628e+38, 41.714285714285715, 89.54459502825384, 32.99543034695418, 37.0751601525225, 32.98654725211431, 30.220719970674153, 37.64003895117031], "[140]": [15.87288552279054, 4.976266294395922e+53, 31.285714285714292, 125.3864980523941, 50.61317660199025, 34.38473455045548, 35.37527891403431, 91.56074626217676, 88.20870945521986], "[160]": [41.51595594670974, 2.135402919236706e+62, 45.428571428571416, 178.86185962193525, 102.67417303649304, Infinity, 135.9384060571973, 13.160809841447872, 3.872453809160561, 0.601758935380758], "[180]": [74.33585788469918, 3.104745092395459e+70, 99.85714285714286, 288.84726430326606, 86.50918900960633, Infinity, 326.3331022228614, 78.80751038450546, 6.147156306002898, 7.35868429740475], "[200]": [129.51296884679937, 2.1119689227880706e+80, 512.5714285714286, 839.1449194478395, 351.3734440677574, Infinity, 343.9786350263771, 318.04938982282454, 38.13742965340839, 50.45005353604904], "[220]": [426.3335812987241, 1.776360035683665e+88, 1226.0, 2164.1225075869243, 496.901524112644, Infinity, 43.05736749945163, 394.2007125865166, 454.61450718566084, 378.27906972099686], "[240]": [311.41631450482873, 1.0427345148083256e+97, 1823.0, 4203.959642710966, 372.1980596049507, Infinity, 309.8715766507121, Infinity, 101.46022724325212, 926.1855527184935, 913.325790119201], "[260]": [448.7229144406683, 4.2491225503989994e+105, 566.2857142857147, 3648.163183960546, Infinity, 2041.9487338212975, Infinity, 2595.4275148909637, 2027.1788632133994, 3566.0596421681394, 3394.188968085996], "[280]": [146.96348606344372, 1.6874702090631743e+114, 1589.5714285714284, 1886.6347105097427, Infinity, 2578.8882128497708, Infinity, 6756.507072974266, 1536.199371648503, 1886.824762725375, 1624.500794164257]}