{"[20]": [0.31517013082645207, Infinity, Infinity, 14.571428571428571, 2.1896799016378274, 6.7685920772083925], "[40]": [24.605610801428327, Infinity, 428.7142857142857, 145.25985476000886, 352.84206839145133], "[60]": [3792.818374979621, 665.3920102818101, 6451.714285714285, 4645.402589947841, Infinity, 7202.008466838], "[80]": [10649.78749750086, 9084.195790425896, 2320.0, 1842.1240689134183, Infinity, 6224.841209474484], "[100]": [680.6744559845533, 714.6984225975721, 3781.857142857143, 1146.2964694835418, Infinity, 1311.217322575122], "[120]": [1476.0659205874979, 7.417525468198728e+18, 727.4285714285713, 471.82253670070816, 294.5095982690465], "[140]": [83.96414327346466, 1.093635910518576e+19, 177.42857142857144, 167.9869757844748, 121.05587488929831], "[160]": [1258.7566500090054, 9.420515900403832e+27, 49.57142857142857, 56.430680890474136, 48.25447453496815], "[180]": [1277.1656948404798, 2.578501920534799e+21, 29.42857142857143, 4823.320150770565, 18.58983731080587], "[200]": [919.979477772358, 1.9495324570422291e+28, 13.714285714285715, 1618.8193355448113, 6.541343839492065], "[220]": [629.0179278079283, 9.112533758679843e+21, 3.571428571428571, 461.2777167602056, 2.2525776903165218], "[240]": [414.5553418285097, 1.0541825878081172e+32, 0.14285714285714285, 0.022744776461882815, Infinity, 1.1657223961884025], "[260]": [236.79613923655486, 8.445565459223275e+35, 0.0, 0.0023946163083102415, Infinity, 0.2997647873605282], "[280]": [54.40278642718297, 1.280711038592728e+61, 0.0, 0.0008550975495837359, Infinity, 0.10726724377336068]}