{"[20]": [2.0, 1.8610357511668285, 2.0, 1.9999993602635626, 1.9999898707876245, 2.0, 1.9999999996917397, Infinity, 2.0], "[40]": [2.4050593108046954, 1382498159.7150323, 2.0, 2.427857670337846, 0.5238628544503969, 1.018557081865331, 0.3008552186221154, 3.9968028886505635e-14, 1.9444590711464347], "[60]": [8.524485119739007, 1.6870675712868388e+18, 7.857142857142857, 11.278965348828423, 11.468041681030137, 6.387330408874324, 7.4392787420543645, 5960.70519010382, 7.480659497153661], "[80]": [31.1689018346286, 3.729403789879908e+27, 33.714285714285715, 41.74688047327799, 42.65946997844553, 15.955779976937627, Infinity, 44.475240302617095, 31.032703301420135, 15.149104723841418], "[100]": [30.149958625867043, 2.647552091869952e+35, 81.28571428571428, 81.47865047977291, 81.37397818156691, 22.00265852633251, 22.05144590930462, 46.1816815386147, 39.80434617792599], "[120]": [135.40050597161775, 8.308450134770628e+38, 337.1428571428571, 309.4609231495757, 64.25463809250033, 64.79196929716483, 63.15124006355961, 22.370418752060004, 7.998325356397004], "[140]": [345.1050055390815, 4.976266294395922e+53, 715.1428571428571, 86.19413537523042, 50.867193295337756, 51.29637363553775, 50.932838553277406, 283.98843486606825, 287.25871598387516], "[160]": [131.34209499973895, 2.135402919236706e+62, 957.8571428571429, 461.72853189631087, 234.2675729383118, 220.75273207356713, 34.02246767010729, 1103.2610576772795, 1128.5511893328794], "[180]": [245.40036954540028, 3.104745092395459e+70, 171.14285714285734, 62.60601772208338, 41.33842203328413, 379.00888256938197, 39.020393876111484, 886.0857502225494, 879.2036349844066], "[200]": [24.448926691303768, 2.1119689227880706e+80, 873.8571428571427, 51.70572076811777, 92.8093119440855, 289.09033412311464, 16.96878946556194, 541.5952510104019, 272.5815529478009], "[220]": [60.896334563104915, 1.776360035683665e+88, 630.7142857142858, 45.80068386514506, 37.619087623902715, 99.20732934299474, 13.180512610405572, 316.4789637933428, 303.64087577442217], "[240]": [11.026793047830552, 1.0427345148083256e+97, 300.42857142857144, 4.459458242737895, 26.783696575684928, 67.4850358313708, 20.656954412849757, 78.96332931596777, 63.1088771707561], "[260]": [77.71282945821565, 4.2491225503989994e+105, 99.42857142857142, 12.380281343444395, 0.48376278713568865, 17.70048853873125, 2.1479777763046997, 36.16580033001185, 44.98800799365604], "[280]": [109.69808619289512, 1.6874702090631743e+114, 47.0, 4.944677859517093, 4.33016095461096, 9.156831365416451, 2.377581899540722, 104.65434149839771, 107.28077298788278]}