{"[20]": [2.0, 1.9998732810558355, 2.0, 1.9999989164443392, 1.9999886477992106, 2.0, 1.9999999965863111, Infinity, 2.0], "[40]": [48.87482905151032, 7.877140607700213, 92.85714285714286, 30.292571600796464, 90.2646647018878, 68.24628773756999, 55.001477054410515, Infinity, 38.39017880264379], "[60]": [869.9799774188202, 1538406154641676.5, 2312.142857142857, 1605.612728371636, 781.0265704771423, 758.9881722749128, 743.8860634810421, 307.2563127822018, 426.8100717642501], "[80]": [4405.827270427384, 3.40077629912588e+24, 33158.57142857143, 20227.806275166833, 10074.912411291429, 7717.365947382321, 6495.397711165286, 11690.080278448746, 6413.499568626939], "[100]": [649.6763036226475, 2.414254885475781e+32, 16407.428571428565, 23441.993735445034, 17675.984566115847, 13098.535525768137, 12485.778668411513, 487033.04124066915, 8641.68631906157], "[120]": [610.7267703629459, 7.576325486168787e+35, 15971.0, 4262.764795002722, 3569.604343283161, 2224.1530659560594, 2382.009757846521, 11892.837128288164, 5660.879134747367], "[140]": [792.0083166962613, 4.537767621226321e+50, 2761.0, 1550.136067411043, 22.32395450779859, 601.2909794419734, 635.8770016139174, 1377.1620797527457, 946.5383791049026], "[160]": [182.36683422839997, 1.9472354461076123e+59, 800.0, 501.32352973746157, 64.26208223975948, 362.3821810927749, 434.8732530521112, 189.74718093179627, 288.77429839644265], "[180]": [101.65181096017841, 2.8311610852975855e+67, 264.28571428571433, 172.97948840134683, 26.510833435757377, 153.2239334974488, 194.0972481890408, 356.9372817251641, 363.83642474467615], "[200]": [38.0191216859439, 1.9258664884755883e+77, 85.57142857142858, 51.378733954637305, 7.48529844076694, 48.60382286878806, 63.098994936264205, 452.9032423542262, 451.7022987790913], "[220]": [196.90518265524224, 1.6198306258292654e+85, 23.57142857142857, 10.444599656007876, 0.29493340904575405, 10.057095433733572, 13.596925333433743, 385.5540383310345, 398.1540608716846], "[240]": [139.76114917461382, 9.5085081810186e+93, 1.8571428571428577, 5.589225493490378, 3.2720039734114836, 5.535317901718771, 6.373400584327001, 272.3233833723619, 284.4404883089811], "[260]": [122.73399967659861, 3.8746981460246653e+102, 2.4285714285714284, 4.4940563187115306, 3.0471305408339675, 4.486576616336846, 5.042737400205805, 250.24101758373973, 257.4219389262849], "[280]": [104.18880428118064, 1.5387735893052318e+111, 1.4285714285714284, 1.3976682939066065, 0.8189838547568986, 1.3966325934956534, 1.6217850343897424, 199.78975972145125, 205.24322020058483]}