{"[20]": [0.11313341567183777, Infinity, 1.2857142857142856, 0.42112183978381923, 0.3230314626515103], "[40]": [5.330575841082032, 6.224933816477591, 7.571428571428571, 5.51576125878646, 5.10988701927668], "[60]": [2.935237574275078, 9.682238333570389, 13.714285714285715, 15.837154476978668, 7.984878017996124], "[80]": [1.8279016662545544, 21.18632922830875, 5.285714285714285, 13.772446316027512, 8.165599527369473], "[100]": [6.4629986531666574, 13.77480381542182, 6.428571428571431, 21.705016546409354, 7.391775170572238], "[120]": [14.75540397393587, 109.27437635216972, 54.71428571428571, 10.870262045494314, 23.08702289752165], "[140]": [22.302286113890943, 9.627161611616202, 68.42857142857142, 30.68387664093467, 5.725902158155293], "[160]": [9.327343809783656, 10.374753180185394, 76.0, 53.08755321943954, 1.9950170885093144], "[180]": [11.114867626651403, 54.765087247981, 118.42857142857144, 52.98135916420267, 1.671056860282647], "[200]": [61.777626485408746, 4.928506651241376e+21, 510.0, 70.72789063412733, 139.92889559360856], "[220]": [98.39953486320746, 1.0350263395974302e+21, 1196.1428571428573, 302.7009695613019, 317.11599876031187], "[240]": [195.01252561339788, 1.1349677114975782e+38, 1282.4285714285716, 911.5041483529722, 74.17750737356164], "[260]": [169.81944269447195, 3.3920624852771797e+43, 478.1428571428569, 1363.1922634639786, 558.2333784919065], "[280]": [274.21402719214757, 1.0831902991920899e+39, 1530.0, 292.9863046131436, 573.9638376284101]}