{"[20]": [3.0, 2.8610357511668285, 3.0, 2.9999993602635624, 2.9999898707876245, 3.0, 2.9999999996917395, Infinity, 3.0], "[40]": [4.546036354042428, 213855463.63867056, 6.0, 38.59351518253222, 37.845962354558594, 5.7922724504069025, 1.2325913504129193, Infinity, 29.967364451515678], "[60]": [41.401055068345435, 1.6870675699494812e+18, 50.285714285714285, 41.411661207383034, 13.138956054966158, 12.613520188016466, 13.44357924782689, 82.94300984300943, 65.23740386985807], "[80]": [17.60703815633501, 3.729403789879908e+27, 1.4285714285714306, 43.29289346057428, 10.697252363196327, 31.206269383674844, 0.4481897482925916, 391.1436384885806, 348.44441981023635], "[100]": [18.93173506725701, 2.647552091869952e+35, 23.0, 36.34434579724574, 14.189468985092915, 21.602200670813765, 12.18561803379923, 115.09594409255587, 76.13676296495322], "[120]": [8.26842158084554, 8.308450134770628e+38, 7.714285714285715, 36.78477345331436, 2.6438466960556397, 27.596110760109656, 4.157874319555589, 22.052264673572807, 21.68465035592868], "[140]": [182.10112876333895, 4.976266294395922e+53, 191.57142857142856, 233.304996067238, 190.9004815489659, 225.14999544391537, 190.86476917151165, 172.52882649021544, 172.51815886875596], "[160]": [1323.5024291094553, 2.135402919236706e+62, 2106.1428571428573, 2440.6931502829907, 1963.9993151160452, Infinity, 2438.013628367933, Infinity, 2060.4878557193742, 70.69079216259024, 6.517240089093775], "[180]": [1664.5862318304007, 3.104745092395459e+70, 3280.5714285714284, 2699.9803020010354, 506.8275485321983, Infinity, 6245.997754113644, Infinity, 3222.407107512941, 3069.085490532286, 3008.2855447224406], "[200]": [956.2035832900749, 2.1119689227880706e+80, 3565.2857142857147, 3392.380437727101, 5534.185762540395, 5954.518468661308, 5948.139700037693, 6191.208456224724, 6711.293127656894], "[220]": [504.0, 1.776360035683665e+88, 1680.1428571428573, 1597.7664937873092, 1467.040466533367, 1704.2327849944609, 1807.4810989207272, 9125.764326760267, 7273.390944660196], "[240]": [86.74464420940569, 1.0427345148083256e+97, 323.14285714285717, 556.0642106645515, 523.9215629920395, 601.1316769261487, 666.8542358899606, 105.16411332607555, 88.42789506528331], "[260]": [217.79659436477573, 4.2491225503989994e+105, 49.714285714285715, 209.29402362397312, 197.38506731382586, 230.94977699109882, 262.16457688679463, 71.48853935531139, 80.96129965825308], "[280]": [233.25058841260363, 1.6874702090631743e+114, 1.7142857142857144, 72.87402400957681, 68.2979781226409, 83.4721474127736, 96.44186733529688, 148.90719833163305, 145.4400408766687]}