{"[20]": [40.691258039762886, Infinity, 41.5926714156151, 32.08233191552963, 20.340257315476848, 25.59153614362328, 39.76830757457618, 38.0, 41.00170269382408], "[40]": [579.8714685231726, 24.56273572060461, 727.800390178733, 760.79179313824, 764.6788664132955, 575.140744345798, 315.0715648698057, 365.95626376539747, 582.874772044934], "[60]": [10625.111582703074, Infinity, 14580.434288146194, 12278.985666162367, 1548.2079462749994, 981.1523753478727, 11289.24531378137, 2779.2438349133513, 976.0351718985087], "[80]": [18160.476123201053, Infinity, 16779.253535033382, 6733.661205992176, 17407.402518414554, 2137.41686565479, 488.112536997038, 96714.33194253838, 100589.72656102345], "[100]": [1413.295089914293, Infinity, 24583.496967953437, 2918.487309761929, 2530.745842781815, 2482.5176160340475, 2620.5677915538486, 732505.1137347479, 517353.01538797317], "[120]": [1072.0520996541175, Infinity, 6616.0119227373, 845.7465740638586, 92.50734794277518, 111.77526541154293, 15.044626209751794, 6826.950137178514, 1057.350860515747], "[140]": [907.6757318582718, Infinity, 1192.9470718943046, 264.36999801940607, 133.641728700299, 130.65627161083276, 93.7013328275182, 2001.8319491274983, 1893.5968148175493], "[160]": [622.1167487247388, Infinity, 188.7094622263061, 69.72955660042821, 47.726544489701226, 48.722525882564646, 40.49876386247804, 2976.095558692096, 3000.1749876149825], "[180]": [447.113495089238, Infinity, 52.83372359383558, 12.412892650055165, 7.296271202357596, 9.364847745447932, 8.79290092100523, 1850.0622993408729, 1860.8355936140654], "[200]": [400.1048069975983, Infinity, 9.59674075895403, 3.09391872315541, 2.216829474760401, 2.666657709188436, 2.59386738001148, 1364.6718973143443, 1359.0093406966462], "[220]": [404.0736119642625, Infinity, 1.8139589965386245, 0.7684636718891388, 0.533814012793396, 0.7098181411880193, 0.7543716091573579, 1134.4019353594238, 1142.2108611379006], "[240]": [372.55454685534016, Infinity, 1.0, 0.07500261520515329, 0.1525602595842109, 0.0830136612513248, 0.050921170332478186, 938.2099369389492, 940.7686436313953], "[260]": [348.861302309128, Infinity, 0.0, 7.401026043865925e-05, 0.0001104807790312003, 0.0011435095300337378, 0.0034358123875191967, 798.2986204261155, 797.6885614501141], "[280]": [334.1605619172524, Infinity, 0.0, 7.317192899566332e-06, 1.1149937822347926e-05, 0.00014927882196479335, 0.0005077796924841799, 699.7607832072667, 700.8754529811912]}