{"[20]": [4.0, Infinity, Infinity, 4.0, Infinity, Infinity, Infinity, Infinity], "[40]": [7.5034225564931045, 85.92556826615623, 76.92249636013267, 24.664312655169677, 301.9187232275709], "[60]": [12.550414372638663, Infinity, 1803.4666538627293, 750.5476687709659, 17357.154408327126], "[80]": [3048.7644654023093, 61199.284670026376, 19859.501746873655, 20618.0490395245, Infinity, 108547.72762532212], "[100]": [17820.05245809491, 135283.96269143128, 1159.9047729268989, 46926.601307003, 7230.2437566874305], "[120]": [4184.76928664566, 104298.83547651011, 14335.661998143338, 18653.88860931726, 8395.156544272628], "[140]": [376.2898278154001, Infinity, 2635.1545339669465, 50850.85649419221, 796.6131174059082], "[160]": [1207.949445975252, Infinity, 517.2095957337586, 7429523.493037193, 139.92822644743939], "[180]": [711.4392271127733, Infinity, 107.89186873274939, 6190389.143641071, Infinity, 28.389388277797984], "[200]": [358.0325565601621, Infinity, 16.60045928627869, 5500147.79851521, Infinity, 2.043422791558561], "[220]": [241.94742970182983, 2.2454769807617622e+21, 6.159397516779248, 5360191.590222717, Infinity, 2.297206820851273], "[240]": [207.7584347936009, Infinity, 0.21607448062157203, 0.002165171254684793, Infinity, 0.026026198344134447], "[260]": [195.335853026015, Infinity, 0.0, Infinity, Infinity, Infinity], "[280]": [194.23048958341255, Infinity, 0.0, Infinity, Infinity, Infinity]}