{"[20]": [29.848349189371607, 1288.0423223062246, 29.285714285714285, 469.43234134580496, 492.6559294783017, 23.74926102597292, 15.785709917044947, Infinity, 75.68667889769674], "[40]": [926.1725992546938, 1268.6556839036652, 986.7142857142857, 327.3286175311107, 1007.8271889594224, 317.65099607859236, 317.6912871810904, 167534.9826789019, 545.0314268346862], "[60]": [12119.488862366807, 1.687066645835187e+18, 19250.428571428572, 9598.918243168877, 9182.212528718892, 9238.4154973308, 9742.166799725108, 23947.89693591911, 3769.406261977314], "[80]": [18841.027770396395, 3.729403789879908e+27, 2783.4285714285725, 1616.0787202157517, 18873.93901939517, 5560.829131355946, 3709.431384017531, 364838.2355928032, 70341.95015033206], "[100]": [4796.674352200696, 2.647552091869952e+35, 18739.428571428572, 354.4837930929298, 64.38667540620645, 387.13770113386454, 689.8922165107506, 712228.4444831613, 410801.3984816053], "[120]": [2534.4429891862364, 8.308450134770628e+38, 3776.2857142857147, 872.7370349810275, 729.6772757413006, 661.6120653872699, 493.14447882575655, 10947.529365053464, 6756.617770522229], "[140]": [1124.8387431255815, 4.976266294395922e+53, 842.0, 449.3925658399286, 386.31746001500727, 396.8371296407722, 380.8210937670575, 919.1690612390464, 868.0737532085307], "[160]": [527.9938330754912, 2.135402919236706e+62, 291.71428571428567, 189.67573298839432, 165.16220246075017, 181.0872668626465, 193.51868269696882, 2528.6943185484015, 2473.6715195680467], "[180]": [504.5366708131032, 3.104745092395459e+70, 119.28571428571428, 61.97265170159608, 53.388685830946336, 60.73998035247242, 68.59940539220133, 1597.3734945419296, 1652.4775021040257], "[200]": [688.1847169513803, 2.1119689227880706e+80, 41.42857142857143, 17.32791466917402, 14.6548637185758, 17.15937176212358, 20.13117276104553, 984.4085706363146, 970.3305111815691], "[220]": [576.1984214825734, 1.776360035683665e+88, 5.571428571428573, 11.957379537852882, 11.19451237577807, 11.934937279614923, 12.859978883705018, 881.753627030301, 883.7173406151969], "[240]": [494.34402712544124, 1.0427345148083256e+97, 6.857142857142858, 1.4799415381453276, 1.0987618803510912, 1.4770030682868804, 1.9769203876876784, 803.3849712030883, 838.0252052088149], "[260]": [413.073384901968, 4.2491225503989994e+105, 1.4285714285714286, 2.5358016544634894e-05, 3.417546412848648e-05, 0.0004058127364986136, 0.0035438432622648063, 708.5349455135791, 711.2062587897021], "[280]": [413.48914951380357, 1.6874702090631743e+114, 0.0, 2.308133170150867e-06, 3.2722847294106098e-06, 5.119053478953845e-05, 0.0005676762220848784, 602.053598584637, 609.6648956174445]}