{"[20]": [1.0, 0.9998732810558355, 1.0, 0.9999989164443391, 0.9999886477992106, 1.0, 0.999999996586311, Infinity, 1.0], "[40]": [2.4709088178602627, 368991.74572061223, 8.285714285714286, 16.465526542513082, 16.79983745079025, 8.99898740807553, 4.1445503996661905, Infinity, 14.188876367699022], "[60]": [1.35771352854416, 1538406479029132.8, 0.8571428571428577, 10.226167352939353, 13.140211218068355, 8.426600835438029, 0.4591480812083546, 1689.349075874002, 10.635169643093711], "[80]": [1.4213342797370387, 3.40077629912588e+24, 3.7142857142857153, 17.277891073759218, 21.030909551460493, 3.807384623472263, 8.26398054059468, 2.6062082683054726, 0.03613950364353258], "[100]": [13.90687608958686, 2.414254885475781e+32, 16.571428571428573, 30.765512854953677, 36.11012488692385, 17.2220034825792, 11.850583773609344, 16.470274389108713, 14.848443416718624], "[120]": [0.9007368118735144, 7.576325486168787e+35, 28.0, 37.62772263646753, 41.840185438631316, 13.233173863504518, 8.54923670469023, 11.762892964600539, 9.587992732812594], "[140]": [30.902596785674405, 4.537767621226321e+50, 63.428571428571416, 84.96796183228481, 91.21708398958697, 23.21111928766524, 22.86700663826781, 24.26071882952033, 24.804341433342103], "[160]": [19.517741945792295, 1.9472354461076123e+59, 29.428571428571416, 62.90508656464496, 32.84302342715472, 27.23963427625, 22.75385711989196, 22.66791526416023, 27.155477350947024], "[180]": [45.2203884945676, 2.8311610852975855e+67, 71.57142857142856, 142.84115141520357, 75.08795458772238, 70.92557169564145, 75.09121549932308, 1.0511215161754421, 4.36173101699103], "[200]": [75.69209867552115, 1.9258664884755883e+77, 252.0, 350.73231344611344, 197.11634246355516, 194.82767219755488, 144.20755411637617, 62.23075032519159, 69.14321848821771], "[220]": [143.59488807181356, 1.6198306258292654e+85, 780.8571428571429, 531.3258086663805, 326.2918202947574, 441.6502122790521, 330.112095022454, 11.518909229921292, 3.6086633194634032], "[240]": [36.12889961155997, 9.5085081810186e+93, 1058.7142857142858, 958.9610184896801, 157.60139973337436, 854.0008245990639, 175.11063881624796, 45.218117479089415, 39.09384375682657], "[260]": [277.7863692639439, 3.8746981460246653e+102, 248.85714285714312, 407.9742654396032, 1012.0674517009375, 820.6101904416037, 912.9633425393849, 39.397781186276916, 74.21633349394051], "[280]": [31.60150237129392, 1.5387735893052318e+111, 1014.4285714285716, 629.831422472525, 808.613951684968, 4677.331349266629, 1060.9998387818923, 453.09915234433583, 433.3082659380393]}