{"[20]": [1.0, 0.8610357511668286, 1.0, 0.9999993602635626, 0.9999898707876245, 1.0, 0.9999999996917396, Infinity, 1.0], "[40]": [1.122804751217751, 115185812.44256297, 0.1428571428571428, 14.878939451732283, 14.8481638041009, 1.4276707225007725, 1.4381669328029938, Infinity, 5.809944996898996], "[60]": [2.466928745740266, 1.6870675712868388e+18, 2.4285714285714284, 4.585220474659491, 4.733754567306706, 3.8326433733738403, 1.9363098833674317, 2.0497372162103744, 0.9121383432192349], "[80]": [15.858631378283867, 3.729403789879908e+27, 17.42857142857143, 20.96933569814966, 20.97552354167987, 9.382173106800117, 8.903574919417178, 2.4085284723385243, 10.743314001295335], "[100]": [49.16797043720998, 2.647552091869952e+35, 53.85714285714286, 62.687917974095534, 63.88924603375514, 37.077349215938575, 38.14853245786791, 11.53453123731991, 4.089596079949544], "[120]": [129.39984284346815, 8.308450134770628e+38, 149.71428571428572, 154.7723041891802, 153.17789566254527, 68.4841810041141, 68.11345749435694, 9.545833569019976, 5.278204510787816], "[140]": [356.4351207059109, 4.976266294395922e+53, 412.57142857142856, 21.489074546837855, 14.403724375641332, 26.490930511692, 34.4053123217808, 73.25244461381908, 67.07080018975819], "[160]": [841.5356311473558, 2.135402919236706e+62, 1059.142857142857, 214.71020163149728, 184.18252200487814, 186.33171717853747, Infinity, 372.528646072823, 451.51124857277637, 448.4467361262896], "[180]": [241.33569734325738, 3.104745092395459e+70, 656.1428571428573, 486.43580670394294, 515.0481153051437, 489.31425769152156, 479.9833422455504, 629.2009206597281, 422.5487240297034], "[200]": [96.96716899217927, 2.1119689227880706e+80, 661.8571428571427, 285.92314220885055, 299.80675559426845, 157.64192878213635, 147.24162835387142, 1382.8685536280905, 1326.407625805383], "[220]": [72.09098627085541, 1.776360035683665e+88, 974.5714285714287, 226.20757898957277, 227.7355691677394, 211.17627623015755, 210.7358067088678, 415.03226547393274, 427.6964864286624], "[240]": [13.206257393008627, 1.0427345148083256e+97, 432.1428571428571, 74.11484646065992, 73.79126557329784, 77.8300687410474, 83.74070173259469, 438.4692168999085, 439.71849602873795], "[260]": [11.118994693015225, 4.2491225503989994e+105, 181.0, 31.046738858637497, 31.062599084955167, 35.019605631865886, 39.32026491635747, 87.45030784802657, 77.9932367486347], "[280]": [25.727292432791614, 1.6874702090631743e+114, 72.14285714285714, 21.135624948511584, 21.161891460686896, 23.621470522854054, 26.331195028784443, 18.820659392241005, 16.993250747824888]}