{"[20]": [1.0, Infinity, 1.0, Infinity, Infinity], "[40]": [1.1215697385225973, 0.9049027032377803, 1.0, 1.3887443986719685, 1.065443659612236], "[60]": [0.10341689104413332, 6545443345.985454, 1.2857142857142856, 0.42788463950901856, 0.06617977043807333], "[80]": [0.08650516563049504, 1519.4030282525787, 0.0, 0.6275437628548877, 0.09317612937284303], "[100]": [0.35723694615552243, 2.937976184518196, 0.0, 0.0, 0.0], "[120]": [0.23442916634209107, 3702191058.4496346, 0.0, 0.0, 0.0], "[140]": [0.21141852475979522, 1.1125679475753002e+38, 0.0, 0.0, 0.0], "[160]": [0.14692470276824224, 3.732176933183355e+45, 0.0, 0.0, 0.0], "[180]": [0.009623947578800446, 4.1403967112689745e+60, 0.0, 0.0, 0.0], "[200]": [0.029097113476056508, 1.2060936922635934e+66, 0.0, 0.0, 0.0], "[220]": [0.0404249114627232, 1.0994556244773586e+65, 0.0, 0.0, 0.0], "[240]": [0.04247298225178736, 8.342358640230597e+78, 0.0, 0.0, 0.0], "[260]": [0.05155277540005858, 5.548286879071344e+93, 0.0, 0.0, 0.0], "[280]": [0.053405784371703416, 7.116745107729867e+102, 0.0, 0.0, 0.0]}