{"[20]": [2.8962397953530217, 23.68702451227628, 2.428571428571429, 5.437563725973456, 5.096384942820375, 2.4291203122643346, 2.717152665922901, Infinity, 2.0647619865188505], "[40]": [5.946787610086767, 4.075279455145132, 12.285714285714285, 1.4189154077501804, 0.36480430802818375, 6.136861304787956, 4.80988696790857, 2.048980888097681, 2.1865414200268702], "[60]": [10.283145736575314, 1538406475370623.0, 16.571428571428573, 27.137121604833215, 32.48413778858086, 14.376873413348267, 7.3002006926920515, 48.69287862787436, 3.5787583744476734], "[80]": [48.62335534522276, 3.40077629912588e+24, 58.14285714285714, 79.60084855073308, 87.33218987125716, 37.59387229676085, 32.54556658347548, 22.189801715393543, 22.625426544555935], "[100]": [22.787546356741814, 2.414254885475781e+32, 164.28571428571428, 163.52802837645527, 170.51151830597422, 15.742763664230438, 108.86221317160977, 37.78649595420666, 30.6771256617684], "[120]": [58.23710271298546, 7.576325486168787e+35, 613.2857142857143, 322.1842503839557, 54.7878567544351, 69.72349432695432, 50.543866209012094, 58.57128988656473, 69.99450923702284], "[140]": [112.52298598744164, 4.537767621226321e+50, 1137.2857142857142, 614.5657155321401, 444.56277841776864, 704.8739077644955, 242.15529818646382, 406.12232775323446, 357.6658330783457], "[160]": [43.83019896950918, 1.9472354461076123e+59, 523.1428571428569, 531.5134999429165, 12.118656420810112, 281.95304753987693, 171.87195729141513, 939.5682175928569, 823.1357933086456], "[180]": [141.55579069422583, 2.8311610852975855e+67, 286.57142857142844, 820.8828979631426, 195.5860804788499, 306.279459932417, 7.028112587197029, 172.8758552166546, 195.43008950672265], "[200]": [109.3516522897894, 1.9258664884755883e+77, 411.42857142857156, 1206.1761953258865, 106.55848943780484, 253.35538645896668, 45.7124772423831, 149.6111588386534, 160.33225456395758], "[220]": [51.38295823068893, 1.6198306258292654e+85, 710.2857142857142, 868.4447675273859, 295.9071199719351, 565.4304061432113, 266.8522851699031, 96.34712485913678, 101.36108936839173], "[240]": [129.68778132139323, 9.5085081810186e+93, 472.0, 613.4787213449553, 119.8408486278513, 467.7919292494578, 92.07988171359898, 136.46880733563307, 120.6947373376097], "[260]": [56.86110313316067, 3.8746981460246653e+102, 351.1428571428571, 271.3585598586002, 151.3444450424047, 454.5571511476828, 130.96465049678534, 74.48145611183918, 64.7282372725997], "[280]": [74.09578285642442, 1.5387735893052318e+111, 182.0, 97.70315672326643, 82.03257214335332, 352.65407874378786, 71.69925255350984, 60.37251512210776, 64.43940243677395]}