{"[20]": [Infinity, 2.4610412883214257, 4.0, 3.9999991742219647, 3.9999863229047325, Infinity, 3.9999959716016313, Infinity, Infinity], "[40]": [155.50932771388077, 521964136.4648211, 166.1381788172326, 54.60672240204147, 469.24869215896064, 442.5177515503096, 5783.682209479316, 63.90271692103291, 17.820181627418542], "[60]": [2937.2200905994277, Infinity, 4025.0422765767084, 3664.3014314151305, 2104.2948451777042, 2084.3672370308636, 14109.388149679158, 708.2221838752496, 734.6114281849894], "[80]": [911.8015123368074, Infinity, 10701.22446493171, 1263.9485203386605, 5093.593451627478, 3816.5616844293786, Infinity, 12956.520734962423, 665380.0901358845, 106845.80845088133], "[100]": [445.2957612858187, Infinity, 10725.913330996893, 1536.9273318865219, 924.3920272946925, 2119.5189196103784, 3604.052552615891, 609698.0434798205, 171675.02446160914], "[120]": [885.2014990479358, Infinity, 2968.5390762014185, 210.58278354518959, 282.66072013768706, 160.46025902550397, 157.1509470713549, 27845.736977230914, 17434.898345740083], "[140]": [852.5181102175136, Infinity, 600.9730409501263, 231.18042166212368, 257.17871956263616, 220.69337493155925, 222.2697809448122, 3722.775312478672, 3199.343471048498], "[160]": [327.03043326477814, Infinity, 180.9116858161276, 122.97731300306559, 133.4084247158439, 120.61826015854663, 130.25783711303959, 507.7804557411163, 606.3720317547115], "[180]": [200.83715266087702, Infinity, 72.90181651929326, 52.069724207211856, 56.47376691343415, 51.676059910428044, 58.481774556522694, 721.0013984956672, 750.4998481323673], "[200]": [175.24927993933844, Infinity, 31.36469630348122, 15.382852552751007, 17.032291927941753, 15.322260182886675, 18.317586593702867, 611.3195023171301, 641.7917485330029], "[220]": [186.18716983668966, Infinity, 1.2128035543776619, 12.158585790306597, 12.554496749020972, 12.149591395090075, 12.897053388617705, 531.5370700373302, 544.0237145869539], "[240]": [180.11990775548998, Infinity, 6.067248548289911, 3.2544490695113772, 3.615102085976195, 3.2531471710165967, 3.9834442775767256, 520.9059618283895, 527.8709004570155], "[260]": [165.27185020670228, Infinity, 0.255246065463189, 1.9253781149796731, 1.9614540238238745, 1.9251927074791084, 1.9975816548575112, 397.24884361378304, 405.7405326936934], "[280]": [148.96428504859884, Infinity, 0.09360942962825669, 1.9257008084950689, 1.9617734274885503, 1.9256747870087378, 1.999524164282363, 304.7954815323942, 317.41417008247527]}