{"[20]": [Infinity, Infinity, 4.408777734281429, 0.7932393745960403, 52.517780864593895], "[40]": [Infinity, 129.4171300477446, 20.7613120447735, 5.998080327451807, 514.337612526652], "[60]": [22.856122322174247, 59.08687759066479, 2.9089955153122973, 60.43895531101362, 24.516109399758285], "[80]": [26.077215018522512, Infinity, 1.0118567257903244, 66.3339418045799, 11.161524626788232], "[100]": [7.077611181466561, 37360.175209788016, 24.337190500146136, 27.130762964575496, 7.516460269205655], "[120]": [1.2629717883276184, Infinity, 5.0792818365677395, 30.219199769962756, 2.6200178485277634], "[140]": [5.344993868267591, 1426.1418200689495, 150.24879804663465, 212.4271719587674, 16.2895911174671], "[160]": [62.85544602831424, Infinity, 1713.6344919805995, 2297.555860984171, 570.3252439324813], "[180]": [1365.4587352040762, 2.134139870848026e+21, 6420.441857011634, 7026.814395563217, 1996561.0753957739], "[200]": [564.9219424375502, Infinity, 565.2587763685775, 2471.7999951195684, 14430316.672557538], "[220]": [129.14408449944952, Infinity, 4823.055590652862, 1390.364515262653, 12143115.818339184], "[240]": [217.83846470167506, Infinity, 1745.5478091943532, 485.5936224173514, 2985313.4909251304], "[260]": [29.22792890815902, Infinity, 223.1030167763563, 32.166900358068354, 348355.06761359394], "[280]": [46.268248870967135, Infinity, 13.163329536258464, 12839.950807067416, 42978555.15588499]}