{"[20]": [0.1889845592817266, Infinity, 2.0806396797437987, 0.14650356544768403, 33.04784428239736], "[40]": [3.2119552734539085, 9.827137374422675, 10.824516188074872, 6.892510991532306, 44.99318387282996], "[60]": [0.3938842583311298, 40.506190050482374, 14.15474016251429, 0.38780641106986985, 329.2942123091775], "[80]": [1.572334744056425, 31.531267536912832, 53.97824823583366, 3.585703643820217, 775.0420711192648], "[100]": [22.634188803660994, 138.0888316102272, 144.25037536753126, 17.26831914263883, 2576.478421843104], "[120]": [9.603974820377429, 174.2110699506189, 535.1608384957559, 189.0975862531208, 448.2947054652125], "[140]": [88.15181229635645, 154.4615960180042, 995.9892873592499, 686.4986545478014, 1112.8764498109908], "[160]": [29.141362624995537, 61.13205655950475, 432.46396646952604, 871.9372662145097, 427.99560258064207], "[180]": [194.66857527343834, 46.099329253905225, 262.0362230288672, 225.79210477933478, 281.410983727388], "[200]": [276.3532232729259, Infinity, 373.0996512476446, 3226.490198448965, 398.04542913142797], "[220]": [218.46506619715143, Infinity, 596.7601650204274, 7190.206820168619, 340.05013106604787], "[240]": [88.67211802357515, Infinity, 377.2704342247545, 5099.0178580060865, 193.2623860780203], "[260]": [91.22988944831098, Infinity, 298.2845462065718, 2689.874643929064, 106.95340311269416], "[280]": [32.57412168980558, Infinity, 156.37420521305194, 1204.9224398964768, 52.940756834879544]}