{"[20]": [Infinity, Infinity, 2.0, Infinity, Infinity], "[40]": [Infinity, 0.6272450871277997, 1.0, 0.6244881746487887, 3.4778461051372807], "[60]": [0.5459539951804385, 0.267608749418874, 1.8980340923306644, 4.98295785739386, 262120.75230003332], "[80]": [0.2918232570275458, 0.3303252917490917, 0.3531106765334265, 1.3975750999531045, 33075.28673062053], "[100]": [0.2068690176479937, Infinity, 0.0, 8.812881796080244e-06, 3893.3678183729544], "[120]": [0.18730317651818296, Infinity, 0.0, Infinity, Infinity], "[140]": [0.16477170012275993, Infinity, 0.0, Infinity, Infinity], "[160]": [0.15149793029027886, Infinity, 0.0, Infinity, Infinity], "[180]": [0.13972664401467588, Infinity, 0.0, Infinity, Infinity], "[200]": [0.132345401705956, Infinity, 0.0, Infinity, Infinity], "[220]": [0.1260241901808205, Infinity, 0.0, Infinity, Infinity], "[240]": [0.12952377060014522, Infinity, 0.0, Infinity, Infinity], "[260]": [0.1210096926554266, Infinity, 0.0, Infinity, Infinity], "[280]": [0.11261554706518032, Infinity, 0.0, Infinity, Infinity]}