{"[20]": [5.994243378507881, 5.9998732810558355, 5.857142857142857, 1.0564316711482507, Infinity, Infinity, Infinity, Infinity, 5.909090909090909], "[40]": [70.23928955661225, 84.8415048313176, 111.14285714285714, 0.8429080318847753, 105.30320643780013, 30.19605978826685, 31.5512468514643, 755.7556782488645, 15.600651382188715], "[60]": [836.3592351593607, 1538406075374309.2, 2989.0, 660.2463077850434, 501.7823060267474, 361.90984914872297, 322.7798397907145, 454.0779188357392, 575.9276513161049], "[80]": [3106.490009874451, 3.40077629912588e+24, 6147.142857142857, 1423.972356005197, 2253.577117301971, 530.2904494581962, 133.48737425075524, 8606.210809971766, 10819.583654483169], "[100]": [701.2936281305301, 2.414254885475781e+32, 6979.142857142857, 682.0073954957234, 425.71227854047265, 793.7780881782501, 741.978835532168, 58040.52408545139, 2485.481719161089], "[120]": [171.87016601166033, 7.576325486168787e+35, 1534.5714285714284, 119.89734806148749, 156.90599126291363, 107.68528214075855, 51.12723771086576, 317.64747026513055, 595.1684762672562], "[140]": [61.514664114872176, 4.537767621226321e+50, 277.28571428571433, 119.64572464467193, 124.90131041885695, 112.53717098416746, 130.4353734364265, 188.30120208646474, 202.46389656858298], "[160]": [139.84160582981258, 1.9472354461076123e+59, 63.0, 58.57456897084413, 60.20494337638799, 57.27937676751573, 78.57417470262165, 296.6119856241395, 296.26943410593515], "[180]": [56.23479016296096, 2.8311610852975855e+67, 38.42857142857143, 12.963893230370282, 13.678561013787814, 12.772372200194486, 26.540670443898748, 117.21551416482833, 136.24313309185533], "[200]": [74.03297061923831, 1.9258664884755883e+77, 7.857142857142858, 7.421138438508292, 7.608278399089319, 7.394637152153075, 11.27253453874527, 130.97847463839986, 143.38561279781072], "[220]": [47.50798398233883, 1.6198306258292654e+85, 0.8571428571428568, 3.7887219696745276, 3.8388885601685914, 3.7851869349483502, 4.873603118330927, 93.27423061947525, 98.2533065719626], "[240]": [34.047416967974186, 9.5085081810186e+93, 1.7142857142857144, 0.39696560925031177, 0.42211494737507993, 0.39650612539246366, 0.9664445507646039, 74.24599154296054, 79.15035546613225], "[260]": [35.26688705335437, 3.8746981460246653e+102, 0.0, 7.76277164859947e-05, 7.939286769759986e-05, 0.00013625200499746892, 0.0018433867857770448, 73.06687791797371, 77.21591342689973], "[280]": [27.15747505337322, 1.5387735893052318e+111, 0.8571428571428571, 8.389819856088428e-06, 8.571187926035395e-06, 1.576391003038568e-05, 0.0002727224084959943, 55.21118852859985, 59.02330295968787]}