{"[20]": [1.0707717503188627, 5.433826635838789, 0.9001184036678708, 3.9503331100664583, 3.955494281462159, 4.745501012783226, 24.500448480519093, Infinity, 0.6775483688420679], "[40]": [9.325991254870933, 14846382.357310552, 76.53081390458287, 48.145028214156554, 19.57804962540498, 45.38461199373579, 4262.476227927319, 100.53141969769983, 132.70018684207562], "[60]": [988.5470918786012, Infinity, 1765.8744634581697, 1260.9184454011302, 350.26266332573573, 378.3092074073292, 716.5198079021951, 1699.1741252919876, 644.6252511737256], "[80]": [29496.5470918786, Infinity, 17890.515759236725, 4922.308364755939, 1994.7404974905046, 590.0684777214059, 12503.688213949456, 11774.193506295192, 2459.0603738165837], "[100]": [1096.2459798092125, Infinity, 9282.97147120177, 4231.162590588938, 6263.491428440429, 3184.747466373813, 14212.128906182374, 49564.36763751423, 12322.090014702559], "[120]": [250.2407493663515, Infinity, 8062.713848188087, 668.2199798792536, 1200.733129404554, 718.5828094391793, 746.7623850242226, 392.23427269303835, 640.5570263504807], "[140]": [302.5919755311912, Infinity, 1571.053161251284, 335.34462858045254, 73.26006579168998, 115.42078430477245, 102.33154980195027, 385.8984991903099, 16.64635451743325], "[160]": [166.35173078007526, Infinity, 356.16011168240163, 158.36490502819765, 76.59222394138759, 113.15843559276945, 119.27238003965631, 99.60755682291362, 75.72815108494511], "[180]": [138.70146211828404, Infinity, 82.24990101431713, 46.35958136713837, 25.276413032744564, 38.41956588465128, 49.391433158032385, 310.9302803860755, 312.1373548912215], "[200]": [123.87841969440771, Infinity, 19.957587022073014, 12.319318727642871, 6.387460493128623, 11.03308461157523, 16.733295485426734, 406.3625127013323, 399.63517005664715], "[220]": [111.68889451303697, Infinity, 2.6182048467649337, 3.1101135012255283, 2.276445982320741, 2.910453641571587, 3.5761976940984623, 266.086726053413, 267.9004615227606], "[240]": [103.18355755698671, Infinity, 3.2160977720526724, 0.9069344319804288, 1.335729636073889, 0.9400447139275794, 0.3077360224639185, 217.30428547930953, 219.13600096565918], "[260]": [96.13457972703, Infinity, 1.0, 0.3015706249333494, 0.44371667809847043, 0.3062998656528567, 0.08070264261168811, 187.59772104983406, 189.3723440822613], "[280]": [90.83226462005815, Infinity, 0.0, 5.235495183114419e-05, 9.54230944935278e-05, 0.0007227317443196256, 0.003298413652697103, 158.69507579686422, 160.12908964174446]}