{"[20]": [Infinity, 0.00038431969908012077, 0.0, 8.756466713984944e-07, 7.900128624105816e-06, Infinity, 2.5035488720457547e-06, Infinity, Infinity], "[40]": [9.99722322670351, 9424764.786260275, 20.22881275571319, 7.5006464218371, 15.095105151707752, 7.565572825620181, 6.673300089688214, Infinity, 18.671753490046648], "[60]": [118.18702817723245, Infinity, 346.02024881641233, 260.294264147301, 212.71688663091592, 54.5753369459918, 172.30998054053924, 32679.616646302176, 15.28484811824644], "[80]": [1123.841706709318, Infinity, 5059.1026472942285, 1263.6331554470555, 1031.5339187426482, 384.1547447529651, 2034.7081248939244, 2031.356192179654, 1530.8633595468443], "[100]": [515.2358024916604, Infinity, 243.17172566085898, 2362.2338124578673, 2673.3030071377093, 1597.594146684366, 18504.905975298232, 9409.271769829027, 12823.152589106814], "[120]": [436.829813337841, Infinity, 4397.375634850896, 987.6849349552047, 868.8572063911018, 721.5161209819122, 2727.3474836414293, 827.5842314334694, 1884.333291840207], "[140]": [221.4011699413793, Infinity, 784.4205587237076, 165.69864304712596, 133.79153173174782, 119.80065968650406, 246.03429893594804, 66.66348372818365, 133.37935502443707], "[160]": [63.453051735637175, Infinity, 134.04866079367977, 23.845652402007296, 16.106131428480204, 18.168786584735027, 33.11211881680145, 190.24400777238597, 189.38555072682894], "[180]": [61.25926242183598, Infinity, 14.49709270756043, 3.049418243119165, 2.2821198144459527, 2.3870189856273245, 5.3506821235120565, 125.56377811939535, 129.05096118894207], "[200]": [48.62794181973448, Infinity, 2.480369413973946, 0.5290118929337796, 0.6793603830652336, 0.33903936146216657, 0.6319663822220275, 131.9431129578061, 133.54816932453437], "[220]": [47.24943130815094, Infinity, 1.928565762521822, 0.7807719046205515, 0.5954877213251458, 0.7727759984359801, 0.3092139553591863, 115.2190955259446, 116.51916808717239], "[240]": [43.20702248529946, Infinity, 0.0, 0.0253768595038752, 0.029417450999219774, 0.0246062512838201, 0.04149040089748966, 93.92836961258789, 95.43029605837305], "[260]": [40.54521139569698, Infinity, 0.0, 0.0036085560720655516, 0.004125706782967371, 0.003549902942121295, 0.006480216678307079, 78.39844406133614, 79.58956645810868], "[280]": [38.412128904785234, Infinity, 0.0, 0.0005131222622785024, 0.0005785747700512921, 0.000511816664389025, 0.001011218929352351, 68.51413043211461, 69.48473691705026]}