{"[20]": [46.44335082736535, Infinity, Infinity, 50.857142857142854, 47.82524552681896, 49.26594145420127], "[40]": [55.68572824638386, 90.58390989983036, 854.4285714285714, 318.0703719675414, 305.777670116836], "[60]": [4303.525172784834, 64275.15374622487, 23014.428571428572, 14911.317063117694, 6016.368624193841], "[80]": [76935.41072823742, 68093.74177492238, 35023.28571428572, 53044.14181281792, 33294.485018425534], "[100]": [550.6686756983472, 34507.246397756615, 44218.0, 1745.2366119407598, 18557.973792169047], "[120]": [6485.652293134759, 740798.8878696228, 11334.285714285714, Infinity, 701.0568236435538, 3661.6317198195447], "[140]": [772.8390586639591, 1.1282535068556577e+23, 2170.4285714285716, Infinity, 70.58606545192083, 1017.4412977778929], "[160]": [5858.046655274992, 1.9098488430471484e+27, 646.2857142857143, 21.19036401559714, 344.527100331038], "[180]": [5361.1768543933185, 3.0057383360136217e+28, 196.42857142857144, 14.930791863762622, 102.74066294875792], "[200]": [3775.809328534168, 6.688255362864104e+27, 77.85714285714286, 0.9430578359721551, Infinity, 34.912751939910414], "[220]": [2565.5556242223165, 378759702002721.0, 21.285714285714285, 24589.217153773625, Infinity, 13.207383055153054], "[240]": [1711.8974533799146, 7.789844431628352e+21, 1.1428571428571428, 1.645417285222913, Infinity, 0.32637346652177124], "[260]": [990.0023101129345, 8.156186627934784e+40, 1.4285714285714286, 0.49671147386218006, 1.1511513655329346], "[280]": [265.9405772467968, 1.3002220059250086e+55, 1.0, 0.8812698975759797, Infinity, 0.7465233029937928]}