{"[20]": [1.0, Infinity, Infinity, 1.0, Infinity, Infinity, Infinity, Infinity], "[40]": [2.351513701830847, 23.168375692128667, 4.176977271919736, 3.999055137672585, 28.68656791704866], "[60]": [1.3224143426742316, 2.858857388955002, 2.7260586745763677, 1.919696539301998, 60.204376611239596], "[80]": [3.4085082676632537, 7.152960971352242, 3.589941599082764, 3.7105627993104946, 23.953028096384397], "[100]": [0.3802727640865605, 20.62216538392579, 1.6027631209577284, 0.7334366614197663, 43.340698708659595], "[120]": [1.4285058570129576, 0.544645636258933, 2.6476380615043045, 0.6842169682722888, 40.210003704245366], "[140]": [0.6190636111394198, 2738295528049213.5, 1.7413106054322596, 2.6689851691948383, 28.63773207133593], "[160]": [0.2903069018502525, 2.384171251141819, 0.5802414925309881, 0.9941972290336166, 37.013196507132704], "[180]": [1.1102432789695968, Infinity, 1.6319817772683927, 1.725471743677417, 8.982816691618757], "[200]": [0.7071925358026704, Infinity, 3.0, 0.1922314768233644, 1.5344163265594453], "[220]": [0.34561973284007375, Infinity, 0.9013857273409321, 3.8109371546270303, 25.51569867403192], "[240]": [1.9072896481946757, Infinity, 0.6824456291572234, 11.373345616599748, 63.821864390799284], "[260]": [5.510404858488166, Infinity, 9.316029681292314, 3.0593793287496367, 87.73642466354737], "[280]": [6.89528701274954, Infinity, 15.235325006744038, 18.316975845007356, 465.46595712379786]}