{"[20]": [1.4563434579543213, Infinity, 4.569478572778678, 1.0607227727308635, 25759.888635247364], "[40]": [66.42507316861257, 166.3521411525337, 183.42028831787752, 16.21765518494055, 396.28631550011835], "[60]": [98.42875033974961, Infinity, 4543.646456569642, 1803.1354906114325, 15936.531097025887], "[80]": [1023.0211431132368, 1556.1171109639142, 16437.946670054473, 17370.909389583532, 1359.151741470157], "[100]": [2574.8777184908477, 21053.80291639549, 14384.800087502537, 694.6312221417794, 6758.134257128957], "[120]": [577.0800509480501, Infinity, 4747.1807667079565, 777.3045161659165, 1353.3312013531524], "[140]": [136.58386424705847, Infinity, 854.722185114643, 134.95834190206736, 212.57086119599174], "[160]": [162.30743218579008, Infinity, 197.71648253639756, 43.7881367985891, 50.59503661748765], "[180]": [114.3568390296636, Infinity, 40.37400585105661, 3.763530875477831, 8.5023925005067], "[200]": [101.63268004705914, Infinity, 7.1008566284367935, 0.586368405146994, 1.7714847942711451], "[220]": [97.7335740451194, Infinity, 3.3748903686862946, 10546044.835623775, 1.9504865876507527], "[240]": [93.39323882614221, 319552808544978.5, 0.0, 0.0347182140850551, 0.2168790610653736], "[260]": [90.21757037413794, Infinity, 0.0, 0.010948339442459104, 0.13033355295091759], "[280]": [90.0853162184083, Infinity, 1.0, 0.3034304173798673, 0.5645516043901331]}