{"[20]": [21.418183160554133, 473.20922964633536, 20.109322111760797, 87.23384790186664, 71.59453745661385, 20.882535632895234, 17.718788299638646, Infinity, 18.50389631584872], "[40]": [111.94781237356962, 63.949720320575246, 114.99238512064866, 5.0983301376128285, 136.946100054163, 134.19369433375445, 1615.7179092085078, 1125.2142764445252, 665.2203736500654], "[60]": [46.13925095366125, Infinity, 141.4438814883463, 246.72240294922156, 39.8008226515854, 89.37668046253545, 51256.7275104274, 1144.9576256454895, 580.7693469303766], "[80]": [11.785472547833404, Infinity, 10.186076074986726, 264.6393586199035, 19.051988558597895, 2.5290529767829537, 122.17164752808871, 3314.1664705104017, 1214.4242503509581], "[100]": [58.42867787626111, Infinity, 14.706701614690017, 319.4588011143477, 24.764484948001282, 9.500689435529647, 47.28662255043664, 2.109882968060717, 1.591041500075584], "[120]": [238.7070444566254, Infinity, 240.14999752752496, 575.5990203432794, 242.28803834262158, 252.0740332763193, 246.3027185255692, 224.27795755023303, 230.46191635450626], "[140]": [3142.4122630078537, Infinity, 5255.963249737948, 5678.209891939024, 5077.378543181487, 5785.505183800269, 12795.830862388952, 1258.0232390733363, 1310.5051089268745], "[160]": [795.563869938596, Infinity, 16593.419457284544, 11612.04751760198, 4756.032244583941, 5468.774045261041, Infinity, 15976.915953727703, 10605.315013984406, 10762.81939901689], "[180]": [1239.4121875319754, Infinity, 12887.47171694687, Infinity, 3252.94319660575, 21821.995838059458, 14422.178589348241, 23477.54007106836, 12886.858387893148, 11820.990303568122], "[200]": [352.3774703397755, Infinity, 7705.613602117657, Infinity, 741.0527072871369, 5384.972377943874, 4142.8211744206665, 34475.31241919641, 24099.779188053788, 22169.186040192588], "[220]": [1045.708093132527, Infinity, 1381.3498990197897, Infinity, 399.2581203516315, 1318.3493490692686, 1322.3590600245539, 1986.52340681924, 3206.7458674544146, 3380.158263691754], "[240]": [354.5215292626566, Infinity, 257.93260635667883, Infinity, 175.18526085157637, 389.88470895633725, 499.5442069620347, 514.6971723026504, 969.589112834973, 1010.0216285197915], "[260]": [189.91320029920018, Infinity, 29.665300678632498, Infinity, 63.31885536502991, 109.33703150236379, 179.72778547009784, 191.6473356678229, 425.7197979556752, 397.5983568407502], "[280]": [200.61755034179893, Infinity, 0.7410220544765578, Infinity, 17.998624434118597, 27.993371235740437, 57.41824323162995, 62.19053325283284, 366.54496300162015, 372.06705181205643]}