{"[20]": [Infinity, Infinity, Infinity, Infinity, 14.798849030788853, 122.15431454326193, 31.135131231491236], "[40]": [Infinity, Infinity, 4233.266060916559, 245.7822109487406, 85.19709481221095, 77364.79979204324], "[60]": [1475.3255681198702, 8116.083923813906, 301.54583139246836, 702.901695331415, 10844.39145915886], "[80]": [109.36302915697392, 100.91182254413238, 66.75136432364503, 759.2829234327105, 78.43815639554192], "[100]": [10.261193688961825, Infinity, 1.2855411209602812, 750.6106464084106, 45.542239641474], "[120]": [621.4209517007533, Infinity, 636.8456671479145, 1432.7983614585098, 464.57717233517576], "[140]": [2389.591279796266, 6283.959602136933, 12264.976540822305, 14542.641517616019, Infinity, 4430.640367937788], "[160]": [17641.36081486275, Infinity, 13632.026656248296, 32977.797987096805, 5514925033.454728], "[180]": [12213.902372393906, Infinity, 19329.557840154434, 9599.148162219477, 976046403.176547], "[200]": [403.9436421087581, Infinity, 6401.348285968681, 1543.0938849814152, 355660975.40720063], "[220]": [984.0290350697215, Infinity, 1139.7034848554465, 275.9189660125051, 144061878.5670473], "[240]": [215.29441019604636, Infinity, 207.19793020721227, 47.06043389236399, 50421033.57133069], "[260]": [214.55183105234016, Infinity, 28.38480114078474, 8.881000890457011, 25508941.42666242], "[280]": [1403.9269009945535, Infinity, 1.690927284064174, 6.204610616915597, 104919116.35840262]}