{"[20]": [32.82726493203796, Infinity, Infinity, 41.857142857142854, 38.1515088049927, 40.20564227128053], "[40]": [186.21964626203726, 393.19547336832926, 745.2857142857143, 173.04105933930828, 123.78150470336811], "[60]": [1836.8049589064176, 30049.367481122143, 14925.0, 9472.079523252552, 4619.611568363378], "[80]": [34833.5456602809, 121185.88622992617, 20626.0, 32462.251120037774, 15810.639729321083], "[100]": [1063.3486593884136, 51146.119916868985, 26806.428571428572, 3755.7749939144323, 11562.036028858154], "[120]": [1641.8884638779055, 4.6040659451741527e+18, 7919.428571428571, 182.43910175630344, 1470.4104732783771], "[140]": [710.3927796933788, 4.3983575738064085e+19, 1411.4285714285713, 94.14360596426991, 216.23942566869425], "[160]": [2728.469075822889, 4.8563885524801196e+23, 250.14285714285717, 34.905718501269554, 27.51419077667113], "[180]": [2537.7854754533923, 2.723641433102491e+19, 62.42857142857143, 5.866103499008021, 9.881217041032386], "[200]": [1894.9872016686363, 8.217163818613619e+18, 11.285714285714286, 39610.00712603791, 0.0936192213833289], "[220]": [1355.0458560971972, 1.2502426082991587e+35, 2.142857142857143, 28628.19760317354, Infinity, 0.05375753231100988], "[240]": [894.6352270276647, 8.213109458578868e+26, 1.0, 0.08094639696391603, Infinity, 0.3154084122736083], "[260]": [434.73245176353004, 1.8768139245555878e+48, 0.0, 0.0, Infinity, 0.0], "[280]": [87.94808437318781, 2.167776765516918e+61, 0.0, 0.0, Infinity, 0.0]}