{"[20]": [15.17931220589153, 25.542166538266162, 14.212852400214318, 31.26353258694213, 16.72789740940426, 14.720528865971195, 94.12161237731239, Infinity, 5.360848760167628], "[40]": [414.2930730873058, 18.46493538111115, 422.1628653385923, 23.13976227128165, 440.5116723355961, 411.3293959327986, 6988.513400578702, 73.0848868629217, 65.9720758139244], "[60]": [3936.120683209146, Infinity, 6258.790496631114, 453.181397196147, 325.726593753753, 846.0136645796526, 4209.744262505047, 5334.983245510546, 3691.8303619356566], "[80]": [323.2201853435728, Infinity, 1643.006747985016, 906.5478379294914, 452.2330521034661, 1127.3411753217256, 6730.7564488256785, 1548167.6716477084, 728282.6298089129], "[100]": [422.3511629090858, Infinity, 3279.4790267359217, 116.74738819264418, 149.96534772906753, 100.82696524432615, 49.01266280492738, 146221.56667238605, 49142.761827034104], "[120]": [158.95576807230623, Infinity, 602.3543544425107, 183.1502567172465, 166.44046748069778, 155.19207815387435, 65.23216709676916, 2906.1546846299416, 1911.6122298288676], "[140]": [243.82108806387674, Infinity, 154.54084957532518, 94.37639362977622, 85.67896230551558, 86.8554732715031, 65.88218816657923, 672.6206999572802, 717.8578299060234], "[160]": [189.02764883394238, Infinity, 41.08569046215365, 46.43028415281676, 43.243777020507466, 45.159628110857874, 43.93281842842193, 708.3752448533138, 715.1674942183349], "[180]": [182.8303050588448, Infinity, 27.162937563370452, 15.616100615172556, 13.974454958551606, 15.425368210572534, 17.33585697610795, 539.2222407227117, 567.544117419122], "[200]": [158.66748823447523, Infinity, 13.046430401532815, 3.725402040192933, 3.0888604817492156, 3.698067166898683, 4.727359680738243, 425.62704620522425, 439.54255766199964], "[220]": [157.37908714719882, Infinity, 3.167326318443803, 0.7016918298713072, 0.5518023266696107, 0.6978809833524009, 0.9553697700012644, 374.63581297968403, 378.08559345426715], "[240]": [154.3248553915054, Infinity, 0.08795004801411328, 0.00013530054335275077, 0.00011442885144312741, 0.0006524754517010867, 0.003316377516743521, 363.86710214352587, 364.183634646949], "[260]": [141.17042007387693, Infinity, 0.0, 1.4232973597851765e-05, 1.1971610214941828e-05, 8.40667092647655e-05, 0.0005587209419463953, 296.522710358239, 300.4977405762962], "[280]": [133.0326796459563, Infinity, 0.0, 1.4972291714483564e-06, 1.2522712216988144e-06, 1.0831219337341828e-05, 9.421789659870061e-05, 263.579276187084, 266.19575488713684]}