{"[20]": [3.400329530080498, Infinity, 9.285714285714286, 3.3009081523865236, 2.9878399085521394], "[40]": [4.790159087752642, 102.44232682717114, 174.42857142857144, 49.03849286137469, 53.401759481064374], "[60]": [168.3965725054295, 283.268232661183, 4188.0, 1722.0824809554365, 2730.8017295187924], "[80]": [6535.105807276443, 7996.678979894161, 41323.142857142855, 38485.78243328721, 16933.147853584247], "[100]": [20621.586433997727, 37476.29557351302, 22316.571428571435, 32576.52368149846, 28280.683081362207], "[120]": [5138.930117219083, 12543.443451986606, 18226.857142857145, 5472.413893766996, 7401.169261233426], "[140]": [340.10121960684046, 1948033589640403.0, 3842.4285714285716, 592.4062572034927, 1254.038990105928], "[160]": [190.38093142555692, 6.724421623567488e+19, 991.7142857142858, 2.2163020248331122, 270.2608520240933], "[180]": [594.7223878751547, 5.49631179382081e+16, 268.42857142857144, 7.007099663397298, 77.33665567576571], "[200]": [820.6324931964517, 4.008623645327898e+25, 72.0, 26621.90692330752, 20.703200560629284], "[220]": [721.8278007970223, 2.3619175309458968e+24, 9.285714285714285, 40388.67976892885, 1.7442347188850391], "[240]": [469.71142191293575, 4.638760553096259e+28, 4.0, 23378.473997510468, 0.37992195988786914], "[260]": [80.61679101134507, 5.041951086614837e+39, 2.0, 1.0219357754981118, 1.066068636710257], "[280]": [450.66225063911577, 3.0890168790270725e+40, 0.5714285714285714, 0.004101516628616797, 0.4932405911530282]}