{"[20]": [Infinity, 1.6615804916722952, 3.0, 2.9999991742219647, 2.999986322904732, Infinity, 2.9999959716016313, Infinity, Infinity], "[40]": [15.774728733791118, 1657575078.9061713, 18.60419438200446, 44.584014874172674, 44.14238053450845, 4.908808474355297, 71.789869021196, Infinity, 32.79191333125739], "[60]": [8.213009394567399, Infinity, 11.941014990577425, 31.79503635522017, 31.410764955575083, 30.104364191377748, 15.713767446624098, 62081.09024906627, 42.346227722849655], "[80]": [1.1585146605686552, Infinity, 0.3498820493362897, 29.27561897766615, 24.07549903162673, 12.693937594808947, 1.3951779393256425, 12.76772227232793, 9.079925472016244], "[100]": [1.6010575762501267, Infinity, 0.628502651951533, 33.02850648326857, 30.82582092481656, 16.998517573252617, 0.49644447473869013, 1.1685956626058616, 2.530314692200792], "[120]": [36.33991046923238, Infinity, 38.34818524717898, 75.88133113141896, 75.84356658698167, 56.836413843973354, 39.69507276016261, 37.5078442764242, 37.348145787407326], "[140]": [23.76186299803049, Infinity, 75.38862998264017, 105.44471212094282, 69.45019139851402, 61.372601951566864, Infinity, 69.70219729890539, 14.04539391675119, 15.593500244612908], "[160]": [3.4907548841160123, Infinity, 13.743399534535323, 35.594641548793746, 55.097687007759056, 38.05304669693641, 66.12792894919765, 96.7511485657462, 96.38436919147772], "[180]": [92.82723715686598, Infinity, 110.40340391189365, 206.58096955170288, 45.06209023314023, 45.02184255049509, 28998.916951046882, 34.41082680781857, 34.86884599577276], "[200]": [140.49486356721988, Infinity, 384.948343102437, 547.3072698172882, 216.88056428499212, 231.7889081847712, 158.85670743521848, 157.11657839835001, 157.15860801765584], "[220]": [634.6472538091211, Infinity, 1189.707574745733, 748.5979652611386, 456.410904482824, 482.88601309967976, 737.9244856594098, 350.55940450278473, 343.89512952712727], "[240]": [615.972095322991, Infinity, 2773.723938798756, 1913.88694457779, 1035.009492271593, 430.10119077719315, 14175.6505986742, 665.9139860192189, 648.8649507282236], "[260]": [249.65153088609296, Infinity, 3649.3955385195636, 4516.612838621247, 522.4570488593537, Infinity, 711.880232731678, Infinity, 33329.864352769626, 2393.8207771967923, 2379.0674421667172], "[280]": [676.6779585686057, Infinity, 1221.2692109388588, Infinity, 7324.946244485111, 1705.3046722717224, Infinity, 2669.6743271911064, 3485.7326527968494, 341.39267005116704, 413.9734488625056]}