{"[20]": [24.982977326427303, 25.3788813143802, 24.428571428571427, 22.790347849922824, 15.645588504835438, 11.037879511788974, 4.272312154470438, Infinity, 23.994368924728604], "[40]": [340.68624864319077, 223.65399430666008, 343.14285714285717, 54.59499869656804, 371.7736081133737, 357.45402701566684, 356.80426731305164, 197.45337728068966, 22.314449799252316], "[60]": [688.113327423554, 1.687067206188107e+18, 1997.857142857143, 1812.6015807235926, 329.0300863169673, 210.10905035617225, 329.19043477639025, 16262.25277475093, 3489.271943756029], "[80]": [450.58234206867246, 3.729403789879908e+27, 1014.1428571428573, 2538.4659839562664, 417.01275712735423, 721.8619038473162, 378.5001960831464, 24959.156285115776, 16275.849801068089], "[100]": [363.919320104118, 2.647552091869952e+35, 835.8571428571427, 3716.26366004747, 659.5637494498751, 1072.1353087902626, 547.6624247784503, 7854.530644222345, 6301.293006273278], "[120]": [344.895334513516, 8.308450134770628e+38, 906.5714285714284, 4641.8602981145805, 755.483280510156, 1605.1782075668361, 533.5805633940372, 414.1782988897485, 464.3842193840246], "[140]": [18901.99742003883, 4.976266294395922e+53, 20469.714285714286, 25124.196425151313, 19505.36135642635, 22029.878364260017, 19081.292351233227, 9183.061737182383, 8260.299560871503], "[160]": [16366.539967987424, 2.135402919236706e+62, 29851.142857142855, Infinity, 61156.32496043619, 98.83827015085262, 9468.563174077266, 27054.02566355119, 4060.7951562936287, 5695.505275153977], "[180]": [6921.871078031581, 3.104745092395459e+70, 32437.857142857145, Infinity, 25153.36438399719, 44029.64919475978, 26450.081639270655, 36479.40794059275, 5628.860075613229, 1640.2094682669122], "[200]": [6530.035046787354, 2.1119689227880706e+80, 17009.571428571428, Infinity, 5984.857175153285, 9572.897976167613, 10928.159819508095, 11096.22999635206, 6356.78323114207, 8952.252818980563], "[220]": [1832.7227922662678, 1.776360035683665e+88, 4183.857142857143, Infinity, 1603.5056792898763, 1951.4573737485166, 3575.2022357909245, 3500.965797971695, 581.0410567228691, 427.6819471584895], "[240]": [1052.4504139053242, 1.0427345148083256e+97, 1207.142857142857, Infinity, 315.8921218146941, 596.8223373777322, 1384.4688293896857, 1319.0853239087817, 876.495133708107, 988.5928331945252], "[260]": [342.5011083894169, 4.2491225503989994e+105, 267.0, Infinity, 35.705122808730756, 151.72074377567716, 527.9529966807617, 494.3280856455218, 600.6841397971973, 623.6536622559839], "[280]": [537.6496075940704, 1.6874702090631743e+114, 18.285714285714285, Infinity, 18.907882740125977, 15.208569357456831, 167.72342088284176, 153.26808696143073, 1149.335886272971, 1129.021934421924]}