{"[20]": [Infinity, Infinity, 9.132233235432905, 0.889737390467892, 72.54851802334652], "[40]": [Infinity, 19.266688015340748, 73.05871396574977, 11.261727889326597, 873.4208549397241], "[60]": [73.4960764934742, 300.3620996923177, 198.00983727795258, 467.56461396581307, 2931.3883823684832], "[80]": [12.425940037028118, 34.25266500601748, 6.5268101712680116, 415.87592654460326, 26.762772908226204], "[100]": [24.719918003278114, 140736.36740004647, 60.77724385688658, 298.76570493643703, 21.745384372689614], "[120]": [8.3307894138184, Infinity, 20.33518497775605, 301.541501080011, 15.756996145095524], "[140]": [80.08437046991621, 1565.9661650271398, 1684.1444451873647, 7405.120478245828, 299.05303264307724], "[160]": [941.1920773141821, 10439.204418248635, 9282.48093239419, 1917.0510615922767, 1441.0180829525327], "[180]": [2167.427900789487, 12877.986394579058, 4391.805087805172, 3689.145854524206, 70247216.2265661], "[200]": [70.38497486342841, Infinity, 5187.388194841167, 1268.7382495166944, 17790450.795337856], "[220]": [126.45196762263944, Infinity, 1074.1388883879104, 270.5427722644996, 3826061.9339259476], "[240]": [47.68273652744509, Infinity, 205.77575856253276, 51.84183586323189, 1880364.1271376468], "[260]": [45.412016325420005, Infinity, 28.039915453156755, 10.748648365492048, 307470.75587570673], "[280]": [139.65616315286456, Infinity, 3.739014417087476, 10089.313000466285, 4208.985655333502]}