{"[20]": [Infinity, 4.402378807790231, 6.0, 5.9999991742219665, 5.999986322904732, Infinity, 5.999995971601631, Infinity, Infinity], "[40]": [Infinity, 1129970575.2149518, 19.4425924525849, 1.0713947777830162, 4.64965331933846, 24.696061262457405, 18.362634888544562, Infinity, 40.21471122927583], "[60]": [82.05548876099552, Infinity, 185.5994603448277, 112.88732811929863, 76.99724345818996, 86.18450212570876, 2792.87090109493, 56759875.85465972, 84.9482409367029], "[80]": [1011.0830998617478, Infinity, 1166.235895760402, 746.8630131546707, 163.57264013324394, 167.04246091276337, 1877.269905415072, 657.3817921036695, 699.4387202518593], "[100]": [403.2681104381604, Infinity, 2877.5041430124343, 1458.1277927922558, 86.35307699211808, 83.55046323580632, 1289.4463586042755, 121.47516714124029, 344.305165192693], "[120]": [220.61283435305236, Infinity, 1351.530912087222, 175.4072096559828, 175.82308722476967, 20.01555222831159, 41567.534539507804, 18458.244932740832, 17169.693463663018], "[140]": [299.31399928251597, Infinity, 2083.141623248814, 85.31738890679671, 241.50371640852669, 263.8197629233044, 153.93767658786564, 745.0067373539586, 270.46905763470386], "[160]": [101.74426431054201, Infinity, 542.8689511624581, 13.62682407634269, 28.9237167803614, 1.853872140401812, 8.414638529830205, 964.0907305290656, 882.8029862295222], "[180]": [147.19546075990857, Infinity, 109.194971546839, 0.16445472000073205, 2.0255818752077026, 4.202507783305389, 1.5195490762744222, 79.37371935978419, 145.07595140406474], "[200]": [152.39107026346852, Infinity, 20.626876207576984, 6.760099001358969, 5.55046574035211, 7.940108346209953, 6.95290277044262, 286.1324439747123, 281.44237067029917], "[220]": [115.61186177435455, Infinity, 7.864972589692106, 1.829041384536759, 1.4259326498851967, 2.1272440907216095, 1.7941135813085833, 134.5503066629117, 132.33793485602502], "[240]": [115.83823048979875, Infinity, 0.31435220785317847, 1.5050333761225474, 1.361510407716156, 1.5749693463261114, 1.4568739634841013, 131.87533750885126, 131.30461216040072], "[260]": [99.65981895033403, Infinity, 0.8913219737611628, 0.1260053285561006, 0.17865344040000739, 0.10998268390016956, 0.1527108801450044, 126.52354062784565, 124.48707954162384], "[280]": [89.71077427612352, Infinity, 1.0, 0.9901166342588057, 0.9920240828291754, 0.9935221100602915, 0.994740000699036, 98.53838009821418, 97.64499062109645]}