{"[20]": [Infinity, Infinity, 6.57403402233728, 3.4847388723569503, 87.44267712788793], "[40]": [Infinity, 42.41934868053672, 62.205642320312634, 27.103741673108626, 68.39843379303859], "[60]": [82.54663941463535, 89.6035547711483, 194.32046580406458, 487.2954631586557, 70.6032331139691], "[80]": [10.948766059530318, 61.46703224187256, 21.11361575174869, 526.3784256424044, 25.186542141651177], "[100]": [6.58240709336005, Infinity, 3.3406555543798757, 551.2015862634992, 24.970364746888798], "[120]": [4.7496230263426265, Infinity, 65.71852170736842, 536.6956823853684, 31.159209526505997], "[140]": [133.9844259601471, 249.40753288762872, 4896.600108134967, 11207.378565362034, 1781.1960147303398], "[160]": [805.6757630617278, Infinity, 21177.046686760903, 36688.44622339416, 78360445.10437563], "[180]": [3270.9056671272933, 15445.446932316783, 16039.75166894815, 10433.328459109893, 210346570.40550044], "[200]": [222.99889154579006, Infinity, 8430.70272402681, 3597.6280816335184, 26878571.443775192], "[220]": [321.7129936488809, Infinity, 1609.369240118994, 796.4669737975387, 9207958.681257647], "[240]": [115.37606051758833, Infinity, 343.9857531892515, 100.7953193974513, 3409793.226445877], "[260]": [103.1103236964396, Infinity, 33.89823589125831, 23.025624352674523, 3152243.557561209], "[280]": [290.82616098938854, Infinity, 3.1942802433247777, 21493.956136178618, 140266.3303071527]}