{"[20]": [1.0, Infinity, Infinity, 1.0, Infinity, Infinity, Infinity, Infinity], "[40]": [0.04748489580990167, 0.4070389218525987, 0.0, 0.6806513155604202, 0.14147697470139953], "[60]": [0.07329591992440099, 5.9858059650697015e-05, 0.0, 0.36094047377549976, 0.1284056249033818], "[80]": [0.7866204687699463, 0.8968277447805804, 1.0, 0.23175826728975474, 0.9040008579251448], "[100]": [0.31907995155049274, 1.0442237503216347, 0.0, 0.0, 0.0], "[120]": [0.21982123578720894, 3.498882660123773e-41, 0.0, 0.0, 0.0], "[140]": [0.1813423678733059, 1.2200790716956115e+41, 0.0, 0.0, 0.0], "[160]": [0.13446641564045642, 4.092828541051046e+48, 0.0, 0.0, 0.0], "[180]": [0.0709192614023225, 4.540496743216101e+63, 0.0, 0.0, 0.0], "[200]": [0.04356350229177638, 1.3226422966952824e+69, 0.0, 0.0, 0.0], "[220]": [0.02845150061684769, 1.205699435141411e+68, 0.0, 0.0, 0.0], "[240]": [0.019321696931617727, 9.148505362091683e+81, 0.0, 0.0, 0.0], "[260]": [0.05757933593751567, 6.084434970324289e+96, 0.0, 0.0, 0.0], "[280]": [0.05517127029711533, 7.804459417317628e+105, 0.0, 0.0, 0.0]}