{"[20]": [Infinity, Infinity, Infinity, Infinity, 7.7115018667797095, 43.85942545983601, 182.18075348129958], "[40]": [Infinity, Infinity, 340.4194186170731, 78.05599674495804, 112.88938851781404, Infinity, 1061.9465057616892], "[60]": [436.8669524265303, 364.4331604102998, 152.7106901490898, 288.8820726295449, 3182.2778002092737], "[80]": [15.49842629674711, 69.77562732276907, 2.0515468755069968, 295.3819033795536, 38.17785022842716], "[100]": [9.052730496276611, Infinity, 5.406772670013141, 287.27459989852963, 34.972091010472006], "[120]": [101.69667818814192, 304881517.6342813, 123.89465385815872, 412.7117170410362, 71176.69549132089], "[140]": [180.60504022454543, 2682.748235575462, 3150.469210675807, 3709.5017587050593, 1243.6633916173287], "[160]": [813.8040347579554, Infinity, 10695.096089943301, 12577.655126347918, 3432.0763931213382], "[180]": [4200.431006327306, Infinity, 7078.1069843891055, 3903.3905480713975, 111549506.15221173], "[200]": [168.53188418548285, Infinity, 5249.1358002350535, 1411.2645280985598, 41520668.01108552], "[220]": [238.02313771184475, Infinity, 1072.800924783194, 382.7324859014215, 12525969.302388523], "[240]": [83.20565918818679, Infinity, 201.51671989541848, 23.77763279824982, 3713946.596910523], "[260]": [78.19119770550365, Infinity, 14.297263433924822, 5.73765401475276, 281601748.6300092], "[280]": [397.1935991553487, Infinity, 3.2590465063708187, 1771.512376520487, 96032.35231059174]}