{"[20]": [9.304289164871703, Infinity, Infinity, 8.662466361478511, 2.763165490450405, 112.59434168060267, 24.433975497082237, 1202.8176605701913, Infinity, 6.766086989881545], "[40]": [0.3566835780963837, 4799834840.026443, 1.055809011528783, 25.90338556842015, 11.39785975594758, 9.1860503333904, 186.03004715442742, 1568928.1909471124, 1.286679033627362], "[60]": [1.2646263189826747, Infinity, 0.2696673374785772, 8.906194980080377, 9.409597373753558, 8.266146376160723, 137.78539562321538, 306.2229826745643, 16.693867352086812], "[80]": [1.9949645437737593, Infinity, 1.2285540423940626, 11.621668879000511, 11.224915812825625, 8.752936349532622, 279664.71574028564, 9.588878322327298, 5.305870371789032], "[100]": [5.489765532435274, Infinity, 7.380532851982234, 18.542994704214944, 16.348697584384812, 7.302527896070717, 7.59496315819358, 6.885537585174817, 7.420629413548853], "[120]": [3.138265750862446, Infinity, 3.553669404901231, 19.052943219078855, 15.681538013811712, 0.6454823467758665, Infinity, 7.507426688685655, 0.6123817542747592, 0.26711126694326426], "[140]": [20.470492611091355, Infinity, 24.222560839739437, 47.46202911350992, 47.67899994562758, 21.05977322254195, 13.740733447421587, 20.47958567036876, 19.27026716629903], "[160]": [44.81916086179568, Infinity, 42.14016796434178, 60.94802519672567, 52.56949252265617, 11.178248846814062, 27.034679845443293, 2.5787327873985375, 3.485966513867844], "[180]": [42.424908044841345, Infinity, 49.443843325055674, 79.04480974508766, 51.92491770542319, 6.174968175158058, 29.26370162096214, 12.829087435495744, 13.64042740264549], "[200]": [129.48254496547185, Infinity, 220.1118603556966, 251.8059385070064, 131.63228396200765, 125.26415743546572, 114.91422216967376, 126.83181649927839, 127.88124773716618], "[220]": [253.17536999237345, Infinity, 660.6146976337222, 368.89010454207624, 228.3961760003511, 196.14767018685052, 1881.6981324828114, 49.29998580166579, 35.54943991342056], "[240]": [47.5404343493621, Infinity, 1321.4705187827153, 709.9511477287011, 408.78853747446004, Infinity, 611.3209371719179, Infinity, 4068.410245405674, 420.72602265192836, 417.4206842390981], "[260]": [607.0677148395699, Infinity, 558.6891273381475, 492.7578083347768, Infinity, 147.85955662715025, Infinity, 305.5470645834776, Infinity, 8703.729431733902, 334.7324536044457, 270.95918500281476], "[280]": [41.535242829979, Infinity, 807.8667079645517, 237.5563546474175, Infinity, 1048.263838910737, Infinity, 2352.306967623696, 14829.846663842105, 2372.8008616822735, 2136.39759738286]}