{"[20]": [Infinity, 1.9985431594900873, 2.0, 1.9999987085353497, 1.9999851957270454, Infinity, 1.999991206360744, Infinity, Infinity], "[40]": [2.663777660919573, 17263489.504142612, 2.1809628329582615, 1.1013989285522112, 1.0040264300123083, 2.4735986418592555, 4.889821852065902, 1.5220696451378244, 0.8384041426879689], "[60]": [33.781914198874425, Infinity, 43.24312388709106, 45.534913156468896, 44.578122400466384, 23.540232446922992, 20.956935005650397, 674.6315243649781, 21.18311270904888], "[80]": [116.4249227651489, Infinity, 260.729036385137, 208.27067914031178, 165.78773741230953, 107.2782666383708, 87.97774093722201, 208.7756478846206, 126.77464972779843], "[100]": [795.0773673191943, Infinity, 1142.0834080229215, 476.845465042982, 253.86021958961473, 262.00928269686545, 619.5737538412884, 63.91298682769916, 50.99507144103839], "[120]": [25.07329686427373, Infinity, 2625.397397077672, 68.50090330994821, 67.45901456771392, 67.94919733775914, 207.15722075313352, 56.87037954510293, 33.17350402349369], "[140]": [116.26204061689032, Infinity, 1179.1307137740976, 301.0316183446426, 279.2807650787401, 157.2681612917256, 1831.644806505536, 844.0465105447411, 704.1203301719888], "[160]": [285.2936867623545, Infinity, 1928.5852901769483, 237.22852994539318, 242.97794625726704, 210.75542563096053, 157.0489231038529, 786.6061616525745, 496.6897163705174], "[180]": [63.9880034103623, Infinity, 638.6323559191472, 88.48338358030604, 85.4970317089756, 85.80956101147724, 62.53231118686442, 10.21253448063515, 5.02676236020252], "[200]": [67.53720186305452, Infinity, 160.7736067344305, 10.334317382393618, 8.758090606209816, 10.756649567415142, 5.6383095640322995, 124.55701060637587, 128.48216792377022], "[220]": [50.00893050859893, Infinity, 31.80940163062593, 5.792701522485955, 5.989461348354559, 4.404176240555424, 3.0582898306413426, 48.544321230251704, 50.647802050976395], "[240]": [46.48193537291463, Infinity, 14.319366247633738, 1.7145332581373256, 1.974515659523498, 1.3213558988087781, 1.633550474692037, 20.518955306200276, 21.78644139466092], "[260]": [50.40850072027648, Infinity, 6.160417120193236, 3.181998326071363, 3.1057310936873876, 3.243785276254864, 3.021900574793964, 37.222806346734686, 37.08238363070307], "[280]": [44.02555212954146, Infinity, 0.0, 0.31250760534602134, 0.3400607043591181, 0.33087818531712515, 0.43250303339004226, 24.881429411328565, 25.71961405144796]}