{"[20]": [Infinity, Infinity, Infinity, Infinity, 7.722040219190231, 43.85942545983601, 182.18075348129958], "[40]": [Infinity, Infinity, 2764.5079755257216, 72.32718920518887, 119.1091951467829, Infinity, 1061.891900798039], "[60]": [230.70068878854244, 327.6902188179135, 130.12504255647525, 284.0367247746583, 111.77631524812807], "[80]": [3.5071925598886566, 70.09405204443603, 6.292128250602888, 297.53042639634083, 37.95205102733411], "[100]": [12.217778766081304, 10.921790918877269, 33.65142765990883, 339.11878924623073, 35.995686425233586], "[120]": [71.32020553680805, Infinity, 97.2628740009232, 437.9298847400844, 50.873538442254], "[140]": [7.323169740165636, 14836.71089360348, 3886.4688354038376, 4493.738696729445, Infinity, 563.2022564594824], "[160]": [1317.4094429682548, Infinity, 10216.876001009428, 12519.167096220417, 3250.2667777659626], "[180]": [3538.1133907234084, 21226.191133920634, 8381.471833628979, 7547.940312930037, 18591228.576701343], "[200]": [119.79266942834617, Infinity, 4801.147428115022, 1286.666215439363, 42096694.711983085], "[220]": [255.96976440588605, Infinity, 868.129098517043, 244.60773726768045, 4485451969.822393], "[240]": [82.96574264080643, Infinity, 169.29286800629333, 28.461984719482214, 3885487.1023570467], "[260]": [78.76458145768875, Infinity, 22.09737315451377, 0.40726146104062766, 634684.2613514003], "[280]": [384.69887765461897, Infinity, 0.42517930545036664, 0.005307180534170011, 15471.670114427225]}