{"[20]": [1296.311051789144, Infinity, 13.5764899373679, 11.446848408274127, 15289.968934703385], "[40]": [18.60100014711767, 31.738506630838803, 209.900375230083, 66.26040513535999, 331.5534874239664], "[60]": [63.797318034266176, 1206.7506790220957, 5102.719123251673, 1639.167008523413, 8702.796897028536], "[80]": [5325.6682908332095, 6288.8572543446035, 30547.355035645898, 25582.461446069738, 991.8095594267892], "[100]": [1024.8998762462884, 14170.336590670307, 24156.59111535032, 2825.7638434133223, 7502.759769639672], "[120]": [794.805576323882, 461533.86673091433, 7914.844455127618, 1759.7548358244683, 1851.4926963946727], "[140]": [239.05703392158665, Infinity, 1267.8821062657605, 203496.75748621617, 273.3065155992654], "[160]": [683.7336583146686, Infinity, 245.32126758008528, 43.463147810306864, 47.23118699228679], "[180]": [586.6931971504863, Infinity, 44.060545187933954, 0.6499249185010275, 2.184039019965647], "[200]": [403.88861572262834, Infinity, 7.5892726861580755, 341280.1758095427, 0.49740730623130913], "[220]": [290.31796996043624, Infinity, 1.7385599230356235, 7060701.143546544, 0.06887286597488497], "[240]": [221.96765997987933, Infinity, 2.0, 0.1218147613637709, 1.168804976222818], "[260]": [175.71976834357216, 1.751828778713694, 0.6083550353774424, 0.03486894864123917, 0.06456096342014017], "[280]": [153.6360442506831, Infinity, 0.3202987673735046, 0.7584667425545627, 0.8198147967248173]}