{"[20]": [4.045353982358292, Infinity, 7.453236026857562, 5.209331309165338, 71.50957115181298], "[40]": [1.453712620009548, 2.1149582620556893, 8.679914195328594, 5.88983590240352, 82.4067982218834], "[60]": [12.409692667438405, 6.158110545370827, 6.2866412064561885, 2.113493153704546, 310.4972434151635], "[80]": [9.037558730213094, 6.3518505920889305, 20.391170052014555, 2.5084102738013065, 367.8365590093056], "[100]": [1.131136712511249, 7.1502297047417605, 23.438409498465372, 19.260981031371685, 642.2746322433172], "[120]": [5.311415794843802, 60.857440576009516, 95.87713968064489, 5.204516414931438, 1355.035659032214], "[140]": [19.157272763716445, 257.2453689969181, 154.23400814989472, 79.9984663136783, 3268.52399695053], "[160]": [87.62843692857896, 102.1898156390258, 70.29301997664543, 31.141760597229073, 5314.052198380107], "[180]": [93.44976208227466, Infinity, 429.92572878105625, 17.811978437913318, 77.2664639556333], "[200]": [7.989702387644169, 1301.2347233855514, 1520.3463492391713, 270.53496184045116, 245.01374820736743], "[220]": [161.29532080443747, Infinity, 3713.1009787661947, 962.5303129561903, 287.1117147334308], "[240]": [159.79021321673022, Infinity, 3773.8837387025656, 391.9090792342647, 702.3394230700156], "[260]": [410.0014478569887, Infinity, 2707.5306055851706, 224.6331914286497, 827.8265598052498], "[280]": [346.6203304934983, Infinity, 4575.531374066518, 1162.9570766885904, 1300.5661481943673]}