{"[30]": [474.7605450964003, 2699202.84726028, 2663.6597140040058, 995.3286343807946], "[40]": [2562.975928929194, 34198.56910045421, 6580.515217902735, 431.3292589695965], "[50]": [2006.2274825350416, 1681359641255231.2, 2799.669717697903, 385.77312622774946], "[60]": [1910.8951789750695, 1.581154073278949e+20, 437.0566838999745, 319.95661228311474], "[70]": [2362.2033102905834, Infinity, 135.03826941203144, 378.5122708256884], "[80]": [2652.8270540849344, Infinity, 87.08993005130368, 393.4657902201042], "[90]": [2543.7349187022824, Infinity, 176.09587479675398, 342.422781873112], "[100]": [2042.7519600204919, Infinity, 400.41908165210515, 331.3622362202846], "[110]": [Infinity, Infinity, Infinity, Infinity]}