{"beta": 0.9999999283401179, "gamma": 3.715263632505796, "d": 0.43277273707209873}