{"[20]": [2.2823283882966465, Infinity, 10.134111673896848, 1.983620763779837, 226.473351688408], "[40]": [3.479932344506556, 2.6055697614062616, 8.0582973617839, 0.8056759651172357, 146.2075103916159], "[60]": [1.274424615643256, 6.00430394649627, 2.706207962555678, 0.8452762517274665, 302.4747751253468], "[80]": [7.779635777339382, 17.74257599889496, 25.484510143421794, 2.7657446913092776, 640.1351553629412], "[100]": [11.103877529606594, 50.339801309515444, 53.522949881257624, 2.255129109731635, Infinity], "[120]": [29.02692417230364, 34.44660540937428, 183.3214746287523, 55.23446554715817, Infinity], "[140]": [12.49843702741603, 233.48680701409197, 197.02633178696772, 58.22940239958683, 37244.85577159615], "[160]": [7.418679304948625, 17.24252206058218, 214.20100742267158, 73.68122379909892, 144.34501762550985], "[180]": [73.49407071175176, 89.0018479704096, 567.1631350324578, 71.70297042792104, 181.88262824987487], "[200]": [82.33219887909364, 2873.62324933386, 1653.6560482959376, 312.3102553676602, 234.89066318766697], "[220]": [137.6089242848291, Infinity, 2546.423082478961, Infinity, 287.6288085599667], "[240]": [52.92182970275736, Infinity, 160.30273274348542, 2289.9572951729183, 1007.4078956693209], "[260]": [157.374814835301, 9.226614491312683e+18, 2929.0925564921154, 1543.6549843397825, 458.15073365984125], "[280]": [51.763457181963815, Infinity, 1717.5492263154251, 723.2611251707704, 816.4703340251064]}