{"[20]": [6.0, 46.88107285594636, 5.285714285714286, 27.773378808743423, 24.102463243780516, 1.6637385533320943, 3.773704527922696, Infinity, 5.047943843843074], "[40]": [18.80766521171874, 1733259713.7777615, 35.285714285714285, 40.52126072076064, 39.268072522978684, 40.82161624679608, 39.47113517740378, 27.374810019563725, 34.546084489224185], "[60]": [181.6254256460661, 1.687067509768367e+18, 209.0, 231.97874697469362, 239.81388123292587, 16.859690493500295, 15.723638081846843, 9401.177055884169, 23.327578562098324], "[80]": [157.7560757243539, 3.729403789879908e+27, 37.28571428571428, 181.25360768080844, 16.466898163363226, 91.9408928304106, 114.36694632524782, 15668.745668243, 3748.7324497960262], "[100]": [15.446436389042844, 2.647552091869952e+35, 27.857142857142833, 286.2740819056706, 30.151126560565842, 30.379665944624264, 41.964978116685415, 1965.7319957939942, 139.42235703889824], "[120]": [19.667157223462482, 8.308450134770628e+38, 18.142857142857167, 326.8799032304059, 12.695443532083061, 45.735397591648734, 12.832086984740329, 13.06745762746209, 12.394715464013814], "[140]": [1387.4919670933398, 4.976266294395922e+53, 1677.0, 2016.713764045388, 1613.9661028096782, 1731.2997829399549, 1613.9472415658427, 1372.3357314838436, 1388.5332717279089], "[160]": [2253.2618139937385, 2.135402919236706e+62, 10566.857142857143, 9139.976102623956, 6878.331809951446, 6319.352770055863, Infinity, 7360.743532546505, 6824.592290807526], "[180]": [1504.008743495191, 3.104745092395459e+70, 1337.4285714285706, 5550.007243043576, 11638.894170715954, 14363.678119490385, Infinity, 18505.45962149737, 19429.303276605482], "[200]": [2732.9393093073504, 2.1119689227880706e+80, 8745.285714285714, Infinity, 7072.023404408403, 8136.18355833221, 8362.231676479047, 10573.812931164091, 10360.225919547842], "[220]": [607.9085246352834, 1.776360035683665e+88, 2064.0, Infinity, 1752.9545639407802, 2378.9881157732757, 2605.7888036410727, 321.18023448942506, 260.18537936897474], "[240]": [387.20530926580705, 1.0427345148083256e+97, 407.71428571428567, Infinity, 574.4597292225499, 842.5965097853532, 953.9325216672805, 863.2175248523085, 847.3341386958498], "[260]": [152.50380668633125, 4.2491225503989994e+105, 76.0, Infinity, 196.6542282770449, 312.9201738571379, 362.07644154678627, 224.4321361766665, 221.29999274176734], "[280]": [203.1721157653742, 1.6874702090631743e+114, 8.428571428571429, Infinity, 63.723679084935526, 109.19722504040494, 128.39170025354684, 325.14980521095794, 315.06942830196556]}