{"[20]": [3.694205843474712, 28.305236553198014, 2.917489563516172, 22.636978916003876, 14.201049175458333, 6.892914708180509, 82.73809330155137, Infinity, 2.378609734471613], "[40]": [97.89854580343653, 135.4488239881067, 100.17122737733051, 5.524349354773883, 6.667044984061375, 32.51842870686742, 426.7408256856273, 24.966541969249487, 32.6116387466585], "[60]": [1434.8897083930733, Infinity, 2066.3286891198372, 1943.4792138016833, 1894.5482871331308, 1255.514234980475, 983.3154518547428, 1881.9911261318152, 142.30752169911779], "[80]": [4991.773030452066, Infinity, 14974.907035701734, 4361.172200434935, 1844.6572520465604, Infinity, Infinity, 491.8892470636872, 3749.7633357686286], "[100]": [1945.9144821266705, Infinity, 6924.669244143138, 3715.3565975566617, 4077.871664748989, 5342.26162312891, 16626.351318373796, 3223.447948945329, 118486.31520316207], "[120]": [910.6645728861811, Infinity, 7261.357723152375, 527.5526379217393, 347.7974818572259, 662.9502736270788, 432.9994277397642, 70247.2940185466, 55347.90689872464], "[140]": [469.5461264402824, Infinity, 1303.9667829646746, 76.21326424335348, 83.02855040543425, 28.07397929640484, 38.29195233136335, 1685.688056158462, 103.1333389963345], "[160]": [372.4985831595513, Infinity, 266.8796836485246, 70.35213745508104, 74.37380176733082, 60.47032988718818, 43.999539648690664, 831.7374914346651, 922.5446666302745], "[180]": [349.22246130210334, Infinity, 77.80763670333575, 6.805899726253185, 8.062780888051279, 4.953340260596427, 3.8641768462768384, 1105.637339932324, 1147.0870945729962], "[200]": [257.7079544162645, Infinity, 11.577890145740177, 3.8399785079571194, 4.110296346482314, 3.5179973359872743, 3.422958860599507, 920.8959191288822, 906.0980162317936], "[220]": [238.61880169914983, Infinity, 4.037096729509337, 0.4172642097453519, 0.3412933975669542, 0.46402707899575013, 0.280257159107642, 696.9990789379783, 705.4362652342276], "[240]": [213.81145115178387, Infinity, 0.0, 0.016211538739495428, 0.01563475303667228, 0.023983384458633475, 0.04439338762269945, 569.8015261943243, 572.5631112114826], "[260]": [202.31490336262434, Infinity, 0.0, 0.0021855761413583793, 0.002095830869082146, 0.0034426274625123103, 0.0070828477632211275, 484.3632476766858, 490.41082287116586], "[280]": [191.09102069368376, Infinity, 0.0, 0.0002946469252308619, 0.0002809009238056327, 0.0004942543709791817, 0.001130116508352099, 423.08220784953585, 427.9200364387193]}