{"[20]": [17.003478559192985, 26.12756100703664, 22.434053633428913, 27.767492474966385, 14.710202179718022, 13.007537501133854, 34.69177346549214, 197.89945383060828, 8.502416107405201], "[40]": [186.82967107445916, 115.48648885712231, 571.7829383752406, 551.0525686225421, 316.7910254046234, 27.873476713746093, 53.70898162190002, 12272671.897058334, 64.69426077571889], "[60]": [4776.606361274333, Infinity, 13135.419826098077, 6726.918430758088, 1881.3741834519753, 1805.9289667386702, 11396.522870643852, 1301.859212968728, 97.96164108991364], "[80]": [10927.209138706976, Infinity, 24988.8628962457, 28308.697111576796, 11305.967068871012, 534.6121378646254, 1877.7238230887199, 8086.135735786862, 13963.564775971108], "[100]": [681.0542436693277, Infinity, 28666.59879861963, Infinity, 9184.137415150632, 2867.4144145530086, 2944.1690882304656, 70669.25035856562, 1233.867011966064], "[120]": [1054.7053155523752, Infinity, 6588.884129287183, Infinity, 972.5860338149296, 502.15562967024124, 278.478317669887, 7003.9537626373385, 1964.320317816989], "[140]": [414.42729436982313, Infinity, 1399.2609777338037, Infinity, 121.98414346240628, 359.03891241823175, 339.83216778741115, 719.9038775723595, 716.0180483618518], "[160]": [244.61155591963964, Infinity, 332.2598770610411, Infinity, 1.2412699511922962, 155.92096056758098, 169.3414344471464, 764.8797010579735, 807.8809699208562], "[180]": [181.59477645195471, Infinity, 72.5182506362744, Infinity, 8.842424327498577, 53.710485872352535, 61.307319946718664, 399.6923380847443, 462.2246291505358], "[200]": [212.44995089244114, Infinity, 24.901037225306087, Infinity, 5.745494488775851, 4.861898353215824, 7.179669004923062, 533.2110375949796, 563.5617566532989], "[220]": [180.2318524647905, Infinity, 1.1574784243682241, Infinity, 1.7876894150327565, 4.856396917355277, 5.64654979266446, 394.02956328108905, 421.5742486364969], "[240]": [168.4751426928736, Infinity, 3.0266215857989933, Infinity, 0.467107357754303, 0.777853829316034, 1.1527815801428725, 337.1560111006365, 353.14348426696876], "[260]": [159.32883839935283, Infinity, 1.0, Infinity, 0.23521737117466004, 0.3953603844549336, 0.59623104253143, 288.8972416465473, 298.1897986070871], "[280]": [153.044253305683, Infinity, 0.0, Infinity, 6.035135197403068e-05, 0.0003030129983099249, 0.0011995316077227404, 257.09692757710326, 264.0693070614905]}