{"[20]": [4.6852765926828015, Infinity, 15.210536384481738, 6.786779740238887, 5979.898686560036], "[40]": [3.760082106758271, 2.392145600232143, 23.35384849898993, 8.059253458786864, 275.07154050213535], "[60]": [2.512461415265723, 1.636673913818784, 19.85931921185764, 6.015831091669175, 989.8658278316979], "[80]": [1.4893970628773758, 96.61146401202906, 80.44624919754172, 7.51310570801781, 3413.6673162822344], "[100]": [2.8618748717711324, 84.357376811209, 167.30337440495683, 40.320021512461786, Infinity], "[120]": [36.114762675534514, 102.0592802500594, 548.4408959239065, 101.87693723238864, Infinity], "[140]": [30.630418677023638, 58.73985649774318, 943.3074751493339, 409.67611593424624, 249.33150736338195], "[160]": [47.049261104833064, 97.24349647851321, 802.173979705694, 507.3540566763535, 245.82188828123083], "[180]": [27.210941863474297, 4112495759146.9424, 1834.7141107098903, 1210.7959379089414, 343.5946043797547], "[200]": [66.7128613884369, 2.0028082705484614e+17, 4807.958962278504, 461.20695675905864, 700.4307791267735], "[220]": [300.54428213976615, Infinity, 2384.3144327687737, Infinity, 972.0446106803644], "[240]": [186.86056419974184, 1.2282661410598022e+21, 3358.1988592896796, Infinity, 841.8009703939179], "[260]": [28.568848618877045, Infinity, 4862.596844908627, Infinity, 711.0328179659475], "[280]": [32.79499184923391, Infinity, 2486.036230871923, Infinity, 337.9938470186713]}