{"[20]": [0.35118769226063806, Infinity, 19.059803937344483, 2.6455509983608922, 3235.0230978408995], "[40]": [11.531288976979424, 113.39902909789589, 42.25197873762297, 0.8526526760370979, 446.87003078035474], "[60]": [1.2969343655754058, 5.876910267924501, 15.61253032285873, 12.973700756184543, 1052.4172475935284], "[80]": [29.780885258673578, 41.51599551039282, 97.21704460689038, 16.413431915764274, 2764.176554329244], "[100]": [36.787100660746084, 7.648648406283806, 242.3828698503801, 3.700259677825677, Infinity], "[120]": [131.5227442769702, 276.6044859038669, 494.77227722226877, 4.525336849239069, 53297.44010298674], "[140]": [76.79728188646922, 57.497778035761634, 941.5859285244835, 427.36743074238274, 217.8971151335819], "[160]": [115.1754232348393, 4026935668056217.0, 939.8704663001007, 616.1876314448513, 193.31602742545346], "[180]": [154.84678683498413, Infinity, 1917.1092825989656, 1414.5501858225819, 329.142667199698], "[200]": [410.3778153568287, Infinity, 4395.120177339934, Infinity, 559.61505409937], "[220]": [23.476744726840757, 1447303246958207.8, 2133.072806705077, Infinity, 950.2846834388378], "[240]": [435.6458445555976, Infinity, 3051.6643221530567, Infinity, 1631.3938248911443], "[260]": [528.9673062092825, Infinity, 4607.482391258428, Infinity, 567.0261463422247], "[280]": [43.908620812448994, Infinity, 2217.841652535392, Infinity, 242.19827721902007]}