{"[20]": [1.1049987659346214, Infinity, 5.029157013563, 1.431788243004998, 465280.74570446176], "[40]": [2.738765361872421, 32.70723792143328, 3.7849844125873737, 1.3413081672108387, 69.21120795106984], "[60]": [0.5039235610921441, 1.060697109471549, 1.5138877532228852, 1.4286370703505837, 169.0569431758844], "[80]": [0.5394043240575058, 8.210987133771425, 7.473543861356713, 0.26129017871521254, 464.80350093719227], "[100]": [2.080017575553021, Infinity, 15.971606074858078, 16.107159445342017, 1249.5383630593565], "[120]": [11.188528092234206, 283.2203817702584, 62.56286196256894, 3.6936125829098048, 8225.804464196595], "[140]": [1.453452450587274, 120.29241949720614, 73.25124389826301, 22.78176430196951, Infinity], "[160]": [11.54812282586205, 36.24385199933725, 41.37241157320028, 1.3576538288265032, 102.12091446999972], "[180]": [2.7730563881188344, 120.08747374349775, 169.51136118538437, 51.392270331210995, 143.21547811713498], "[200]": [21.214446230592806, 4.100750909279629e+21, 744.0719988008146, 218.34313955323864, 159.3963973102031], "[220]": [41.83552822642856, Infinity, 1082.858764795921, 33.916705868711645, 217.76336969222788], "[240]": [90.95554746525507, Infinity, 408.53713212763984, 68.76549646928102, 1317.7965812345053], "[260]": [278.76766515307816, Infinity, 1268.3761136601515, 207.9711766333732, 295.7371535272343], "[280]": [106.41366959035516, Infinity, 920.4546186250192, 239.53275904029633, 94.93440457059633]}