{"[20]": [6.180361052442492, 2.8715901621353956, 6.706717717767155, 0.4680573207129718, 2.4336107168611343, 1.7909294464928138, 14.315109259000254, 89.77897148235523, 0.45702580674169546], "[40]": [25.05377018930749, 12177615.129511597, 43.65408007609808, 12.714357557197525, 44.25089834110117, 12.194797271350746, Infinity, 34.452665698161134, 26.525535453771315], "[60]": [71.29109937695912, Infinity, 125.96398794066481, 143.7512221308675, 145.49838031707853, 32.88708107083638, 1397127.202185454, 3783.4017571701343, 414.4002544005848], "[80]": [60.52761185200611, Infinity, 48.79708626938268, 245.2254169356219, 40.69123376173678, 43.80580412789743, 63.3325617191803, 1757.0419431117596, 274.51923112852256], "[100]": [39.57224481790123, Infinity, 18.039174682989344, 225.7031699489848, 4.430458550275202, 20.89354328533527, 0.5454871431945635, 151.99496949838735, 143.08372683167255], "[120]": [6.527185407602338, Infinity, 0.8208788207548939, 267.8280747830768, 0.6781969836992046, 2.344808316779187, 2.857504037820596, 9.072233060965132, 8.52958642788421], "[140]": [612.6506283700592, Infinity, 1993.4307449397681, 2219.006988761184, 1786.5220457406742, 2352.2423204893157, 1712.1714598124615, 124.10353718309116, 166.34141015801973], "[160]": [121.4890953688605, Infinity, 6211.882867610177, 3688.3085158271456, 1241.6036690516507, 2401.7755036435597, Infinity, 6.722629774581003, 7.392868856623545], "[180]": [104.09941627358286, Infinity, 5149.698205944749, Infinity, 6210.75210298571, 4832.157603838578, 130167.93017951993, 829.2421977163342, 104.20466758284441], "[200]": [237.88294191613974, Infinity, 2513.439169665175, Infinity, 2006.984256153992, 1711.7040211035562, 29285.190382580648, 3720.4527637192955, 3110.3389401264576], "[220]": [81.4213670062401, Infinity, 428.81646911025507, Infinity, 573.0464204234671, 552.6032642097214, 5265.862321944042, 171.46050712793445, 143.47301199820467], "[240]": [103.81352064225021, Infinity, 99.75686943384811, Infinity, 210.80037159270697, 207.63246546050857, 1292.3139525447907, 6.898224460475818, 6.850382228662366], "[260]": [93.7862301530798, Infinity, 13.424735046167939, Infinity, 66.1571423139874, 71.25885243517754, 377.20076846549176, 79.52582580661128, 77.79370862335679], "[280]": [96.53995225384813, Infinity, 4.0, Infinity, 21.954753780380702, 24.794047339910854, 117.09488397096801, 54.04153116688007, 55.10871979291607]}