{"[20]": [1.6164485648974782, Infinity, 5.571428571428571, 2.0424621700663304, 6.386875721092023], "[40]": [3.7315494618817056, 40.15318588328323, 4.857142857142858, 1.6009033533598078, 1.803281691406955], "[60]": [0.7262770595384325, 1.890066372217916, 2.571428571428573, 1.6507201928179285, 3.490966078438589], "[80]": [0.5287818378383307, 13.634972928673484, 10.0, 0.4931675846775505, 0.8126109119841232], "[100]": [3.7524054072390527, 5.633107697642117, 18.285714285714285, 17.37467615697841, 0.03022220851218549], "[120]": [14.215974911566548, 310.5337597337244, 76.42857142857142, 5.907960988187142, 7.56110277441806], "[140]": [2.2063213976957172, 129.88387721406457, 90.28571428571428, 25.01723217868738, Infinity], "[160]": [16.790488900297305, 45.548581678580376, 54.85714285714283, 2.545106584288419, 23.471104256734634], "[180]": [4.500394366806518, 215.99541695699372, 184.57142857142856, 54.43691975946649, 23.911574187889755], "[200]": [28.517765860147847, 2.6886901454076257e+18, 844.4285714285713, 225.20610590537967, 223.42368846981412], "[220]": [52.42475811726672, 5.777630947775662e+22, 1333.1428571428573, 63.474748723260745, 88.27577596434094], "[240]": [105.15067692677167, 3.5823956614235714e+30, 547.1428571428569, 126.17759603613467, 11.718272970807448], "[260]": [297.20016375085925, 3.658673273503986e+39, 1430.1428571428569, 298.49212578694824, 306.0664733955491], "[280]": [133.46641528919895, 1.0331127739630319e+54, 1145.1428571428573, 288.7212425792627, 148.41680081929303]}