{"[20]": [3.319090120387584, 2.5759637455935263, 3.7189884333520125, 2.9610133328301926, 2.8210391059023547, 5.058096759344798, 14.09095320649327, 0.5428111718568353, 0.27340389961854866], "[40]": [17.460875285282064, 24.684171378019386, 24.850808542663557, 1.3937150169704025, 24.82619558970921, 1.5972330971988469, Infinity, 9.499593028434086, 4.0707096092490955], "[60]": [60.45344538410074, Infinity, 246.65700026580038, 216.59722790707573, 194.44130285280372, 9.023791508673154, 179.1764957380692, 21.14861247370163, 55.14794523157646], "[80]": [461.6433389986349, Infinity, 1902.1949108085075, 1274.8191682863287, 303.6284950024258, 319.3952532614258, 288.81615148347987, 248.04656977274425, 69.79950670112098], "[100]": [74.34058322072154, Infinity, 4708.674972584279, 319.60224034727923, 55.227820524588125, 54.874741563048076, 4401.086723228055, 3386.231680883324, 2808.967613618462], "[120]": [70.5948494590693, Infinity, 2964.6841136791854, 133.19494047033996, 489.6526875309751, 815.7824298721331, 222.58505809022125, 2812.8098886362864, 3506.6671221185065], "[140]": [40.11278679558382, Infinity, 2947.712803881418, 87.21090300148667, 409.8788167974371, 521.0685393479308, 351.4089467206836, 69.4667461290028, 143.6344339961237], "[160]": [125.07220463832662, Infinity, 654.5931115667544, 70.0031158955363, 10.450072746617945, 41.37410542886617, 2.2945752193414033, 292.38090984030845, 284.1127841457854], "[180]": [38.85680816199802, Infinity, 172.17144676685658, 30.6671488993524, 2.8656317377412255, 6.2658060716522455, 7.178605008093242, 26.328694596893367, 5.457444187937228], "[200]": [33.50251492830619, Infinity, 36.18220896027943, 25.24588313890327, 14.536529078553288, 14.251494963008, 15.550676675399018, 88.07472271970337, 90.0685982998865], "[220]": [26.149751775870882, Infinity, 14.836544860451662, 10.116760782281597, 6.06123403689887, 7.41435624952705, 6.2818098173451755, 33.153233656587716, 40.87391630656838], "[240]": [21.33365947051081, Infinity, 7.797738977786181, 7.6589731918960124, 4.610123452843229, 7.025949414050496, 4.656132107428664, 47.815205534549555, 47.22066210059231], "[260]": [24.119983753083325, Infinity, 3.330058582608836, 2.536077913002668, 1.2889880437578578, 2.3921075885288214, 1.2982904693487551, 44.77899613649438, 45.79908499047004], "[280]": [20.640277604555827, Infinity, 1.8416846016709685, 3.388285402431086, 3.0749007132546056, 3.3561944201145844, 3.0767191540678804, 35.629273748791114, 36.38274354240716]}