{"[20]": [49.071885175900206, 19.948770386618307, 75.0, 143.8668339432111, 116.60686701041479, 7.5423555029037885, 22.773883407917083, 132.2042928112976, 37.261793434059996], "[40]": [1290.5167290850698, 283.3971434275911, 1373.857142857143, 1428.1798792906643, 1266.4424795223267, 417.5117053615784, Infinity, 123940.4146723597, 455.73157825434305], "[60]": [17858.3551305393, 1.687066221892729e+18, 28001.571428571428, 24685.720019335407, 7013.310065020894, 6100.922327238211, 4339.707236466944, 2321.819654410363, 2464.1593610911295], "[80]": [Infinity, 3.729403789879908e+27, 43646.28571428572, 58043.455221212396, 41078.76406926189, 9569.085608134614, 8068.608713081296, 159203.47739811736, 72688.84617434433], "[100]": [8802.167366398382, 2.647552091869952e+35, 52609.0, Infinity, 16682.450400487018, 4749.336289334635, 4666.591981082471, 2765407.0404716963, 1427746.9471424585], "[120]": [129.86010101236752, 8.308450134770628e+38, 15975.0, Infinity, 1487.7425028549333, 1109.0528191907597, 892.0339328074006, 13763.10953593057, 7238.862808852875], "[140]": [4932.668144917152, 4.976266294395922e+53, 3453.7142857142853, Infinity, 96.76994259555545, 583.5718285183488, 529.0743099514303, 4857.082294498385, 5560.350865913695], "[160]": [2205.8203151382404, 2.135402919236706e+62, 828.8571428571429, Infinity, 11.574976269169952, 199.0810101834293, 194.7540160689488, 5074.15064182196, 4688.745055277364], "[180]": [1811.4882539107602, 3.104745092395459e+70, 200.57142857142856, Infinity, 2.193096114417571, 53.54747442730334, 54.53394488709098, 4684.947439914899, 4654.703028048819], "[200]": [1276.1648776057446, 2.1119689227880706e+80, 51.0, Infinity, 4.759951244916213, 6.9944375404827595, 7.35462275995688, 3114.975215840673, 3192.632349705188], "[220]": [1144.4699430174824, 1.776360035683665e+88, 7.2857142857142865, Infinity, 1.2318645157724593, 0.3187698488955226, 0.30461300066249486, 2778.7495203495423, 2767.7986727912166], "[240]": [1026.2969219558581, 1.0427345148083256e+97, 0.7142857142857143, Infinity, 0.0004924101095998909, 0.03338439253404618, 0.07803681412947805, 2194.783004133993, 2198.8318593530744], "[260]": [919.8006467137602, 4.2491225503989994e+105, 0.0, Infinity, 4.367111732072043e-05, 0.0047284580631387465, 0.012289619597088847, 1854.201237477665, 1856.297383138819], "[280]": [856.3150075663652, 1.6874702090631743e+114, 0.0, Infinity, 3.87302696292885e-06, 0.0006697217381547015, 0.0019354274086810777, 1608.489034265137, 1610.6280237931517]}