{"[20]": [45.80516124074233, 11.46580473045076, 73.23731030602904, 133.7223464926525, 72.03272622790158, 37.457473375097095, 169.98892445902996, 125.6082135046142, 31.2591731807724], "[40]": [1265.6611098832648, 152.18325504244203, 1344.7895466151676, 1425.4539417476406, 1148.4159525239663, 235.39731812511715, Infinity, 123492.96712903804, 433.67276531202833], "[60]": [16903.406855838894, Infinity, 27425.455542349748, 24358.75446160571, 4561.088874008786, 4347.470557920923, 4475.29772534216, 1959.2352188207994, 2390.111661427201], "[80]": [Infinity, Infinity, 36218.22647450481, 52953.362538047695, 37105.90233337456, 8733.526872107725, 5322.196931525259, 151698.49595058753, 63560.12332621429], "[100]": [4936.155151044365, Infinity, 48874.91966505889, Infinity, 15088.225304362144, 4378.040091946032, 3754.697745161446, 2739817.4607516853, 1416339.9380635128], "[120]": [1409.6696078442942, Infinity, 13216.824992239452, Infinity, 1309.2120188175584, 1088.8005261705562, 775.1234105513911, 13597.44123211975, 7094.75221908207], "[140]": [2572.657616327534, Infinity, 2892.850181505181, Infinity, 58.84234210792869, 580.8814400754829, 509.73736092974616, 4838.387114344916, 5545.06651834374], "[160]": [1337.702943606846, Infinity, 718.5143521202583, Infinity, 6.136809464480173, 198.68922163279774, 191.55052369051324, 5068.806178572475, 4683.16485321297], "[180]": [1146.319984125067, Infinity, 166.064974919845, Infinity, 1.1709604618380993, 53.49433879347423, 54.048198726996404, 4681.085965000425, 4650.7941538283785], "[200]": [938.9873875483989, Infinity, 41.644261419183266, Infinity, 4.30263912324972, 6.98729438232843, 7.281984279570818, 3112.4871813797154, 3190.062244622357], "[220]": [874.9362447977644, Infinity, 5.7278152275585645, Infinity, 1.1359810065855285, 0.3178058103831103, 0.2937145736648218, 2777.0180257005736, 2765.991419902413], "[240]": [819.2014597507982, Infinity, 0.4076066367452348, Infinity, 0.00573423850492978, 0.0332537376066727, 0.07639480196208694, 2193.484832739743, 2197.47469783029], "[260]": [769.4084361020383, Infinity, 0.0, Infinity, 0.0011974909148455431, 0.004710687305647722, 0.012041333791631784, 1853.1599929846943, 1855.2144264098517], "[280]": [733.96356494323, Infinity, 0.0, Infinity, 0.0002507968498298284, 0.0006672973094474487, 0.001897769589192863, 1607.6222474071383, 1609.731068040734]}