{"[20]": [4.048985059308477, 3.7717516701253544, 3.8622783073730362, 2.0304905898694914, 3.384158583471461, 4.397619081841801, 24.370013697910398, Infinity, 2.3597016270923956], "[40]": [77.1918311390302, 32.5412143247266, 91.290420252273, 6.787516581443713, 103.12105867883575, 85.85962909713854, 47.83040384717865, 35.63133667484248, 14.881766754279681], "[60]": [74.85939162617821, Infinity, 1174.501223687581, 875.5841725759273, 515.7644203718905, 280.93776235072727, 1484.3511096893897, 2608.0132805779153, 432.97096650305105], "[80]": [2198.0820557749576, Infinity, 9864.391081919477, 2599.0389578701306, 1707.0078762340943, 1710.435174292528, 1882.3620153958964, 571.5291642704339, 165.14507016902908], "[100]": [3166.460265629081, Infinity, 18064.516646653985, 19140.619465679465, 70.27543682470018, 1567.7583565540956, 1006.3459878850251, 10254.032360526948, 10237.834260733796], "[120]": [520.1235107502565, Infinity, 15803.918592715443, Infinity, 6047.847101326661, 2976.692676165837, 2071.9465885203385, 19059.446897385453, 9419.063393153967], "[140]": [173.5197510454566, Infinity, 9653.392489809466, Infinity, 1687.8143796334698, 443.8314433056065, 16.726545929463555, 6479.864841912152, 6081.61219650973], "[160]": [205.3029405131643, Infinity, 2750.148830770894, Infinity, 211.3869363716724, 187.20694955223055, 321.07508244800755, 373.3441907000965, 594.7152744097187], "[180]": [199.64965063782407, Infinity, 790.7602951793062, Infinity, 11.59976208730863, 234.966552510601, 207.5768970403751, 34.299656567477285, 152.3873361956631], "[200]": [155.8349506481061, Infinity, 262.7582966592892, Infinity, 18.90965780227825, 140.20981118469572, 94.81586329367742, 192.25235696466464, 208.15461177648223], "[220]": [134.3629040109013, Infinity, 79.80903858889177, Infinity, 30.249342997424936, 94.59573487706334, 61.8233462333101, 196.4137926135513, 185.12400191338588], "[240]": [104.63213091870037, Infinity, 38.2718050191116, Infinity, 18.909444927764465, 61.576559961378685, 36.2467341474141, 139.82757996143212, 146.9567969863299], "[260]": [108.79061793903135, Infinity, 17.383021496643615, Infinity, 15.617531653936004, 47.645322739075766, 27.48831624204936, 200.15123005772614, 191.4515562719942], "[280]": [95.57987669421978, Infinity, 14.470741531431145, Infinity, 7.900646731696878, 27.01717776782603, 14.784643242320595, 113.23880964602084, 111.75242426943511]}