{"[20]": [10.302777292359787, Infinity, 22.5794319188341, 7.583104290454887, 5193.348920176454], "[40]": [112.1852663088594, 205.7541297412954, 576.5192953463917, 100.20374755424328, 1057.282217306047], "[60]": [909.2846913746449, Infinity, 13145.657791110725, 4826.310060957141, 7078.983809188108], "[80]": [13161.708295928058, 253.05833283050805, 24547.017640046546, Infinity, 2857.0006049379513], "[100]": [785.6346447078382, Infinity, 28157.673709097704, 6902.421714817171, 7733.943383882402], "[120]": [1219.3250950186164, 78104.49592076318, 6714.555177252089, 2326.939450104348, 1535.2829847934206], "[140]": [329.7539361782526, Infinity, 1421.889148693634, 478.3484970863912, 383.19630822435164], "[160]": [1024.4964948978145, Infinity, 326.0120139758352, 56.73171928796146, 63.318052323685514], "[180]": [827.241716284253, Infinity, 71.088959276691, 1.5806407990725295, 3.172270962857567], "[200]": [540.6557297260234, Infinity, 25.00317217245907, 4.258588945863917, Infinity], "[220]": [391.4428074014289, Infinity, 1.1942899649283336, 4965452.197949483, Infinity], "[240]": [300.523897691111, 2.8557762130254365e+21, 2.8866512827338395, 14272.483561967087, Infinity], "[260]": [242.7013415878413, Infinity, 1.0, 0.3394252735415907, Infinity], "[280]": [213.8573136679278, Infinity, 0.0, Infinity, Infinity]}