{"[20]": [22.293958803864644, 18.19537777485157, 21.866633844242067, 16.777476857490644, 13.185528504557093, 27.79869669639337, 143.99563251927432, Infinity, 20.079577245081765], "[40]": [79.61588577234262, 38.760672250198134, 53.21825212284039, 136.7020810876774, 80.92522954666723, 77.55858210461183, 197.39338274642705, 4022.4824380775476, 348.9915824533317], "[60]": [45.26635008821307, Infinity, 75.22151263632013, 153.744401799975, 64.6682785927, 104.70079845521767, 133.57449147897208, 73.74344913890155, 44.83267017176035], "[80]": [61.912648592468685, Infinity, 145.32425956595714, 292.08125828843635, 127.25213757284695, 119.10248634570526, 48.69362681613832, 9.192941841387576, 5.887656059021159], "[100]": [383.9651907540809, Infinity, 459.2004121783716, 717.215360431898, 394.3241300261208, 510.708200236188, 141.29480009137586, 177.25155022184498, 166.7760095298092], "[120]": [423.8822222422293, Infinity, 1371.0227537845979, 1616.2465078555608, 934.5955297302522, 1148.2814308693603, 712.1431229806457, 194.21230276070247, 318.948325576705], "[140]": [271.4572100553865, Infinity, 2114.4602540995725, 1890.8193849676898, 726.7727733537776, 983.3455948794035, 1420.2653495779261, 421.0450309878682, 424.0917956918127], "[160]": [130.2289252914639, Infinity, 2187.927742720925, 2800.965411640925, 870.8251634479427, 1371.5985156275021, 38945.41767476394, 1184.1433179534513, 1311.138450898263], "[180]": [1156.2865010565008, Infinity, 3711.3587377787007, 5553.309319470023, 2737.2810666010596, 3788.092621502936, 2091.489398818518, 265.0935489847948, 457.5185586022542], "[200]": [953.9304085918378, Infinity, 7838.540084003642, 15430.781091348164, 6260.298886480792, 9183.09567381436, 3931.4517575861437, 317.7464565990819, 257.84981061621454], "[220]": [3245.622689188734, Infinity, 2387.4000779108096, Infinity, 388.192192484401, 2676.055756657248, 5526.874947327911, 3336.287868377449, 3505.3700175737326], "[240]": [158.40575778963506, Infinity, 5953.09891360185, Infinity, 6139.744858848633, 2467.231077207008, 6567.6303113657805, 770.4643354965075, 408.95521609616986], "[260]": [184.00067188576102, Infinity, 7273.911115100717, Infinity, 3243.675344277962, 574.9233093784522, 1785.6861081555278, 4518.120975126662, 4323.708648764017], "[280]": [160.2384660171054, Infinity, 4217.406816563935, Infinity, 1648.7973380777555, 751.7603791506998, 852.9003774610039, 813.2074966653397, 797.8153281408319]}