{"[20]": [10.415199102226847, 4.079925390368005, 10.76937146416251, 12.077372613309263, 6.8680773626776634, 16.813032617742078, 61.674229637619135, 7689.588394463622, 3.4787589387913873], "[40]": [115.03944888968705, 13354386451.17403, 142.61525385646846, 53.999190598901876, 156.36668460614666, 32.166960749378035, Infinity, 67.73992479560798, 80.01019993881422], "[60]": [103.88969919609468, Infinity, 162.29647737916181, 275.0216335194319, 274.8910157222449, 144.25523193368699, 1960816.8657214665, 107957.79386595824, 1597.8380729666935], "[80]": [64.4232270237046, Infinity, 12.910121572232766, 331.70240857155375, 3.2719548301143977, 10.213450537028836, 50.584305055946395, 5656.4709568764265, 1444.5969981938915], "[100]": [110.48501035481593, Infinity, 4.581391385058987, 348.7748713621084, 8.170709334628924, 10.685049564645634, 22.18035141445525, 374.58105127850956, 343.36653311312995], "[120]": [184.54323841984805, Infinity, 222.35507271609546, 596.0127745810311, 232.95938974813066, 232.56087935250446, 237.86291351788276, 211.4690491008782, 219.79899999954998], "[140]": [3009.501546436927, Infinity, 5487.13974270348, 5993.657183609479, 5284.469073749232, 6039.550782345833, 5126.461649004953, 1171.4355346524546, 1445.4363777704566], "[160]": [3247.7850632036193, Infinity, 7744.042101308351, 4664.432848672091, 1474.0713731712174, 3673.4543278503374, Infinity, 1961.801916417638, 2082.6077626854462], "[180]": [1164.9549499735997, Infinity, 9520.370884869966, Infinity, 10435.102398482812, 7313.630088110011, 147831.52803549304, 2474.2191952501885, 934.8801272497957], "[200]": [658.5084150206296, Infinity, 3472.0660314173165, Infinity, 2479.9070964472708, 1867.8659717501378, 15684.872422283946, 24473.356361530332, 20435.98626671565], "[220]": [221.6854824902512, Infinity, 649.8320137586946, Infinity, 709.8346903072103, 614.3222656138034, 2079.8109114748645, 1035.5330631100512, 909.1406372880048], "[240]": [367.07776827314467, Infinity, 133.91077914642247, Infinity, 229.86518123239978, 230.01643031228764, 496.2959610618942, 155.55749246116412, 153.46843778954218], "[260]": [347.71042297154156, Infinity, 19.709664138755034, Infinity, 71.18565124687757, 80.89940318754977, 146.88499744951673, 379.62657897639275, 375.47259847775683], "[280]": [343.0468140006029, Infinity, 3.0, Infinity, 20.722425618752364, 26.14884665435074, 45.647969403322, 275.96790106522917, 280.0822667619035]}