{"[20]": [1.6078425931908067, 3.967288393593282, 0.9215351039955383, 1.9985679096330988, 2.4960364377156337, 2.7029888971930722, 18.28054188373159, Infinity, 0.5647199372094015], "[40]": [2.130015576791773, 0.8998226290659886, 6.599244432903769, 2.499190459483718, 1.6529696241318705, 4.906308394939745, 1900.0339973531552, 3.674127540273673, 5.634354129725545], "[60]": [1.2217802096517154, Infinity, 2.71690798312146, 11.616031525900066, 9.0228981871294, 7.793465959367991, 10.250966495600084, 40.14170768631236, 17.011021764496675], "[80]": [1.275124741500386, Infinity, 4.035299102720088, 26.955853625156127, 31.053343279266883, 8.992050916088827, 0.9872225876324711, 24.508018732430404, 22.653825967308862], "[100]": [27.60643352832943, Infinity, 33.24398998921516, 61.23882682584596, 65.67375644878945, 39.51462470473457, 31.988992046558284, 30.513375650246964, 29.351815092739507], "[120]": [12.87123462402621, Infinity, 42.41103942931025, 65.36273868863475, 39.353731300567716, 9.527839811200089, Infinity, 4.374815376074302, 1.0795331376103585], "[140]": [1.98944723213571, Infinity, 34.83536775021346, 79.797987246786, 45.569512509548474, 13.43986521743686, 11.385087024752199, 27.703972318122872, 24.66167593163906], "[160]": [38.95873860676148, Infinity, 55.12800312186437, 145.27869424320156, 8.613532916766063, 6.981409609566311, 11.570262943472688, 1.0867613861093037, 1.4246818677075388], "[180]": [38.521233544179914, Infinity, 79.63251868796105, 195.72710400453508, 51.72295950966513, 22.646227634653254, 15.620299528532255, 16.98124577279612, 14.529391460926915], "[200]": [117.17455503929835, Infinity, 473.98049345804867, 604.0896110424858, 372.3665507270362, 343.8414900177131, 228.26172468243772, 63.07012333501922, 70.51548113124342], "[220]": [181.35261097641572, Infinity, 1054.393262337885, 577.898620052341, 243.826765700733, 294.2317470103289, 792.0294393124277, 76.73580614485203, 67.35590933953344], "[240]": [12.925185915340498, Infinity, 1065.2613747438259, 911.3341389666869, 63.88644957077355, 320.88854659490374, 3576.1767130768053, 91.79082979878054, 10.876153781645698], "[260]": [176.45566150033955, Infinity, 329.1793327741777, 863.7123181151252, 1064.5126024758235, 439.6131966943192, 73866.96292073921, 76.33585078175038, 103.71328118736302], "[280]": [76.00895764239955, Infinity, 1473.406511850804, Infinity, 1227.097389668541, 823.4398028481907, 12689.827373636472, 349.51809201706664, 357.9775102187452]}