{"[20]": [0.11313341567183777, Infinity, 1.2857142857142856, 0.42112183978381923, 0.3230314626515103], "[40]": [4.5385031558265005, 7.202046966591656, 7.571428571428571, 5.159406822915956, 5.081837466439506], "[60]": [9.525138789274493, 17.39428646450866, 5.0, 4.4415362618112475, 1.9529289741219884], "[80]": [5.537106727990896, 4.396608885217574, 5.857142857142854, 8.818800132387146, 3.7412634856127127], "[100]": [27.854582703600798, 23.29027875259635, 34.714285714285715, 0.6179860854251444, 20.77838840497148], "[120]": [0.08749111790308461, 116.89613330297311, 48.14285714285714, 2.775534835347713, 3.590757875125746], "[140]": [24.943400316443615, 90.35449884057647, 41.571428571428584, 1.1272466009001505, 32.26930395416775], "[160]": [6.799123068662539, 64.76765137085084, 67.42857142857144, 38.72192716740096, 41.921394926527626], "[180]": [38.086425567351625, 3.3630725878691206e+17, 95.57142857142856, 85.07346705860982, 58.979738900467396], "[200]": [57.47513253966417, 155.92802808412762, 515.7142857142857, 84.07521841455355, 139.89098215023114], "[220]": [145.06650949466803, 2.8992712818258557e+24, 1192.4285714285716, 362.81857761742594, 346.7668464303624], "[240]": [30.474056627870596, 2.3906552875215373e+30, 1267.8571428571431, 949.1295589601441, 52.30233177471018], "[260]": [177.74913056339574, 3.3361742853345273e+20, 367.1428571428569, 1394.8081067151152, 509.5531299721124], "[280]": [450.5989062183844, 1.3264729344385142e+54, 1721.8571428571431, 189.6541081821465, 764.9289214607411]}