{"[20]": [0.8632971328162908, 8.50446950072978, 0.2857142857142857, 4.717965584561105, 4.249334762505084, 2.901396814851144, 3.2899876777139037, Infinity, 0.036947259678992594], "[40]": [20.545815425824017, 37.50628974646854, 23.42857142857143, 0.7263541324812302, 0.8052238842198207, 0.8002901352539915, 0.918191416277196, 13.27659244912033, 11.682104121799128], "[60]": [244.81956815406318, 1538406380249393.2, 615.0, 429.3185961423056, 392.5530680513491, 250.82857879512494, 243.2899061413118, 124.02048409875874, 33.86459721409926], "[80]": [2405.2132414799, 3.40077629912588e+24, 8495.428571428572, 3674.3654879626247, 2537.9036068657715, Infinity, Infinity, 612.9054862310659, 958.4542162646067], "[100]": [1415.8034761878698, 2.414254885475781e+32, 1552.5714285714275, 2547.9263217926637, 3371.216981186859, 3172.629015570583, 3105.136515009235, 6797.491922184308, 13613.752746984963], "[120]": [439.99836890092047, 7.576325486168787e+35, 6150.428571428571, 803.9250928000693, 764.4267983680456, 1011.4349172249813, 1002.6636653657633, 5763.504859526582, 5188.892637923033], "[140]": [129.06609309498617, 4.537767621226321e+50, 1189.1428571428573, 20.816860530289546, 45.32116138739332, 18.45873712300488, 37.73164116768419, 380.7657313434743, 75.01563841326174], "[160]": [174.46498484874246, 1.9472354461076123e+59, 235.0, 50.811817178262885, 60.0807121801561, 41.18952116685381, 60.75290489941773, 165.49942173194034, 198.56234898204514], "[180]": [151.23747744057982, 2.8311610852975855e+67, 68.0, 11.201432501015717, 13.833828547576267, 9.265133843973587, 18.66057838562981, 207.79094237833445, 222.49364061276754], "[200]": [89.80644469219897, 1.9258664884755883e+77, 10.428571428571427, 1.7616930111000473, 2.311602599562014, 1.4120960753804406, 3.571655465552398, 198.45408414358587, 193.5305104698988], "[220]": [72.5860265159522, 1.6198306258292654e+85, 3.7142857142857144, 0.35542649633024936, 0.21800749275102205, 0.4152516487956506, 0.25674016504792263, 134.54704156672926, 137.3114594972453], "[240]": [54.56153293747229, 9.5085081810186e+93, 0.0, 0.020327165987647833, 0.021281924626229423, 0.03021542578084167, 0.097159197974881, 110.11736636070698, 110.93714587201833], "[260]": [50.96724781598914, 3.8746981460246653e+102, 0.0, 0.0027401074255949003, 0.0028489655878558926, 0.004333400053091747, 0.015377561048001958, 92.36807203843773, 94.30367881343021], "[280]": [46.059076970882415, 1.5387735893052318e+111, 0.0, 0.0003693670657903959, 0.0003813880184415048, 0.0006216515137053597, 0.0024332916955148052, 80.55370795679598, 82.09027074139199]}