{"[20]": [9.10801926104018, 9.77799253989497, 16.142857142857142, 2.5086491826532615, 4.235412951530311, 3.9153107098635047, 4.818828264450964, 6.856914153270541, 7.942937178998411], "[40]": [0.428743258955393, 10.264770558788882, 29.285714285714285, 43.030396286155366, 57.42425871235572, 21.307899858651815, 29.09709633363746, 40.81242029835727, 7.286339977232956], "[60]": [21.897317365082543, 1538406400980442.0, 22.14285714285714, 79.72797276718043, 19.36769787953625, 38.10589293952276, 4.76807088725468, 31243264.4545557, 6.529461591666546], "[80]": [65.05656684625856, 3.40077629912588e+24, 88.85714285714286, 174.07619500961613, 67.8479433444889, 73.56658728216485, 49.84084745797759, 18.296816290044717, 11.197284584300576], "[100]": [145.6151237092215, 2.414254885475781e+32, 191.14285714285717, 283.6439953840439, 137.54765172100997, 212.05277677478676, 30.109926070928964, 14.358519526173268, 2.6210406910578286], "[120]": [184.88296838605447, 7.576325486168787e+35, 611.2857142857143, 724.1100611885352, 430.6056852815068, 614.8669873682005, 193.2040674281859, 32.23086615528882, 43.903962285620764], "[140]": [7.368689597758021, 4.537767621226321e+50, 1086.2857142857142, 1005.0228506144863, 567.1770352004341, 911.8192331694668, 19.475657518858952, 364.0299915359219, 344.83641159168656], "[160]": [182.06314892010232, 1.9472354461076123e+59, 963.1428571428569, 1089.571001123666, 419.1885287260029, 841.4303397100302, 18.69406752017676, 689.6815166578253, 625.479460979268], "[180]": [278.61101378194326, 2.8311610852975855e+67, 2110.0, 2896.7295304772624, 1366.2231009477182, 2344.0465130980865, 1029.9427551333501, 151.9530029477428, 154.46646232618514], "[200]": [194.08147766525508, 1.9258664884755883e+77, 5638.857142857143, 9941.43824042219, 3520.4187476417683, 6331.503498594253, 3093.341329083938, 486.1324293789621, 443.004719332901], "[220]": [1190.9786932456664, 1.6198306258292654e+85, 3075.8571428571413, Infinity, 2084.187255485227, 1612.8125751251719, 732.4670301427614, 540.8630209616167, 559.2594477590355], "[240]": [321.7620545431564, 9.5085081810186e+93, 3677.4285714285725, Infinity, 3344.2606638333746, 1415.7634841190702, 3146.8480803578896, 662.4086369658216, 616.8406815187518], "[260]": [68.67767286832532, 3.8746981460246653e+102, 5680.4285714285725, Infinity, 2787.0380867078657, 2383.5772218392012, 2491.0576925603054, 261.64225896978314, 194.58311289108133], "[280]": [33.336263586248606, 1.5387735893052318e+111, 3020.7142857142853, Infinity, 1276.4565384518128, 1776.6617435586804, 1786.627773518716, 292.57967108856246, 269.392536493041]}