{"[20]": [5.486291820854827, 6.080732624601637, 22.0, 17.803846836521593, 15.121167174941128, 9.018695067770622, 10.19327816949211, 26.15249775020296, 9.800924266632975], "[40]": [310.2728596372081, 62.51771134197219, 399.8571428571429, 385.2788800255921, 305.24298390389436, 109.44122872462464, Infinity, 1623.3826555167468, 83.99704380163331], "[60]": [2849.5143626580684, 1538405250991375.5, 8854.571428571428, 5476.506031631215, 2203.359443708061, 2130.721113398249, 1975.1252071105246, 515.032894697777, 159.6002771577405], "[80]": [Infinity, 3.40077629912588e+24, 42023.28571428572, 41100.40661954134, 6484.6615823549655, 389.12242468261684, 736.2622225469968, 8577.457955543752, 12507.01407285867], "[100]": [3173.504277003143, 2.414254885475781e+32, 33600.0, Infinity, 12858.084637453743, 5620.711549842155, 5364.926176642242, 152453.29000863558, 66823.10151406401], "[120]": [839.2866517158254, 7.576325486168787e+35, 12082.0, Infinity, 1960.8913316241924, 200.50955879777757, 43.700505113356485, 2096.594645080393, 1222.509878494664], "[140]": [1279.5011403019453, 4.537767621226321e+50, 2565.7142857142853, Infinity, 216.33059238438227, 456.0565402865402, 448.0850719530265, 954.4583507719362, 1121.0663672000092], "[160]": [455.1541253969117, 1.9472354461076123e+59, 591.8571428571429, Infinity, 25.412660285551397, 198.52466196820524, 217.11082641568555, 852.1842728944055, 741.8312507649559], "[180]": [365.8280776863394, 2.8311610852975855e+67, 140.57142857142856, Infinity, 1.0269642656120936, 59.721598916768656, 67.83882650920098, 821.0317585811616, 819.4141894137435], "[200]": [210.40824988206805, 1.9258664884755883e+77, 37.0, Infinity, 2.533754352303056, 10.390930587805842, 12.329154356628724, 485.59172265217506, 514.0545703681643], "[220]": [203.07177822992344, 1.6198306258292654e+85, 5.2857142857142865, Infinity, 0.8019543949194041, 0.9017053396719557, 1.0731154094630109, 481.5592146620163, 481.8944609825305], "[240]": [181.11623776024499, 9.5085081810186e+93, 0.7142857142857143, Infinity, 0.0004484877264865547, 0.041265313657779155, 0.10688882447271447, 359.7275537451321, 363.6584413599804], "[260]": [163.07399650563457, 3.8746981460246653e+102, 0.0, Infinity, 3.97757168434879e-05, 0.005844686301855214, 0.016833377955873204, 301.4333315273417, 304.25466903344716], "[280]": [151.5315786800711, 1.5387735893052318e+111, 0.0, Infinity, 3.5275638509676096e-06, 0.0008278202821844912, 0.0026510000270410553, 259.5570510701409, 262.0092480852246]}