{"[20]": [Infinity, Infinity, 21.23950706131674, 15.380480772149754, 326.19267367485793], "[40]": [Infinity, 17.168880008661805, 341.3365069331983, 41.729438299867255, 174.99354013784136], "[60]": [568.143416467644, 1490.7746924474739, 788.4042219017502, 1658.7822549501452, 502.1427479871446], "[80]": [50.638243092938545, 284.94054380624516, 193.55870266507887, 1867.9518068231102, 82.78355065606038], "[100]": [12.763826446583147, 21083.57848787269, 287.4097905996055, 2310.249483479129, 108.44400785421794], "[120]": [105.3768386788377, Infinity, 288.051861710012, 3080.6308975041316, 118.70700879100856], "[140]": [1070.9709789448937, 380.1419686773321, 15562.819088660133, 21766.330107798385, 6123.648062680311], "[160]": [3359.6396293256144, Infinity, 8661.776436517623, 15692.850318869758, 2373839692.485523], "[180]": [591.6438684230536, 1553322406.5156658, 19533.4196816652, 10014.958003474136, 397661805.6389917], "[200]": [489.12918296396873, Infinity, 5668.561611504518, 2893.660912212725, 174040611.68574777], "[220]": [427.581326430343, Infinity, 1145.6997423227065, 689.3250989761041, 103164530.06078641], "[240]": [139.69492336279922, Infinity, 302.90453148787657, 88.6463702380974, 20498.1974387837], "[260]": [135.2976598439922, Infinity, 35.310729629103314, 19.91674159134719, 3699.140303868593], "[280]": [340.61404165567177, Infinity, 7.048553415664212, 23262.84334629021, 7033697.600355384]}