{"[20]": [Infinity, Infinity, 8.428571428571429, 61.60775139930617, 2.959410275131992], "[40]": [Infinity, 67.95174399609812, 89.85714285714286, 126.31051918388846, Infinity], "[60]": [427.67641673111535, 345.7765689246579, 178.85714285714286, 313.80887681036484, 126.77734968727626], "[80]": [27.039605234254168, 96.70158726198133, 18.142857142857167, 328.64014182294295, 12.239912440973228], "[100]": [62.273264868796105, 1.4849270349836517e+20, 56.28571428571428, 264.5613926400075, 47.17336929896959], "[120]": [71.93264453154865, 2.2935820275876695e+23, 126.14285714285717, 391.9426733365533, 107.41444937665261], "[140]": [171.5293096661958, 1807.9059415066695, 3350.0, 3820.205842014459, Infinity], "[160]": [821.4135013402974, 1.0437333326272322e+34, 11536.285714285714, 14630.493590837877, 258.5750361533501], "[180]": [4264.2568414255575, 10260.110693698887, 7501.285714285714, 8646.052839787928, 105546.85350817117], "[200]": [221.95505830272987, 3.9929350601132294e+19, 6221.571428571429, 1621.2592108317303, 32458.08612317424], "[220]": [498.50352406015645, 1.226864828286386e+69, 1288.5714285714287, 301.4842409312343, 13234.142315529418], "[240]": [41.952995693778604, 5.52007134781951e+26, 259.14285714285717, 31.19181047654118, 2339.5386322414142], "[260]": [1.5601606613060035, 1.7329750194512133e+83, 32.714285714285715, 2.0871454463764643, 173.82194209679267], "[280]": [613.9665201687153, 8.053213910245311e+29, 2.7142857142857144, 0.7601981563299223, 442145.15809754474]}