{"[20]": [Infinity, Infinity, 8.884378143991063, 16.14870037078376, 156.56531324820682], "[40]": [Infinity, 57.91882059015739, 80.08795672969094, 3.655667646278818, Infinity], "[60]": [175.69052104477692, 830.1250175140578, 212.38831995831487, 467.94597092783357, 82.90437488745212], "[80]": [16.26642647889962, 49.42185791669236, 62.62097160541455, 550.827811844262, 35.29326353539309], "[100]": [4.4180703926365625, 43.07691063422128, 9.043827641017495, 640.2970650936168, 28.24087559447738], "[120]": [8.486258686891977, Infinity, 8.064467496267472, 546.9000224694628, 27.86150288750787], "[140]": [82.63705289408048, 3043.356530554111, 4452.367937588909, 5879.641350925279, 10530224.794450594], "[160]": [1223.6617141027646, Infinity, 12208.30209766399, 4983.096813614395, 1872176465.8884597], "[180]": [1660.7913017997148, 5285.751575091541, 10794.731600780764, 4834.149446627588, 511319547.4549092], "[200]": [129.93587755681517, Infinity, 4677.707254595975, 1379.473862514026, 147123671.34060693], "[220]": [161.36827287561616, Infinity, 859.1147396607556, 291.5010653358949, 19737.259241651816], "[240]": [64.38365143203505, Infinity, 172.8641031555794, 62.477847081104194, 23321.340827138007], "[260]": [61.08524778783461, Infinity, 19.490192464310702, 18.242540852693264, 13086458.146884376], "[280]": [182.43902225727572, Infinity, 3.9590752156917164, 11177.16204314373, 25597813.669081796]}