{"[20]": [7.710833879826114, 17.214185795609357, 7.642983251558733, 37.53129327620824, 29.635036575335022, 138.6937235151534, 63.13291579126427, 1.6001774025639688, 0.8546609041300941], "[40]": [78.61789026559573, 116.01169546965345, 86.14031338214029, 1.8569857523041633, 97.00098887201268, 11.521060678479197, Infinity, 17.338024961264868, 18.578558648759973], "[60]": [378.0239602700805, Infinity, 706.8152734006634, 747.844647238811, 741.9985200855376, 35.37385535186284, 252.45181074294499, 112.55047365973005, 241.2238827055673], "[80]": [2203.972881650115, Infinity, 4796.585737888111, 4346.51581075696, 587.5733924154362, 617.748989812475, 693.4059135998067, 1295.4849727521405, 790.8991619235725], "[100]": [1586.33352763796, Infinity, 6383.8457007673, 2365.893152923306, 996.4906068449592, 1066.27846785948, 46469.969575994495, 41238.34377037422, 35758.395901398304], "[120]": [342.3707435086729, Infinity, 6341.895481069132, 360.46802270038967, 755.1918200034612, 2155.190840189757, 284.7971179738555, 34428.29193000869, 39422.940778948854], "[140]": [183.71568833528704, Infinity, 4371.893640536595, 10.793201684808178, 343.3051508601991, 548.6313445114321, 265.82860120864245, 1123.8739678434026, 57.386867216732846], "[160]": [367.7979526319707, Infinity, 1008.8887590266548, 107.04594772812597, 26.850314500171784, 12.374800677533685, 46.773982557035495, 1109.6859588217962, 1080.8583291569223], "[180]": [87.73120612419754, Infinity, 241.80520092093602, 53.3023282126445, 30.252296042383044, 15.162212443276019, 35.034679099907414, 41.7761890040672, 114.23318810898859], "[200]": [119.03427380140639, Infinity, 56.81109080563154, 28.00288562808173, 19.879693899387767, 18.024941379956633, 20.97588263515496, 421.0841712128581, 429.97994375454846], "[220]": [90.96210367802692, Infinity, 12.354869043019722, 20.208676692212876, 17.25850763000732, 17.77875467616259, 17.49348936233002, 196.6730121749433, 222.18184703924612], "[240]": [80.69799511021543, Infinity, 11.770216340094528, 8.246023180182982, 6.0869954645985445, 7.680125426040077, 6.135459456875849, 253.98839741761643, 250.7190533024723], "[260]": [91.21171992289617, Infinity, 6.298810666894804, 1.3597288375683696, 0.48068260990479195, 1.2315252998628028, 0.49039225356009497, 217.95585463347805, 221.1927479104842], "[280]": [80.93978304167481, Infinity, 1.8865240414010291, 3.843540809622199, 3.622880100412345, 3.8150421734215665, 3.6247667165279482, 181.47950367046772, 184.0972038308968]}