{"[20]": [Infinity, Infinity, 1.8977512509066863, 1.4482160999041696, 48.140233178366216], "[40]": [Infinity, 45.87559377592555, 10.75010284286537, 14.825937053185692, Infinity], "[60]": [50.67625086362842, 14.991198682877958, 77.24319204638033, 123.0950900517551, Infinity], "[80]": [43.213676542288056, 135.68859074797595, 17.569301090214573, 214.72200555482405, 34.773626058611875], "[100]": [23.33596773723871, 19.344468821216857, 1.7092003800621538, 220.3147908616953, 23.7873294010273], "[120]": [2.815254846652502, 24.88220012935709, 9.362998623168432, 256.399925165656, 15.876617995680308], "[140]": [42.7169072812995, 170.44266420040432, 443.3679264833879, 733.3486772957301, 112.27858082770183], "[160]": [662.4245552581325, Infinity, 4855.332042376884, 3023.46787296055, Infinity], "[180]": [2240.9807808780342, 12524.226361676221, 974.7441138838647, 11531.135449221547, 1998513148.83839], "[200]": [2026.2991969318205, Infinity, 4897.613129044923, 2861.111988200921, 796991.5454287512], "[220]": [118.87380252339362, Infinity, 1219.6943271970658, 473.1067574229501, Infinity], "[240]": [58.80496147412747, Infinity, 248.92757681793518, 90.5424579543081, 46195.18813585343], "[260]": [61.634970051686835, Infinity, 41.78018257329981, 13.060653463163936, 354919.34735706035], "[280]": [195.91952922725343, Infinity, 3.625282143017592, 3.549207811742131, Infinity]}