{"[20]": [61.578807196192855, Infinity, 73.17434324113135, 5.076508330042212, 19327.913587947714], "[40]": [28.285417782990052, 1349.3424566474139, 1346.268266031744, 651.1969779571409, 10022.26643730976], "[60]": [3820.3249783657, Infinity, 27383.941050012985, 17895.720382452644, 19273.031309541693], "[80]": [69324.61676430333, 162173.61595639717, 36918.6561061789, 66796.51800124106, 23707.87146938878], "[100]": [682.7646611021345, 185739.23065649974, 48244.94949795679, Infinity, 21091.298882312254], "[120]": [2417.41498279899, Infinity, 13259.170329203313, 68908.52024445006, 2873.6243799443923], "[140]": [858.0037915266051, Infinity, 2903.450733841331, 316887.0299065252, 597.6658197332226], "[160]": [3737.898843960042, Infinity, 696.7069494965176, 16302567.116195818, 151.6954803046736], "[180]": [3272.956953340978, Infinity, 168.10249510705913, 11676079.186406646, Infinity], "[200]": [2171.80081658878, Infinity, 41.29093687540874, 10448574.552645894, Infinity], "[220]": [1418.4235912966676, Infinity, 5.80732373359261, 10228796.308457531, Infinity], "[240]": [939.4701654609655, 16308741904596.236, 0.42153530714755505, Infinity, Infinity], "[260]": [616.2705014002615, Infinity, 0.0, Infinity, Infinity], "[280]": [483.464044091992, Infinity, 0.0, Infinity, Infinity]}