{"[20]": [5.6942058434747125, 27.589497826126397, 4.9555980678143445, 20.636978916003873, 13.41844047980616, 6.950631104122429, 82.65113677981225, Infinity, 4.378609734471612], "[40]": [4.517722336929447, 1.6473544667518605, 11.565609639230255, 18.364942005077815, 10.016592844654767, 14.077571792983164, 3261.289128739219, 119.43998206274976, 21.826856946429572], "[60]": [4.386045523324079, Infinity, 6.799676063366561, 27.427930218688584, 21.447808912800866, 14.847692969790044, 25.4450224974253, 102.76077134974557, 21.716460445478447], "[80]": [5.365268234843685, Infinity, 10.06616031238852, 45.15438505775205, 40.57382183750449, 24.689496225853205, 4.3018258716945885, 68.66046741878714, 59.01604622884321], "[100]": [50.30457208831934, Infinity, 57.397897829368354, 99.11649195718853, 93.82746052365914, 72.10037953337552, 55.01193092737943, 54.86477328426297, 53.57695501124509], "[120]": [42.92262264072543, Infinity, 81.61087417148114, 135.477136000941, 131.3010369467553, 13.21216984482065, Infinity, 7.695909660322536, 20.53072276143633], "[140]": [12.53473918561647, Infinity, 80.10567903013894, 175.55720657353558, 152.616929204488, 26.866444669975795, 29.077153101437162, 52.519235553233756, 44.39673308557675], "[160]": [90.77266989819692, Infinity, 110.99261404943918, 275.65444260838825, 13.924318228587678, 13.368544594975571, 23.00039031500377, 15.285973052937482, 17.2528083810268], "[180]": [197.17832937055445, Infinity, 245.26657636722302, 460.2430223996951, 205.47966475867045, 151.84236768497556, 136.81065202693307, 62.395337814357035, 66.96065410895937], "[200]": [340.9038805528025, Infinity, 957.1072221125069, 1239.7986721228567, 839.9426698360427, 732.6345352302258, 553.9717562112618, 143.6115902850634, 163.6636567145891], "[220]": [485.0440881571425, Infinity, 2084.7046823650444, 1200.451948210398, 416.1222004950013, 495.15990536267117, 1482.7810879384415, 65.1433762529224, 26.154834529386967], "[240]": [181.4139316982081, Infinity, 1653.1684660214046, 1423.3377706165284, 448.03071200260865, 1029.519142918091, 8170.785822795676, 490.1113801282967, 222.04384871660974], "[260]": [623.0024604476108, Infinity, 1229.388211150348, 878.5127895184975, 2580.169475633952, 1079.6705352767788, 69206.27065693997, 146.06245209932746, 253.30758168315032], "[280]": [498.401211404793, Infinity, 2395.34648178302, Infinity, 1840.0467244247984, 1247.4513551083314, 12303.078440452977, 1271.4465599218054, 1297.2975030232917]}