{"[20]": [5.961341159368826, 1.1207611746427488, 8.849445849155995, 2.1835783952468844, 2.7511656553123687, 2.280978574587157, 15.771230843241257, 3.916485634778652, 1.2624811341905546], "[40]": [49.18237729366527, 40.758012250502695, 80.4299883364963, 47.032309517344444, 88.45306419154514, 48.3947288160433, 35.865309909270856, 1936.0324483092165, 52.655260378125874], "[60]": [623.0631382337789, Infinity, 804.9818772265385, 686.1083842778073, 421.8685679183323, 95.44751241181746, 1067.811420337288, 1219.6372957696017, 77.24543857095918], "[80]": [1607.0751788128039, Infinity, 6066.181443812729, 3163.0427001578983, 1397.2635032980374, 1414.5977755389627, 30927.786134082773, 1650.5642987326403, 1546.585684083208], "[100]": [1644.6812391794115, Infinity, 6676.221420138094, 2621.6551317730596, 444.4495296215607, 142.36821500745, 1855.2286031172755, 9098.344395204113, 7182.847767341796], "[120]": [266.4828734314411, Infinity, 8667.808784109582, 1883.5765306555916, 736.1691713282663, 2253.52426496644, 1172.3432365374272, 8947.705375716992, 5186.418239357196], "[140]": [195.1445696811848, Infinity, 3956.6330965147417, 578.7420786734327, 189.21962888995535, 418.8185127045959, 146.9976906366368, 774.3974173878556, 1295.9619333548271], "[160]": [195.82853973906023, Infinity, 894.5734758688511, 301.2874966691285, 62.51412685812546, 8.574304321499516, 73.96671409361998, 538.8408141373872, 551.9930579560962], "[180]": [97.74989154283257, Infinity, 192.83001760749875, 157.94845444295316, 78.97105252905376, 67.20229845053994, 81.63596027321738, 230.8150103566193, 227.2563026797079], "[200]": [82.59737674872883, Infinity, 52.54387976928241, 59.239190665474496, 33.13443705203285, 36.9901491987415, 33.77707640619266, 132.36305895112358, 146.45282606927742], "[220]": [90.38582746172176, Infinity, 20.635297823648653, 24.144038071536276, 12.151144321952629, 19.011267889591505, 12.346761879075984, 150.3858914257757, 171.3365740467369], "[240]": [72.35878130321076, Infinity, 9.144167485470865, 10.43943502031135, 5.016905405928733, 9.29214004847263, 5.08617935804234, 129.01035287781824, 131.27283637883377], "[260]": [68.2166740320173, Infinity, 0.6263766201884966, 10.861696475330074, 7.5498942258317605, 10.609947034831414, 7.5866205933967725, 93.52420463716204, 100.840947254173], "[280]": [54.97444946675664, Infinity, 5.305430253443704, 4.383395899466695, 2.0423701850246516, 4.328791786309328, 2.0671337699978003, 56.87387046137064, 62.78526573784309]}