{"[20]": [13.29395880386464, 21.030192629776515, 12.866437964097171, 25.76252456917018, 15.71975793877564, 27.40739234856728, 144.18934450584212, Infinity, 11.079577245081767], "[40]": [43.460511150017595, 18486806599.740906, 33.03624767249311, 11.55265379062801, 47.123680620145926, 46.34453813097573, 176.4760402086928, 2948.214344529176, 275.50991411101944], "[60]": [10.09823808351965, Infinity, 1.0847167558600725, 37.89810995949034, 29.69880863792776, 1.4428851898197383, 13.601972669479789, 3505.461255225398, 53.11869604185364], "[80]": [24.12353552336768, Infinity, 39.05730680678447, 95.14195254497945, 32.256392702171205, 70.08874564940712, 32.83180475426238, 88.48393784692426, 1.330509407839002], "[100]": [90.48957952106193, Infinity, 94.0338292143328, 171.74244609370072, 92.50401702719509, 68.39555200489863, 586.3943173630647, 77.63551561437261, 77.6259360230351], "[120]": [Infinity, Infinity, 284.3819674874088, 404.33596261479687, 258.06129892109834, 166.03962573875117, 96.21893660902819, 186.27258481441558, 189.85555651659465], "[140]": [20.165725827185316, Infinity, 372.6778348181223, 389.5925254027108, 59.96303211101267, 61.39231417531214, 278.876066953877, 162.54151028523353, 165.1189499367426], "[160]": [11.482067415764131, Infinity, 382.17667548378637, 616.6737406460346, 145.24244311547855, 246.4426565217865, 71567.41151452594, 172.09707676400154, 178.41452413388592], "[180]": [128.70574703397477, Infinity, 796.4126094904444, 1391.189960911068, 610.7795213761236, 869.716946469938, 373.39609889435127, 147.57068185092388, 162.97799728105988], "[200]": [687.4172215864758, Infinity, 3136.0428587549673, 3824.7674498379083, 2660.2714443044706, 3425.4640087025978, 1874.0304662696421, 7.372312776007412, 13.951728968000022], "[220]": [88.153912404407, Infinity, 4518.548476170658, 5205.705963464987, 316.06405499736263, 839.1748399580263, 1171.2559796271848, 604.25877838339, 715.784360558109], "[240]": [1792.2328508893002, Infinity, 772.2068716593093, Infinity, 4267.726222913576, 2159.3266424801313, 32385.658289331874, 2280.5382700861037, 2290.3801014397086], "[260]": [138.29508784819754, Infinity, 4396.186646311879, Infinity, 4148.408876820373, 2035.3834346989504, 18617.559572929244, 550.304944037438, 552.6605843444083], "[280]": [1164.2134306899493, Infinity, 3676.939859836443, Infinity, 2398.989567983913, 1719.5448016621385, 8820.935365004463, 2082.3771253123296, 1997.725658535625]}