{"[20]": [22.102707952960323, Infinity, 31.285714285714285, 10.185548017519022, 15.28722502306072], "[40]": [61.04966924459973, 37.80561125779434, 625.4285714285714, 265.8997662671423, 277.6025825195288], "[60]": [91.80737719792523, Infinity, 14032.285714285714, 9931.791627522223, Infinity], "[80]": [27687.60234888432, 47411.744720046816, 63954.857142857145, 76536.51311922414, 25614.059045433998], "[100]": [32737.867702801464, 5256.763923375533, 46450.28571428571, Infinity, 59173.19199042967], "[120]": [6632.385733506697, 6.085671374744215e+18, 24048.428571428572, Infinity, 9336.576442413469], "[140]": [1947.5192211816225, 5.4166162682997604e+19, 5227.571428571428, 1123.2815648730632, 1447.839574018576], "[160]": [3295.0210260996155, 1.5276558776261898e+19, 1627.4285714285716, 337.50307982484276, 474.8507789963262], "[180]": [1813.1845035367808, 1.160291131788208e+28, 429.0, 107.8466048971076, 121.48233698573779], "[200]": [717.0451076636618, 8.171681409173085e+19, 129.42857142857142, 25.95646934298291, 38.974950258200394], "[220]": [294.29554802325697, 2.2293004353047696e+29, 29.857142857142854, 24915.675303466523, Infinity], "[240]": [219.51990459549904, 1.0008288334014794e+19, 3.2857142857142865, 4.901677996600974, Infinity], "[260]": [329.37365683504163, 41733720213424.836, 3.0, Infinity, Infinity], "[280]": [562.0111543804275, 2.998445510028566e+67, 0.7142857142857142, 0.7965532138497667, Infinity]}