{"[20]": [3.319090120387584, 2.5759637455935263, 3.775326354801352, 2.9610133328301926, 2.8210391059023547, 5.058096759344798, 14.09095320649327, 0.5428111718568353, 0.27340389961854866], "[40]": [7.024711689921715, 27.91796602550654, 10.13159263583924, 8.047593688337125, 12.274040751694844, 3.7386662179052657, 8.370617763337355, 2.707825651133351, 8.55295448376201], "[60]": [2.137983329627114, Infinity, 3.2324637290318083, 22.137167797047077, 21.518589143275356, 10.90629153579077, 4.452526025729945, 108.97992925556768, 24.66815181543474], "[80]": [11.523054871617774, Infinity, 15.814810757757854, 42.817363162926696, 46.554289047960694, 20.44237485962003, 13.202416068760488, 21.320860349762388, 14.417333718956709], "[100]": [18.546967401852992, Infinity, 24.01572781881293, 57.68709185655919, 21.299579212990732, 14.534499493109127, 204.1368353225385, 10.088827756081232, 10.660775632525953], "[120]": [63.044805036422574, Infinity, 83.15029879821209, 121.91677975349067, 72.84626748638495, 38.48182467905951, 35.53537168357514, 2.2332402924950436, 2.5173649406337186], "[140]": [2.3795361473774146, Infinity, 104.4994828614432, 126.34521446255944, 8.305162066474466, 11.85712675319483, 17.479311744716973, 18.681032290636427, 22.408970784627666], "[160]": [16.02525647501272, Infinity, 93.28359682033287, 178.4225149000457, 27.381278686340387, 15.764703874625557, 8301.25536336629, 57.555478123233016, 48.02388585481092], "[180]": [116.56004680291679, Infinity, 221.9019721876009, 439.3097543300491, 188.81177579703197, 192.83411547750202, 133.67323586111436, 10.545037396820279, 19.213341884218277], "[200]": [159.49684426321156, Infinity, 701.3154880254682, 904.9547913804846, 547.5851512792617, 857.4655244577782, 247.43088777790467, 25.8135131401288, 24.791376007345715], "[220]": [23.64836735804607, Infinity, 1045.4434568049844, 547.4636430170222, 84.20977557505309, 220.5741399055101, 300.4352072001092, 136.49390773994048, 139.89552494815496], "[240]": [19.321886487715368, Infinity, 330.04683362373214, 653.624685358179, 504.21729327920656, 403.6956661625059, 1051.8588640594876, 367.06878872614453, 338.3475525961009], "[260]": [23.31085605787012, Infinity, 1124.0964782669828, 236.88940526102036, 779.7153442113615, 569.0469024764449, 37067.76168547503, 161.2007139461748, 163.00619311759812], "[280]": [66.06236581541324, Infinity, 917.723638579762, 200.17615956133824, 603.6354706902042, 450.71356483525125, 6961.937784183024, 555.9502187622716, 557.0761615540093]}