{"[20]": [Infinity, Infinity, 3.8512539440184623, 3.0882456380740564, 25.551087057857128], "[40]": [Infinity, Infinity, 91.0431005676759, 28.464867707738907, Infinity], "[60]": [152.51190568572252, 1180.6325638994097, 972.1476250699621, 1427.8496883504374, 262.5492354396127], "[80]": [429.03162044921953, 763.5212885576374, 502.6817079335766, 2278.977025458431, 197.19893119668188], "[100]": [85.25025799281617, Infinity, 448.3517717776584, 2872.5460148330944, 96.06701566067466], "[120]": [16.349617121457456, Infinity, 466.7152200301047, 4028.3545004466155, 103.77290738984937], "[140]": [2331.9561822296178, 523.5071840090555, 7343.37292850255, 11582.646556125823, 3877933.529797289], "[160]": [3398.9024134996325, Infinity, 20270.623648568, 16955.442466907338, 30274434.22574406], "[180]": [8760.878742272784, Infinity, 16310.706727333518, 22472.560342985915, 1255417043.8087523], "[200]": [2498.753772813837, Infinity, 9954.583192292355, 4918.658587800685, 467562881.685708], "[220]": [240.5139005161187, Infinity, 2199.9563862393566, 1515.2499523673541, 254348314.50459436], "[240]": [202.54167254672424, Infinity, 691.9498361784633, 382.5239491461796, 115807541.24013661], "[260]": [212.67525106804098, Infinity, 177.27084418140632, 31.985057895869865, 56966623.54771092], "[280]": [669.42283428812, Infinity, 14.470468570975155, 8.64196968649548, 18827395.70868475]}