{"[20]": [Infinity, Infinity, 15.91343391336573, 4.761450390946824, 144.4603629409438], "[40]": [Infinity, 37.13796640118402, 193.15348595944215, 73.77167235844512, 1802.8416145793074], "[60]": [44.93451743898426, 32.207545158567775, 962.2999286553593, 1784.0103588181041, 221.98418141977655], "[80]": [8.313555868095637, 278.2891894266343, 450.5135345345258, 2528.1571983607396, 73.62247811899597], "[100]": [58.94399287245354, Infinity, 300.2514383046214, 2550.408441830281, 76.02062396532877], "[120]": [19.206788036479107, Infinity, 316.8055034423481, 3492.0852352730335, 91.12389151473018], "[140]": [348.52578528402626, 5149.477217773276, 12950.00852901974, 18620.10284198928, 8443317.51236286], "[160]": [488.8865360380833, Infinity, 12044.75411354702, 42253.28962863523, 839058996.1812527], "[180]": [2068.0510489128133, 1962032015.8387072, 18295.933721414218, 5958.003979588432, 912757963.2930479], "[200]": [847.1381153034761, Infinity, 7093.262778412581, 1662.150632326407, 200512.94933087024], "[220]": [149.410556763499, Infinity, 1482.6587580581547, 432.04145550124633, 21667.446190794337], "[240]": [101.66150073868737, Infinity, 422.1980217339242, 136.5382249069549, 90350942.9244888], "[260]": [96.30586367105141, Infinity, 52.689286954130786, 19.70145019077035, 27785819.911679663], "[280]": [106.22371498381086, Infinity, 4.427404745145679, 13909.819484983804, 3344646.6356069185]}