{"[20]": [12.485570760827818, 6.52172078180963, 15.90271260143859, 1.509889017821039, 3.0495209558016434, 2.897967896504599, 14.578441740613703, 5.54550562906859, 7.911445152804956], "[40]": [89.67469485483844, 12.28162970108602, 194.7094460439499, 207.85762052132043, 202.42218000217548, 33.93547350193752, 42.369655911646205, 31.7067162304096, 2.0531543083586574], "[60]": [65.32473515450042, Infinity, 978.1148440786625, 769.316644764462, 223.75566637857747, 63.815816564188154, 133407.1595677727, 1618.0200318034135, 451.8670803558307], "[80]": [27.561870947542364, Infinity, 450.18710345690494, 1574.6910132517871, 248.1363501050637, 380.69791627944284, 225.62409218372352, 102.73322774842735, 1018.2361169602143], "[100]": [58.93866104481211, Infinity, 302.4823759385397, 2219.911242042155, 194.00224215283544, 533.0511367430537, 57.264102411977525, 355.2790092949866, 529.547268117542], "[120]": [87.41052374153263, Infinity, 317.5949489869398, 2696.595605546979, 210.62744064692268, 771.8699733362906, 97.43337309471285, 115.84983392367056, 145.6620465611318], "[140]": [4326.752501993203, Infinity, 13202.549568583698, 16464.077926140457, 11668.746519016036, 15999.521482202863, 13750.907146280097, 564.8494713012011, 174.24779286175476], "[160]": [5061.609237612944, Infinity, 12231.11557811848, Infinity, 2347.1696928313586, 9317.806937003066, 219334.55349921982, 4291.925452582911, 4493.233895349352], "[180]": [163.60705038541803, Infinity, 18464.093931714484, Infinity, 16967.295519784097, 10868.20679696608, 24639.061666277612, 475.1324220938591, 92.00182196899186], "[200]": [242.1287174007475, Infinity, 7042.130524579925, Infinity, 4079.2401908078687, 3988.5904951483612, 4848.866664048498, 1410.9435585372062, 756.2682193006198], "[220]": [174.3937814933674, Infinity, 1537.4753272349506, Infinity, 840.7458282139091, 1420.174218867718, 1438.1876986246998, 651.6191845685058, 458.84317453315487], "[240]": [127.61185402898329, Infinity, 416.8909598271263, Infinity, 218.2556128071219, 578.9673923598341, 503.63187721151, 87.25564103006636, 66.81815244882394], "[260]": [109.43241326721298, Infinity, 54.873801770210015, Infinity, 26.604996212738282, 208.22412775978054, 168.2381246516442, 178.16729742433915, 174.56137467370633], "[280]": [101.54361602067154, Infinity, 4.270126113538735, Infinity, 6.059420816297545, 68.7606999554115, 53.92409872482401, 178.4702384840832, 181.6764767723896]}