{"[20]": [24.293958803864644, 17.633913486335427, 23.829321914931633, 14.9513899009689, 12.75074589586144, 27.8856532181325, 144.08258904101345, Infinity, 22.079577245081765], "[40]": [338.59638256066154, 203.26431634564221, 345.69297613686, 37.214037124802374, 374.93327621643584, 364.95164872795067, 306.50314165792713, 140.61287491774144, 7.576165090411198], "[60]": [76.03801440492286, Infinity, 1849.2296666972438, 1799.7776393704787, 680.5873550884069, 414.4915479635316, 2742.7273515883285, 137752.76758455375, 3671.2643382553606], "[80]": [102.54472960872205, Infinity, 821.7288707046079, 2419.308449116196, 164.82220788638975, 532.8015995378316, 115.09537238075002, 27406.597041607216, 19702.56787299849], "[100]": [165.00006183934028, Infinity, 815.0486966134166, 3771.8014496819605, 648.5882005496378, 1081.8653418802187, 348.345982526932, 1076.7288752600873, 420.4933900707029], "[120]": [317.30177480365353, Infinity, 865.7787722589246, 4704.558233926656, 745.6750483558955, 1619.8384440133102, 323.0516890730478, 817.6782748786784, 786.1096215358231], "[140]": [13013.445666364032, Infinity, 20897.879493211076, 25973.266248132953, 20229.96491783235, 22767.10481338601, 19171.886703552907, 26197.097385470344, 22399.90965326204], "[160]": [13916.356279457103, Infinity, 24348.8271458576, 47077.01006335418, 4673.195031034834, 11553.684655073708, 709999.8977369791, 19090.546802159613, 18256.683296432868], "[180]": [5090.82311878505, Infinity, 30694.63500442812, Infinity, 41653.10259389896, 14054.469514510296, 39840.3194713912, 32143.807276340005, 33930.39466335506], "[200]": [3561.1120869278066, Infinity, 14261.196574053158, Infinity, 8935.186077633121, 5763.377511668115, 5748.170626039351, 18475.714839686305, 17007.19012408636], "[220]": [1373.8125745639875, Infinity, 3474.0010612219166, Infinity, 1518.1200254041507, 1915.4511282535939, 1701.95508797741, 2693.929159641244, 1855.5619023862744], "[240]": [716.415383955925, Infinity, 1159.0054943445612, Infinity, 457.60332622313786, 877.6132323206451, 676.0729218756586, 1822.9824786744787, 1810.8726754211652], "[260]": [517.8764301808395, Infinity, 240.05825970082557, Infinity, 90.26893494366338, 386.0439479222282, 277.3151912978674, 1844.4354041065994, 1819.1263243425801], "[280]": [422.57071413055604, Infinity, 18.42528295568293, Infinity, 13.565813322610632, 123.85192207297257, 86.38216334010188, 842.859490031788, 868.1245776400458]}