{"[20]": [4.666828416545519, 7.06083555394599, 4.428571428571429, 3.827810022465238, 2.8036299068192534, 2.0418729157502717, 1.8923015586444718, Infinity, 3.995719478817862], "[40]": [81.37619224220977, 41.70179453902543, 97.14285714285714, 12.732388388465324, 109.87864769761953, 89.10511542167254, 88.78553721160196, 54.56636472535459, 24.93788719120454], "[60]": [134.4781282212607, 1538406148543082.2, 1272.2857142857142, 897.8814119811351, 703.1809538209739, 371.59632349074604, 364.07843162172617, 2710.2751144838385, 443.0468659083813], "[80]": [2453.2958453671326, 3.40077629912588e+24, 10856.857142857143, 2781.3955185244613, 2067.3238965335786, 2088.2393986434818, 2012.1092659395272, 661.0398988351662, 209.74378326113947], "[100]": [3681.9473545000656, 2.414254885475781e+32, 22033.428571428572, 29901.120659697553, 91.82118413013086, 1821.8650881679569, 1901.6380519873856, 10433.293148388053, 10431.332895024476], "[120]": [983.8750262633184, 7.576325486168787e+35, 17525.714285714283, Infinity, 6245.681757280348, 4413.095592327307, 2203.4263628590343, 20020.49015163712, 10171.363413751984], "[140]": [21.981536658640835, 4.537767621226321e+50, 11715.714285714286, Infinity, 1757.258628175121, 604.074202718768, 29.510108640708495, 6664.973363427878, 6228.382519316969], "[160]": [279.1817468065565, 1.9472354461076123e+59, 3429.4285714285716, Infinity, 222.31420266496025, 211.75965936038438, 335.0496421703565, 396.91216488250575, 616.3118143050924], "[180]": [287.0955515144906, 2.8311610852975855e+67, 988.4285714285716, Infinity, 17.340137796582894, 240.3896789425446, 211.80368598315977, 43.32198421318708, 160.69247517332496], "[200]": [144.19770492713542, 1.9258664884755883e+77, 328.57142857142856, Infinity, 20.815385040038336, 141.47420472473095, 95.67907434038455, 196.42278691731076, 211.95562208115143], "[220]": [138.0910110873665, 1.6198306258292654e+85, 106.28571428571428, Infinity, 30.773677589908658, 94.88821437906786, 61.97517261557823, 199.12274803421025, 187.62323040860997], "[240]": [63.46319795762247, 9.5085081810186e+93, 46.428571428571416, Infinity, 19.043401853142115, 61.64408596877451, 36.272227385205014, 142.0985981558875, 149.03457634449586], "[260]": [113.73614472092049, 3.8746981460246653e+102, 19.14285714285714, Infinity, 15.650574677444688, 47.66093121563405, 27.49251286818741, 201.46011032317227, 192.6684249993408], "[280]": [91.14089255278304, 1.5387735893052318e+111, 18.57142857142857, Infinity, 7.908661071355802, 27.020793687214002, 14.785326744576246, 114.30289397949784, 112.75974622005819]}