{"[20]": [4.0, 48.88107285594636, 3.2857142857142856, 29.773378808743423, 26.102463243780516, 0.3362614466679057, 5.773704527922696, Infinity, 3.0479438438430737], "[40]": [100.25164380145159, 233.75137749645296, 102.42857142857143, 9.105061834615626, 9.141315376336777, 7.909882640374249, 7.874651966394012, 29.510604856369866, 40.78111251695694], "[60]": [1500.5008409315615, 1.6870674602861394e+18, 2102.0, 1955.4648392558315, 1916.2212647348645, 1355.3514479498817, 1270.0181504024965, 3070.081622188897, 156.4644359119702], "[80]": [5627.998240221987, 3.729403789879908e+27, 15786.428571428572, 7417.171584523725, 3462.326766823, Infinity, Infinity, 925.980922683455, 4323.148215430108], "[100]": [3143.157848788742, 2.647552091869952e+35, 7541.5714285714275, 3972.633994175336, 6595.617744619143, 6661.8591747464125, 6585.145571506899, 5771.8635436501845, 122860.32757657407], "[120]": [1818.6511845710238, 8.308450134770628e+38, 8465.42857142857, 538.3794323721963, 491.3531533671676, 786.4179375386288, 716.7866592468276, 70881.7770731672, 55868.512341437774], "[140]": [809.836389315914, 4.976266294395922e+53, 1598.1428571428573, 77.6146578222029, 98.31444056732573, 40.520226317785045, 27.83411347424385, 1699.6619498517766, 114.83887270288358], "[160]": [635.5366864676089, 2.135402919236706e+62, 314.0, 70.53033431872254, 76.3775277712457, 62.022288485176205, 62.34081431696316, 835.4271532741537, 925.9645114022394], "[180]": [620.4662281078063, 3.104745092395459e+70, 94.0, 6.828627761307905, 8.319419055248652, 5.162219147916188, 6.359490145108758, 1107.919599771323, 1149.2563503597917], "[200]": [379.84788265502175, 2.1119689227880706e+80, 12.428571428571427, 3.84288437762726, 4.142928031622097, 3.5463953943001716, 3.8384859138559926, 922.2572374172579, 907.4708882980664], "[220]": [340.1172832563075, 1.776360035683665e+88, 4.714285714285714, 0.41763753161547196, 0.34545666818433746, 0.46790822239061586, 0.3428847570984887, 697.8503679762842, 706.3417558743859], "[240]": [273.5768130462693, 1.0427345148083256e+97, 0.0, 0.01625970191108011, 0.01616806285424145, 0.024516111185365938, 0.05389329384877888, 570.4443548222789, 573.2446770668068], "[260]": [250.87531513065642, 4.2491225503989994e+105, 0.0, 0.002191811826080753, 0.0021643913652598383, 0.0035160029840641035, 0.008529464619065117, 484.87872744955934, 490.9568907712153], "[280]": [227.36275827091322, 1.6874702090631743e+114, 0.0, 0.0002954566956131376, 0.00028974084438842553, 0.0005043928167680442, 0.0013497625400156752, 423.5126558955794, 428.37280826013995]}