{"[20]": [0.5033804923833749, Infinity, 21.142857142857142, 4.015899186433575, 4.346810311215339], "[40]": [14.319051773462917, 128.8007024165783, 51.14285714285714, 1.561764345607017, 22.11024857712964], "[60]": [1.46211467960768, 5.83343903144123, 17.14285714285714, 14.392328611430287, 10.137624173372075], "[80]": [34.62963500578775, 58.29740090335963, 109.14285714285714, 18.541233949677803, 52.58439998774048], "[100]": [43.35143796265436, 8.526248744784311, 269.2857142857143, 6.696915495696544, Infinity], "[120]": [142.32560808011317, 302.753640786128, 590.7142857142858, 6.941986532801593, 136.24463057898174], "[140]": [91.83537323079372, 105.86644266713392, 1120.0, 445.14134331301557, 14.663639760058231], "[160]": [133.50319036048677, 6608468085313.922, 1082.8571428571431, 639.3111479040126, 114.9650584775427], "[180]": [176.80920321596932, 5.950495910430796e+18, 2163.2857142857147, 1490.6977116598491, 222.74646937828038], "[200]": [440.22745089226737, 2.1972859161571286e+23, 5199.285714285714, Infinity, 1034.8160988111122], "[220]": [30.400715777792357, 1050042518125.8351, 2710.1428571428587, Infinity, 1768.654293509826], "[240]": [509.20184190744476, 3.085791449997848e+39, 3416.5714285714275, Infinity, 300.86300053767263], "[260]": [608.8943228418302, 1.6225491025960182e+35, 5575.4285714285725, Infinity, 904.4180890695261], "[280]": [81.61327909750162, 9.531519265577065e+22, 2772.7142857142853, Infinity, 453.8193893471507]}