{"[20]": [8.710833879826113, 16.938953666878763, 8.682696423189762, 36.53129327620824, 28.721993097074154, 138.65024525428385, 63.00248100865557, 2.140469925748796, 0.5972981942873173], "[40]": [9.66048091603804, 124.35548050866483, 13.249491074017225, 48.10757602806042, 24.082041209038934, 15.409699423425947, 28.55216524804964, 49.20672670713588, 42.602151639879914], "[60]": [11.52041647279729, Infinity, 11.088213946901275, 40.3382405786062, 37.323282822484266, 29.833145436448692, 16.360885750821293, 334.5855136816366, 76.07967111886948], "[80]": [20.965962549684303, Infinity, 26.892843314052865, 67.27686848843271, 58.817443994263385, 40.216416019590056, 23.3522467061376, 32.874784237494346, 19.23099615389227], "[100]": [61.83636525847442, Infinity, 69.07260051517439, 124.68284892520869, 65.48929336977407, 56.4703304165168, 442.9707726048479, 40.05063686190086, 44.48300764014034], "[120]": [141.28549059787795, Infinity, 164.37897670325282, 247.98400335760806, 241.28148454456218, 70.5770702714308, 50.31030826932809, 37.03234541376688, 32.93852851377716], "[140]": [17.88856982971911, Infinity, 211.65890528824488, 300.05581474755985, 32.21645979392446, 29.153516523170047, 164.28185780587899, 57.60870000859136, 60.24396636234117], "[160]": [41.75607149458306, Infinity, 148.86307269165806, 351.0512336160144, 45.47976661366362, 36.81713705769326, 25925.345280440477, 146.8632809658816, 126.14767486755812], "[180]": [305.91650473146893, Infinity, 496.6848680414567, 890.4868265532382, 442.9097029821073, 487.04464651632304, 365.48925145769607, 53.077039167525115, 75.37497191020677], "[200]": [433.0256905387092, Infinity, 1408.1462013342066, 1844.3526275664665, 1198.4963150787794, 1671.677496304907, 582.3972910603296, 58.78487057177653, 56.36317335787705], "[220]": [106.23318290811265, Infinity, 1731.127146729738, 934.7925514248251, 196.53799009841705, 266.86167544237856, 325.10727651607084, 467.04882396142034, 479.34153906261514], "[240]": [174.5272038883291, Infinity, 151.6870357695805, 829.7069290638232, 1665.2845130845358, 1210.9312578386373, 56050.788135595016, 38.38667530308175, 11.18325580717358], "[260]": [96.79821758164815, Infinity, 2073.973068601558, 197.38761241309444, 1435.1744117390124, 1052.0309018518776, 84595.03113983301, 589.5279567567313, 596.0241040260637], "[280]": [197.5556383322159, Infinity, 1549.109854905764, 341.21706287282547, 963.9904315810976, 695.832337474948, 4773.155760408141, 2054.711656520651, 2052.7870325418276]}