{"[20]": [0.8179010381252961, Infinity, 3.853760465045473, 0.9394652979006441, 331.96375197965665], "[40]": [7.265287513202986, 24.221744131079166, 13.051791361179077, 7.219537443764388, 72.64248847360034], "[60]": [7.505638452382388, 18.384554077163266, 2.5799498208108, 0.4643505936560983, 450.00527810161634], "[80]": [0.9612674533773481, 9.358329352650365, 20.3562692055635, 0.4555898431488929, 842.3263504801564], "[100]": [6.675568765768543, 9.581331205194616, 17.291841830363136, 32.394853791746925, 1965.837851627805], "[120]": [43.74593003982811, 310.17104492965234, 146.9118649955796, 36.172351886114406, Infinity], "[140]": [18.916566560004604, 142.9453736349478, 204.39668308469604, 105.88194631999811, 28122.262717976442], "[160]": [52.931669445304024, 36.668189416431616, 171.37007335470352, 77.22187512374019, Infinity], "[180]": [128.89136389376097, 848.5240503356298, 333.76784261102176, 60.76726974471525, 125.18214276869605], "[200]": [136.50161406772176, Infinity, 1453.6329890481302, 56.73179107270983, 248.15420883633357], "[220]": [181.5838011904612, Infinity, 2579.7627912663534, Infinity, 409.6899651517448], "[240]": [277.306643284196, Infinity, 1035.462899551328, Infinity, 443.96564632968875], "[260]": [376.08626095375365, Infinity, 2121.0314203262797, 155.17153125172436, 857.0678118425208], "[280]": [431.22142176907454, Infinity, 2323.3767167154783, 120.242477041087, 2865930.8991863574]}