{"[20]": [4.048985059308477, 3.7717516701253544, 3.8223497210648105, 2.0304905898694914, 3.384158583471461, 4.397619081841801, 24.370013697910398, Infinity, 2.3597016270923956], "[40]": [26.602783705146475, 4120436.1334397183, 33.05379402220457, 9.539592534305994, 7.013791804074727, 9.687723055954018, 11.389814875589744, 15.042060434357955, 12.378927306835699], "[60]": [164.58898730216296, Infinity, 336.0778192957512, 325.51042524441414, 318.48522482521656, 139.68007617454813, 178.0391528567861, 49.7435338079928, 52.197017967816976], "[80]": [675.7656466812907, Infinity, 2573.494944505735, 1433.9382479373933, 505.5932693972756, 533.6962570215721, 651.5820498527777, 578.1934139632401, 505.47256344684246], "[100]": [346.02974307197013, Infinity, 9912.488329793036, 2571.6938497843307, 409.0769330250121, 511.8442457547184, 8085.108063744125, 112.65809543357192, 1412.4053871667013], "[120]": [1531.2691802890272, Infinity, 2153.0286033586185, 4533.542169025509, 2083.567380177329, 125.80719918551122, 580.5420598516923, 800.4016864282513, 5328.525145835983], "[140]": [645.435828907795, Infinity, 7056.936691961589, 1260.984410651201, 1038.9238481148684, 367.6088947642852, 585.8854357991488, 351.80875740576334, 281.00418290066244], "[160]": [155.53942577616482, Infinity, 2029.083743889943, 442.69840577208055, 45.27095843343418, 29.625347384251974, 30.883493162278167, 1366.5638959229045, 1292.739548699871], "[180]": [210.00623454903922, Infinity, 593.5263725988599, 273.9118650437982, 97.11951860413782, 138.14514752523053, 130.6060697476669, 108.7061072148191, 125.30257807663516], "[200]": [230.32087698575825, Infinity, 131.51618083198122, 139.0183334275513, 79.88035499629801, 100.36929811035426, 95.90160674849935, 49.90869350869588, 55.01984128773705], "[220]": [194.92635949450263, Infinity, 30.392018945257455, 76.97824077541473, 51.9573236441866, 67.36258243904358, 63.64512319853384, 161.4694407439188, 156.03995419376378], "[240]": [184.78909780944852, Infinity, 22.547774214675037, 38.12859528381092, 23.606993069823222, 35.861768537628684, 32.701788840353174, 87.5436237284742, 92.18820952734598], "[260]": [154.18688482976216, Infinity, 13.270952075929863, 12.213929224120939, 6.561570527066868, 11.695178198169005, 10.352627444888663, 53.936587223825654, 56.87791879743489], "[280]": [147.53235544997983, Infinity, 0.5469876225515437, 10.758387433058859, 8.274638212867222, 10.641910361071355, 10.01348343778787, 54.17914186631234, 54.27786297990275]}