,ARIMA,Exponential,Moving Average,SIRH1,SIRH2,SIRH3,SIRH4,Linear Regression,Bayesian Regression,VAR,Exponential Multi,Moving Average Multi,SIRH Multi1,SIRH Multi2,Real values
80,271.104002607454,3.729403789879908e+27,192.85714285714286,54.53409886102627,211.38702888598573,214.12936170318252,263.2483858639063,333.74844202132084,338.6067314609919,331.75960323167516,244.85998843056768,192.85714285714286,408.40823051217666,245.01809293788733,348.0
100,474.08627902495994,2.647552091869952e+35,397.7142857142857,165.62165496129634,464.1499414233489,346.97824033707093,703.0076529476637,705.8066568349977,716.5604938527905,894.7577709873004,628.8234377003753,397.7142857142857,1082.8561089246919,521.4085153328945,887.0
