,ARIMA,Exponential,Moving Average,SIRH1,SIRH2,SIRH3,SIRH4,Linear Regression,Bayesian Regression,VAR,Exponential Multi,Moving Average Multi,SIRH Multi1,SIRH Multi2,Real values
80,243.87089677610555,3.40077629912588e+24,192.85714285714286,113.84749105804411,210.9489696128714,217.2827743192516,236.77200216825614,272.2744131132202,272.44103036376134,264.96231131344587,231.50970207258501,192.85714285714286,279.6550737517911,245.0180335883868,278.0
100,475.33741089622725,2.414254885475781e+32,397.7142857142857,287.5385974079202,461.2370933715421,373.6984020053128,557.615303532687,561.5716177319157,567.2459318018849,633.6741613800808,571.0015774529365,397.7142857142857,685.6736167244851,521.4085152106666,590.0
