{"[20]": [9.566819103778652, 24.506275579882043, 9.428571428571429, 43.68540393529328, 42.7791465796614, 43.80241811531838, 42.83951127065663, 4.000000000000009, 0.5056341183014457], "[40]": [13.185241244332182, 211.41681524689835, 16.0, 53.58712817156372, 27.455342322213482, 28.518521718300768, 47.075487442870255, 53.10467154365075, 45.46463225875094], "[60]": [14.697283051866954, 1.6870675498891177e+18, 12.857142857142854, 40.448185900427085, 42.78465728330214, 30.295775908926746, 21.61721963635798, 350.33387831701884, 84.21252658034858], "[80]": [26.010178888538782, 3.729403789879908e+27, 28.857142857142854, 68.19426224772184, 70.39530684384982, 41.570186600027796, 24.80774777627243, 35.114271607266055, 17.40235970056743], "[100]": [65.85653014281068, 2.647552091869952e+35, 75.71428571428571, 136.8710062760646, 140.46541344683277, 40.824616240525884, Infinity, 10.311797093645737, 14.297718920428224], "[120]": [96.05549359611516, 8.308450134770628e+38, 130.71428571428572, 204.94838872033645, 202.28693490689736, 8.311196713398942, 3.477353883551416, 173.49375797360244, 155.1463057061561], "[140]": [183.48267257497469, 4.976266294395922e+53, 229.14285714285717, 363.1590016617126, 159.8151818556213, 38.73673721935995, 43.68949633430634, 70.04837178108812, 70.80255430380441], "[160]": [0.19210541000438752, 2.135402919236706e+62, 91.42857142857144, 320.32931932148523, 44.62840802427172, 77.98170999550007, 77.47497777740125, 21.548251387042455, 15.557715958885638], "[180]": [369.21792535161376, 3.104745092395459e+70, 445.28571428571433, 813.4528945406556, 368.0925400324104, 493.0278639271428, 445.96938298375574, 83.37161738699683, 115.99419584978864], "[200]": [566.0270257900834, 2.1119689227880706e+80, 1595.142857142857, 2066.9966823546956, 1377.5487117124812, 1942.8162611910652, 948.9681509072539, 230.58895008571017, 221.26935715349327], "[220]": [228.4304798483372, 1.776360035683665e+88, 2071.0, 1442.6909780416804, 34.152344351093234, 341.827768637645, 145.8379985754009, 479.45133018104934, 410.29461112388344], "[240]": [656.1174573708167, 1.0427345148083256e+97, 377.2857142857147, 1558.725192436561, 2371.0742254376346, 2258.2443383726877, 2530.184401044964, 113.63930064871147, 112.18159795899192], "[260]": [30.535503017704286, 4.2491225503989994e+105, 2302.2857142857147, 125.86107610118506, 1781.5454943186114, 1487.9748577122564, 1508.6773739821156, 856.8602705928024, 834.9681116882475], "[280]": [617.9528893478041, 1.6874702090631743e+114, 1701.0, 576.5026749147671, 998.3140582301512, 1041.3787922429492, 1095.9366177717593, 1363.2311045239303, 1389.2054369084335]}