{"[20]": [3.1544061545792044, 2.670832329540347, 4.568901328438273, 0.9436079075872613, 2.9128522574030966, 0.9679988938246263, 23.072240708072712, 3.000000000000003, 4.1417002255926345], "[40]": [90.5315360090244, 15.426894014388699, 184.30408814071245, 170.54522166542475, 181.6568932732766, 43.457358357015906, 88.44900741953423, 116.7810779927161, 106.8721142638156], "[60]": [2262.1726223964183, Infinity, 4491.413550904631, 2473.922467899315, 580.0089956355611, 545.6219040741844, 3620.610025748809, 476.0787652026471, 33.265181634298585], "[80]": [3116.888772411864, Infinity, 16491.227329779504, 4052.6991086803823, 2768.2469726524573, 301.08549183310146, 4791.394522681085, 2953.6209045240203, 5829.222385276528], "[100]": [588.3728520982957, Infinity, 14801.83536145569, 1928.6907788156668, 3094.9897110191123, 2447.8644717798597, 2373.9887943519134, 46196.103550959975, 32828.78014529652], "[120]": [187.88507869968979, Infinity, 4822.744157914212, 440.96121484455756, 161.05987701027746, 123.52452540260524, 146.8230546255368, 1570.1530085211455, 66.47102645015218], "[140]": [226.38688377297098, Infinity, 843.8770673877597, 213.7500489147001, 85.13216498469602, 92.26562027690925, 59.06271785488987, 258.3779461439687, 210.35571417781486], "[160]": [153.3637688533389, Infinity, 138.9309174957278, 55.64640801398228, 29.00801366668467, 33.5171236225353, 27.140742304167926, 558.2717447126334, 569.5436272827759], "[180]": [103.04365618924828, Infinity, 40.37275430859431, 9.45130260653589, 2.334373883188216, 6.010280700414292, 7.177033707639914, 307.10417383356076, 316.910961086157], "[200]": [87.83758650180316, Infinity, 9.578537871417478, 0.5341848990405349, 0.7282389238094918, 0.03261347130317862, 0.3075029060755802, 216.875270126539, 219.03322256840977], "[220]": [92.24820476904779, Infinity, 1.8559027699430208, 0.08162661173944169, 0.2680585104862678, 0.011106822963538154, 0.19227451816324168, 188.0518953485675, 192.69507063640137], "[240]": [84.32789971944717, Infinity, 0.0, 0.6973895799962437, 0.5801793036887094, 0.687695774996613, 0.7743864440301355, 152.20039013792572, 154.81272386791625], "[260]": [78.90220262205005, Infinity, 0.0, 7.152994199629992e-05, 0.0001279763667764264, 0.001432041266246678, 0.004854130659892411, 129.50562405442156, 130.85172933898352], "[280]": [75.88655078364732, Infinity, 0.0, 7.153791287471927e-06, 1.290784503881101e-05, 0.00018698411365774436, 0.0007176817405575602, 113.54811044795103, 115.08622886863456]}