{"[20]": [3.0002561549709537, Infinity, 0.18056129027136536, 1.0445715896013723, 3.7776072979213553], "[40]": [0.24670000412579404, 6872.950608720977, 21.169221805806618, 4.719386056319917, 254.81946825016044], "[60]": [19.121402487698422, 34.162288269756154, 577.9519111215681, 199.08035647334924, Infinity], "[80]": [400.59709364942313, 503.9505926233212, 7731.443001590599, Infinity, 6063.311318860037], "[100]": [4834.134997737259, 12250.83786232673, 939.2784513185818, 7071.794221782529, 2560.793827226447], "[120]": [1621.9732459618651, Infinity, 4992.082168445866, 488.73146187092425, 2546.569801185734], "[140]": [127.24646765780425, Infinity, 944.4450821321859, 199.49724553324822, 298.67042126386934], "[160]": [143.68427797209503, Infinity, 189.3529027241569, 23.640573174573937, 58.05532932821535], "[180]": [104.18508214664345, Infinity, 51.075442862719505, 3628886.6242745416, Infinity], "[200]": [108.46894252221136, Infinity, 9.554051378775798, 3577930.4738081633, Infinity], "[220]": [106.70523513753224, Infinity, 3.0138011612335625, 1547885.0650218695, Infinity], "[240]": [95.74205247581155, Infinity, 0.0, 0.006604679315619359, Infinity], "[260]": [86.30583511826103, Infinity, 0.0, Infinity, Infinity], "[280]": [96.20897972163141, Infinity, 0.0, Infinity, Infinity]}