{"[20]": [10.885499189434979, Infinity, 13.285714285714286, 9.94395900021567, 9.825168622920042], "[40]": [47.93712700353814, 64.23097381511091, 113.57142857142857, 40.49004659167092, 44.165288838819535], "[60]": [30.534942909419442, 681.9386381892127, 2325.142857142857, 534.3058101582151, 422.75561455893694], "[80]": [291.3226603771909, 4222.458861566825, 25382.285714285714, 13397.113030954984, 2108.976185627973], "[100]": [4139.074562482907, 45545.3897859407, 8155.0, Infinity, 7821.643636136563], "[120]": [11.59281810394532, 213303148409374.2, 17084.14285714286, 5695.279007935646, 3305.4538851949037], "[140]": [251.40953446117373, 2.2826165914768483e+17, 3315.4285714285716, 583.5585471492948, 478.3112864660543], "[160]": [735.1718798226132, 2537068685534451.0, 508.42857142857144, 10545.953773013605, 50.580781263825656], "[180]": [687.36606696438, 7.406355238909705e+23, 83.28571428571428, 37045.41689652654, 8.247247283131657], "[200]": [537.4982815227385, 3.7355102104984755e+26, 20.285714285714285, 39741.07419751506, 0.2573202181495944], "[220]": [393.9327180385088, 7.3678750581024e+27, 4.0, 40162.960247135976, Infinity], "[240]": [261.42679074628614, 4.164048647202773e+31, 1.7142857142857142, 28910.748709048272, Infinity], "[260]": [123.85097471101136, 8.659499606292767e+50, 0.0, 0.5264945406453505, Infinity], "[280]": [40.36369447506021, 5.12556417221347e+28, 0.0, 0.0941096298834584, Infinity]}