{"[20]": [0.0, Infinity, 0.0, Infinity, Infinity], "[40]": [0.059841392812516325, 0.2650174376129686, 0.0, 0.47327514614349475, 0.08709608625567689], "[60]": [0.9438505190923319, 0.999999920497071, 1.0, 0.7060365977751042, 1.0716679507580076], "[80]": [0.8686035252236695, 0.8638414224072903, 1.0, 0.4136776258028933, 0.9559601257762003], "[100]": [0.22824076714043504, 0.6858784829023534, 0.0, 0.0, 0.0], "[120]": [0.1548260381958531, 3.1905681949658093e-44, 0.0, 0.0, 0.0], "[140]": [0.14131706556486448, 1.1125679475753002e+38, 0.0, 0.0, 0.0], "[160]": [0.09985002616734528, 3.732176933183355e+45, 0.0, 0.0, 0.0], "[180]": [0.008967623697286431, 4.1403967112689745e+60, 0.0, 0.0, 0.0], "[200]": [0.016767776844149512, 1.2060936922635934e+66, 0.0, 0.0, 0.0], "[220]": [0.024373547119359906, 1.0994556244773586e+65, 0.0, 0.0, 0.0], "[240]": [0.025860771934628296, 8.342358640230597e+78, 0.0, 0.0, 0.0], "[260]": [0.036093748028844574, 5.548286879071344e+93, 0.0, 0.0, 0.0], "[280]": [0.03716846959841252, 7.116745107729867e+102, 0.0, 0.0, 0.0]}