{"[20]": [2.0, Infinity, 2.0, Infinity, Infinity], "[40]": [5.8064294665304885, 24.027134248872247, 16.0, 3.21444113447021, 13.617000832551016], "[60]": [132.84914139826162, 839.3555193255288, 277.7142857142857, 4.676386310025578, 4.192799560599838], "[80]": [204.73172606479147, 788.8365536347264, 3483.714285714286, 1528.0046265642995, Infinity], "[100]": [325.87326908457726, 15733.984011261258, 3500.142857142857, 5409.216117450855, 2109.015340291284], "[120]": [703.6475861510753, 7504.440108927449, 5709.857142857143, 458.8368878773272, 2022.873077021075], "[140]": [47.42542178420308, 6.273952681097757e+17, 1530.4285714285716, 4.306527015516394, 350.3218835064563], "[160]": [179.99926941085943, 1.8414877176032995e+17, 216.14285714285717, 2083.538948320877, 56.55630618978111], "[180]": [140.11893617785603, 8.502564973670822e+22, 24.0, 2.89458309919406, 7.61022146016286], "[200]": [80.74707910659734, 8.380532326177632e+28, 3.142857142857143, 0.8087968523050341, Infinity], "[220]": [48.31545771177008, 9.639447300908498e+31, 0.0, 7328.579718110037, Infinity], "[240]": [32.64480800296225, 2.1312392731382085e+31, 0.0, 0.0, Infinity], "[260]": [26.413063924619742, 9.494126032933124e+39, 0.0, 0.0, Infinity], "[280]": [25.39803630559291, 3.0284855948823276e+79, 0.0, 0.0, Infinity]}