{"[20]": [Infinity, Infinity, 10.707513372554724, 60.8115494936621, 982.7795272587354], "[40]": [Infinity, 11690.177529096178, 142.52788244604528, 109.906124246223, Infinity], "[60]": [336.4456429172224, 153.47527052294714, 164.1347460592742, 393.8322578302792, 159.17911599239923], "[80]": [65.03293548678353, 117.89710969465405, 12.753966929619292, 398.3849784829521, 56.14403887051322], "[100]": [5.821391783931074, 654330.2088988669, 4.634175227404728, 380.64807242657787, Infinity], "[120]": [229.8178795229004, Infinity, 222.18009836162332, 616.28384158821, 140.69212413186526], "[140]": [874.1543517655226, 282812.1458172285, 5523.036712455708, 5083.660798216451, 2741.1283268002053], "[160]": [4932.131336451288, Infinity, 7700.8300612391395, 16518.989147478478, 489843204.52984595], "[180]": [6620.908471588505, 11837.606625936083, 9430.863968016027, 3135.8137355629383, 26853433814.77151], "[200]": [224.90991127625858, Infinity, 3445.0038075732627, 2064.869799711417, 49532564.48101435], "[220]": [461.5685534330559, Infinity, 646.2599166874868, 647.6454328271286, 8572501.493797118], "[240]": [106.81474133094561, Infinity, 131.04371535738358, 29.00984801014044, 1605951204.1492507], "[260]": [106.29060382701493, Infinity, 20.12597974578111, 3.4406034867026447, 401219515.96594054], "[280]": [681.8615181882868, Infinity, 3.0, 3428.5707832527087, 232130.64597266034]}