{"[20]": [4.101543554541998, 3.854472900608547, 4.428571428571429, 5.3272784928664265, 5.245977917061415, 5.330823223223765, 5.248017847166228, 1.000000000000008, 0.29616850912938375], "[40]": [9.600125665930399, 42.78330202128399, 13.0, 10.822136288210999, 18.289017578801236, 7.055593187863316, 8.812015169269678, 4.390766157514072, 10.106055779284283], "[60]": [3.8628298462848676, 1538406461955983.5, 4.857142857142854, 22.304889156956936, 28.191606289583873, 12.001032395190308, 7.304995971435304, 118.35643019963096, 28.376566691943474], "[80]": [8.798887873075316, 3.40077629912588e+24, 10.857142857142854, 36.443037070237025, 44.07375370453945, 16.59020173868693, 7.882015534531398, 20.17226170882315, 13.234550826552493], "[100]": [23.292894048606726, 2.414254885475781e+32, 23.14285714285714, 57.39805469657071, 20.99602118097468, 24.915014438379814, 16.724593128936988, 18.604729456870047, 14.617581942878942], "[120]": [63.70199688948432, 7.576325486168787e+35, 75.85714285714286, 113.77995277400912, 125.7523543074188, 52.44000003673992, Infinity, 42.43605862087631, 41.45090176025522], "[140]": [21.956684731738278, 4.537767621226321e+50, 77.0, 84.06749446811813, 13.307023862556946, 4.244525504705507, 13.302561865634289, 44.86161746278668, 53.43947547067603], "[160]": [30.81834273322704, 1.9472354461076123e+59, 25.714285714285722, 100.25130510536343, 3.798422476751, 64.51232368416402, 67.21037013694763, 51.31225021203386, 52.17330281877173], "[180]": [45.71590893341431, 2.8311610852975855e+67, 178.1428571428571, 325.23061099717427, 124.53828362069191, 136.86959037779627, 112.51225170476471, 50.80438075804068, 57.63566845525452], "[200]": [196.29309444036335, 1.9258664884755883e+77, 636.7142857142858, 684.0674177032024, 475.1329713982102, 470.63765332312437, 324.75825665225966, 81.33042373748708, 87.07686544019725], "[220]": [170.4970049539861, 1.6198306258292654e+85, 1323.4285714285716, 971.8033494373631, 297.714375490124, 403.62396833277626, 227.14879253595655, 79.2924201750402, 80.90537934550503], "[240]": [255.63901486488794, 9.5085081810186e+93, 795.2857142857147, 1523.4339369269446, 725.4900608151056, 1116.922354236709, 1122.8504259448027, 186.98754020885826, 197.64657347346838], "[260]": [123.64073402376835, 3.8746981460246653e+102, 1074.2857142857147, 909.908099144397, 1095.6523866450116, 1002.0509929736127, 1103.6640044790638, 280.3160768880098, 259.5453882480451], "[280]": [57.500573204065404, 1.5387735893052318e+111, 1325.8571428571427, 330.5486197863029, 904.7344230248177, 1139.9609526592421, 1295.0759546971512, 518.2804720947979, 548.4423753985457]}