{"[20]": [21.35335479491362, 2822178.759650926, 20.616376154449025, 25.2802595607603, 13.650767740377798, 24.91637881346984, 29.74249251378071, Infinity, 10.156880829246838], "[40]": [237.06756678726893, 35.48949076167319, 246.5491029937547, 9.903488877088396, 272.0992551768944, 231.9147673237938, 117.77094181925075, 293.52538161038143, 63.53194121950376], "[60]": [1609.5726443703068, Infinity, 2563.099678821058, 2690.7770035986005, 2043.8957696001228, 1433.3448287083445, 767.1441426186204, 249.74445596506587, 243.47901513803725], "[80]": [5654.931682570885, Infinity, 14543.015412519124, 1652.351437900221, 766.5000297173448, 828.1218472635721, 6674.451823560059, 11651.88494345129, 12422.886996738962], "[100]": [6662.4573296222425, Infinity, 596.8443016180618, 635.7087785221075, 202.73316153196902, 3113.4642460811074, 1323.402535977164, 422.08924879506134, 845.0809299531523], "[120]": [2218.6022900375197, Infinity, 12088.743447074947, 496.8098588801775, 10.690993334618735, 170.9967259601694, 203.63595523262305, 21979.428258195232, 13896.692787742384], "[140]": [414.44715386416726, Infinity, 3541.5399430520456, 530.5962332575025, 227.93567775011192, 101.86279142682694, 241.04843065942796, 4810.9291654511235, 3745.491212574384], "[160]": [251.207344399358, Infinity, 837.1918922747694, 286.16943719853305, 179.88956730245923, 148.53143535797795, 180.6544271825409, 1687.9698646704012, 1217.2342483353546], "[180]": [281.0039785807861, Infinity, 217.38179949271154, 145.11225128452708, 105.72545287915118, 110.85560945440754, 105.60090772646234, 515.647892167372, 586.5332229902656], "[200]": [306.3267107743427, Infinity, 58.58600726434675, 87.05507684574866, 70.13579719034676, 79.47318396598986, 70.02360731226524, 915.3168614077149, 967.5828813595408], "[220]": [211.7516377234245, Infinity, 43.100138594953506, 44.11369589796469, 34.29945936947092, 42.52636331574182, 34.215042986863395, 423.33758283596154, 458.40726951835984], "[240]": [215.42197765840976, Infinity, 13.522347875166991, 27.75771299995985, 22.9480481849055, 27.434922712728294, 22.903711304168645, 526.700389869163, 534.7998177674169], "[260]": [203.75271670449328, Infinity, 1.7132188650515001, 29.210975574015187, 26.52457571913188, 29.146503242469937, 26.49915852436793, 475.7630510712147, 481.3269248699303], "[280]": [207.98078694286193, Infinity, 3.869561128000448, 30.919909582130526, 27.785284040852854, 30.907184088290276, 27.755325200169324, 455.8704305084064, 468.39221770175294]}