{"[20]": [Infinity, Infinity, 6.739921074509749, 0.3865251745632102, 91.67418134591516], "[40]": [Infinity, 13.063550288276302, 84.01723967553164, 53.912392629246874, 92.76015860902184], "[60]": [209.0330043470058, 12.24582223686181, 486.96207211220064, 837.7172084838552, 143.33171980202312], "[80]": [24.801120468991748, 34.458600573059854, 372.3405310646229, 1323.7651335265161, 97.33926261064232], "[100]": [27.75500033784639, Infinity, 491.1419151127149, 2030.2260792460843, 119.53813281196547], "[120]": [16.84836389997596, Infinity, 631.8207372003042, 3370.739379461568, 462335.3105474971], "[140]": [107.92229397775121, 2360.6848731091, 15118.083114793995, 21357.223815046913, 5674.510488374608], "[160]": [217.44097595535305, Infinity, 3416.605531154876, 34178.2253831581, 4295290791.563853], "[180]": [2683.395512936774, Infinity, 15444.407792484615, 7100.621438691914, 1030608471.8634784], "[200]": [1024.7215938277184, Infinity, 3906.9314762310696, 2183.2325421112487, 68022.38854408528], "[220]": [169.6177225459206, Infinity, 716.6105624785524, 658.9969986437206, 31374.664042708504], "[240]": [112.25519330747062, Infinity, 271.7853830997439, 90.07798902637215, 22820.574549861598], "[260]": [112.21396945889127, Infinity, 33.03464095474407, 14.229880528444339, 3669.305089564006], "[280]": [140.06550432075957, Infinity, 2.1906474371719993, 13289.962309422202, 7932128.292021219]}