{"[20]": [17.921479729868793, 17.340631027880136, 18.285714285714285, 18.251386067775325, 18.75753697757295, 18.262023589336962, 18.757539559185016, 18.0078125, 18.324343635583972], "[40]": [379.18822765385517, 460.2516073605682, 383.14285714285717, 38.622531547604694, 401.10431854777426, 272.71144673342, 291.4909876270772, 73637.78803349534, 29.19167966530273], "[60]": [5083.689165479089, 1.687067198163967e+18, 7121.0, 6136.039191044006, 1061.5749521906782, 466.7990884045885, 299.44552962630496, 10119.397308900137, 1083.4543133105417], "[80]": [8308.265543627327, 3.729403789879908e+27, 10721.57142857143, 3727.277751821126, 10570.268452381417, 3276.0135833967615, 2132.156368613858, 324066.9195975475, 232931.18282783538], "[100]": [1254.5617362785451, 2.647552091869952e+35, 13463.142857142859, 745.7102812769135, 674.5004161750285, 1353.0052505657986, 1286.12853287675, 180547.4831638891, 186953.33382739732], "[120]": [2741.288758548124, 8.308450134770628e+38, 3844.5714285714284, 70.04475350953578, 115.67501239932244, 25.197660610912408, 57.33159763610797, 8140.422010744813, 8530.908596840276], "[140]": [427.2127379623089, 4.976266294395922e+53, 661.7142857142857, 66.57212129959089, 71.07403043866792, 53.82713138664067, 27.37454848484964, 708.0016591539579, 437.8425158555393], "[160]": [700.6439166257769, 2.135402919236706e+62, 125.71428571428572, 15.656977980529081, 16.534608879845976, 13.319321825353214, 9.203453519829491, 1540.5793905360636, 1542.5535836380325], "[180]": [426.78968996488584, 3.104745092395459e+70, 19.714285714285715, 5.291045556672833, 5.441377361099249, 4.9283680129819345, 4.159513548336731, 1187.9485079806327, 1131.4541040853123], "[200]": [357.78444051971155, 2.1119689227880706e+80, 6.714285714285714, 0.4933973035432575, 0.4583096066879999, 0.5462306626900061, 0.5718044801105385, 956.6459186423986, 961.4180771534441], "[220]": [330.36283961675554, 1.776360035683665e+88, 0.2857142857142857, 0.08812354420378786, 0.08104420838726105, 0.0955390423774007, 0.08512470827997323, 760.5889166789341, 760.3845262783381], "[240]": [293.01364693819914, 1.0427345148083256e+97, 0.0, 0.0015750659255799426, 0.0015715764566169978, 0.0025894300477467907, 0.012536772206656653, 619.8027307862517, 620.1197951976674], "[260]": [262.60294723911875, 4.2491225503989994e+105, 0.0, 0.00017887248514851642, 0.0001780437489208744, 0.00031501721960965285, 0.0018622328101530808, 535.3382364451245, 538.8983658981213], "[280]": [236.75309455687784, 1.6874702090631743e+114, 0.0, 2.0313667273869335e-05, 2.0170565289262372e-05, 3.832344162314316e-05, 0.00027662064126604416, 468.04913609126254, 470.3134092869309]}