{"[20]": [0.9942433785078808, 0.9998732810558355, 0.8571428571428572, 3.9435683288517493, Infinity, Infinity, Infinity, Infinity, 0.9090909090909091], "[40]": [10.144876899012136, 2504443.079951905, 13.571428571428571, 14.56745898733417, 14.587015882785863, 14.733497976891762, 14.73864025554142, 6.0, 10.998863997561052], "[60]": [178.64826008180626, 1538406420492834.8, 238.71428571428572, 151.126728966486, 138.79101106732932, 25.537266129083605, 23.36767611691488, 43.627524330061306, 4.203364711198105], "[80]": [34.23300643140067, 3.40077629912588e+24, 242.42857142857144, 301.3320096392216, 89.62605259976237, 230.18620703088789, 88.91060264812779, 1988.242480280699, 5.897493629941096], "[100]": [44.126945855693975, 2.414254885475781e+32, 406.8571428571429, 773.5828488730688, 274.25407178766113, 438.61189712441296, 239.56827582740902, 253.49423870769715, 40.42864400693952], "[120]": [137.30122679587794, 7.576325486168787e+35, 452.1428571428571, 1064.6764598795764, 332.3203506724187, 625.6398685649265, 218.77639046113381, 114.8399698682988, 105.80284718186249], "[140]": [1493.5280700936246, 4.537767621226321e+50, 2976.5714285714284, 3836.154165657312, 2539.0104199452667, 3281.581610093417, 2304.909574849957, 1267.7902220008964, 1266.8881953842329], "[160]": [1134.633422408846, 1.9472354461076123e+59, 1612.7142857142862, 1525.7239181106597, 3141.897599623071, 2674.050106972216, 3479.4678917228503, 600.4862454363501, 668.8728352275139], "[180]": [378.30190162206964, 2.8311610852975855e+67, 4066.5714285714294, 2214.4324913102446, 2645.6953754997694, 2688.8412493871874, 3170.8083781306796, 1181.0282059345827, 1066.0654818363419], "[200]": [222.8922012929729, 1.9258664884755883e+77, 1331.1428571428573, 980.486604421516, 885.5555484257238, 989.7708885693023, 1393.472227018548, 30.396118190691595, 0.08352150946348047], "[220]": [84.82513152597767, 1.6198306258292654e+85, 299.28571428571433, 265.988838969408, 237.5924082176988, 276.5594947526373, 421.6574089093032, 86.74473827401653, 96.03350874466753], "[240]": [160.90317237129148, 9.5085081810186e+93, 101.0, 71.25080021190846, 63.76056324395702, 76.83991505577484, 118.1281104917125, 49.98889347641085, 55.44589150425696], "[260]": [153.5275491395605, 3.8746981460246653e+102, 21.285714285714285, 24.00204848588003, 20.953851572206773, 26.44197784100362, 43.24120194268039, 87.26869538254584, 87.51197678518093], "[280]": [144.19594611122625, 1.5387735893052318e+111, 4.571428571428571, 9.385926816792235, 8.160717147439918, 10.33977953670874, 17.008843726119444, 57.34120079441213, 58.097155366848675]}