{"[20]": [5434.12807935154, Infinity, 15721.714285714286, 7765.8995185751155, 11526.47822379119], "[40]": [6691.223722057344, Infinity, 332.28571428571377, 4305.588890555344, 2569.2730180505205], "[60]": [1879.1136099661671, 1402.2538898770727, 4561.714285714286, 1352.1584391526558, 4177.414902051518], "[80]": [3646.297640859815, 951.2827317157207, 3594.8571428571413, 2969.701427971184, 1669.155938989863], "[100]": [1594.8850965176553, 1744.5255467090756, 2116.2857142857138, 2819.79201882937, 3253.3683746322386], "[120]": [798.1288892148386, 774.4206775370985, 1273.8571428571431, 1777.2537766345094, 112903.85528171936], "[140]": [2058.780294408205, 8.837895944686364e+25, 1089.4285714285716, 867.2141015589123, 123846.88468665908], "[160]": [2702.970486670153, 69317031039.10414, 229.57142857142844, 170102.96051474492, 180748.77671200963], "[180]": [61.947367853528704, 774821291.2968327, 94.71428571428532, 60203.85068690965, 23861.916647143164], "[200]": [463.88194487884084, 2124613417773302.5, 543.1428571428569, 49052.01012945324, 35731.803349708636], "[220]": [1390.7724721026934, 4.9174482427927375e+22, 2410.5714285714284, 3089.0444940605685, 23715.822292818943], "[240]": [1370.0705668063783, 7.68337817164366e+17, 10656.0, 6332.830123810163, 458099.9766801985], "[260]": [6297.096230405783, 1.6594074527084998e+40, 2173.2857142857138, 261073.58545409533, 1430571.9825616502], "[280]": [864.827615808601, 5.281262432272519e+52, 1149.5714285714275, 100825.5609951027, 721961.9406069816]}