{"[20]": [64.1849379907093, Infinity, 75.0, 9.48958659357919, 0.8913783537462905], "[40]": [61.80350094340088, 2159.2998988283402, 1396.857142857143, 698.4139310335885, 710.3288937120046], "[60]": [4018.9334562674485, 4492.115137573532, 28126.0, 17805.704081228483, 9480.729999758092], "[80]": [77927.23926283856, 102056.16749784743, 43942.42857142857, 67717.79417828497, 32369.09921874666], "[100]": [2693.015171327268, 11042.33805305521, 52906.142857142855, 9865.308963278778, 22475.987768738814], "[120]": [3542.0651078384417, 1.1050034483603238e+18, 16212.142857142859, 4073.472703471385, 3243.746521160918], "[140]": [1358.421131508358, 3.6755965040195603e+21, 3246.2857142857147, 544.3277558826625, 637.5687064153133], "[160]": [5625.117159465448, 1.2638850351965141e+20, 656.0, 77715.51069869961, 91.48588346944734], "[180]": [5139.2366752419675, 4.058837856831727e+32, 187.85714285714286, 22.18360616761869, 36.01104183659244], "[200]": [3817.0646115991476, 3.0467677720428226e+31, 30.857142857142854, 59106.67917590985, Infinity], "[220]": [2722.5766007942075, 1.1417337831202034e+20, 5.142857142857142, 59664.04903532917, Infinity], "[240]": [1797.3889341518347, 3372116468482364.0, 2.4285714285714284, 0.09423787552590628, Infinity], "[260]": [886.0208622553739, 5.589204356845448e+40, 0.0, 0.0, Infinity], "[280]": [143.07959916419264, 2.0597667237578246e+65, 0.0, 0.0, Infinity]}