{"[20]": [16.0842933899659, Infinity, 12.7506294102163, 2.434496520153867, 320.471836748536], "[40]": [14.219231512300409, 10.090694447875817, 27.88651878245964, 12.871022495242306, 265.98834469343683], "[60]": [5.86300605775231, 7.916583486023591, 1.6121415853221774, 22.32658668843587, 859.1921505407158], "[80]": [3.987645801074561, 21.397149687966433, 15.516144210334645, 34.390687783858496, 1810.6394294463205], "[100]": [27.67942831248475, 51.34621158616367, 54.14457212461851, 34.05773519174643, 3541.996717740581], "[120]": [13.685571200382046, 14.259455614367853, 101.34387957175086, 1.6070041716093635, 12749.862365772775], "[140]": [65.63502085645148, 101.05240934781709, 52.613625634398275, 30.82609982786028, 25398.024494439727], "[160]": [6.058971785617896, 98.07123330704366, 66.37383472649336, 28.95389571813526, Infinity], "[180]": [49.087321398937945, 239.9319090055583, 216.5509107621651, 190.68622155604822, 328.07161343347195], "[200]": [20.88916551261259, Infinity, 784.9746230138269, 697.2954362375792, 141.42581068247048], "[220]": [66.570888683051, Infinity, 2191.897055945064, 1284.2679372067446, 654.8039262858358], "[240]": [194.08932080504889, Infinity, 3018.2514503159555, 4530.776822532493, 3054.2007066697615], "[260]": [1178.0859818167878, Infinity, 152.99835899070106, 3848.725148628757, 761.7861677410145], "[280]": [303.27447558847916, Infinity, 2783.1869939666353, 627.3633509311643, 583.6648620168547]}