{"[20]": [14.515629814955073, 11.46696922647551, 14.0, 10.176037480326766, 6.680227433901969, 8.313332796316942, 27.79910346209937, 13.625925691009968, 13.929604283825356], "[40]": [190.7756328906399, 3026769239.9838014, 204.65004536735515, 40.20279579055318, 219.1167066084567, 82.85528034012023, 220.63155086561326, 330.15360072464, 138.75293661588137], "[60]": [3541.6956600146937, Infinity, 5172.499928590388, 1847.8337104111065, 820.4354879987218, 511.1795959025787, 9056.40725360036, 141758.9504928803, 59.69205408375023], "[80]": [1632.5557734924828, Infinity, 12492.09055104009, 969.3538140944652, 6754.624821619173, 213.81019378480687, 2723.6176158929284, 35581.67826009675, 44853.3035631676], "[100]": [3525.8885822418883, Infinity, 12486.97057215442, 1103.7171895835552, 1005.5761810109085, 2125.7151646508432, 1401.8758665203882, 222470.3404724209, 62063.09372357618], "[120]": [2619.9011823518904, Infinity, 4483.02828152072, 74.7990348746572, 13.166709107321669, 146.4989938087645, 139.3729327690159, 29700.7963202671, 24440.250091086094], "[140]": [442.0973340334795, Infinity, 660.8350139168408, 39.109999936834704, 42.69057648308088, 20.01026294262477, 6.450220061822699, 881.5204134924409, 613.9894088695545], "[160]": [333.36685261073626, Infinity, 109.79659524919468, 21.343194275801004, 22.233535359383385, 17.769209661247537, 9.499925852936876, 1110.3204651097606, 1170.5039940810511], "[180]": [231.17634500325627, Infinity, 22.89859764523975, 6.062764988579396, 6.274840323203837, 5.476687938356334, 4.209510785629857, 886.328318788898, 961.3381092545504], "[200]": [243.89436355120034, Infinity, 5.407730137665642, 1.2485403148459964, 1.3118013150493695, 1.1583652437331995, 1.1251578197954384, 834.3456020374397, 855.8264921556259], "[220]": [226.07454925862388, Infinity, 0.4471153948745041, 0.027701493665679856, 0.02723691859611666, 0.040534554449329144, 0.11924348153476606, 708.7370466747767, 721.9641453959192], "[240]": [206.92988196434263, Infinity, 0.0, 0.003321571933871875, 0.0032571079537749696, 0.00518364168478458, 0.017944572587588373, 568.8633301132504, 578.5290382900963], "[260]": [195.5046016872871, Infinity, 0.0, 0.0003982730680216371, 0.000389461266076229, 0.000662843317624296, 0.0026997287628295007, 488.09747510168063, 495.8107977919687], "[280]": [185.3727502696113, Infinity, 0.0, 4.7754658817735796e-05, 4.656500376778814e-05, 8.475862325675364e-05, 0.0004061057502410587, 426.8529187529667, 432.91905982601406]}