{"[20]": [3.319023487076411, 2.5759637455935267, 3.6729192157421466, 2.9610132694083213, 2.8210395480070822, 5.054190022301819, 13.793013955319353, 0.5428111718568391, 0.27340389961857686], "[40]": [7.024612260396575, 27.91796602550654, 10.616123142468169, 8.047595260942227, 12.274156431456888, 3.739400148158037, 9.32220866026015, 2.7078256511333736, 8.55295448374865], "[60]": [2.1379470013023836, Infinity, 3.2886672171093716, 22.137167956686458, 21.51845574587964, 10.906269195652134, 4.452533406518927, 108.97992925556763, 24.668151815441146], "[80]": [5.517954834618607, Infinity, 9.111970482008907, 36.155036675812546, 39.64018979231154, 14.240986273064902, 7.2180970764106265, 17.425270232361996, 11.679970027196562], "[100]": [18.446074700170914, Infinity, 19.45259549054429, 56.835372510191895, 20.545549049007505, 21.268062265496354, 9.510102535952091, 16.341099924308377, 13.007694758588167], "[120]": [58.21482713144996, Infinity, 69.92059694016712, 112.18767600959114, 78.19306257978786, 45.487944670345016, Infinity, 40.86963877561471, 39.922178806143144], "[140]": [13.211564192224591, Infinity, 57.14144508110073, 76.0559852441346, 7.038431687247664, 9.475393165233607, 8.486503667777145, 41.35810556431231, 50.24703567888968], "[160]": [21.029626730806825, Infinity, 15.13297825201219, 96.12402637277012, 3.3372850092159667, 37.3421535527721, 1108.4896444303342, 47.918250258028955, 48.94158287019969], "[180]": [29.34260427636338, Infinity, 155.92671480187073, 320.95801725351555, 118.51803846510408, 107.21129138239854, 59.642003465511905, 46.98600569182975, 53.99492640866399], "[200]": [173.24635497252106, Infinity, 558.958853209322, 657.3426223825061, 449.93826610764665, 372.6546557871477, 250.9415010932477, 78.00860880384755, 83.76184741471228], "[220]": [132.60834939982686, Infinity, 1126.6185147310614, 596.1843259719573, 158.21294291946495, 251.23025077742696, 1199.974313978461, 71.17012420174576, 73.10274263435973], "[240]": [208.31137377143403, Infinity, 628.894702214484, 815.595773081843, 563.309161390333, 606.2188864183978, 84655.11777961419, 175.9289003530274, 187.27711120404226], "[260]": [70.51387300499182, Infinity, 956.9543992644346, 495.8263991091488, 1073.3790045908638, 535.8092378790824, 34564.965441836015, 266.86695961452887, 246.37290255076775], "[280]": [32.918622137177756, Infinity, 1097.9692730260465, 203.05606349508224, 876.0361711044153, 629.9223067249841, 9143.864501150132, 506.0018501557374, 536.729103497563]}