{"[20]": [0.7697135693687064, Infinity, 10.696610800473925, 1.7279914338230986, 2076.0117661461136], "[40]": [11.316580732908223, 2.9035681477990885, 18.809576901722973, 11.881461369176058, 94.63610489060375], "[60]": [1.2290780551081257, 31.993121863416693, 7.179381103504938, 2.613629562810914, 374.3614136171695], "[80]": [2.0422274805852534, 1.46726366232145, 20.491004597529447, 5.158223937114107, 1196.1330263344344], "[100]": [3.558601735464852, 5.215927290352431, 60.377092380760075, 12.28210021070972, 3438.55804904924], "[120]": [32.98722105401081, 101.94504057870266, 185.8838350512918, 15.00196282014469, Infinity], "[140]": [56.88940046949938, 284.52671854737383, 327.1846870535052, 175.4734863462727, 339.4931275541375], "[160]": [4.548010144069006, 1.0657454318516101e+18, 257.18420127298583, 112.08615947666121, 147.22435275074236], "[180]": [4.3059423933595005, 1.0232971350288287e+20, 588.1576325919121, 153.95417928929564, 184.22962675643777], "[200]": [26.567476002518788, Infinity, 1865.9628064523374, Infinity, 299.2298618233057], "[220]": [186.49566745059485, Infinity, 1988.5160303385012, Infinity, 349.87437234235057], "[240]": [156.135261261424, 874.0279655362272, 323.5486321125045, Infinity, 777.8132805930749], "[260]": [130.24391400037447, Infinity, 2390.0539733584724, 894.2232175348779, 319.16021531984256], "[280]": [42.20285626376553, Infinity, 1743.3460765450347, 491.95962200762597, 915.2279874261756]}