{"[20]": [5.0, 4.9998732810558355, 5.0, 4.999998916444347, 4.999988647800139, 5.0, 4.999999996586314, Infinity, 5.0], "[40]": [40.08108146292385, 23.113805731696004, 46.57142857142857, 1.3345799629531996, 1.4571120722509505, 1.4970568585457826, 1.3901797389274364, Infinity, 9.833122213286217], "[60]": [367.24275828815325, 1538406374152032.0, 747.1428571428571, 518.9446215695621, 165.16493589530637, 157.61427740543581, 156.06117074802808, 21.60896748132427, 40.39817339909905], "[80]": [837.4630456094947, 3.40077629912588e+24, 7974.714285714285, 2439.8882464583785, 1155.8853058327823, 347.3082881118007, Infinity, 2960.5586585940946, 3799.9014977581282], "[100]": [417.2983515927899, 2.414254885475781e+32, 4223.714285714286, 1681.5155606398293, 1890.4451246026256, 2215.9663815557687, 2055.709119483763, 14686.193723426262, 18551.935983369953], "[120]": [648.6435752870129, 7.576325486168787e+35, 3918.7142857142853, 622.8247594426853, 516.2809655723177, 670.7130942172143, 708.5558625824124, 1784.1176521066582, 3426.7077616262814], "[140]": [345.0, 4.537767621226321e+50, 616.1428571428571, 74.22423466469854, 55.03719512063168, 72.08334500781223, 112.04471920001617, 539.0376172622505, 425.24885418495205], "[160]": [355.76940116449214, 1.9472354461076123e+59, 86.42857142857142, 3.68707776908645, 1.7129543512182792, 3.0643114676229217, 8.77056181326057, 208.5546694894457, 205.34270508081443], "[180]": [316.6413891193092, 2.8311610852975855e+67, 11.571428571428573, 2.512441276859004, 3.928407916969304, 2.6251137161141465, 2.4704176642178695, 171.5875628448998, 182.94436942180266], "[200]": [266.3116061668893, 1.9258664884755883e+77, 3.4285714285714284, 0.7937496867136375, 0.7771819501779882, 0.7749993471146334, 1.29904434435213, 125.07350651722616, 129.9468883595075], "[220]": [227.78561771300838, 1.6198306258292654e+85, 0.0, 0.06443216234896791, 0.0766545522452081, 0.061457929852816735, 0.18028083075505677, 111.43427633929804, 112.64332620068538], "[240]": [215.40232538931332, 9.5085081810186e+93, 0.0, 0.008427774707759919, 0.009838867900325916, 0.007971245738488128, 0.025718602111211714, 89.26893392438336, 90.88888779038577], "[260]": [190.79497032067138, 3.8746981460246653e+102, 0.0, 0.0011023573527549598, 0.0012628491077313329, 0.0010338759645624092, 0.0036686605044553952, 76.42782618972987, 77.68352588323978], "[280]": [174.1867142768458, 1.5387735893052318e+111, 0.0, 0.00014418889065414474, 0.00016209077834775562, 0.00013408486259911453, 0.0005234315056818399, 66.81625822539301, 67.81679289180424]}