{"[20]": [2.994243378507881, 2.9998732810558355, 2.857142857142857, 1.9435683288517493, Infinity, Infinity, Infinity, Infinity, 2.909090909090909], "[40]": [12.64953253242463, 20.95088553107422, 23.0, 39.86367768997965, 27.065696232229282, 1.3244563114523729, 3.6500314379078134, 35.6552937116023, 14.941295027702267], "[60]": [130.41036231715597, 1538406402200203.2, 252.28571428571428, 240.43810738310216, 253.24482824023184, 83.3111045813979, 83.90062284328843, 229.76490830122717, 78.51065600405042], "[80]": [529.8730060160483, 3.40077629912588e+24, 2052.857142857143, 1097.5319818972725, 266.02560684949185, 225.32770800766957, 220.09115578300725, 99.16370473354255, 137.88106734972553], "[100]": [920.1142657278033, 2.414254885475781e+32, 8531.285714285714, 2428.866042328087, 765.1346193960744, 858.153483016491, 748.6319901397328, 3444.318269645233, 3332.924393265166], "[120]": [659.0799933180751, 7.576325486168787e+35, 1854.1428571428587, 1675.5543601073477, 1288.8169249588027, 327.452176363342, 587.2161671413378, 583.0107987813171, 4149.455342511079], "[140]": [499.0856467617996, 4.537767621226321e+50, 6569.142857142857, 108.46004970108879, 884.701960357992, 651.8719448305201, 705.170594042711, 1541.5327046451157, 168.93054363596184], "[160]": [80.69932150795103, 1.9472354461076123e+59, 1995.8571428571427, 71.53026751656466, 128.58734944438766, 102.96104714488501, 99.26007232576399, 39.904555783701426, 123.94977464869953], "[180]": [362.56873905328575, 2.8311610852975855e+67, 441.71428571428567, 53.95699323185812, 7.182592881299172, 11.7250767190788, 11.988450285122383, 212.74134842367266, 208.19792626027333], "[200]": [354.39410502298324, 1.9258664884755883e+77, 96.28571428571428, 27.785305548322384, 14.51064841510933, 18.144257042293688, 18.218129534374995, 246.09934528538872, 226.12975607077084], "[220]": [291.28690679185183, 1.6198306258292654e+85, 34.57142857142857, 6.644657269734935, 2.342180583862646, 4.54668632474052, 4.580965859754247, 98.33692302368003, 101.66464415777224], "[240]": [252.0708340246415, 9.5085081810186e+93, 9.714285714285714, 1.3072917911406403, 0.22749827009814005, 0.8635268649354222, 0.8730672943741089, 78.59464221069766, 81.72578463351765], "[260]": [230.97583202338137, 3.8746981460246653e+102, 1.5714285714285712, 7.850801234892016, 6.982760902146474, 7.758670807643242, 7.768939490344108, 56.62753636134502, 58.79281752101514], "[280]": [195.05011265965595, 1.5387735893052318e+111, 2.1428571428571423, 4.168698170309863, 3.6431408334154987, 4.149837170288436, 4.1564160278226066, 47.2513875236506, 47.89909446181517]}