{"[20]": [8.0, 7.8610357511668285, 8.0, 7.999999360263568, 7.9999898707885615, 8.0, 7.99999999969174, Infinity, 8.0], "[40]": [120.43220518816275, 246085394.9354877, 112.28571428571429, 61.43363594154981, 63.8699140314847, 120.46823100212482, 121.49416579549866, Infinity, 478.13173764706397], "[60]": [1328.7745452111315, 1.6870674215027697e+18, 1839.0, 1671.8549238741991, 962.1714632035798, 931.3184381889951, 894.4966354679277, 87.41442276781572, 245.870090129471], "[80]": [393.54651755262785, 3.729403789879908e+27, 5383.571428571428, 1381.6021071950036, 3102.13106216871, 1422.8628549783862, Infinity, 32898.11445509666, 91277.23551899432], "[100]": [1733.654850673226, 2.647552091869952e+35, 4889.571428571428, 507.76468731857767, 346.0794419641293, 829.5354055194985, 775.929899932436, 152289.3491575833, 154265.00322925454], "[120]": [1102.9314253961136, 8.308450134770628e+38, 2026.1428571428573, 107.07866904440891, 54.55985228908378, 96.81541017866255, 120.76366249925252, 7278.96929534875, 6329.424583944154], "[140]": [412.7396907350353, 4.976266294395922e+53, 312.0, 16.702432006678308, 10.100671237348934, 11.671659348563637, 23.941086194540418, 927.7759681514381, 599.1350763052676], "[160]": [303.1804657654832, 2.135402919236706e+62, 39.714285714285715, 1.7825090387096516, 0.9089555593862766, 0.7992227456826466, 3.820989354344663, 617.8303847844135, 636.7219601238628], "[180]": [237.44119572784462, 3.104745092395459e+70, 6.571428571428571, 1.5058590337640518, 1.3296396302286706, 1.3384355445434981, 1.8623380396326807, 501.6751091159871, 509.61335384133537], "[200]": [176.44667659014067, 2.1119689227880706e+80, 0.0, 0.13859736099164172, 0.15716363488626667, 0.11185855110091619, 0.2680471677121159, 297.34746909433846, 311.33382456317275], "[220]": [156.3114376109911, 1.776360035683665e+88, 0.0, 0.018115426029534108, 0.020634676389284803, 0.014011379948206266, 0.03890517286272508, 272.9148413464162, 279.42588703495045], "[240]": [138.7396746733359, 1.0427345148083256e+97, 0.0, 0.002367770792066345, 0.002709196154835805, 0.0017552153139199832, 0.005646851222224582, 227.9749470507886, 232.99892247829538], "[260]": [124.82951860825892, 4.2491225503989994e+105, 0.0, 0.00030947846748615034, 0.0003556992073229826, 0.0002198678552220583, 0.0008196055496281504, 195.74073723720392, 199.73435094428362], "[280]": [113.32120347301077, 1.6874702090631743e+114, 0.0, 4.0450246869311425e-05, 4.670084743107967e-05, 2.7541830013372258e-05, 0.00011895719182114186, 171.4918107173475, 174.7421006160535]}