{"[20]": [6.0, 46.88107285594636, 5.285714285714286, 27.773378808743423, 24.102463243780516, 1.6637385533320943, 3.773704527922696, Infinity, 5.047943843843074], "[40]": [3.4504659152363146, 0.1183254691340494, 10.571428571428571, 24.27717668767363, 20.223803412734647, 12.496941678009323, 13.95234668863502, 164.78638862021455, 25.743787412700833], "[60]": [12.029477369067159, 1.687067567274766e+18, 15.714285714285715, 32.997636711944786, 34.26042486106215, 9.1552755892338, 2.159410004160584, 94.78130372443226, 9.67501082462637], "[80]": [9.757854293025272, 3.729403789879908e+27, 1.2857142857142847, 26.22992865653588, 27.876006651892602, 12.991870577770921, 13.959227257952602, 15.238560969903759, 2.779223356983259], "[100]": [17.521159549537607, 2.647552091869952e+35, 20.42857142857143, 56.70702814869793, 59.643521040412, 38.10231215319213, 15.87650794322257, 13.935845534895648, 11.29080242350392], "[120]": [66.43112122473875, 8.308450134770628e+38, 99.71428571428571, 145.15666625636538, 147.44779115411802, 83.26169782887482, Infinity, 78.85195144328362, 70.95354536181134], "[140]": [20.85545146001141, 4.976266294395922e+53, 152.42857142857142, 153.48559578209006, 4.464571094318558, 8.28490889143319, 3.7196386310610023, 74.16302176251202, 67.93900945458847], "[160]": [215.7338189744741, 2.135402919236706e+62, 149.0, 225.77663141512454, 79.69737337304946, 78.22095540737212, 76.7000845965265, 25.950757681778327, 18.88068520911588], "[180]": [236.31808874324838, 3.104745092395459e+70, 249.42857142857144, 429.8360559608628, 216.37546391025114, 214.45273173495082, 216.41266378933574, 136.6830911470263, 140.1059749041558], "[200]": [430.1195663277849, 2.1119689227880706e+80, 1021.0, 1271.1608713923845, 795.7376378818512, 792.3404505422156, 690.1064162332782, 322.77422271218643, 267.60401720892924], "[220]": [525.9675237250008, 1.776360035683665e+88, 2206.1428571428573, 1514.2041423784294, 714.9432470649517, 906.5562877334091, 631.1587961007472, 225.31436852122442, 234.65721855421634], "[240]": [750.4764892190924, 1.0427345148083256e+97, 1847.4285714285716, 2477.817570403412, 910.3326991861923, 1806.2490197939278, 2150.5041332817873, 621.4482148225816, 609.7109937708447], "[260]": [1030.9583104079884, 4.2491225503989994e+105, 1604.1428571428569, 1370.9856046926848, 2917.4353489250843, 2094.967470470201, 2117.7071845455785, 322.7641724243367, 309.14031889317357], "[280]": [525.786983795283, 1.6874702090631743e+114, 2407.0, 223.659834379926, 1761.2281131796076, 1870.903825316399, 1929.0002753269273, 2874.595446018272, 2765.581922098061]}