{"[20]": [Infinity, Infinity, 3.0, Infinity, Infinity], "[40]": [Infinity, 17.154663497351848, 33.35136827778492, 1.0456461331287452, Infinity], "[60]": [156.27230238876956, 26.36363138076135, 184.28654065198916, 275.55852477124915, 1943.1863686818976], "[80]": [45.56956983570462, 52.556322726049075, 75.27173067159468, 399.9566015762572, 32.32277533401582], "[100]": [27.374907401074704, Infinity, 25.521911045733827, 326.8246086259423, 53388.08570647905], "[120]": [12.313793262812542, Infinity, 13.23237600174102, 305.53005810006636, 14.426840623098853], "[140]": [174.44334554335194, 388308861.0886307, 527.042265496675, 868.2462293041026, 103.04181866939587], "[160]": [599.1787455405401, Infinity, 6105.699261944414, 8655.409451273123, Infinity], "[180]": [2665.784074099072, 5966.23257958197, 3665.434822477819, 17979.873560590062, 3395940287.5324507], "[200]": [3188.117489687124, Infinity, 7688.566512950199, 1669.6766959468418, 315828183.39496577], "[220]": [310.6029631571944, Infinity, 2390.0019770449057, 399.22783735108226, 20160373.50058975], "[240]": [87.73135182730798, Infinity, 508.70200504311777, 196.30861217580588, 47015925.50055711], "[260]": [89.50692506625734, Infinity, 88.7628792874103, 15.76349993054848, 13114.175123967241], "[280]": [269.1781931886911, Infinity, 6.044154523783447, 9814.413079969745, 8231345.925088316]}