{"[20]": [106.54016373493687, Infinity, 38.42857142857143, 10.69889541436564, 29.395342057120057], "[40]": [20.29505750101363, 100.65926624978704, 60.57142857142857, 8.841233022188561, 40.94576305854795], "[60]": [39.10086731089683, 41.98412716058374, 108.57142857142857, 18.549122549047468, 70.1174268541674], "[80]": [49.871810158805204, 5.422704878236459, 306.42857142857144, 8.458362244376872, 229.82202309465202], "[100]": [171.12101948294276, 333.37339678860644, 1084.4285714285716, 60.63376672820095, Infinity], "[120]": [117.98710112102435, 3689.9116816766, 2670.714285714286, 909.1357360003308, 205.37707560237686], "[140]": [657.5245396271748, 1064.986426333744, 3814.857142857143, 2716.415545251113, 274.91785139726744], "[160]": [1473.6472123965123, 5.481214172304877e+18, 3219.2857142857138, 6137.629597628058, 432.60775241092597], "[180]": [444.041744267317, 4.837267263963661e+19, 3702.4285714285706, 9267.883977295754, 742.3888361733189], "[200]": [4335.62566567654, 3585.6171495314193, 1218.4285714285725, Infinity, 1003.039949222868], "[220]": [1466.043233179973, 1923666844.6168668, 5109.5714285714275, Infinity, 1196.5022680697748], "[240]": [1056.6211287219858, 8.71554254226751e+37, 5391.285714285714, Infinity, 1576.3858489918348], "[260]": [267.1364501245894, 1.7508462960068477e+45, 3374.7142857142853, Infinity, 1019.9467010718886], "[280]": [175.466610924032, 2.0624580116260552e+52, 1393.1428571428573, Infinity, 405.21075838730394]}