{"[20]": [0.0, Infinity, 0.0, Infinity, Infinity], "[40]": [0.059841392812516325, 0.2650174376129686, 0.0, 0.47327514614349475, 0.08709608625567689], "[60]": [0.3564769231126965, 64364.16447596017, 0.2857142857142858, 1.1154372991149217, 0.06862624062142286], "[80]": [0.3308166199995485, 17.727003628999924, 0.5714285714285714, 0.0, 0.0], "[100]": [0.0835663114440006, 1451063019.6315696, 0.0, 0.0, 0.0], "[120]": [0.07195045962344479, 4133562981.7510705, 0.0, 0.0, 0.0], "[140]": [0.08319526368267859, 1.1125679475753002e+38, 0.0, 0.0, 0.0], "[160]": [0.05958614731002893, 3.732176933183355e+45, 0.0, 0.0, 0.0], "[180]": [0.020507646435503915, 4.1403967112689745e+60, 0.0, 0.0, 0.0], "[200]": [0.03982616755767435, 1.2060936922635934e+66, 0.0, 0.0, 0.0], "[220]": [0.04282706880409562, 1.0994556244773586e+65, 0.0, 0.0, 0.0], "[240]": [0.041000983845521186, 8.342358640230597e+78, 0.0, 0.0, 0.0], "[260]": [0.01697703401336141, 5.548286879071344e+93, 0.0, 0.0, 0.0], "[280]": [0.019578696128121353, 7.116745107729867e+102, 0.0, 0.0, 0.0]}