{"[20]": [Infinity, 238.43016414390056, 4.077816113327991, 49.162482011187144, 38.1314630070196, 4.441272092239905, 3.0356397516720763, Infinity, 3.2519486096789114], "[40]": [4.593357271490079, 15416963722.594408, 7.996586591728383, 26.049185449978946, 16.55901293934777, 1.1395299995439883, 12.055143788509316, 10.625031577059277, 12.619333869715318], "[60]": [5.017740880324498, Infinity, 2.084453939828306, 16.398431737707476, 15.769679554797277, 13.989951709611919, 10.094033333168003, 128.22349624576046, 65.99780283290542], "[80]": [3.5268930062414485, Infinity, 2.351629774931783, 17.989529571152424, 16.1950324062944, 12.590884698356216, 45.658459733292425, 6.323763946888142, 5.848383213744401], "[100]": [1.1971968208533459, Infinity, 0.9604467242726192, 19.96500067026176, 17.70719136538271, 7.2988954472505085, 0.7857843195205977, 0.49821068291193454, 0.840027578255848], "[120]": [1.4174346377675142, Infinity, 3.4915262556327606, 27.658586450524872, 25.055366663695683, 9.152728760344889, 1.758635668856758, 1.871200542948321, 2.9816914599302407], "[140]": [5.659194966544666, Infinity, 6.24317523271911, 17.2237407893983, 17.423570812237255, 7.812327414259949, 44.986558253061276, 9.787989823187154, 10.119423608971134], "[160]": [11.060798386645425, Infinity, 14.111798489720009, 37.58399384010706, 38.60275312372857, 13.122708000597957, 8.835850739322579, 17.716080531598976, 17.253098415742773], "[180]": [5.137343834523145, Infinity, 11.12910607553591, 49.44016372672081, 49.8710061566536, 14.011255654903602, 2.423623658008081, 12.126067374481426, 11.6354681912044], "[200]": [39.81178662370492, Infinity, 48.0360755338574, 88.44967336947646, 78.82721372537554, 43.23449074924241, 35.45366556782149, 31.871323225208954, 31.594001796957013], "[220]": [14.06149287560808, Infinity, 144.97047148840434, 136.6186038323342, 117.4168283222074, 124.16125688744219, 70.26590818178765, 21.198524813337702, 14.605931378110093], "[240]": [30.73726499187558, Infinity, 333.36196929666903, 134.9073456978184, 64.5570296465741, 77.13760294349437, 2852.638775575253, 107.80688731849888, 104.4118210712043], "[260]": [321.992373091364, Infinity, 421.4759081002388, 157.8642106656848, 33.110072035695445, 122.07659152507242, Infinity, 276.60667301132673, 275.996106089242], "[280]": [101.3529743728591, Infinity, 423.8557855717075, 137.0426067270113, Infinity, Infinity, Infinity, 317.7407951953689, 318.5948733210153]}