{"[20]": [7.083865793474571, 5.285954155080333, 7.428571428571429, 0.3574254113731232, 1.2624270644067153, 0.8847119847260441, 1.443507834656769, 114.94641113281364, 0.7589949835316787], "[40]": [28.77507738975504, 1979804.0387434168, 48.285714285714285, 16.15602777219071, 54.86298224668212, 16.13675841240312, Infinity, 36.06592568185002, 29.77514328513827], "[60]": [135.31224119602837, 1538406371712718.5, 463.2857142857143, 394.3474871012301, 299.8770047444618, 104.20748520542736, 104.70274735181567, 25.374040765641894, 38.266357825773184], "[80]": [795.5081668516323, 3.40077629912588e+24, 3406.1428571428573, 1438.244926426949, 21.177144246824355, 27.91684024672304, 38.90482154480924, 859.8660917308835, 793.5748293964189], "[100]": [1577.3127063805077, 2.414254885475781e+32, 4119.714285714286, 1128.2676506291464, 349.00666399707916, 851.5851982444419, 17.683015787746626, 7976.383609815104, 6986.589680840902], "[120]": [687.3650381220414, 7.576325486168787e+35, 5073.285714285714, 109.11685355647569, 1021.1277126935238, 1360.46309532952, 626.875148140678, 31694.01165842138, 9258.659204244796], "[140]": [450.95073603619267, 4.537767621226321e+50, 2399.7142857142853, 10.367720399359314, 219.93323970246365, 287.75952445549456, 145.46302233896813, 2095.4933333756494, 1628.7378349595197], "[160]": [109.88805269645809, 1.9472354461076123e+59, 519.4285714285714, 85.30821152733722, 18.28477616823568, 2.8622367128947417, 37.0024925252726, 12.294250127653868, 18.083130669066577], "[180]": [198.71341820154157, 2.8311610852975855e+67, 126.28571428571428, 28.34360235769354, 8.804868817189075, 5.173537597486643, 13.099111184465244, 111.2759557265365, 125.33554174090534], "[200]": [157.3465098293982, 1.9258664884755883e+77, 20.285714285714285, 17.89133235006441, 11.823853476283968, 12.321629018879896, 12.81202482468029, 159.8581591963784, 153.18654870495797], "[220]": [122.72853274505314, 1.6198306258292654e+85, 10.428571428571427, 2.8612979157956104, 0.6756184914457037, 1.611131373597238, 0.9193556791613728, 128.8476702450398, 126.18660248063588], "[240]": [108.39456913745471, 9.5085081810186e+93, 0.5714285714285714, 0.30006455628907014, 0.014923649518423177, 0.03022988667098858, 0.05328539845937208, 85.94376290204475, 88.39100217146581], "[260]": [164.69519179644658, 3.8746981460246653e+102, 0.4285714285714286, 0.6835049052655844, 0.5275687496489831, 0.6266988753512325, 0.5400091119766248, 68.52805465924911, 70.33741448377145], "[280]": [139.44022346742486, 1.5387735893052318e+111, 1.0, 2.0941161984928343, 1.6086354081991754, 2.082362736473431, 1.6353777065210913, 64.22698255669913, 65.10989572962845]}