{"[20]": [0.0, Infinity, 0.0, Infinity, Infinity], "[40]": [5.276454242173926, 29.00445318260405, 20.34086988414266, 2.931536983105343, 275.3543104686082], "[60]": [34.95360281319235, 25.24461497251683, 347.1428558031981, 84.29149349256099, Infinity], "[80]": [471.61984716930766, 1488.0763743389355, 5020.435462820056, 4523.550665465761, Infinity], "[100]": [4139.32659745204, Infinity, 241.36326363379135, 73531.0602056074, 1385.8158581018624], "[120]": [1469.9280548932154, Infinity, 4282.480661228497, 23484.193504603798, 2305.1372667330156], "[140]": [95.71192343293939, Infinity, 750.3379157405062, 26508.520486459045, 288.81545027124366], "[160]": [120.41054413788494, Infinity, 130.47754546579196, 833276.5133897858, 48.651723120805876], "[180]": [80.4567139664593, Infinity, 14.140780947622943, 2879903.394380504, Infinity], "[200]": [82.62102305978613, Infinity, 2.421556347055072, 3104171.423432586, Infinity], "[220]": [82.00834649281181, Infinity, 1.920287768537932, 2909939.9578382326, Infinity], "[240]": [73.73498459557159, Infinity, 0.0, Infinity, Infinity], "[260]": [66.54169549879595, Infinity, 0.0, Infinity, Infinity], "[280]": [74.03708748110884, Infinity, 0.0, Infinity, Infinity]}