{"[20]": [Infinity, Infinity, 3.0, Infinity, Infinity], "[40]": [Infinity, 11.244367467788265, 3.880066916824965, 8.152704731280224, 57.81234638877063], "[60]": [5.697756049157773, 9.871631544606604, 1.540491219190575, 12.960237823192163, 4.269612523020902], "[80]": [0.5043648812689959, 6.900712022712002, 4.3641302848755625, 6.257387524468769, 2.3107582230929533], "[100]": [2.054636108314111, 1.0488149781217648, 4.296842543556129, 0.521969768748134, 1.732669558638819], "[120]": [0.46950423879125874, Infinity, 1.0, 0.08016516006874076, 0.3575930717677296], "[140]": [7.601149362454565, 12.290947127431787, 13.927241153024298, 12083.181357519337, 11.898166839773891], "[160]": [16.005823006029402, Infinity, 55.02877980913603, 3870.455941834694, Infinity], "[180]": [23.095473752656833, 44.4738373136607, 218.8329673306085, 301.00990182703833, 1046.8542132892965], "[200]": [151.65279470022256, Infinity, 765.8693379435839, 1157.2914163555702, Infinity], "[220]": [638.9841130216886, Infinity, 1770.8456661759772, 568.1113257583561, 1649448.1163031533], "[240]": [68.07823925848378, Infinity, 1341.3725756447454, 1773.7257844899814, 3245349.1190990494], "[260]": [59.12747761101671, Infinity, 727.6853339702575, 776.7572921033474, Infinity], "[280]": [249.15748047302802, Infinity, 1296.9676613277395, 9635.247755814707, 764676.2392057653]}