{"[20]": [22.97342969865323, 17.42007665832071, 22.0, 11.048777881282458, 14.11408737684622, 14.796138687374832, 15.370967513785484, Infinity, 22.02288183539325], "[40]": [71.2825093465178, 3.207946870981729, 77.71428571428572, 111.05450544149411, 103.62794693377693, 89.48748043442794, 58.82096606764361, 296.2453802994504, 217.63514293526748], "[60]": [137.49620119313363, 1.6870674816838582e+18, 140.85714285714286, 228.90300687177904, 127.8630839492983, 174.9553653358683, 77.94407632022921, 174.10980269624355, 186.26272450921417], "[80]": [153.30850985429788, 3.729403789879908e+27, 431.7142857142857, 611.1280550899525, 365.7349728116224, 166.0781664816426, 85.37808606980161, 29.27547725926331, 61.148398497337325], "[100]": [983.1999496932572, 2.647552091869952e+35, 1676.0, 1980.4723373460351, 1436.5518871671022, 1636.2900718894798, 542.2223319418367, 363.17113939028377, 353.5355945753304], "[120]": [18.701989147506538, 8.308450134770628e+38, 4221.428571428572, 2163.1102562114156, 951.4651081303728, 337.53507266028646, 1127.8958737131343, 3007.0842980971847, 3190.882179761593], "[140]": [1631.7636746074677, 4.976266294395922e+53, 2779.857142857143, 2191.581542477339, 33.38591761539101, 1494.845942711292, 18.790079558852085, 8806.103121635944, 7894.0500730517815], "[160]": [65.36511014053212, 2.135402919236706e+62, 2057.4285714285706, 1987.2141720359932, 1270.9429354410313, 2060.5532301658004, 784.1527365961156, 2945.3904422092346, 3270.7598018992358], "[180]": [1180.1951907934117, 3.104745092395459e+70, 2244.142857142857, 2600.210682882781, 211.28002696956537, 528.894132835193, 696.189583833343, 356.4557188313229, 307.8745771529775], "[200]": [312.31189610834554, 2.1119689227880706e+80, 1752.5714285714284, 2498.923131878839, 38.418701498597784, 181.05790278783934, 145.18565637517895, 175.01742728211684, 178.70641840492863], "[220]": [134.1763776278458, 1.776360035683665e+88, 1261.4285714285716, 1876.8225689862725, 60.302139715810426, 248.07700281500138, 26.5407842980444, 144.00548202917025, 123.26021470567412], "[240]": [313.55456201227844, 1.0427345148083256e+97, 892.0, 1161.2194539059738, 147.94811386028027, 305.85530910506077, 116.89417346206005, 316.54975821774065, 299.8659641855013], "[260]": [232.28812833086522, 4.2491225503989994e+105, 538.1428571428571, 652.8467223898828, 107.0351351358903, 288.61687895997693, 101.85780591105868, 339.28872820323, 324.49103531208243], "[280]": [45.31712938732926, 1.6874702090631743e+114, 343.71428571428567, 297.16977231176367, 87.81893211659519, 289.0167270079651, 112.69560634009537, 78.73851702660795, 80.72586352554208]}