{"[20]": [13.512595798475775, Infinity, 22.428571428571427, 14.942173513303526, 13.66195775619257], "[40]": [24.945885168619412, 318.03714229099444, 58.285714285714285, 11.981176980494865, 49.673503259403525], "[60]": [29.025104098132744, 50.240293387909475, 78.0, 2.75262908549945, 61.29693698524518], "[80]": [16.24039676832672, 103.14001156943232, 155.14285714285714, 60.408244611519365, 102.69598491518235], "[100]": [7.757770987298159, 258.1765622996247, 489.2857142857143, 195.8560843173134, Infinity], "[120]": [49.23074758137045, 449.36814029929974, 1450.2857142857142, 511.54914948231635, 324.7402847438548], "[140]": [304.3004735741624, 2383.5568016677407, 2293.4285714285716, 1476.538340402878, 83.25681294329752], "[160]": [272.82660588831004, 1675.2905720963718, 2381.857142857143, 2940.4378829779725, 492.7291250717117], "[180]": [33.68602017469311, 1.0237628195404594e+17, 3957.4285714285706, 6065.577282073415, 30.83938090059928], "[200]": [466.13315653795144, 3.6161249154750557e+24, 8399.0, Infinity, 3225.909853197405], "[220]": [1456.8878229437978, 1490.853125539983, 2961.8571428571413, Infinity, 1953.9294072167322], "[240]": [1299.1648985843858, 4.851370544230141e+27, 6248.5714285714275, 17350.62084649713, 5097.078855300282], "[260]": [288.73207966456357, 5.0922344295386216e+39, 7956.4285714285725, 8719.614579844676, 2218.8551512562735], "[280]": [297.3972306930218, 3.6438553467765226e+72, 4828.0, 3381.6292059591037, 1160.4058710702166]}