{"[20]": [Infinity, Infinity, 1.1428571428571428, 32.082052816906995, 1.9072691911462925], "[40]": [Infinity, 62.20998864961999, 58.57142857142857, 11.058561703055389, Infinity], "[60]": [442.75223999887123, 450.26872661491655, 218.85714285714286, 304.7155795510537, 88.35967535845734], "[80]": [9.658101933088005, 10.595323929061806, 218.42857142857144, 547.7367641609802, 55.67469308726413], "[100]": [20.534477996367173, 27.109422370083166, 349.71428571428567, 926.2321667751887, 80.78168794903934], "[120]": [302.694931849893, 7.070936026275623e+23, 633.5714285714287, 1586.1923086825134, 345.65124337411635], "[140]": [2920.2929161016746, 9128.57449097476, 4124.857142857143, 6081.789778799611, Infinity], "[160]": [1696.0512671028364, 8.121714940144315e+41, 2551.0, 3470.901593458708, 2278.64170489721], "[180]": [218.98722183579798, 3.0187884511232135e+27, 2398.714285714286, 720.6731978866442, 665.0199117244756], "[200]": [447.93672531603715, 3.382553971419491e+29, 546.2857142857143, 170.80376949567938, 168.5342804345322], "[220]": [346.0743100320735, 8.45821317034474e+70, 107.14285714285714, 65.15777551959204, 129438.96394520797], "[240]": [61.22127586555358, 2.1567458551490243e+45, 53.42857142857143, 10.070630853514874, 14.96824282109252], "[260]": [51.45126314323132, 2.9353697325255083e+82, 10.714285714285714, 1.1365160066072053, 22719.7138757802], "[280]": [199.27515624764368, 6.071874006170239e+55, 2.0, 0.24369667463484407, Infinity]}