{"[20]": [3.0, Infinity, 3.0, Infinity, Infinity], "[40]": [0.9531951376779659, 69.60759648526636, 55.14285714285714, 17.50490223297338, 14.806835795818934], "[60]": [52.26494993136248, Infinity, 1002.2857142857142, 336.1265127440747, Infinity], "[80]": [957.6806682587721, 483.5380269113266, 8000.428571428572, 6045.397010717354, 913.5937307575296], "[100]": [853.9528107510523, 6908.391523660703, 4869.4285714285725, 1629.6988224513934, 3321.613469894439], "[120]": [446.7664703580799, 5892233032030456.0, 3441.5714285714284, 370.72073378125697, 902.2079731674312], "[140]": [74.0508180684858, 1.2180028787708196e+21, 510.8571428571429, 55.751244072107056, 118.8214877795192], "[160]": [141.17127340614917, 3.6368579314127933e+25, 81.14285714285714, 1594.33906309402, 10.059307705888273], "[180]": [67.57709313280685, 4.603387031326583e+17, 9.857142857142858, 203.03243159103928, 1.7114833472215683], "[200]": [26.479844942277637, 2.021471151385672e+33, 1.4285714285714288, 17.07407146574677, Infinity], "[220]": [9.188459867966003, 6.2731936512615905e+22, 1.5714285714285714, 10929.635860157781, Infinity], "[240]": [7.102453454235331, 2.9796859317736487e+21, 0.0, 0.0, Infinity], "[260]": [11.036484343488496, 9.494126032933124e+39, 0.0, 0.0, Infinity], "[280]": [19.397979669294394, 1.976769100756425e+58, 0.0, 0.0, Infinity]}