{"[20]": [13.98301694294072, 36.3788813143802, 13.428571428571429, 33.790351141000414, 26.645584128629103, 0.03789671322931909, 6.727679853399017, Infinity, 12.994368924728574], "[40]": [47.305371083232906, 3224502003.980355, 33.57142857142857, 18.78885740050157, 48.22969231947746, 46.43773727340905, 33.55729184540641, 3084.140086191744, 299.1629783416549], "[60]": [19.508353451851804, 1.6870675445396874e+18, 2.857142857142854, 40.23373308204922, 44.62878155564516, 0.6087807916789885, 14.743850174605797, 4775.26736812704, 55.05093390787799], "[80]": [42.34190110674396, 3.729403789879908e+27, 44.714285714285715, 96.6913867991038, 40.86895274777244, 74.25221555442755, 44.223330190226406, 101.1564742853036, 27.11507681433025], "[100]": [66.61637741469374, 2.647552091869952e+35, 73.28571428571429, 148.277045981592, 68.96106288083749, 56.12831350767918, 50.87658178107495, 58.46573969316992, 56.70735531996783], "[120]": [58.107713102975424, 8.308450134770628e+38, 230.0, 338.68359348012024, 189.66938927578684, 119.41225635025359, 101.59794176310459, 27.53673101893935, 21.053039198670888], "[140]": [84.38849942708566, 4.976266294395922e+53, 362.14285714285717, 459.540230469949, 252.14469202240048, 14.844513470026413, 7.924650712899506, 87.07137387871285, 81.4723362751032], "[160]": [77.79606123494545, 2.135402919236706e+62, 461.0, 631.2504838063196, 244.36583666435763, 441.50218384683615, 178.44255115754845, 293.08036218860934, 294.76118758087136], "[180]": [755.3123557373308, 3.104745092395459e+70, 820.8571428571429, 1250.634793911481, 671.6233464882887, 880.8404757607357, 614.0740733472103, 782.8169953883007, 756.5305162579916], "[200]": [1380.5889466830804, 2.1119689227880706e+80, 3002.8571428571427, 3505.8818846442937, 2567.2608318604935, 3322.3163008556785, 1871.1986083596835, 807.1206364444888, 816.986763915359], "[220]": [70.34132101371506, 1.776360035683665e+88, 5073.428571428572, 6109.7609865412305, 777.0427852398516, 1633.947458242741, 233.82009076923714, 1108.5426659050063, 1011.4008752672198], "[240]": [2071.3454357036626, 1.0427345148083256e+97, 1670.7142857142862, Infinity, 4575.491230918149, 4201.233342628093, 5738.726707955131, 2758.1405597963603, 2802.5802580628406], "[260]": [868.4549399968691, 4.2491225503989994e+105, 4427.0, Infinity, 4692.168149072988, 3425.6742235797974, 3481.901465297995, 1379.0728855713169, 1483.6078138166122], "[280]": [1223.5735497284195, 1.6874702090631743e+114, 4475.571428571428, Infinity, 2735.1208495820592, 3031.7702988504516, 3156.8507192250045, 1300.4680022808752, 1236.324550182626]}