{"[20]": [17.02506201956843, 2.98678813475142, 18.295932943636323, 2.5138246049600657, 5.583606859878804, 6.123341412135699, 46.57288412744177, Infinity, 3.138459470542683], "[40]": [108.35845441970388, 6.785604196385703, 134.63713127242735, 5.648251509126844, 147.6739024762273, 70.83526446267851, 37.82995192738252, 75.5539664772644, 18.913175181784837], "[60]": [584.1604896081027, Infinity, 1577.6154389322344, 1389.3626499469574, 905.1742662749044, 272.68000936329304, 194.276744082929, 259.6275297398817, 18.094561099729717], "[80]": [1610.3413834996745, Infinity, 13448.538156633633, 4028.3975650814323, 1816.5657800106264, 1817.001907928899, 7231.961893243965, 2825.2012862606034, 3673.3087026892313], "[100]": [5186.352507232213, Infinity, 6724.928756128784, 15081.073147617926, 2784.3005632935733, 117.85303849914933, 554.8482778739549, 267.6681008741023, 1977.3998983039135], "[120]": [2758.782141895093, Infinity, 15202.250153075458, Infinity, 3924.3477834055348, 924.8271642760548, 1398.8778835733306, 38802.38817360606, 20245.52658798948], "[140]": [357.6163486431303, Infinity, 4551.292614543092, 1123.132166975904, 551.5802783177002, 64.68966497503088, 95.29975783094555, 245.9013042493795, 617.6447479053397], "[160]": [409.08568460431997, Infinity, 1022.6862502272188, 522.6787150926281, 45.264547231369285, 265.01991722692907, 265.6507732859098, 241.209432305775, 332.5407584859337], "[180]": [Infinity, Infinity, 262.6929181878379, 261.2542280476978, 84.12012438237423, 201.42414366649945, 188.25527696021192, 247.58123301296493, 241.43534632051794], "[200]": [415.8134188522933, Infinity, 71.55763173344542, 154.07028116557495, 70.43013650650737, 141.9654334487188, 130.6298351743736, 428.06086210357006, 427.6464255750145], "[220]": [338.87438125435335, Infinity, 37.73025757218739, 79.89296047085325, 37.21306581170595, 77.57749759182568, 70.44468505052423, 225.3204195732834, 241.51065301535013], "[240]": [316.80746441709283, Infinity, 5.240454254002814, 60.7314777359763, 37.13374015959145, 60.30135075824306, 56.0191412315121, 237.08786126317645, 224.22529352058146], "[260]": [304.9193330841123, Infinity, 12.990948064441094, 39.500887414249554, 18.32400958473628, 39.42238462951091, 35.44193538707071, 257.13322162003533, 259.562678939194], "[280]": [275.2701716875899, Infinity, 6.335842991152127, 48.2073721381279, 26.756335782630103, 48.193210491550715, 44.13020780779673, 146.07880819775275, 140.89588649280637]}