{"[20]": [32.424387369804634, Infinity, 41.57762775288065, 36.148478122800086, 57941.843341558895], "[40]": [190.34751803390313, 302.6803361570153, 719.4159441855574, 147.63700022415497, 1023.6451129822664], "[60]": [1076.231855685203, Infinity, 14766.949108809891, 9685.494840845227, 34692.34233648773], "[80]": [36817.67890652932, 85888.07604138218, 16911.65891214253, 31971.344113853356, 9334.120336914919], "[100]": [500.49345425428515, 58191.11987956222, 24270.248872087475, Infinity, 9948.7182701078], "[120]": [1102.962541440777, Infinity, 6648.488232619915, Infinity, 1334.898531469718], "[140]": [412.9422545646179, Infinity, 1198.3579456990067, Infinity, 180.8211459194152], "[160]": [1863.812506913519, Infinity, 284.518047404288, 21.01477983382849, 46.99311846627275], "[180]": [1640.486130336939, Infinity, 67.0897149922067, 2.392812896324191, 14.417996933585886], "[200]": [1101.750754963103, Infinity, 9.98173257833899, 1.9015519753523542, Infinity], "[220]": [723.5380424856542, Infinity, 5.388926991181928, 6455592.50065797, Infinity], "[240]": [473.164529256005, 3.504322841004318e+17, 0.0, 0.017409214652359745, Infinity], "[260]": [301.9654824086098, Infinity, 1.0, 0.982081578676623, Infinity], "[280]": [236.92923835177004, Infinity, 1.0, 0.075484326491116, Infinity]}