{"[20]": [Infinity, 0.9917785513114644, 2.0, 1.9999991742219654, 1.9999863229047314, Infinity, 1.9999959716016316, Infinity, Infinity], "[40]": [6.131498118722772, 8886160281.77692, 6.0, 1.5461425463838407, 2.2637980327966365, 7.448585646071246, 6.934803296755, Infinity, 4.729775450566101], "[60]": [21.242999915310193, Infinity, 21.761251052518958, 29.216461551319764, 28.389095544936477, 16.64722284841249, 8.50169386242498, 8.484581091020681, 2.9304677267401615], "[80]": [5.306758266053565, Infinity, 7.039033495477255, 29.471478499463288, 27.730503811004787, 10.72840950552469, 122589.35041190336, 84.05616715404203, 60.34156708345213], "[100]": [1.5256375405937894, Infinity, 19.15595228067364, 8.196335511925856, 6.469608255389495, 0.28136760629728363, 1.4528620302051054, 18.31520533122392, 17.78339186647538], "[120]": [2.054015237759717, Infinity, 5.383616943183553, 8.661706842226792, 9.133592162217516, 6.535675649926286, 3.7833877481694413, 45.25379115839504, 42.698978768814094], "[140]": [26.898434566733588, Infinity, 29.161144024633664, 41.039645502926895, 41.71495514773138, 40.13581042905463, 35.628885143542, 27.176421718450417, 26.69295384314993], "[160]": [176.4457856413735, Infinity, 338.1775303335404, 411.6300063302517, 418.93938736444363, 372.22041283852116, 323.7522432012263, 107.56532804906979, 85.6785677776825], "[180]": [1356.3043559491987, Infinity, 2648.194020700906, 3300.4794819972517, 3360.9562653484113, Infinity, Infinity, 853.0094781010379, 804.0296305418047], "[200]": [80.26136534428308, Infinity, 4525.27216708073, 8822.376252255239, 1089.1679268190778, Infinity, Infinity, 3828.7996031886873, 4175.418365446579], "[220]": [463.1594186947993, Infinity, 2240.5955284813053, 6422.000416653783, 5322.898821899881, 3971.7369575301177, 4932.993634172624, 949.9551598277366, 928.3345620653547], "[240]": [1495.5287193555073, Infinity, 4149.729487037078, 1280.9575089670063, 3145.855677432709, 2438.311150205149, 35165.09851285095, 9478.614937046714, 10178.53936941175], "[260]": [281.273467438279, Infinity, 884.4701691757587, 120.25027178629013, 1169.5371181418568, 1012.7946903530718, 8404.529944319424, 192.62408039436104, 100.1337767731221], "[280]": [89.88140573527171, Infinity, 92.64405005419172, 17.351809613279276, 425.25132940502465, 412.53265559768516, 2223.5873237773085, 203.28790119550072, 240.5150560536628]}