{"[20]": [2.607842593190807, 3.4877370693912413, 1.9411851586101003, 1.449129854291018, 2.3019523890460887, 2.6268799750682077, 18.237063622862024, Infinity, 1.3564111037645632], "[40]": [0.9935605924630349, 10018117.21247442, 11.007008629710466, 7.435988985396391, 6.330403362166616, 5.778715782633994, 11.55165576732486, 2.496714213968382, 8.774133367027618], "[60]": [53.01226270065884, Infinity, 78.61295635889535, 81.30763189770965, 85.83429091902542, 4.887420522768408, 21.121525200827815, 183.38723933732396, 27.569742157997663], "[80]": [50.390279766592315, Infinity, 18.645347120845837, 79.13850730510131, 5.873590059324776, 7.877431314833813, 1733955.939208227, 1301.954845352887, 520.1811616878404], "[100]": [8.889188681652696, Infinity, 1.6111773163022065, 167.53440138012047, 0.9009880166794351, 1.7992574434338346, 2.093175314683085, 440.38217790888626, 3.1187073079443626], "[120]": [5.649299791228568, Infinity, 9.857405365158165, 225.8706129006609, 6.923322787936036, 29.23572186771051, 6.866111299757979, 2.3196527351387384, 1.4714468683117499], "[140]": [234.1175177246024, Infinity, 442.97897330866044, 687.8135728767542, 405.1447187515102, 490.16556766199534, 404.8752947639732, 256.44113230005803, 266.61268319669983], "[160]": [472.9393462665115, Infinity, 4878.721763379202, 2811.975599134997, 2098.107290688466, 1863.36858487939, Infinity, 1078.5163576886523, 972.698325628464], "[180]": [94.28421080611825, Infinity, 1054.8242697816554, 3268.1410916802265, 1991.2168549971436, 3119.337286979444, Infinity, 3597.286028518594, 3783.7157263595286], "[200]": [308.2818932689229, Infinity, 4911.730801375495, Infinity, 4599.129383050786, 3453.1634413618744, 84046.58696353104, 1608.2350634892412, 1572.3745570710212], "[220]": [74.81602179497267, Infinity, 1265.4418254855889, Infinity, 1264.0702291745888, 1203.4032789208138, 16267.585832208808, 68.67326259259619, 81.06849774195257], "[240]": [66.42453492589412, Infinity, 250.19408843656075, Infinity, 439.35820855635046, 442.5682623905305, 3563.889861764342, 209.45467393921027, 205.35103616346666], "[260]": [31.31859715223744, Infinity, 42.1999936266351, Infinity, 151.1375516401084, 167.35351605210107, 1005.0947855856341, 9.292831766389186, 8.358734953540099], "[280]": [38.44396156646619, Infinity, 3.587169800616317, Infinity, 49.45413614244007, 59.338681343813235, 321.0089716446606, 74.35498021320835, 71.09813686007271]}