{"[20]": [2.994243378507881, 2.9998732810558355, 2.857142857142857, 1.9435683288517493, Infinity, Infinity, Infinity, Infinity, 2.909090909090909], "[40]": [47.10865469229876, 29.428534243108487, 57.285714285714285, 1.7328323960077512, 65.58703160613125, 55.373903806943176, 43.57861382031261, 57.06686894287475, 42.16575282350209], "[60]": [160.5280723245537, 1538406322932070.2, 337.1428571428571, 342.5942428091686, 238.86840564845244, 212.2124309458572, 178.4337190728101, 117.27509887245952, 18.193687125425072], "[80]": [789.5245083846949, 3.40077629912588e+24, 2356.4285714285716, 1671.1989954722676, 1375.5669677025044, 420.0530515326682, 418.9158496849823, 97.5047890330452, 138.4591742790626], "[100]": [1716.7055128399552, 2.414254885475781e+32, 10819.42857142857, 3921.392076586875, 406.8324944584565, 425.1638399384319, 426.04104633136376, 3307.958154653559, 2145.75086501694], "[120]": [2194.2847346328635, 7.576325486168787e+35, 6909.5714285714275, 18690.08978882672, 486.07399385595636, 1293.6379905137874, 4747.338002463002, 5581.788551434474, 6535.581045052255], "[140]": [858.7530680884083, 4.537767621226321e+50, 11789.857142857145, Infinity, 2825.0559573724277, 850.9230249151879, 1253.310005718613, 3249.8171997466998, 841.6355500172067], "[160]": [950.0312403219887, 1.9472354461076123e+59, 6233.857142857143, Infinity, 817.9476823501655, 118.7920104877112, 143.0022786110112, 1556.4450749432026, 1390.2805518913665], "[180]": [710.7340997781994, 2.8311610852975855e+67, 1786.1428571428573, Infinity, 138.6921070495623, 24.01453332081246, 70.13815738481048, 811.3537682628112, 790.1460671917248], "[200]": [343.57366856245244, 1.9258664884755883e+77, 513.8571428571429, Infinity, 19.81633503040257, 19.50322974955776, 42.93496090261658, 85.7398953719719, 92.86562899317914], "[220]": [506.06630002314887, 1.6198306258292654e+85, 152.42857142857144, Infinity, 21.591704751647057, 4.927663522245837, 0.9882188866227608, 204.43517058794123, 212.33958894171326], "[240]": [378.93979306343317, 9.5085081810186e+93, 24.0, Infinity, 7.085568635957202, 9.69765458976472, 11.91297911209167, 83.4988826662548, 96.52860568154259], "[260]": [375.79058978455214, 3.8746981460246653e+102, 6.857142857142858, Infinity, 3.962711531074598, 8.056400116629913, 6.696706262207599, 121.73746372462045, 128.40623866246156], "[280]": [330.2592425342982, 1.5387735893052318e+111, 6.7142857142857135, Infinity, 1.5916205977030145, 0.6198274280383016, 0.9222936337516541, 104.46330470335288, 107.62047402807488]}