{"[20]": [1.0, 0.8610357511668286, 1.0, 0.9999993602635682, 0.9999898707885619, 1.0, 0.9999999996917399, Infinity, 1.0], "[40]": [12.499222659705078, 1915987385.3395617, 12.857142857142858, 9.440747444163357, 9.828956515663954, 10.975346100711901, 10.198769251535637, Infinity, 11.417667066055952], "[60]": [80.60639909032355, 1.6870675686121236e+18, 100.42857142857143, 107.05897749663418, 109.29306843107135, 81.76176862038173, 73.402544700443, 81.36695036498831, 17.69508948035255], "[80]": [671.6166007694103, 3.729403789879908e+27, 1039.4285714285713, 367.68281193266876, 320.5270519174121, 270.3796132673905, 262.0758494575732, 97.1351925244262, 199.21734578166956], "[100]": [1975.7836263896234, 2.647552091869952e+35, 6065.0, 3179.2820644101303, 2148.883579904529, 1091.3894479963237, Infinity, 3601.6956512709457, 3762.1222225108577], "[120]": [4971.9491955670455, 8.308450134770628e+38, 1720.4285714285706, 2903.95691231622, 6060.506404671345, 3210.77874022343, 3170.495261443586, 19494.375380358557, 18676.678358637953], "[140]": [2178.6389214737096, 4.976266294395922e+53, 6215.714285714286, 1459.0487087286074, 1538.4107864835614, 1821.738934487239, 1770.294213127826, 64950.24547891336, 38860.089447302875], "[160]": [1384.7807648783687, 2.135402919236706e+62, 2247.285714285714, 521.8740937197324, 517.1578150925379, 583.321640177727, 614.0179954624439, 8340.44623257652, 7809.775429780402], "[180]": [337.8280675027345, 3.104745092395459e+70, 376.57142857142856, 145.26276241541447, 147.978642438143, 159.54129515871963, 183.56238895995415, 616.4583409953761, 638.5348217643036], "[200]": [93.8185158699448, 2.1119689227880706e+80, 42.142857142857146, 36.76374903538529, 38.72276680436378, 40.88095493192545, 51.226666440449215, 306.89491358207397, 285.48617981080776], "[220]": [128.50643324800558, 1.776360035683665e+88, 2.7142857142857144, 8.016073058336627, 8.547047533624127, 9.153641134803243, 12.07409336902424, 254.79392313143885, 269.1044300766888], "[240]": [114.85229163088229, 1.0427345148083256e+97, 0.0, 1.619680680673786, 1.7353603260768835, 1.9160772471105934, 2.6416330521605462, 201.32707186636202, 208.35871698154654], "[260]": [103.03559067552646, 4.2491225503989994e+105, 0.0, 0.33025373355006754, 0.3540858883252449, 0.40428201081036064, 0.5780201880506578, 177.7699896175874, 181.7389853402134], "[280]": [92.16556911394355, 1.6874702090631743e+114, 0.0, 0.06733590000870418, 0.07224373130209986, 0.08529630104753455, 0.12646279361416693, 153.42648378658217, 156.60766591003866]}