{"[20]": [13.558368727109498, Infinity, 13.678018263300514, 18.93814563740083, Infinity, Infinity, Infinity, Infinity, 3420.2672572395595], "[40]": [182.35944494294108, 12.179070939265594, 213.8772165782025, 213.8223158458577, 213.63014116649717, 47.30054180833844, 84.64820306165757, 1326.686000408606, 7.345114554235974], "[60]": [2282.5476951670767, Infinity, 5071.622453168303, 3036.7281677420465, 1000.84132238385, 1019.6997338846398, 2380.14561573578, 637.5666927106687, 402.84586815990946], "[80]": [Infinity, Infinity, 30173.21982264485, 14089.057478382796, 1229.1837723536003, 545.9855949944234, 6593.297729346856, 21046.187799850482, 7228.282955490291], "[100]": [2436.890660498644, Infinity, 24268.76924115267, Infinity, 10696.3743314165, 4565.162950013846, 3558.8395561218813, 82543.79820651117, 24205.100485542727], "[120]": [1084.4316615754667, Infinity, 7937.867995600608, Infinity, 1764.5652262061644, 602.9651111914693, 504.93530248882854, 26653.481724984, 19714.84114892234], "[140]": [329.3802084367577, Infinity, 1267.9683365806761, 243.02457195221706, 132.65567611658443, 44.14337994004902, 35.578685535346764, 578.4733087360007, 508.9235148046007], "[160]": [288.0012409958979, Infinity, 239.31012127159397, 78.53150538838406, 6.685320011788989, 49.533101127719725, 52.916725715730664, 884.4945365186815, 820.0679107659266], "[180]": [192.48994218774888, Infinity, 44.91596411468239, 23.600724374460423, 5.41938877384737, 19.423934299509504, 21.765004281561286, 213.2752912187828, 268.48936509751644], "[200]": [197.60673860008166, Infinity, 7.409625769686565, 8.706567280622863, 3.6392108413573765, 8.14045544931754, 9.652987301404483, 306.8950335072822, 332.03839025637825], "[220]": [193.20738772075535, Infinity, 1.6435468386395868, 2.468144817138629, 1.1868495072723169, 2.394081675880271, 2.8849184966902026, 317.83878938570643, 329.3390150935033], "[240]": [178.48921295041097, Infinity, 2.0, 0.09400486391225915, 0.670984610268757, 0.08453581962064675, 0.44737622557511875, 268.161669595321, 278.18755663734106], "[260]": [172.59732521739906, Infinity, 0.5759692574696007, 1.397439469576857, 0.8847753857247822, 1.39624777937895, 1.6491799531016809, 223.3212651445392, 230.23654660253843], "[280]": [159.4598374453574, Infinity, 0.3084968739786342, 0.39766012710965176, 0.11476883005171577, 0.3975118259029751, 0.652957358503696, 181.6689705814918, 187.20099757682237]}