{"[20]": [2.0, 1.9998732810558355, 2.0, 1.9999989164443392, 1.9999886477992106, 2.0, 1.9999999965863111, Infinity, 2.0], "[40]": [3.5675695023390874, 2978671.9548876607, 2.7142857142857144, 2.043522883130846, 0.6040138452998614, 3.2868101866253863, 0.01152147392189562, 0.10156249999977529, 1.4333241525349845], "[60]": [36.78923547102952, 1538406479029178.8, 46.0, 46.09539691587774, 48.45984925765878, 27.98224518548033, Infinity, 861.2459945725369, 24.2124515434015], "[80]": [130.2902603080367, 3.40077629912588e+24, 289.8571428571429, 213.1299906065341, 208.83874009422837, 145.071838774041, 132.39555494852607, 219.86198931790221, 136.21286210612254], "[100]": [853.6590637525555, 2.414254885475781e+32, 1280.7142857142858, 515.236711522178, 339.8914051193201, 330.4545443668012, 314.651022774136, 78.64371067393631, 61.515802038697075], "[120]": [25.536121958364674, 7.576325486168787e+35, 3039.4285714285716, 127.69415956776811, 124.5869341674179, 124.87555858297492, 11.009671081103988, 77.86853280802461, 52.03657896818822], "[140]": [6.922450811298404, 4.537767621226321e+50, 1240.0, 309.93568696934744, 320.4748875110399, 247.57291826914843, 158.15600002584597, 925.8628128364471, 776.875715629898], "[160]": [432.8679444469253, 1.9472354461076123e+59, 2342.0, 238.67966280833116, 246.42627478562144, 238.99293262152742, 228.6209854261774, 825.2003761112501, 528.6641867713215], "[180]": [108.74115988324138, 2.8311610852975855e+67, 821.8571428571429, 88.87694104607385, 86.02235436371768, 94.86950397155033, 88.36867338164564, 17.456903021811286, 9.49897167729273], "[200]": [122.01359647637946, 1.9258664884755883e+77, 196.28571428571428, 10.427044049471988, 8.888561056243788, 12.945643112831334, 10.46681582147366, 130.28011425679318, 133.2447028852867], "[220]": [84.1363076344469, 1.6198306258292654e+85, 43.85714285714286, 5.813006067486057, 6.025273739845936, 4.886818190070336, 4.669247981270871, 50.25901075805547, 52.24008134277629], "[240]": [82.77410610335983, 9.5085081810186e+93, 18.714285714285715, 1.718970285112821, 1.982711168126178, 1.4281063747652674, 2.00429594923512, 21.26923882272782, 22.50897156493521], "[260]": [96.6323701583276, 3.8746981460246653e+102, 7.285714285714286, 3.182967452199526, 3.107540305399951, 3.2673918715272836, 3.104820669103027, 37.63409362826652, 37.47458256622168], "[280]": [81.97149916219632, 1.5387735893052318e+111, 0.0, 0.3127197976283294, 0.34045829741980155, 0.3361117960875048, 0.4510855346033217, 25.134897244498095, 25.970166846537722]}