{"[20]": [0.0, Infinity, 0.0, Infinity, Infinity], "[40]": [1.9875136001376923, 77.22944095539064, 4.571428571428571, 2.585430398237527, 3.641858325514957], "[60]": [3.9606062052257975, 13.092116383414421, 2.8571428571428577, 3.542346671588124, 1.2011587498276874], "[80]": [11.029325723139962, 34.9040438256434, 15.142857142857146, 9.319652273351657, Infinity], "[100]": [3.9242463227841142, 16.991628049974253, 57.28571428571429, 15.460220714170475, Infinity], "[120]": [11.705579436024664, 346.2487872137649, 233.28571428571428, 85.04486104463177, Infinity], "[140]": [116.82962457607505, 30.013648158530486, 583.1428571428571, 446.6782953694236, Infinity], "[160]": [151.23123975805947, 57.616578115706034, 338.14285714285734, 654.3087047404922, Infinity], "[180]": [103.65053648967887, 90.55399752856101, 150.71428571428578, 49.66367311660861, 171.34400094826833], "[200]": [116.32942764818063, 2.057578166236859e+20, 221.0, 1345.3699012321317, 108.84571873047707], "[220]": [132.84887966798715, 1.4007741691340236e+35, 345.57142857142867, 2870.601622638971, 134.44252376830036], "[240]": [76.33088139765414, 1.8759916603836095e+32, 247.1428571428571, 2012.2970498823638, 92.9743750189864], "[260]": [29.73771353212038, 2.4240802068350992e+36, 172.28571428571433, 1035.168814659723, 50.376290180599995], "[280]": [22.416929666991905, 2.254278234875451e+53, 122.28571428571428, 94.4300246490848, Infinity]}