{"[20]": [Infinity, 0.5478876864646284, 1.0, 0.9999991742219545, 0.9999863229533286, Infinity, 0.9999975103198938, Infinity, Infinity], "[40]": [13.05609078871967, 11780800527.302702, 13.551579998997147, 2.6649483740622784, 3.0286207328282364, 14.526387883955206, 7.112882751987759, Infinity, 3.4036148270374933], "[60]": [58.75488143432911, Infinity, 100.50490588028337, 107.2584784412886, 107.36832199230079, 68.00037437417004, 44.55638129606259, 41.95675294974272, 27.751970755441224], "[80]": [734.7054672679378, Infinity, 1251.7837766663151, 471.7373736341439, Infinity, Infinity, Infinity, 165.92606497506324, 11.179005248282044], "[100]": [8480.867579695929, Infinity, 9569.84901491967, 4328.199973071663, 3512.760535687918, Infinity, Infinity, 4262.16268627094, 4197.227478881242], "[120]": [6653.502339421836, Infinity, 7857.903880259996, 4004.871223881687, 8005.292845692401, 5247.417386611102, 4977.005160750789, 56149.925328858015, 56357.56145498335], "[140]": [2204.6823075867937, Infinity, 11975.222969969953, 897.527180189494, 4877.677667512622, 3903.434211653245, 14932.098957810982, 94056.95675489983, 12057.118104599544], "[160]": [2063.668907624572, Infinity, 5194.409113019986, 164.23595360123392, 1224.4167731871241, 1135.4944032155292, 930.1048728368155, 21051.774506877682, 21059.609428131873], "[180]": [623.4212314326371, Infinity, 1085.65848823996, 72.99523203124407, 292.474290187572, 328.36178378134355, 299.74203243071867, 2548.2837098939854, 2668.9937415873083], "[200]": [96.42461935422098, Infinity, 223.0647950888828, 37.47015404342927, 80.204237967255, 104.06671086477087, 79.02223305939042, 328.4623725783103, 375.56532246035806], "[220]": [144.7755348455781, Infinity, 32.169157495281844, 10.007943465981427, 17.43531556949977, 26.16592258541698, 19.90778144933427, 378.17402435026247, 384.4195141185005], "[240]": [219.35999542195037, Infinity, 2.2055297705743415, 3.3337624507843096, 4.310485741041835, 7.216938248068209, 5.569493446620619, 439.0929062720475, 438.1037932016975], "[260]": [135.1513320380159, Infinity, 0.0, 0.6639543448095508, 0.8198858821597657, 1.588832271228938, 1.2933301678725087, 385.6719120354439, 382.0860163467173], "[280]": [139.13234917587874, Infinity, 0.0, 0.13825641076405973, 0.16886408099015876, 0.35697150029562347, 0.3004053582842187, 321.79612560951193, 318.4917166868712]}