{"[20]": [Infinity, Infinity, 3.948837117027004, 10.3789662011618, Infinity, Infinity, Infinity, Infinity, 87.32930613543137], "[40]": [40.808276908901796, 6.669664648871687, 53.12933732339712, 2.401900114494685, 54.394283518396655, 8.282056965700027, 39.10788335516716, 22.17148948921785, 1.206117223264767], "[60]": [411.82895352554164, Infinity, 1347.0820678292635, 225.86231298734475, 127.9618732492874, 106.00310543204093, 1609.5046961278665, 1800.1127046373354, 177.18510900195625], "[80]": [321.93331307216374, Infinity, 7488.967929183209, 552.9348372626675, 699.5860589593404, 127.25667555381264, 83379.64443027216, 4326.452563742189, 8136.261212717832], "[100]": [933.610800942705, Infinity, 6103.058291787207, 1374.073652536886, 1216.957105075102, 1100.9578238210006, 4015.4529531693556, 10464.165146853427, 4846.871267813116], "[120]": [88.32268173611801, Infinity, 1954.3730232454272, 280.1336404932454, 169.6226254628655, 199.44733463261144, 252.23817690653578, 2895.953588549277, 2655.346164002232], "[140]": [88.0759037984748, Infinity, 260.2887940013636, 9.081314775600749, 34.16402629844063, 8.735931433475196, 21.872172018562928, 160.09439963816968, 145.93093595230036], "[160]": [70.16810001300863, Infinity, 40.9660887744213, 9.104042049682558, 15.211937543779198, 9.32429206674314, 6.088877212744779, 225.56121760215936, 214.45911321370465], "[180]": [61.770277574544295, Infinity, 12.391077453014704, 0.6795236840804374, 2.7212187096985696, 0.7510181058000099, 2.126994666109039, 243.09926677554634, 245.90005037206546], "[200]": [50.56403309037664, Infinity, 2.031523358767339, 0.49211761955498523, 0.40360346850922396, 0.4601695081971328, 0.43832917913301217, 130.10299446497385, 132.16646508606453], "[220]": [49.50779032682724, Infinity, 1.0, 0.3240907495696381, 0.2015813038644465, 0.3198171338751171, 0.08292176442910267, 127.01413732142777, 129.72938427950044], "[240]": [45.50394607931651, Infinity, 0.0, 0.0027539729548012887, 0.003154789180653922, 0.0021884327467059884, 0.0075541008191663695, 99.59534868269775, 102.41576198539718], "[260]": [42.642993001369376, Infinity, 0.0, 0.00033071880969070936, 0.0003703607570301087, 0.0002566305999337798, 0.0010206486709562626, 87.11789999294487, 88.98191214888735], "[280]": [40.54933519021122, Infinity, 1.0, 0.9999601161675674, 0.9999563475028542, 0.9999668921277529, 0.9997822041197963, 75.31901872233624, 76.82757075892324]}