{"[20]": [41.79178132933015, 38.62584943959337, 41.857142857142854, 32.911759670608134, 36.58862488126803, 33.94440387611387, 36.71776318896613, 38.000000000000014, 41.29626005747658], "[40]": [637.8948535901884, 74.05955877262693, 791.2857142857143, 808.5577863411852, 830.1767070330015, 649.3839894901071, 552.278756637892, 327.3096679828943, 560.9546676056987], "[60]": [9577.970357777074, 1.687066813004925e+18, 14541.285714285714, 12937.526470836066, 2614.6862628550825, 1857.8020607587423, 1259.211822521991, 3828.9090114326136, 1353.9230949497214], "[80]": [18036.922527284732, 3.729403789879908e+27, 20895.428571428572, 10462.423292990505, 16589.85536800076, 1968.8718570924175, 242.42477951462934, 67748.22549609718, 57231.25952425014], "[100]": [1487.3461201281261, 2.647552091869952e+35, 26427.0, 3633.5383307014763, 2732.4238221741616, 2025.6730885785237, 1920.2565505692437, 77432.51847259745, 157006.0680385476], "[120]": [696.5692698366438, 8.308450134770628e+38, 7932.714285714286, 1004.806582465158, 198.68241558924092, 197.43711723871593, 66.35288241020498, 37975.74079189125, 34450.23039223722], "[140]": [1432.8886923357568, 4.976266294395922e+53, 1451.0, 293.3717786947582, 156.55812792295796, 145.68952742684758, 94.15860487199211, 983.9812206422494, 1402.7139522776174], "[160]": [634.4656279459123, 2.135402919236706e+62, 293.85714285714283, 62.011653883437006, 37.31118278122395, 38.949276247519826, 28.165392276288934, 2033.9743363667603, 2140.3293664471944], "[180]": [980.6384397392121, 3.104745092395459e+70, 50.85714285714286, 13.346952642834417, 9.11384032070436, 9.989229374074077, 7.965317872128292, 2485.4028893971263, 2411.1642086588568], "[200]": [664.4317934230085, 2.1119689227880706e+80, 8.0, 1.4687797988638973, 0.9731875233960079, 0.9946175439472364, 0.46744870471493205, 1743.837791306411, 1713.1096226321692], "[220]": [511.9573944835229, 1.776360035683665e+88, 2.0, 0.15698759546167024, 0.3153695554724292, 0.22270704454399107, 0.2529730296051881, 1256.5220006292775, 1255.4319395383573], "[240]": [453.4203574815956, 1.0427345148083256e+97, 0.0, 0.0008389688427178761, 0.0011906597810906103, 0.009833464430839585, 0.03497053036337905, 1037.5775814399901, 1034.8987230382684], "[260]": [421.27694182275445, 4.2491225503989994e+105, 0.0, 8.301250348632633e-05, 0.00012066755918036594, 0.0013032301517960782, 0.005432831386587936, 879.6060703842271, 879.8552779318202], "[280]": [370.71167723959206, 1.6874702090631743e+114, 0.0, 8.213763048978269e-06, 1.2229066882653305e-05, 0.00017271683037440905, 0.0008440212985735621, 767.6356369115636, 767.6967333415188]}