{"[20]": [Infinity, 6.402378807790232, 8.0, 7.999999174221965, 7.999986322904732, Infinity, 7.999995971601632, Infinity, Infinity], "[40]": [117.77159311843388, 1585695672.3015838, 111.5934575850131, 50.17844921956207, 34.68542284896256, 120.21072234174825, 88.94265475229498, Infinity, 455.3287323090355], "[60]": [1269.6377853329784, Infinity, 1800.7979517423767, 1657.1298532257956, 791.9166449724735, 770.3016623678952, 2979.74769478388, 48.210978467732374, 227.1005163969589], "[80]": [212.57334560117854, Infinity, 4911.302590830389, 759.6381368580481, 2947.2463185062697, 1200.3811706312515, Infinity, 32056.200940509654, 89443.69042749642], "[100]": [1247.105103419265, Infinity, 4699.380669095074, 502.3901117581358, 207.0552807213182, 761.1421644533402, 724.80850665709, 150976.03053835436, 153171.69089230406], "[120]": [628.7619736318306, Infinity, 1726.5871709822193, 106.3613215604688, 45.09822199256937, 90.53291221847844, 64.58139969808018, 7226.406111295321, 6284.14386970696], "[140]": [219.8259910848083, Infinity, 259.7364123022944, 16.609072478097968, 8.988901283730856, 11.065873619873079, 14.650485919518013, 920.5545989651041, 593.1722430747825], "[160]": [169.2260774894372, Infinity, 31.83741259795276, 1.7710351128859716, 0.7712629299283941, 0.7298480516891253, 2.5474670596461424, 615.8882794473745, 634.9404342866633], "[180]": [141.3819488942153, Infinity, 5.77486372524844, 1.5044454252849058, 1.3125818519362016, 1.330288545874122, 1.6868220598803916, 500.8299461760918, 508.7232037012003], "[200]": [117.7822586894877, Infinity, 0.0, 0.13842216359260281, 0.15504018636690023, 0.1108871903543343, 0.24390957056351545, 296.8347882017929, 310.78206337321996], "[220]": [108.64734221697599, Infinity, 0.0, 0.018093602429464395, 0.020369032564920408, 0.013895201134310173, 0.03556804608818982, 272.51975861243375, 279.0027791917812], "[240]": [101.10387318536094, Infinity, 0.0, 0.00236504082018492, 0.0026758226609891397, 0.0017413183163526966, 0.005183437147718606, 227.66239685134678, 232.6674184006219], "[260]": [94.88399404615129, Infinity, 0.0, 0.00030913575851856565, 0.0003514914517780855, 0.0002181924201564721, 0.0007550245813229071, 195.48533317597966, 199.46539429292037], "[280]": [89.58375898851403, Infinity, 0.0, 4.04070943057845e-05, 4.616871738391286e-05, 2.7340020922704134e-05, 0.00010993107475009575, 171.27794620757086, 174.51813713599438]}