{"[20]": [6.0, 5.9998732810558355, 6.0, 5.999998916444347, 5.999988647800139, 6.0, 5.999999996586314, Infinity, 6.0], "[40]": [56.728582798763014, 2034134.6112215065, 75.57142857142857, 20.27979501863493, 78.65469243470693, 56.457147153236136, 59.222071569337764, 879.507812499995, 34.86630723037382], "[60]": [914.1792030036215, 1538406179031738.8, 2153.0, 641.9575147106416, 506.8464905057349, 362.9672600110889, 337.74454829006663, 2539.2516561447064, 238.1911080099958], "[80]": [917.4072449042469, 3.40077629912588e+24, 19315.0, 7390.568117054165, 325.5677907726422, 1155.1554323812743, 1245.7458245647285, 25105.15532810065, 25296.090197605263], "[100]": [2108.34687475847, 2.414254885475781e+32, 13848.428571428572, 357.48212651798895, 4930.494800869699, 4980.302555768718, 4712.619838229475, 4116.02213480094, 4786.928586409926], "[120]": [1120.3432488812123, 7.576325486168787e+35, 5778.714285714286, 284.0756373503964, 192.32598780198532, 268.6674531981398, 243.82593508027549, 7508.99087276259, 3969.785930702008], "[140]": [341.83620619416433, 4.537767621226321e+50, 1000.4285714285716, 557.7078602969511, 430.38179727484453, 446.7569345259517, 587.899633251464, 43.01360895947846, 99.01148067570966], "[160]": [34.547669750803834, 1.9472354461076123e+59, 323.71428571428567, 276.0777743816294, 226.47714977321903, 256.10702858255814, 384.48508801890466, 246.84139807967188, 261.64837289267666], "[180]": [132.6551726875232, 2.8311610852975855e+67, 117.71428571428572, 115.76320485863572, 97.0069740768041, 112.65084654168443, 175.72569073616643, 384.09909727810043, 382.5194062997475], "[200]": [44.93577255733453, 1.9258664884755883e+77, 58.57142857142857, 33.00907460531112, 25.3900304088058, 32.55158843463844, 61.0553166730565, 35.31546233827355, 71.94341002726117], "[220]": [57.88623190315775, 1.6198306258292654e+85, 10.857142857142858, 13.346307419590891, 11.850453031636972, 13.28119626136078, 18.948821366447103, 160.66137713739357, 172.3774085414895], "[240]": [65.79989033495531, 9.5085081810186e+93, 9.857142857142858, 4.877265306518528, 3.722998072880899, 4.868194146536749, 9.42875069573632, 133.1355119969269, 140.9749965500246], "[260]": [77.17602976138369, 3.8746981460246653e+102, 2.4285714285714284, 0.09619662767824999, 0.10748298741593154, 0.0949521896715515, 0.9006807966928919, 133.64953992064756, 139.42503396071137], "[280]": [64.53476536015933, 1.5387735893052318e+111, 0.0, 0.6988063792968489, 0.6309236099201803, 0.6986376200845437, 0.9685066763670244, 100.86240732859046, 105.89968314684702]}