{"[20]": [7.471074528373486, 8.051570655532485, 15.206888601689691, 1.3417172055896929, 2.8341879018807647, 2.7063681834902007, 13.989889509320884, 6.1471854585425465, 7.335886689571412], "[40]": [0.9898190454387279, 5.661860214535324, 24.073864688455327, 35.437721023867525, 40.732737511465395, 17.170085727976588, 1026.0943401772251, 25.54075925541744, 3.966344838804245], "[60]": [14.59424807467059, Infinity, 20.05856613804094, 79.07588223074826, 17.126557189436348, 34.07503409094933, 109.8146852331197, 28506858.444432817, 3.5649806497363756], "[80]": [55.00160457333802, Infinity, 78.63184168500449, 172.41335356157927, 65.33015524517866, 61.67279600103807, 352.474115127713, 14.242192367782335, 6.90095157032493], "[100]": [126.26724619525575, Infinity, 170.1091830575299, 275.38599704547084, 112.58418607247178, 153.1244322924044, 44.645540686143725, 8.996915960881807, 1.7420109789418814], "[120]": [155.85074578500772, Infinity, 550.7475255531184, 707.306776795465, 383.47634120086065, 477.1177323031875, 109.94806399690597, 24.438779289752357, 37.9178492947028], "[140]": [14.00746078705536, Infinity, 927.0205727328888, 957.0625219662954, 441.1974244202979, 508.37111697026336, 120.66568616973902, 353.25993293520924, 334.7477222585729], "[160]": [129.03163259141363, Infinity, 799.2477263199025, 1032.3187207693443, 303.13633360766335, 454.5036691397, 6751.212325370406, 674.8305537040441, 611.1257200249614], "[180]": [200.4950013583473, Infinity, 1853.587710395905, 2818.3398284082296, 1288.099879805287, 1929.805297418217, 926.9004104625184, 132.98268504468032, 137.94733308211107], "[200]": [110.941795978964, Infinity, 4818.161438542348, 8500.359942545017, 3167.155850543768, 4303.708910314043, 2112.9387244949785, 471.267252676123, 428.496867914844], "[220]": [1131.6774619540613, Infinity, 2461.426267805511, Infinity, 1598.0727738696496, 1379.3857436476371, 2512.538111363328, 515.0343835558225, 535.8351875042418], "[240]": [177.55572490492798, Infinity, 3351.066495430046, Infinity, 2798.150335901578, 905.7426439202981, 2021.896277664757, 628.7983439501776, 583.4982816043508], "[260]": [69.85724501865256, Infinity, 4715.363160849856, Infinity, 2573.915273212877, 1420.6305946289413, 1386.5727647180495, 242.14182129279553, 176.01152659557007], "[280]": [41.38591745855576, Infinity, 2357.999991136336, Infinity, 1199.9871976944978, 1248.2364877941548, 1066.6219106876918, 280.1517937195582, 257.4498433586216]}