{"[20]": [Infinity, Infinity, 21.714285714285715, 50.466575024228376, 15.205669037842892], "[40]": [Infinity, 202.1064440071953, 227.0, 161.67084251640142, 220.48217177970656], "[60]": [2156.8350684581947, 452.500887671546, 338.85714285714283, 673.830046935175, 64.25372750454551], "[80]": [27.353648899409222, 101.77411486726487, 43.571428571428555, 707.1150446873651, 95.47179105145472], "[100]": [14.921664631568547, 209225861.74848682, 16.571428571428555, 711.8818096553425, 14.072925582249923], "[120]": [590.1320652296693, 3.083632744442839e+28, 701.5714285714286, 1392.7716203769642, 677.5800318800742], "[140]": [2697.9736251239665, 31347.176179233174, 14673.571428571428, 5937.090387429076, 9317.099810490352], "[160]": [25850.3591157202, 2.3648908125637583e+33, 34275.857142857145, 54431.330958099206, 791333.0952543864], "[180]": [26793.654293594685, 37242.98425927504, 31781.428571428572, 7131.541113533396, 364523.8177838424], "[200]": [1326.9443718559492, 8.137072714344629e+48, 14936.285714285714, 12882.06274854482, 120800.72483099344], "[220]": [2570.587178957585, 9.918633652293397e+38, 2844.4285714285716, 5122.53371023018, 34892.845868471064], "[240]": [249.00192024425317, 7.648845257782922e+20, 564.7142857142857, 80.98059963677748, 8840.039510423105], "[260]": [44.96733546872433, 9.402566684624027e+83, 67.14285714285714, 17.321831095274664, 5616.3477561856425], "[280]": [3216.337881387776, 1.2150412986880671e+81, 8.857142857142858, 19178.405836057078, 282.61903421735906]}