{"[20]": [1.8670157489426429, 7.50446950072978, 1.2857142857142856, 3.717964873114556, 3.2493344075391652, 1.9013978028467586, 2.28998763893639, Infinity, 1.0369472596789913], "[40]": [2.845073666889782, 1.5293048136002625, 7.571428571428571, 4.211027796532399, 2.8196436190365013, 6.105255353095744, 6.859996638470863, 6.763344015764616, 6.722640632781236], "[60]": [2.013913450553204, 1538406475370613.0, 5.0, 12.162397729592271, 14.89520276749018, 13.370101186924472, 14.796222856115456, 40.27804138873557, 19.756682147963204], "[80]": [2.1167726035869663, 3.40077629912588e+24, 5.857142857142854, 27.16939066040513, 34.2596861387522, 11.003745681217836, 1.8527980521258698, 27.626819323024762, 24.945711783776748], "[100]": [31.436862705825675, 2.414254885475781e+32, 34.714285714285715, 61.54271832681614, 69.46181741955408, 41.50572807093872, 32.59341187273707, 31.798742111026698, 30.33212794324703], "[120]": [19.67767991031664, 7.576325486168787e+35, 48.14285714285714, 68.40594933636547, 73.53173540794978, 17.81630438816447, Infinity, 6.660842197854919, 1.979874781803801], "[140]": [1.8205332055603094, 4.537767621226321e+50, 41.571428571428584, 82.80282286523388, 86.15327833504125, 25.001191866081626, 21.564487998860102, 30.11242859045103, 26.660053879209045], "[160]": [51.03741666523513, 1.9472354461076123e+59, 67.42857142857144, 148.4598620034671, 12.725911649399166, 11.666122594505339, 8.604542961750326, 1.5284929199593762, 2.6593416793432425], "[180]": [52.98107909039413, 2.8311610852975855e+67, 95.57142857142856, 200.02957748801015, 57.66445079911307, 36.68394946744661, 27.04937254696415, 19.5851824038416, 16.699576796895144], "[200]": [138.92784714060463, 1.9258664884755883e+77, 515.7142857142857, 616.624716180614, 385.597391506955, 392.962186827094, 275.0618802555198, 67.61072329462809, 75.29239159857707], "[220]": [211.16085370829296, 1.6198306258292654e+85, 1192.4285714285716, 819.9885132449685, 427.5611744612452, 554.3314198032172, 405.30042590893663, 82.05185241909385, 72.68085439948982], "[240]": [9.171474094584482, 9.5085081810186e+93, 1267.8571428571431, 1650.5999913624446, 92.96666842380546, 557.6277263985521, 557.0337447390539, 105.4844736969344, 19.682259051625806], "[260]": [236.08782408825118, 3.8746981460246653e+102, 367.1428571428569, 1616.4405630503052, 1091.4180755168527, 829.8372029338143, 897.2644510644996, 88.80600118344955, 116.21012179357422], "[280]": [131.9274857288483, 1.5387735893052318e+111, 1721.8571428571431, Infinity, 1244.3072566557566, 1478.4046240032303, 1611.1706788582233, 363.6208726222376, 370.8358321082269]}