{"[20]": [13.0, Infinity, 13.0, Infinity, Infinity], "[40]": [0.9306230312432611, 14.592181087446459, 14.0, 3.5643579483188645, 8.692600465909816], "[60]": [6.378811955391626, 10.517959692428974, 26.571428571428573, 8.389456371881863, 14.731996650352151], "[80]": [2.194941456720983, 8.141014065567305, 67.0, 31.004030516760707, 40.599389301539986], "[100]": [51.74575101986591, 13.668756845051348, 178.0, 77.02201611786228, Infinity], "[120]": [30.280633345583624, 493.502351545222, 591.1428571428571, 252.0906602731568, 157.37664718502867], "[140]": [143.82786266171615, 5201.555901769182, 805.5714285714287, 548.4109852822869, 165.0180996533859], "[160]": [59.060129260838494, 1.9347843393697985, 564.8571428571429, 991.0210619660695, 244.35381931164693], "[180]": [171.1148070142076, 1002.9887876020066, 921.4285714285716, 1648.7715440527475, 172.14261007040568], "[200]": [596.3580088271474, 578.0857652079367, 718.0, 1816.7112442087155, 179.23634020462305], "[220]": [56.47723092722072, 7.860090955418455e+22, 786.1428571428569, 6900.229501262766, 353.30739938137594], "[240]": [158.59327071696907, 1.2118716084654156e+32, 1351.8571428571427, 4621.997027225329, 490.0899971491517], "[260]": [27.54330546697679, 4.720243136682547e+31, 973.4285714285713, 1760.7496665366684, 303.13840936769384], "[280]": [18.39704697095317, 8.685640145243237e+43, 494.0, 687.4430605324355, 158.21897044663757]}