{"[20]": [5.0, Infinity, 5.0, Infinity, Infinity], "[40]": [6.8409815918657415, 1.1723261060255084, 73.57142857142857, 22.25678588675595, 23.860037085758563], "[60]": [217.97901806285518, 1930.2322867418807, 2031.142857142857, 758.3565474256677, Infinity], "[80]": [472.855903158601, 2380.325922760814, 8359.714285714286, 6692.8908720308755, Infinity], "[100]": [1174.7207840856463, 1563.1398051520137, 7191.857142857143, 2763.4780045070165, 3022.642036385145], "[120]": [609.4956222170258, 3.530232762576341e+16, 2055.0, 1626.2035313058032, 710.359826173546], "[140]": [12.855925049563325, 6.817811044184787e+18, 347.8571428571429, 486.1422093443706, 184.66418073930288], "[160]": [176.31233854689162, 1.0194024100547424e+22, 104.28571428571428, 155.81423844116136, 66.96671534540059], "[180]": [116.41716993117046, 2.8416999572647203e+19, 31.0, 45.74246555005573, Infinity], "[200]": [56.42078886629105, 3.236003364546593e+26, 4.714285714285715, 6.432429818920742, 1.6218652313821362], "[220]": [17.933280702282147, 2.700205481218089e+33, 5.428571428571429, 13802.71664807367, Infinity], "[240]": [16.254907418190882, 2.0089518591756674e+22, 1.0, 0.966166693651082, Infinity], "[260]": [28.28391932900375, 1.3360090437326802e+48, 1.0, 0.3117012739891526, Infinity], "[280]": [56.21343262034965, 3.472611583720575e+60, 0.0, 0.00729817568257881, 0.17730540089972502]}