{"[20]": [Infinity, 2.998543159490088, 3.0, 2.9999987085353497, 2.999985195727045, Infinity, 2.999991206360744, Infinity, Infinity], "[40]": [8.12667061895894, Infinity, 14.326355802565127, 1.8413518632210515, 2.1754207693507737, 12.559794108010893, 7.850115908573769, 682.3565077005882, 7.0290253246146515], "[60]": [37.275548454271, Infinity, 119.63593990547515, 108.95903251314303, 108.64766347742939, 20.313127995649356, 1816029.7849278366, 43.59625742095886, 17.608713419790003], "[80]": [180.17008729238106, Infinity, 703.6044938124509, 548.5741779363217, 133.13145175726234, 141.3778164774928, 127.69833977656171, 12.435559593998722, 4.792472702130964], "[100]": [345.08568297741766, Infinity, 3587.054067565988, 464.91551119680196, 48.5250892146962, 45.883426612018994, 605.2466564820436, 772.6696781337662, 762.4617645422632], "[120]": [707.7603226556716, Infinity, 4066.330373511452, 913.0986079370471, 318.755597407342, 372.5808363971926, 560.3716130938308, 7899.0710345217085, 7540.158089953084], "[140]": [83.73325436229449, Infinity, 4208.582127963227, 582.2019979548688, 455.78287032093345, 196.98027273218082, 280.597427075709, 1437.5915281178088, 993.4999566931018], "[160]": [95.49326432211505, Infinity, 3218.07835420209, 110.10102088222972, 371.42183133286295, 198.67483811341472, 355.31691070481145, 359.93454671350145, 616.8875907333862], "[180]": [104.07367000407142, Infinity, 897.3478519956763, 74.93839548501936, 3.194379155320378, 34.2383116130606, 1.7553215402277285, 282.100077877213, 321.82921633633305], "[200]": [72.59258069681574, Infinity, 245.6094518854819, 11.55153272729131, 16.173588035219304, 0.9849848491679633, 15.408307063412817, 142.72824588329394, 114.09735077043165], "[220]": [53.77501953154587, Infinity, 46.40514875644617, 18.59790145193801, 11.76098105194012, 16.70497038541707, 11.596029538382362, 100.1059393949327, 119.16821792820359], "[240]": [37.61972563548442, Infinity, 17.67992240797427, 6.106233183487588, 3.1783155149817888, 5.660241525344357, 3.146188581414732, 75.71625178231808, 76.88364020690845], "[260]": [35.58893788566053, Infinity, 7.682703173921608, 2.435354603181778, 0.9169443139937852, 2.3322951704448296, 0.9119511085634311, 78.2046544190484, 83.1697397466202], "[280]": [31.746818102895983, Infinity, 0.22788539314763412, 1.8793580526694273, 1.5788335810375889, 1.855864481147834, 1.57774807997824, 59.470949286101174, 61.2828588705858]}