{"[20]": [Infinity, 0.5478876864646284, 1.0, 0.9999991742219653, 0.9999863229047318, Infinity, 0.9999959716016313, Infinity, Infinity], "[40]": [0.6452509890230732, 952674065.0624169, 0.09976877057015524, 10.413427297526152, 13.844746196481466, 1.1082698712200636, 0.836955344360564, Infinity, 4.196667557030331], "[60]": [1.848215959588155, Infinity, 2.0153850106741893, 4.57634740198526, 4.4544715227926455, 3.726875713506105, 1.3233791003862694, 1.662152524629146, 0.5761702340848481], "[80]": [14.18980751530421, Infinity, 15.810578116753604, 20.73737255404571, 17.712943158889644, 5.071917940747512, 4.7799157267845676, 1.9803801605351221, 9.760438665577459], "[100]": [46.049686449569414, Infinity, 51.82725071434364, 62.28805054093624, 62.5053220150171, 29.557527884153476, 787012.324016722, 8.715621208402542, 2.742040881484928], "[120]": [121.490428603837, Infinity, 142.32222120615887, 152.89644678632197, 144.1972275043885, 52.72905411164626, 408.5579368568411, 6.523165199940453, 3.5305819386439388], "[140]": [334.11172056361227, Infinity, 383.17469142286836, 12.997179175974244, 32.228175950771515, 24.708518353105486, 493.36074582952483, 67.94584330471663, 62.03601108905923], "[160]": [794.3591725127804, Infinity, 985.6876473684035, 151.79337348676734, 106.41041371129702, 109.90224354249332, Infinity, 447.3564513290696, 444.27667130891814], "[180]": [171.4774503970742, Infinity, 550.7166621429388, 355.6299523785725, 456.51090711256876, 397.0305005584641, 201753.61034425275, 601.6254766771834, 397.06182246798056], "[200]": [51.316934666049846, Infinity, 640.0687987284024, 277.3576840073719, 244.72032856821906, 100.92828993156091, 5338.4344637296235, 1357.0754438591025, 1300.9845212802152], "[220]": [41.12432912519169, Infinity, 886.7134128578041, 223.91481307600327, 190.11834744181823, 177.31868269462674, 518.8072561504756, 408.3772718105875, 421.33814947381444], "[240]": [28.754970688708944, Infinity, 375.31954350805756, 73.10149154968595, 54.63972854806154, 57.88245701671748, 174.17085100758078, 434.21907051331664, 435.6139390249403], "[260]": [26.037125021447714, Infinity, 153.66672930385548, 30.67224304644574, 23.0564276519329, 27.651116866626314, 50.98144217971999, 86.34334969108791, 76.97294379108548], "[280]": [24.06193508437363, Infinity, 60.384134424272965, 21.004580174175338, 18.183422848916496, 21.040330716099604, 18.59254787625218, 17.78510531003838, 16.014492839533474]}