{"[20]": [22.009180780378337, Infinity, 23.714285714285715, 22.84360312117276, 20.73303280223544], "[40]": [20.996193825765488, 116.40358287325941, 274.2857142857143, 95.79314520661259, 102.17652162464324], "[60]": [138.14197826805594, 2802.928326461749, 4983.571428571428, 1708.098696108053, 1392.3224821851336], "[80]": [11585.507570716829, 12629.504710029636, 41376.42857142857, 35595.72991055877, 3072.8584495795876], "[100]": [17980.557697685286, 37143.996821752866, 10524.714285714283, Infinity, 30394.442127874805], "[120]": [902.9892102444519, 47415.73668394612, 28874.714285714283, 7813.715187645949, 7571.342085571345], "[140]": [667.6197097354793, 1.3979483525828133e+19, 6271.571428571428, 1135.5792485910843, 1071.7345584662867], "[160]": [2479.5062281401233, 6.2285115862008726e+19, 1040.7142857142858, 25016.975175501735, 169.2119813106944], "[180]": [2609.1713069972857, 5.50644358153239e+24, 163.0, 21259.91920541347, 25.882456870368358], "[200]": [2070.2791606834935, 3.413631603759983e+25, 24.714285714285715, 20650.9532939298, 4.489010195374839], "[220]": [1526.4847216777496, 3.317051269141679e+36, 1.4285714285714286, 21247.096459572207, Infinity], "[240]": [1017.0431774001473, 4.372080314053983e+30, 0.0, 0.0, Infinity], "[260]": [479.4423763923053, 1.585190611719288e-51, 0.0, 0.0, Infinity], "[280]": [145.279502136115, 3.32111691895547e+82, 0.0, 0.0, Infinity]}