{"[20]": [1.0, Infinity, 1.0, Infinity, Infinity], "[40]": [2.4113313230643056, 3.7080944427368685, 4.1185643773225316, 3.0015220860673155, 3620.3119768173788], "[60]": [1.893120065187334, 37.843902822237155, 18.058256701736486, 0.8977378811011304, 112.58580354221768], "[80]": [37.70785693817375, Infinity, 250.75785617209414, 75.67486623905147, 4001.318088186774], "[100]": [64.40784519447763, 403.05310399898354, 1617.7271341604526, 665.6780226275146, 999.759880712429], "[120]": [46.70854382305183, 2072.7751387307035, 338.02579590669865, 166073.77678000194, Infinity], "[140]": [81.96080210366266, Infinity, 1685.959633565114, 177602.29586774632, 259.54360588694686], "[160]": [15.90698590560112, Infinity, 472.5575247892147, 1023911.1480561474, 45.89175627467363], "[180]": [16.26912843488974, Infinity, 84.34041876626252, 2174123.132177864, 18.982176928097598], "[200]": [10.497046346792676, Infinity, 6.4842732929891405, 2287066.4375956054, 0.4834820076236075], "[220]": [9.660319765086316, Infinity, 1.1555785488186032, 2112767.3343176227, Infinity], "[240]": [9.216971590789832, Infinity, 0.0, Infinity, Infinity], "[260]": [8.956194227176622, Infinity, 0.0, Infinity, Infinity], "[280]": [9.282784029448905, Infinity, 0.0, Infinity, Infinity]}