{"[20]": [31.0, Infinity, 31.0, Infinity, Infinity], "[40]": [97.07128869727262, 27.73985371543995, 654.1428571428571, 184.68700532287176, 165.5241902720811], "[60]": [2732.163946734632, 11827.911877200739, 14101.285714285714, 9353.626337075428, Infinity], "[80]": [32778.05173684014, 36144.19815608661, 12585.142857142859, 23479.88551445077, 19061.251954311527], "[100]": [369.44381107564186, 247.19045721020666, 21137.0, 656.4442540257442, 7884.54421504659], "[120]": [2985.4554683830365, 3.2612667761095926e+18, 5026.571428571428, Infinity, 1469.423411734168], "[140]": [423.23977479095674, 5.26903360790388e+18, 954.5714285714287, Infinity, 399.70553366068566], "[160]": [2890.487825650653, 6.988450093207139e+27, 307.57142857142856, 79.71360265764605, 154.12682276272568], "[180]": [2615.5808646292717, 2.507386371386838e+22, 81.28571428571428, 10.070655527430766, 39.43569571992279], "[200]": [1840.340301597177, 5.494945545504072e+34, 30.714285714285715, 1.8400428762118057, Infinity], "[220]": [1263.816462817902, 5.435022826999197e+21, 10.142857142857142, 26091.302897280006, Infinity], "[240]": [839.5702110174775, 2.990857797184277e+24, 0.7142857142857143, 0.0504876666380716, Infinity], "[260]": [470.43763782665576, 3.9073783265842316e+33, 0.0, 0.0, Infinity], "[280]": [86.55833671897071, 3.378386906717665e+61, 0.0, 0.0, Infinity]}