{"[20]": [Infinity, 1.6615804916722952, 3.0, 2.9999991742219647, 2.999986322904732, Infinity, 2.9999959716016313, Infinity, Infinity], "[40]": [8.930467290772087, 18931717863.457703, 8.192513139710274, 3.12817774488991, 2.7016369809756053, 10.723686870712209, 12.985532010270635, 5.963864166324141, 9.17639838986744], "[60]": [96.70896976503188, Infinity, 106.06799095705122, 116.31871526125278, 112.83979857313398, 55.65848694997118, Infinity, 58758.634613663715, 55.828514467228395], "[80]": [410.46749535819475, Infinity, 658.887356592211, 640.1341636705619, 635.2452861558155, 447.05068409576614, 245.52801679275512, 404.45645815061476, 160.249474845997], "[100]": [2359.297988654367, Infinity, 2781.6044327670634, 1822.020326321166, 1175.7608339908068, 1136.851149049514, 1335.4709569122508, 124.04919992472281, 134.93479619130207], "[120]": [542.2319416158152, Infinity, 3797.1243547779645, 330.79280792456177, 332.60614231124646, 328.67692023091206, 742.4069339089831, 964.4476668709685, 278.56346181948254], "[140]": [315.6451863949955, Infinity, 2986.7220460798144, 415.5884033470964, 446.6953500702037, 278.70199403842366, 13450.472060932185, 8310.024714713374, 6323.028007682873], "[160]": [849.991330462686, Infinity, 3079.8005582185065, 206.44222624082218, 201.3050561592145, 199.11465533432553, 140.72057059325167, 4856.258281596288, 3168.2356898007984], "[180]": [140.77573202083408, Infinity, 972.5994568549671, 57.53904892503731, 50.856028239998246, 60.45098360470974, 40.059305643093566, 282.6620343068899, 183.48534995179205], "[200]": [202.74654677725815, Infinity, 238.62077215197243, 6.533386698570182, 4.469067407070941, 8.146245747773452, 4.101243946065386, 451.4287393951822, 461.40216858370127], "[220]": [174.83256408484868, Infinity, 45.50055824769349, 11.348102915084757, 11.388453957848647, 10.216687714638345, 9.4081136552113, 239.06448981205213, 244.22331521606796], "[240]": [163.58573822874672, Infinity, 20.364162623833312, 1.739761317209706, 1.8545385999651771, 1.4110442912385, 1.4628043112689657, 144.3473679596897, 147.3577764836852], "[260]": [166.40944272541867, Infinity, 6.204125353804649, 1.6891620317602243, 1.6391866457098516, 1.7588578541572553, 1.6641534592178555, 159.9347835133758, 159.1153566929517], "[280]": [147.97178600833215, Infinity, 0.0, 0.2826346337724418, 0.2940020964611217, 0.3023455447011984, 0.3474513125375646, 117.95039044239783, 119.93782513917539]}