{"[20]": [1.0, Infinity, 1.0, Infinity, Infinity], "[40]": [0.2625548814565441, 2.027894999951603, 2.222389189025711, 3.6268382389721863, 4927.946711071821], "[60]": [2.0987792188846157, Infinity, 3.0, 0.9059913135185141, 26016.211592693384], "[80]": [0.26151021351080495, 6.625619770605725, 0.09668668408601812, Infinity, Infinity], "[100]": [0.23143975647418005, 5.723968126072597e+21, 0.0, Infinity, Infinity], "[120]": [0.21150635457579484, Infinity, 0.0, Infinity, Infinity], "[140]": [0.19694792910281578, Infinity, 0.0, Infinity, Infinity], "[160]": [0.18414560132463387, Infinity, 0.0, Infinity, Infinity], "[180]": [0.17355732180738875, Infinity, 0.0, Infinity, Infinity], "[200]": [0.16528222852899138, Infinity, 0.0, Infinity, Infinity], "[220]": [0.15759997118478658, Infinity, 0.0, Infinity, Infinity], "[240]": [0.1507278146814874, Infinity, 0.0, Infinity, Infinity], "[260]": [0.1420594827259137, Infinity, 0.0, Infinity, Infinity], "[280]": [0.13702664302765424, Infinity, 0.0, Infinity, Infinity]}