{"[20]": [4.0, 3.8610357511668285, 4.0, 3.999999360263568, 3.999989870788562, 4.0, 3.99999999969174, Infinity, 4.0], "[40]": [7.326929186133587, 1117465677.2147818, 10.714285714285715, 6.5291864473365315, 4.435092338080857, 12.569149736718252, 0.9087790805573768, 28.710876464843672, 4.8768787570003465], "[60]": [5.072758362508523, 1.6870675686121236e+18, 1.8571428571428577, 9.622343424661585, 11.849641202898312, 43.3214393774409, 50.704651396253524, 1885.392182862234, 60.04081519480778], "[80]": [4.762588438844839, 3.729403789879908e+27, 9.857142857142858, 5.282427915210162, 6.026570501915812, 3.6336601208961543, 3.961553002793944, 292.41534414977457, 26.031760159498653], "[100]": [3.9949811491737357, 2.647552091869952e+35, 4.285714285714286, 0.5472752636677729, 0.7957766944320485, 0.13860703522864715, 0.4187515144063212, 1.3792496129128953, 0.4650212285994617], "[120]": [1.952670872392022, 8.308450134770628e+38, 1.7142857142857142, 0.08593027104334769, 0.017025134287632023, 0.14133845327360697, 0.3217777140941126, 7.488730018256386, 7.896362021608791], "[140]": [0.009643789674411707, 4.976266294395922e+53, 1.0, 0.999133632978102, 0.9985941430023305, 0.9923739798188314, 0.9860608178488296, 5.3926608671446825, 5.212063478135479], "[160]": [2.096177681291114, 2.135402919236706e+62, 3.857142857142857, 4.851427204964092, 4.999883955284749, 4.850627920581149, 4.998200102500455, 1.777164831005483, 1.3922702291022482], "[180]": [18.389961931779112, 3.104745092395459e+70, 21.0, 27.257452563445824, 27.99999042081692, 27.25735942035324, 27.99976716771592, 14.723278995347748, 14.949077553680045], "[200]": [31.284542018536428, 2.1119689227880706e+80, 35.42857142857143, 62.47535456782172, 64.99999920929906, 62.47534382292696, 64.99996988496923, 36.33705084902536, 36.64721084793142], "[220]": [56.89217412690215, 1.776360035683665e+88, 118.0, 191.02009887393334, 197.99999993472352, 191.02009764354608, Infinity, 24.34743461760982, 19.975438797877274], "[240]": [39.742440041893474, 1.0427345148083256e+97, 79.28571428571428, 101.41146913345293, 114.99999999460934, 101.41146899339115, Infinity, 34.61312705266863, 36.048497706927236], "[260]": [20.726889426091518, 4.2491225503989994e+105, 5.857142857142861, 91.50031903086685, 98.99999999955446, 91.50031901495109, 9.982276216079015, 7.1577307495903995, 1.8234330495256899], "[280]": [133.7365069844024, 1.6874702090631743e+114, 280.2857142857143, 390.4905886119369, 401.9999999999632, 390.4905886101321, 338.449248426287, 110.45342182074944, 110.53915118048673]}