{"[20]": [8.136541053007567, Infinity, 2.92034044166322, 1.0055288375768767, 3.814056204771679], "[40]": [27.961457431274905, 7550.273253786921, 100.0679894120193, 41.58797866477104, 1329.8427852512534], "[60]": [10.507654593174243, 1180.64616664143, 2065.1743374328353, 1179.0879182435574, Infinity], "[80]": [3059.4514613023352, 8722.44724512902, 15024.820471559087, Infinity, 12694.633250455383], "[100]": [9400.133772197676, 2345.7616545028104, 6870.061232234654, 8605.586659799661, 8149.252857089144], "[120]": [1786.2718753683796, Infinity, 7265.6174999632285, 68.32802755412824, 3467.272974446615], "[140]": [261.05611912315226, Infinity, 1330.6486354282133, 10.619298097736834, 352.7428115331314], "[160]": [609.8410254135609, Infinity, 266.8586628260041, 29.14243795528114, 52.13955146721027], "[180]": [308.88278157979414, Infinity, 76.79305488760137, 3498241.937241712, Infinity], "[200]": [171.76169565742194, Infinity, 11.532066730751945, 3064798.821453975, Infinity], "[220]": [133.05515303740546, Infinity, 4.06948333734216, 1927841.51354887, Infinity], "[240]": [122.80548793428257, Infinity, 0.0, 0.0034918098509301673, Infinity], "[260]": [119.37949795744633, Infinity, 0.0, Infinity, Infinity], "[280]": [121.03018855700824, Infinity, 0.0, Infinity, Infinity]}