{"[20]": [Infinity, Infinity, 3.0, Infinity, Infinity], "[40]": [Infinity, 12250.341905096744, 8.172359964480835, 17.799804638157237, Infinity], "[60]": [28.165166856531872, 10.083238379887792, 25.577789794685003, 44.53031396282138, 35.075416445211765], "[80]": [1.3562895310071346, 3.8573208101054717, 10.312503074650943, 29.955275586253595, 13.249910908513339], "[100]": [5.319515520562278, Infinity, 0.7789540098399463, 32.40088303245582, 5.579758676241564], "[120]": [1.27554245399739, Infinity, 3.4813009994729858, 24.26165742247399, 5.247308602380524], "[140]": [43.26837855222813, 3206397286816.0083, 138.55040417120506, 174.91949194684975, 25.72532366771097], "[160]": [302.16980727321385, Infinity, 1431.1086211781183, 1719.7106603791408, 707.0194882067832], "[180]": [2838.118871455307, Infinity, 5125.299441627266, 4596.994252537884, 10161055.764296593], "[200]": [375.5238351688373, Infinity, 131.5086735319976, 1669.8076609593854, 9566222.769492019], "[220]": [378.13540088265984, Infinity, 4269.3017322505775, 1136.08137460239, 33030331.95180729], "[240]": [271.6944239107217, Infinity, 1784.6991580216757, 332.9737602658943, 856778.0451867223], "[260]": [38.37687869642753, Infinity, 224.92043162798393, 26.6638250214472, 102649.8197049513], "[280]": [77.97085597128269, Infinity, 23.820180782281135, 2168.885857541735, 38763.075056904694]}