{"[20]": [60.44399402810031, 57.889262961093664, 61.142857142857146, 45.19335987657908, 48.88256928664518, 45.18978390590657, 48.87779375206925, 56795.49554443573, 57.916410434721094], "[40]": [1017.556924886668, 209.61154131890066, 1285.5714285714287, 1326.6917153369247, 1353.7660263544533, 1006.7554030761196, 894.027199993197, 222.46890962634552, 27.870670833218355], "[60]": [13214.951784746389, 1.687066334230782e+18, 21620.285714285714, 17008.53227934047, 1119.8681933195476, 606.8515617840276, 2357.358724397982, 8031.007477243005, 8905.140847723138], "[80]": [27032.403588243353, 3.729403789879908e+27, 7785.0, 7701.046045735176, 11398.287855824783, 1450.6142806210482, 1463.7609709142416, 1795050.3805325853, 564660.2182052804], "[100]": [1614.7965289240146, 2.647552091869952e+35, 24690.285714285717, 2239.629646744397, 1179.312219388199, 1078.1581176101772, 1040.8033466423167, 800411.9820053973, 582941.9928538972], "[120]": [3427.0272465097223, 8.308450134770628e+38, 5479.0, 769.5877459037815, 310.5565057771205, 233.03851416218436, 250.77982936224998, 11778.758603783182, 9357.157237859736], "[140]": [667.3423905377895, 4.976266294395922e+53, 978.5714285714287, 216.91733249234875, 133.78854448717783, 123.47149600000245, 116.91815729597369, 270.02358124521106, 758.0349501494725], "[160]": [563.7879610137115, 2.135402919236706e+62, 181.14285714285717, 66.93877357618096, 51.082185732985295, 53.20318066300546, 52.078175800231534, 2590.3666063355213, 2646.8875773836508], "[180]": [969.0142721108987, 3.104745092395459e+70, 53.71428571428571, 8.071948438318248, 4.454180552211663, 6.178725688406058, 6.2946636875338635, 2592.140402240858, 2554.117587540242], "[200]": [609.7309356924761, 2.1119689227880706e+80, 5.428571428571429, 2.5961384283499944, 2.219357012691111, 2.3428303103451187, 2.3105071895284297, 1746.9658176742862, 1762.2346804490403], "[220]": [524.5449946460194, 1.776360035683665e+88, 0.2857142857142856, 3.7743180696263887, 3.5545104229394457, 3.7410251734732882, 3.7812224050029455, 1376.0460408219587, 1380.061976084021], "[240]": [455.20320741603064, 1.0427345148083256e+97, 3.1428571428571432, 1.6284671985987629, 1.264132273809437, 1.624142052567901, 1.7218797883841797, 1134.2008769835866, 1133.7388269795374], "[260]": [467.5249183363794, 4.2491225503989994e+105, 1.2857142857142858, 0.07427768687318043, 0.14713185971780768, 0.0748352064892697, 0.055127976937228054, 1046.7200627399502, 1044.0889397987498], "[280]": [412.97426155811627, 1.6874702090631743e+114, 0.0, 2.097721140719377e-06, 3.3897770141745337e-06, 7.358172396976182e-05, 0.00013826683995793847, 906.7980583831469, 903.9937979970745]}