{"[20]": [5.9368401567725595, Infinity, 17.41624777494003, 9.395453663468878, 23222.22312692262], "[40]": [0.6496359108537422, 238.51740019750713, 331.83822266477665, 98.71330346924925, 569.6807641684791], "[60]": [288.0514078723663, 6562.924010573641, 7025.192080073924, 2632.7637425206062, 8374.746705686724], "[80]": [6212.886144070249, 6258.917964384148, 10708.635648470345, 11862.960337950906, 1820.5227893263095], "[100]": [208.81426075375262, 11260.633713129208, 14211.504051016902, Infinity, 3223.467390802649], "[120]": [567.3702819370567, 1256835901151486.5, 3361.7077800478173, 1398.4649369594185, 716.6005704863283], "[140]": [168.16408364080456, Infinity, 602.7482483896948, Infinity, 100.803881175079], "[160]": [469.3354983797428, Infinity, 133.78154992656357, 44.45096244042404, 25.997461095537886], "[180]": [386.01475514258084, Infinity, 33.80464714572474, 15.656173773948193, 12.87089149600854], "[200]": [274.07795611256495, Infinity, 0.263806136193602, 4.7939750724998555, Infinity], "[220]": [191.9691739707765, Infinity, 1.3816598759860952, 0.8382135261709877, Infinity], "[240]": [144.52139995156318, 596226361225110.5, 1.418875112921613, 0.23690251061013906, Infinity], "[260]": [112.88368678235824, Infinity, 0.5873371402014701, 0.0076954571944369676, Infinity], "[280]": [98.31025261789236, Infinity, 0.0, 0.007749450579973089, Infinity]}