{"[20]": [31.349596686105272, 878.8387191128056, 38.42857142857143, 668.0801190052197, 700.7112805504329, 33.56532967243662, 17.919548412762108, Infinity, 828.8646420127662], "[40]": [0.6311932680244041, 0.5726694705980151, 60.57142857142857, 132.6175403206667, 103.77292335622326, 55.73385435325496, 61.729369314571386, 2517.2847218554552, 17.16896786555739], "[60]": [63.38666982755012, 1.6870674830212157e+18, 108.57142857142857, 205.21714323063122, 92.68257035041822, 133.8199640188563, 50.858280347848705, 69.84244037317427, 87.7070847381882], "[80]": [203.395860623727, 3.729403789879908e+27, 306.42857142857144, 480.1673725472322, 281.40217119364036, 247.81543731268886, 192.91050483181425, 142.2453481822622, 142.81984517018162], "[100]": [542.7417091769562, 2.647552091869952e+35, 1084.4285714285716, 1365.932422629468, 933.8593275429859, 1099.292001382858, 445.7169637861757, 147.86845188236043, 222.0812519414592], "[120]": [471.7386116963571, 8.308450134770628e+38, 2670.714285714286, 2281.8255994419924, 1579.8832864893511, 2125.1357287863293, 331.4220183818843, 1488.5229989557429, 1481.0571510312893], "[140]": [103.90925996205624, 4.976266294395922e+53, 3814.857142857143, 3564.8727796823678, 1940.4700280505876, 3028.407059247603, 453.7204444303625, 2538.929449074207, 2913.2401591836788], "[160]": [199.56369398748757, 2.135402919236706e+62, 3219.2857142857138, 4719.667794868714, 1633.5685038788233, 3095.2728689316373, 1936.665253706622, 2538.7367996924295, 2610.059910649894], "[180]": [1462.205847595722, 3.104745092395459e+70, 3702.4285714285706, 11117.921371116649, 2739.681230695993, 5010.604132379613, 673.1032423146826, 3558.178458414126, 3956.1646333354074], "[200]": [2175.91345331732, 2.1119689227880706e+80, 1218.4285714285725, 15072.700053411441, 240.9717029338717, 4525.461329229618, 2073.9517565132737, 3288.4997156309837, 3240.1138736778084], "[220]": [333.22844959029317, 1.776360035683665e+88, 5109.5714285714275, 10391.3053303345, 4483.246497593496, 2379.7535671094847, 6005.253633802135, 1797.911757484646, 1785.5036917872349], "[240]": [822.2054419254082, 1.0427345148083256e+97, 5391.285714285714, Infinity, 3542.9058919566833, 6901.642088206296, 3833.6079713298313, 2479.3391917788767, 2629.315732303832], "[260]": [394.82453095924393, 4.2491225503989994e+105, 3374.7142857142853, 2004.8971647482538, 1346.612761535167, 3972.491562027163, 1763.4703831657134, 226.16639622166213, 187.43006029733988], "[280]": [224.25787077146106, 1.6874702090631743e+114, 1393.1428571428573, 728.0605170189086, 351.7620417306514, 1798.5498776853274, 421.207902788168, 218.47459080439057, 212.46071079764306]}