{"[20]": [Infinity, Infinity, 16.564785491653048, 11.535487967081115, 58.62010571498685], "[40]": [Infinity, 95.51455251551255, 142.84872602434243, 63.010002445291136, Infinity], "[60]": [1157.7346418390919, 4045.2662508506746, 135.08696044294663, 351.6899714937361, 61.69676336311181], "[80]": [14.995167156264165, 83.7403130945128, 31.99505858992032, 304.5676012608387, 20.19288684998056], "[100]": [36.42318201313849, Infinity, 5.303087205022131, 303.9850661394113, 31.895278242836056], "[120]": [80.65405930466163, 3069373181.264602, 44.93485486003983, 345.94633223104347, 53.93382938736613], "[140]": [170.23923738420254, 40897580.36492861, 2632.057781857538, 291.5507350414474, 888.529631959814], "[160]": [3217.8467685599257, Infinity, 19956.165042150387, 24697.62994495316, Infinity], "[180]": [22036.430919869625, Infinity, 10920.370104722033, 15699.337526106136, 218338475.49750224], "[200]": [1478.2135236030906, Infinity, 22379.03522153261, 7407.5204343791065, 149603117.04118955], "[220]": [335.4592583335322, Infinity, 9618.064453575791, 5910.034049191076, 56287194.945982695], "[240]": [334.3229230404228, Infinity, 2538.3393538748865, 444.33409029904, 11626218.14944993], "[260]": [195.5931544415234, Infinity, 316.71193026653907, 65.38083002912967, 5340209.92616306], "[280]": [792.3546189691317, Infinity, 27.610974320080473, 9875.921673895911, 800710.6420226694]}