{"[20]": [Infinity, Infinity, 2.2857142857142856, 2.0064193219713466, 1.1194601456134774], "[40]": [Infinity, 67.83787575161256, 13.285714285714286, 16.294561885597645, Infinity], "[60]": [20.58381380509178, 4.175734964001975, 90.57142857142857, 128.69710423961163, Infinity], "[80]": [44.17974548354937, 86.1160812688845, 43.571428571428555, 226.65683434463642, 27.77278741356821], "[100]": [0.46788327177739575, 2.2035250151767462e+17, 32.85714285714283, 262.8988031499798, 2.22778497113444], "[120]": [49.92008057623593, 4.5377287408898004e+23, 32.71428571428572, 220.2065083580282, 48.82353533875073], "[140]": [121.17260292824358, 3875.7349941200373, 598.7142857142858, 392.4764954178536, 168.77972748935167], "[160]": [524.117719039321, 4.268753470761705e+29, 5926.142857142857, 5749.2644911395455, 2447.6125966332975], "[180]": [2593.758594480845, 3.799528973333992e+32, 713.8571428571431, 10282.980971708017, 454969.64961539686], "[200]": [1711.3947828294085, 6.126719817771193e+24, 5548.428571428571, 2732.4771803167073, 252319.08904489], "[220]": [69.99654024701658, 9.306879054289643e+51, 1343.0, 467.2034915892217, 108694.1972802734], "[240]": [17.2177514466932, 1.1556494405907607e+42, 251.0, 104.41578917550035, 52042.245468698195], "[260]": [49.55684591695141, 1.2196817120098773e+80, 53.42857142857143, 5.47251664932004, 27087.543427333323], "[280]": [348.8080710785531, 9.587421667072301e+81, 4.857142857142857, 1.4253097664789076, 756.4571378007992]}