{"[20]": [3.0, 2.8610357511668285, 3.0, 2.999999360263568, 2.999989870788562, 3.0, 2.99999999969174, Infinity, 3.0], "[40]": [0.7205875321045618, 337619798.9993563, 0.5714285714285712, 22.17136421795921, 18.995838241306842, 1.4391597618532712, 2.249233328502129, 13.000000000000046, 9.236607952369356], "[60]": [1.8432090442692761, 1.6870675712868388e+18, 1.0, 3.212517872796691, 3.6757296220134, 2.6793918384346647, 2.8076036028253046, 36.85541766584257, 1.2557588264827135], "[80]": [5.220345198340658, 3.729403789879908e+27, 3.4285714285714284, 6.806660157361199, 6.9406623265565495, 6.3142200510129705, 6.136106559215091, 4.030257240961074, 3.655085519616952], "[100]": [0.2797659206494618, 2.647552091869952e+35, 1.8571428571428568, 5.402341331654116, 5.98128709363664, 0.15492159466201016, 1.8553995461132988, 2.9190177744216896, 2.673603131324432], "[120]": [1.640973380829239, 8.308450134770628e+38, 0.5714285714285712, 6.480000618471868, 6.998228578090283, 2.0749490265682855, 0.24263473159394522, 4.415922832781115, 3.901000794891378], "[140]": [0.1711877613605024, 4.976266294395922e+53, 1.0, 4.5544622612260035, 4.999862611194325, 0.6197072812573117, 1.1766398255152755, 0.6657700478733677, 0.6756033810720581], "[160]": [1.086809569596443, 2.135402919236706e+62, 1.0, 1.8514908020549186, 1.9999896287835597, 2.110567469521161, 0.29231826287871154, 4.489280958118494, 4.410740644959002], "[180]": [1.5416553686012893, 3.104745092395459e+70, 1.1428571428571428, 3.630519312859621e-08, 7.806898366988125e-07, 1.7761859435632406, 8.195790811612873e-15, 4.248054450192081, 4.4120158311432025], "[200]": [0.3308559027986848, 2.1119689227880706e+80, 1.0, 0.9999999980147007, 0.999999941255075, 0.13929084138040115, 0.38584600488647447, 1.6064100317576844, 1.6218502713366485], "[220]": [1.4743628376074218, 1.776360035683665e+88, 0.0, 2.6287286647929693, 2.999999995578576, 2.1355083063323366, 1.294863994126384, 2.400934320905293, 2.314307428989162], "[240]": [11.922890796540226, 1.0427345148083256e+97, 12.857142857142858, 16.55447439787591, 16.999999999667025, 16.09988202493878, 11.397777009549507, 12.1818045977012, 12.200387621618477], "[260]": [29.06266405220086, 4.2491225503989994e+105, 23.428571428571427, 41.514914659605815, 42.9999999999749, 35.842779202764284, 23.0, 26.86450674071384, 26.714765304640196], "[280]": [20.660627284448488, 1.6874702090631743e+114, 22.857142857142854, 62.65855798411377, 65.9999999999981, Infinity, Infinity, 11.051626740383853, 11.428140693192844]}