{"[20]": [20.418630416370927, 1147.95466721208, 21.714285714285715, 507.82739757963986, 518.4611517826872, 18.744491180737448, 6.638291804811509, Infinity, 421.0544090693855], "[40]": [169.13971341348332, 92.33064809108117, 227.0, 8.083042793854815, 254.4011706277824, 28.353653948428928, 3.6432880173412627, 267.0228654788052, 42.02334471124587], "[60]": [1414.086178959061, 1.6870673599842988e+18, 2150.285714285714, 2148.18444117843, 1755.6738527562666, 53.0272736244101, 65.33423460442373, 793.8116281109042, 619.6921560560895], "[80]": [7453.203607065734, 3.729403789879908e+27, 16164.714285714286, 12135.092309707074, 968.8441038596684, 1235.9288790349856, 314.69784553830686, 8079.980461481107, 6527.428978998509], "[100]": [6333.891633741587, 2.647552091869952e+35, 24343.571428571428, 26459.536199524533, 850.9405119057337, 2403.517800257534, 1854.4344574861316, 62853.702997718334, 72125.9172583098], "[120]": [2020.0358303392386, 8.308450134770628e+38, 23604.714285714283, Infinity, 7933.960343314688, 1669.793396306697, 1482.6231179136412, 115675.36864136875, 97797.93407064925], "[140]": [955.7475208928281, 4.976266294395922e+53, 14517.285714285714, Infinity, 1803.3752822204851, 93.1194197668292, 66.2814705803421, 25789.79626172701, 31909.354631158963], "[160]": [2415.5689144999415, 2.135402919236706e+62, 3486.7142857142853, Infinity, 150.53235833894223, 266.48236380217804, 245.90138991489948, 6753.311899641183, 5855.822273553968], "[180]": [597.1544263078213, 3.104745092395459e+70, 775.8571428571429, 301.1906564076022, 63.02855106644432, 183.92960386271204, 176.00354535743082, 1024.4017671712368, 1173.6625077886363], "[200]": [220.25615747535085, 2.1119689227880706e+80, 226.28571428571428, 100.13682476094922, 30.648441159162473, 78.76770621274295, 75.2850141158384, 908.5401171945516, 931.4694338579723], "[220]": [637.1515701327262, 1.776360035683665e+88, 86.71428571428571, 15.04926114545508, 6.836996980984761, 11.215731761077935, 9.813988619105155, 1257.3879745955496, 1260.4774705999366], "[240]": [319.24593941981766, 1.0427345148083256e+97, 5.142857142857142, 13.735499576547113, 10.249385742019882, 13.052168456043718, 12.842754843222165, 705.3562646950575, 744.8610839130356], "[260]": [380.5124791127555, 4.2491225503989994e+105, 7.571428571428571, 6.788543850235634, 3.132386478861209, 6.66717798931105, 6.370998402870974, 709.2204583185505, 723.4569740631814], "[280]": [347.40309051557506, 1.6874702090631743e+114, 1.4285714285714288, 4.625099494494104, 3.4842094536634773, 4.603604755250679, 4.509091443860208, 606.7246369182599, 618.2595613922426]}