{"[20]": [Infinity, Infinity, 2.0, Infinity, Infinity], "[40]": [Infinity, 7.584880421022309, 6.857142857142858, 5.497064291490107, 5.419684565119112], "[60]": [0.8552921571716912, 33.22773988824934, 4.0, 7.78641725380865, Infinity], "[80]": [3.4760937851657268, 8.90848042485321, 1.2857142857142856, 5.628669548294744, 3.8824068068482394], "[100]": [2.94858804634225, 1.3623009974163667e+24, 3.8571428571428568, 0.7154878333552068, 1.112442185032168], "[120]": [1.7554091144791981, 2.7628017079842294e+27, 2.2857142857142856, 2.9999822547469193, 2.2088378237490196], "[140]": [5.266839418506715, 210.62252306281246, 12.857142857142858, 16.397597374431932, 4.817435949438934], "[160]": [12.330566581698037, 2.8380160454093676e+35, 112.0, 133.14341157886227, 95.74541715810307], "[180]": [36.403985235773234, 3.1849276084765897e+19, 357.8571428571429, 62.675964346176215, Infinity], "[200]": [121.38917568379156, 6.505900696360871e+52, 1078.2857142857142, 22.72599409579948, 801.3589532691486], "[220]": [1097.5105631554861, 1.1062829924433443e+51, 1247.4285714285713, 3076.782680234541, 210.1675525339033], "[240]": [787.1873026458716, 7.572905757762359e+33, 1816.8571428571427, 1001.8831363578807, 2325.8076366739674], "[260]": [165.06294294041365, 6.092216477510613e+71, 667.5714285714286, 250.3583955930009, Infinity], "[280]": [11.667786058921251, 1.3382754816938912e+47, 249.14285714285717, 531.368154390308, 137.20141822051357]}