{"[20]": [Infinity, 2.4610412883214257, 4.0, 3.9999991742219647, 3.9999863229047325, Infinity, 3.9999959716016313, Infinity, Infinity], "[40]": [23.39750254033916, 3505770475.981245, 38.541672839647525, 141.56294086761417, 116.376714457189, 31.349812400863556, 544.765106097054, Infinity, 211.31842472228874], "[60]": [172.62098677141748, Infinity, 201.569893009274, 236.53068525658233, 226.00041667321847, 21.34961090727281, 123.87857838327929, 102605.74230915436, 351.83023419300827], "[80]": [98.467236446884, Infinity, 36.610241935584206, 217.74743509839186, 6.259675838250369, 171.55747914456177, 198332.81939966592, 64.07704920602413, 664.8207154943237], "[100]": [90.8935737689531, Infinity, 33.60927636513808, 302.70634737642024, 38.59088198844648, 39.530784571532756, 43.87657136978436, 305.2439081410241, 288.3535335101138], "[120]": [22.341116924378273, Infinity, 3.0789663774890528, 323.92085560371504, 3.9634863651957657, 36.06543928393571, 3.674534123517597, 18.866545042585404, 24.215818290616593], "[140]": [1569.2758881625796, Infinity, 1949.7898737017442, 2319.5802366979938, 1907.3596623176845, 2025.0435311802582, 1906.8629339704742, 1361.1892574604535, 1390.3522331033953], "[160]": [5864.380112317036, Infinity, 14361.192947979358, 10232.29971534313, 7525.365923414164, 5464.836989728746, Infinity, 3710.102070414188, 3844.53638207836], "[180]": [4086.4630201020195, Infinity, 1010.0152258536139, Infinity, 6920.427671519579, 7670.059720180285, 98305.8584181375, 41032.406014670014, 40489.42760268805], "[200]": [4671.391838623635, Infinity, 13228.636990805875, Infinity, 10928.218874907652, 8025.0802896388805, 137862.30112059187, 19173.653117917263, 15496.390955418148], "[220]": [566.7761099836016, Infinity, 3212.532490072658, Infinity, 2516.416471527389, 2271.5937242520113, 9955.24229287836, 6432.702175158397, 5758.92118629221], "[240]": [361.1700808702103, Infinity, 733.514755266694, Infinity, 786.1247560994558, 893.7822650645087, 1338.3683747949015, 370.1720055741146, 239.34210405424125], "[260]": [247.08933828642938, Infinity, 107.00580099281123, Infinity, 230.6052368649468, 347.9214744960072, 383.6911217868539, 433.94933970132394, 461.9978936622277], "[280]": [189.2777309566416, Infinity, 5.411315996183168, Infinity, 60.8688883887507, 122.86364336778051, 131.90742401477027, 314.7635629319538, 316.8396161218545]}