{"[20]": [Infinity, 479741.6543741791, 30.833232012831797, 112.7938696426016, 688.3424501868703, 20.65365493852228, 65.29926607690311, Infinity, 28.72226078326666], "[40]": [219.82857457524995, 110.50021078691464, 295.50702872301724, 48.23197735697937, 332.55810867410344, 301.0066252554055, 162.39994930534309, 518.8783312604995, 122.35061212011836], "[60]": [1977.891214834222, Infinity, 3629.077197825181, 3599.3125594811463, 216.80411487241955, 221.76007232901043, 906.933107715542, 263.9428949509914, 681.6290159752303], "[80]": [11152.928619914517, Infinity, 25858.20059628007, 11400.760821079131, 4183.576172754467, 4668.641031870657, 172556.58463988695, 14991.213133026848, 15173.835299299868], "[100]": [9725.051869191759, Infinity, 8357.47755582999, 28697.411260983503, 12304.285039603592, 457.13282398364714, 1424.4190099646244, 6119.990275024811, 54964.460320947204], "[120]": [7606.178003226217, Infinity, 26894.991389104467, Infinity, 6422.22994764792, 1342.0739433085532, 1641.6643783828474, 28227.677806274965, 9428.883190281264], "[140]": [1021.8219659635528, Infinity, 8693.010850196912, Infinity, 653.3143208882102, 421.91420367715324, 402.49639369023816, 6633.377889206827, 5017.593689545816], "[160]": [1296.803362935527, Infinity, 1919.0099458841366, Infinity, 148.49221940896302, 445.5337556056539, 423.2311618053831, 4006.995002247927, 3553.2415592597945], "[180]": [1722.8824493534055, Infinity, 512.5864363774418, Infinity, 133.62813373422097, 266.77759489897727, 262.080810320476, 1531.0809334595558, 1665.620810428183], "[200]": [1429.077234538069, Infinity, 159.7555596413778, Infinity, 105.04033877494426, 173.01405457115024, 177.6105801790786, 1553.9357366602055, 1569.1194250438548], "[220]": [1405.4130323189684, Infinity, 84.83696557482175, Infinity, 41.056108123491114, 80.26983741707829, 85.3928932218979, 1733.0068406813525, 1665.716024619443], "[240]": [1169.7838898332793, Infinity, 12.784206214217836, Infinity, 47.90586086274055, 66.41495284587529, 69.2447584478247, 959.7759958378887, 944.860600526189], "[260]": [1100.132957317842, Infinity, 1.7719400708712305, Infinity, 44.67304098169295, 60.05763496218561, 62.63256713458484, 961.3742972642375, 936.2602454168732], "[280]": [985.1036118753389, Infinity, 0.5247882240206787, Infinity, 47.80976256802347, 64.70713425250851, 67.60508578418386, 653.9220175966603, 649.0133670879197]}