{"[20]": [11.0, 10.86103575116683, 11.0, 10.999999360263569, 10.999989870788562, 11.0, 10.99999999969174, Infinity, 11.0], "[40]": [186.21671131541763, 121.5770121695739, 208.57142857142858, 116.03794028070689, 217.6729111952974, 214.69225621299356, 163.03812166287088, Infinity, 1225.10256167494], "[60]": [4462.154643378948, 1.6870673292250785e+18, 6020.285714285715, 3637.835185735456, Infinity, Infinity, Infinity, 901.0361697469634, 1297.457200967504], "[80]": [1069.8531813070804, 3.729403789879908e+27, 26049.571428571428, 11137.125544908355, 4166.72306896119, 4221.015827603216, 5685.46070753337, 141209.29698083916, 169365.4615369873], "[100]": [5614.863982186931, 2.647552091869952e+35, 20274.0, 612.3633371290198, 7020.541873956467, 6804.6231910867755, 6395.095631858821, 356139.1968259136, 94402.70624645747], "[120]": [3816.6362825351825, 8.308450134770628e+38, 9254.0, 544.5900845857832, 34.13634558585045, 117.4559002382066, 76.92570374865, 12589.415481247226, 6434.535136773071], "[140]": [1485.3347921863478, 4.976266294395922e+53, 1678.0, 492.1056795010183, 388.4441964379627, 376.0855724580672, 374.1440925538657, 857.780731920634, 1007.8548322602705], "[160]": [459.23648566098655, 2.135402919236706e+62, 470.1428571428571, 198.21977024000813, 169.98389260529865, 177.56004947811948, 191.42909104896222, 1059.4912080156646, 963.0314678417799], "[180]": [759.8185727640266, 3.104745092395459e+70, 150.28571428571428, 61.83990352620053, 53.452202580689104, 58.56103705852681, 67.05110605793084, 1910.919235525389, 1916.547654119297], "[200]": [471.99528222123445, 2.1119689227880706e+80, 39.714285714285715, 18.32797027924923, 16.402553682772773, 17.833684749976257, 20.170891864794854, 1233.4819385795884, 1293.6280918940358], "[220]": [491.62197352938074, 1.776360035683665e+88, 11.142857142857142, 5.922798955195082, 5.333424559683332, 5.850445507532962, 6.71737954325029, 1053.106504123067, 1109.5816974376792], "[240]": [510.4524739349281, 1.0427345148083256e+97, 2.857142857142857, 0.8472055817045788, 0.7631084384071118, 0.8368238664664661, 0.9570788528043223, 981.7354026232375, 1009.1901725286837], "[260]": [385.51481577544473, 4.2491225503989994e+105, 0.8571428571428571, 0.00048799676274644747, 0.0006022460857268938, 0.0019559674142600107, 0.006346777015239147, 726.2964230852681, 757.8250817579644], "[280]": [365.7247844857975, 1.6874702090631743e+114, 0.0, 5.556387739150882e-05, 6.996752418042009e-05, 0.0002608254745643692, 0.0009656151235055681, 697.1902687690404, 716.2794601668438]}