{"[20]": [6.0, Infinity, 6.0, Infinity, Infinity], "[40]": [12.381586607021859, 63.0343356446545, 55.0, 22.409100390689638, 59.01728754095365], "[60]": [518.9368579860052, 2195.1241982254305, 861.7142857142857, 13.190036733442525, 112.35967992779933], "[80]": [2210.5714271728575, 6408.337856603161, 8474.714285714286, 6177.905455718503, Infinity], "[100]": [5515.078666902753, 69409.97483793763, 1126.1428571428569, 8495.575919885938, 7706.40130644913], "[120]": [645.9745726288988, 10093.734327403929, 8298.857142857143, 958.0539788463539, 2674.175547970751], "[140]": [168.7853697879758, 6.880288805051472e+20, 1971.4285714285716, 103.2916851334673, 341.21848031635886], "[160]": [500.6870194921568, 2.0194324527529424e+20, 258.14285714285717, 1215.9749998745085, 43.62957387264116], "[180]": [569.565015699288, 9.324293652739721e+25, 27.0, 1.5032567286046246, 4.552898668208378], "[200]": [467.89097128068704, 9.190398521579021e+31, 3.142857142857143, 0.23494821704544727, Infinity], "[220]": [350.5946032248225, 1.0570949026007392e+35, 0.0, 7544.529082936963, Infinity], "[240]": [233.94075384059613, 2.337187704536858e+34, 0.0, 0.0, Infinity], "[260]": [107.0058816619642, 1.0411588315981054e+43, 0.0, 0.0, Infinity], "[280]": [42.52350218429484, 3.32111691895547e+82, 0.0, 0.0, Infinity]}