{"[20]": [3.974930637657277, Infinity, 2.142857142857143, 1.6188198055180694, 0.9118793202824498], "[40]": [16.61024299679785, 11.670994723061796, 70.42857142857143, 12.936258256498192, 9.222165773616368], "[60]": [96.5641540472684, 235.37067905878666, 1717.0, 739.693595486387, Infinity], "[80]": [186.7430208677397, 3907.127861980727, 2562.857142857143, 1671.0810849620102, Infinity], "[100]": [547.1914207125119, 3037.8750323557542, 3426.5714285714284, 2213.725149451976, 1190.198162570051], "[120]": [310.2818709465507, 1.1940060301267776e+16, 707.8571428571429, 995.748820348108, 305.15044698604027], "[140]": [43.80030324755646, 6990448577140165.0, 151.85714285714283, 408.3989249967542, 135.53905946248022], "[160]": [116.34097913092148, 1.7870572057049325e+24, 38.42857142857143, 152.33337022898297, 48.66559181547606], "[180]": [96.84182740344535, 8.559405863574835e+16, 17.857142857142854, 15098.8499863478, Infinity], "[200]": [59.540782957845124, 3.788678250088451e+18, 4.857142857142858, 4908.8836526259565, Infinity], "[220]": [39.68352467702951, 3.7771329777455576e+16, 0.5714285714285712, 8707.243722581146, Infinity], "[240]": [25.169357506539093, 4.860800438220171e+19, 3.4285714285714284, 0.9415483857378864, Infinity], "[260]": [27.4874061080411, 3.4023888452682985e+35, 0.0, 0.0021975787135076422, Infinity], "[280]": [36.9285282485443, 8.450619570670163e+54, 0.0, 0.0012555796457755788, Infinity]}