{"[20]": [Infinity, Infinity, 3.0, Infinity, Infinity], "[40]": [Infinity, 16.50847852768963, 23.354853550228814, 10.959458557818122, Infinity], "[60]": [115.2510831672678, 13.221253184543418, 105.13439699558776, 154.53378544771795, 102.24290854566465], "[80]": [41.62660740264324, 93.12217380729156, 3.0880088013796456, 143.75161412306784, 43.299513040026284], "[100]": [13.641218884323537, Infinity, 23.551438040805667, 124.89191608769288, 17.449921082745607], "[120]": [2.2523776968295355, Infinity, 7.168453943660092, 120.12306036564229, 6.982840884024951], "[140]": [6.386725438568517, 490896.56185546314, 370.2627264258851, 501.4994399579003, 50.26890839314242], "[160]": [139.7928518908798, Infinity, 3901.1540066665298, 4752.772973292499, Infinity], "[180]": [1015.5003081787639, 3.7936126292129575e+22, 12437.881806159903, 11853.680357309706, 38349099.43870361], "[200]": [5525.445004570775, Infinity, 4471.573342151195, 14127.177608375698, 117402905.14813194], "[220]": [1737.3697406511574, Infinity, 7820.922589332831, 4298.851985359462, 40017917.065861724], "[240]": [98.58427418115176, Infinity, 2870.746687052952, 699.386652739414, 16376064.214926593], "[260]": [159.69179942111347, Infinity, 467.15670586320596, 76.34730252281484, 4162486.806043655], "[280]": [91.06738708744483, Infinity, 52.45787586657264, 17.353408858606006, 83693.03958835288]}