{"[20]": [13.29395880386464, 21.030192629776515, 12.822000142399885, 25.76252456917018, 15.71975793877564, 27.40739234856728, 144.18934450584212, Infinity, 11.079577245081767], "[40]": [43.460511150017595, 18486806599.740906, 32.99235053266818, 11.55265379062801, 47.123680620145926, 46.34453813097573, 176.4760402086928, 2948.214344529176, 275.50991411101944], "[60]": [6.374947164609861, Infinity, 3.2861331326687586, 42.89810995949034, 34.69880863792776, 2.0424998638218783, 12.712319353777982, 3510.461255225398, 48.11869604185364], "[80]": [26.35715353262392, Infinity, 32.39256845056002, 88.71955812416388, 30.24060103993722, 61.262318474207504, 29.028105212599158, 94.47104058516015, 33.068005422776466], "[100]": [55.406976367736334, Infinity, 65.35833017641518, 144.74277299918248, 61.15767070534887, 59.212051107590746, 611.1534682166583, 40.522907526116434, 42.07671300304853], "[120]": [110.39492656650647, Infinity, 237.46147838873597, 352.60259941408896, 208.40692151172163, 135.16159976237665, 79.23523903816293, 68.79931510659203, 70.83378665789728], "[140]": [19.929686733487596, Infinity, 317.1951255217766, 367.9272870100299, 119.41561559830141, 33.01011975746913, 254.9702908855735, 130.21762599016407, 134.92495484776057], "[160]": [112.15757488623548, Infinity, 390.67688551480023, 607.6247483466294, 206.96119367572007, 261.2347638621603, 61048.41895944473, 193.43223814469675, 198.5627596232067], "[180]": [234.99615967211068, Infinity, 805.4299623636776, 1292.2176225504268, 632.3316077744464, 865.076813574724, 314.66993978614374, 92.63013263707003, 75.35699108901578], "[200]": [1005.5739600453413, Infinity, 2857.209327429154, 3186.01569185713, 2337.817048928943, 2920.2718573759134, 1192.2858120179494, 614.5197097094091, 569.0589760534345], "[220]": [57.63144682193992, Infinity, 4783.436074064552, 5103.788755280275, 411.01251949990876, 827.0910127744564, 2151.823244131055, 1764.6608740882166, 1652.3559627608595], "[240]": [1741.0191818311123, Infinity, 1307.537653971389, Infinity, 3813.4816732357663, 2593.7552179602462, 14158.071117563135, 2334.037355687421, 2137.1810061714737], "[260]": [426.742399507491, Infinity, 4631.550454636691, Infinity, 4972.806384329194, 2414.586865893757, 44349.62179705917, 1101.5242097446776, 1230.095570028736], "[280]": [690.5732852989914, Infinity, 3963.4876074507406, Infinity, 2683.614772785487, 1853.5629271710236, 11619.805490403854, 4371.773267672956, 4353.756144708282]}