{"[20]": [3.400329530080274, Infinity, 9.285714285714286, 3.300903227488438, 2.9877103396221116], "[40]": [4.790159087751249, 102.44232682717114, 174.42857142857144, 49.03848776370404, 53.40232089249034], "[60]": [140.8027892152786, Infinity, 4131.285714285714, 1672.7286594909183, Infinity], "[80]": [5939.03415688446, 3431.4624709526106, 42092.857142857145, 39298.590480510415, 17842.644780456896], "[100]": [20658.924963722442, 38194.61999836685, 22832.28571428571, Infinity, 28722.653609770205], "[120]": [5452.612519625658, 5549540329802680.0, 18003.428571428572, Infinity, 7528.500705864248], "[140]": [381.5125931337325, 4.93926429918109e+16, 3714.5714285714284, Infinity, 1210.7427082053746], "[160]": [129.74054317026025, 1.393321605035482e+16, 1164.4285714285716, 158.41383799088044, 401.6149079496454], "[180]": [531.9791524185184, 1.0580508141071068e+25, 304.0, 13.395300435844149, 100.04187794500928], "[200]": [779.2243473337134, 7.451704202468958e+16, 89.42857142857142, 23747.447071938564, 29.170195184542095], "[220]": [704.8798081648542, 2.0328560380255016e+26, 21.857142857142854, 40372.21349480567, Infinity], "[240]": [453.22869562814844, 9126381160832580.0, 4.2857142857142865, 1.7441841197325512, Infinity], "[260]": [58.91305032456455, 38056223333.37392, 2.0, Infinity, Infinity], "[280]": [482.1805937736326, 2.7342425623869464e+64, 0.7142857142857142, 0.3081915003421273, Infinity]}