{"[20]": [Infinity, 6.402378807790232, 8.0, 7.999999174221965, 7.999986322904732, Infinity, 7.999995971601632, Infinity, Infinity], "[40]": [2.2674205276815154, 2362062673.339811, 6.61869267897206, 66.38372201383248, 44.0115796681642, 14.633090761140881, 2.823891599677495, Infinity, 67.3215464642057], "[60]": [5.266079025230975, Infinity, 5.634972274443806, 20.52621171757885, 20.2083676336247, 19.211110672619867, 202.8248045827387, 93494.09589035761, 18.981669923087303], "[80]": [1.3753152711143377, Infinity, 3.3031137329791718, 25.395619994748767, 19.18723676711437, 4.711521024263095, 137.68330263788314, 0.49940696631195397, 1.2924515508436618], "[100]": [29.692782600543843, Infinity, 33.1288538071567, 58.177137231627036, 54.194826664926445, 37.763450573609525, 23.5602420239664, 18.790034538471353, 24.97747466895814], "[120]": [5.749426405456269, Infinity, 45.35048110629866, 76.48064793566137, 74.42295542292665, 12.441607818485581, 10.452050304811142, 29.225647698265448, 23.091035667682032], "[140]": [34.36465974370778, Infinity, 88.59160274478711, 143.4345525005608, 133.9015164314364, 8.332372571300152, 25.61318991366249, 1.610679283449268, 5.9009006810952], "[160]": [10.425718051510655, Infinity, 26.011850751729337, 100.84089954236832, 51.83638563191119, 52.94213017398121, 87.71435485070529, 98.37286227397433, 105.5747810859846], "[180]": [99.74799732786994, Infinity, 142.11881279259302, 276.7428823472592, 154.76156754796375, 152.76400841420656, 32354.074764856447, 24.733080292608218, 29.936679467749965], "[200]": [254.01323428306773, Infinity, 542.0947963258218, 753.6296837399383, 417.90606237977164, 421.5987952319859, 317.1236325347075, 251.66423197938232, 262.90473413741665], "[220]": [269.28841652094377, Infinity, 1283.1957824742517, 724.6813534945404, 305.82076148051067, 387.00348855685644, 1210.7051544362707, 183.28827472629536, 166.18690409925924], "[240]": [33.0391961076018, Infinity, 1495.9040679703526, 806.5422247929245, 94.51569451613331, Infinity, 7003.296102175621, 223.59160036548727, 214.52351158636216], "[260]": [581.890504839866, Infinity, 792.9604122552511, 290.5410534084063, 2316.9884071437446, Infinity, 83259.99246237705, 1002.4182036391963, 1114.835244113548], "[280]": [152.30179981286284, Infinity, 1457.3805053108913, 588.7921775879214, 1177.3255961828543, Infinity, 12592.422577685653, 1990.91640380495, 1875.996446975731]}