{"[20]": [14.400671299891155, 0.46758071526265965, 14.857142857142858, 58.93163945845676, 56.39446999821125, 59.02744967028404, 56.45069690325117, 2.698297615169553, 1.596538601488195], "[40]": [42.67415917351755, 743982053.5716405, 47.0, 8.406595604849713, 65.73334448593162, 19.940618031675562, 48.933537803664336, 42.41559305495525, 32.91592964811099], "[60]": [1.8486474099777581, 1.6870675057562941e+18, 10.57142857142857, 60.43408875158643, 66.13688987118285, 29.352096469444618, 39.43071408800664, 8031.78064338816, 79.15728726607918], "[80]": [70.56938718598052, 3.729403789879908e+27, 78.85714285714286, 155.4990620272944, 66.71227693941503, 102.53653005505434, 65.33007994844692, 53.9989503811932, 22.72209142184002], "[100]": [200.2425088584544, 2.647552091869952e+35, 202.0, 316.4176478969011, 198.6835270069241, 137.75604879017095, 117.32924556745229, 154.01054859155522, 154.29559212143627], "[120]": [5.808135555222407, 8.308450134770628e+38, 459.42857142857144, 563.6558144706778, 339.8625513924354, 150.54083258387152, 109.56559806291773, 171.32904539098286, 174.52386034186566], "[140]": [207.9379465069153, 4.976266294395922e+53, 581.2857142857143, 792.7433589971246, 380.9497076644234, 525.5695932534886, 190.6348841248814, 157.4006730619219, 164.1481711845563], "[160]": [305.34379887218347, 2.135402919236706e+62, 482.42857142857133, 1027.369994665172, 340.29065626253623, 535.6023990933852, 286.60168389210116, 767.4199262763664, 703.1760913917603], "[180]": [702.8855588611068, 3.104745092395459e+70, 1296.7142857142858, 2252.431853792433, 1123.5879890076644, 1523.451016144627, 958.2536599244459, 583.6199079292892, 531.464157173863], "[200]": [6964.867251368407, 2.1119689227880706e+80, 3833.0, 4798.14792724668, 3203.2369359827344, 4642.112168260284, 2005.9713985715152, 567.5834292582749, 597.4434090495597], "[220]": [674.602528632433, 1.776360035683665e+88, 3535.2857142857138, 6586.708851456902, 1160.936543849777, 902.3821441780274, 1550.6934819556009, 251.7952295704872, 294.2712569185969], "[240]": [314.7350329853107, 1.0427345148083256e+97, 1158.4285714285706, Infinity, 4457.276056660949, 2632.7699761837466, 4543.934416158474, 773.3839175926842, 748.535584195999], "[260]": [537.3718520265202, 4.2491225503989994e+105, 4655.857142857143, Infinity, 2739.425650759793, 2410.617077483348, 2423.4382104013694, 863.2546565357807, 867.0574788627409], "[280]": [527.3853643251159, 1.6874702090631743e+114, 2959.857142857143, Infinity, 1473.4404373090965, 1563.5929461370843, 1664.99676434996, 1408.5273658749197, 1462.7575342815207]}