{"[20]": [22.0, 365.1862722641289, 21.428571428571427, 55.15062957219071, 52.36925746183874, 21.841960370317672, 21.96286333896115, Infinity, 21.086057857782254], "[40]": [170.75025592416767, 207.21969854577463, 174.14285714285714, 18.118996614611802, 196.59655717170497, 153.3045542266912, 128.91629407027193, 3198.3968265295425, 42.40059363081184], "[60]": [2139.1125759243046, 1.687067388068808e+18, 2830.4285714285716, 2791.4102141814114, 2825.3604437002596, 1003.0785173802583, 991.991834143821, 55.92283391807587, 990.684160273373], "[80]": [5380.481459165872, 3.729403789879908e+27, 21681.0, 10824.069365932, 4684.426480139042, 5000.915692534552, 4968.922125554058, 18149.370772788337, 18024.884183444417], "[100]": [3840.095339826079, 2.647552091869952e+35, 8260.0, 701.4784082279584, 11673.4450135839, 8561.405437373924, 8325.55747252305, 450014.6778373391, 290145.8069286168], "[120]": [4672.219177820798, 8.308450134770628e+38, 13354.0, 554.3285184147499, 1416.680279234276, 1543.4908155635667, 1390.8233188235945, 29770.653558561797, 23300.24361882072], "[140]": [1354.5391579848856, 4.976266294395922e+53, 2601.1428571428573, 64.8788951230622, 162.6223714065119, 205.98428677985203, 220.21601787577015, 4163.3856259047425, 1481.894396809293], "[160]": [1104.6411023201072, 2.135402919236706e+62, 375.42857142857144, 5.196762119753529, 19.304836311412174, 31.156710755225006, 42.55997276877446, 1702.4490748449102, 1564.3411583348773], "[180]": [648.5267892045276, 3.104745092395459e+70, 50.42857142857143, 5.644105515152688, 3.4813078700108253, 1.0949321256384117, 1.7699401281418545, 1238.9005534408384, 1276.2215355601427], "[200]": [461.86856199447084, 2.1119689227880706e+80, 11.428571428571427, 3.7893460431896506, 3.2452014648066316, 3.0313173448518578, 2.9549065113782267, 918.8437489211115, 981.3315130448541], "[220]": [467.07263052435883, 1.776360035683665e+88, 4.142857142857143, 0.3643701815829603, 0.46867381447821266, 0.4865298452027323, 0.46867222581772555, 857.0644546552268, 880.2289582891332], "[240]": [400.78616617414264, 1.0427345148083256e+97, 2.0, 1.981718043531276, 1.9797300804085365, 1.962498066699547, 1.9283249960016644, 684.7008010061297, 712.5431899689872], "[260]": [363.52407535970997, 4.2491225503989994e+105, 0.5714285714285714, 0.9233854727412667, 0.8928365447481252, 0.920413787443748, 0.9881906755177303, 582.9006804493415, 603.9689880137096], "[280]": [315.78037193865157, 1.6874702090631743e+114, 0.7142857142857143, 0.00030471534277726637, 0.00034609005797134914, 0.0007582036355096535, 0.0016935953076068497, 487.3437081764083, 504.46894583763594]}