{"[20]": [0.11313341567187418, Infinity, 1.2857142857142856, 0.421123260093085, 0.3231024416846884], "[40]": [4.538503155826334, 7.202046966591656, 7.571428571428571, 5.159406869275076, 5.0818452633159925], "[60]": [9.525138789274258, 17.39428646450866, 5.0, 4.441536290096625, 1.9529495899345974], "[80]": [5.5371067279898725, 4.396608885217574, 5.857142857142854, 8.818802195590393, 3.7535623439826225], "[100]": [27.854582703600833, 23.29027875259635, 34.714285714285715, 0.6179830293993831, Infinity], "[120]": [0.08749111790524466, 116.89613330297311, 48.14285714285714, 2.775564009230635, 10.146551210081185], "[140]": [24.94340031644083, 90.35449884057647, 41.571428571428584, 1.1272632436420054, Infinity], "[160]": [6.799123068669019, 64.76765137085084, 67.42857142857144, 38.721936584528805, 41.921248326809746], "[180]": [38.08642556735674, 3.3630725878691206e+17, 95.57142857142856, 85.07346784322897, 58.9795414137011], "[200]": [57.475132539663946, 155.92802808412762, 515.7142857142857, 84.07500688265168, 139.88733273899038], "[220]": [145.06650949466484, 2.8992712818258557e+24, 1192.4285714285716, 362.8352381738009, 346.7658233201287], "[240]": [30.47405662793699, 2.3906552875215373e+30, 1267.8571428571431, 949.1206325454223, 52.31901308608485], "[260]": [177.74913056349578, 3.3361742853345273e+20, 367.1428571428569, 1394.8006000422347, 509.55311118843565], "[280]": [450.5989062183862, 1.3264729344385142e+54, 1721.8571428571431, 189.66817252043802, 764.9294456693506]}