{"[20]": [32.46286569886329, 530.6845525597706, 31.322604244494602, 139.6184582984088, 93.98859377016679, 32.930239043396284, 31.045941138751797, Infinity, 6.496348208138099], "[40]": [351.93595260367766, 268.87935170424583, 408.051288853478, 184.00316331852574, 440.30055149028476, 407.61935969125244, 940.3420260358523, 160.0196637941985, 235.35704732921022], "[60]": [6299.492536675267, Infinity, 7338.007077121997, 6642.7736422569915, 727.0029597868167, 461.77647940182135, 7982.806170974257, 1079.042277990414, 1095.193519884064], "[80]": [Infinity, Infinity, 44087.95235016427, 24198.20605838482, 4034.659764208559, 2551.1592309910598, 18386.694280442385, 74070.60780156848, 45216.19582115515], "[100]": [2736.1262655166893, Infinity, 24420.986057174305, Infinity, 22068.252167961306, 12885.84071854528, 7838.006707293535, 287052.16210849746, 26764.177151257394], "[120]": [1957.5645521200045, Infinity, 19504.833384948764, Infinity, 3670.2326250983156, 1581.961747056314, 1096.5946335310678, 305472.4830930349, 224828.22030357507], "[140]": [1453.878512028801, Infinity, 3693.6767618580557, Infinity, 433.2308428582607, 124.07419828210253, 111.414241170726, 514.5082702288528, 829.3861980451856], "[160]": [875.0672142455106, Infinity, 593.7990281895791, Infinity, 37.8006148336835, 5.0795676155181635, 4.197574070673471, 2189.8415749060064, 2576.351720269343], "[180]": [794.519359570523, Infinity, 92.47598972054911, Infinity, 1.772082750003544, 17.883392727894915, 14.573643551207592, 2225.6565869660235, 2250.2503662123827], "[200]": [708.0251584419577, Infinity, 21.344693954439748, Infinity, 2.2990059888757877, 7.874278044086132, 7.87231174314674, 2164.276966954781, 2229.155295655768], "[220]": [632.8096112278558, Infinity, 4.342464833570322, Infinity, 0.8084571825454533, 2.111091467375229, 2.1899396453299205, 1652.7508379625483, 1730.5464597896653], "[240]": [582.9278531081869, Infinity, 0.392124941647686, Infinity, 0.6879092908831135, 0.8748092405052772, 0.8807184111646584, 1342.8512599259045, 1390.6514062742117], "[260]": [544.5264193095925, Infinity, 1.0, Infinity, 0.29325680058770054, 0.0810215442515865, 0.03630120408950598, 1142.2305234315659, 1180.734901412691], "[280]": [520.4593514183204, Infinity, 0.0, Infinity, 8.05571435227716e-05, 0.0009353178861698461, 0.0019054311811904892, 993.5430566232856, 1017.0480280680556]}