{"[20]": [35.82981062636662, Infinity, 6.503943160057136, 2.267041087042412, 90.2783395396572], "[40]": [27.525955478905367, 200.15682261998336, 178.8745931664475, 22.22292491715346, 97.83586690686555], "[60]": [36.118600767852456, 1034.8923603906958, 3889.4847027546784, 1315.6303162147626, 12632.840393817041], "[80]": [3637.705134111482, 10549.22411207383, 12084.61782843419, 11167.695224733294, 1141.939906541737], "[100]": [320.875676427981, 28402.848931763092, 11702.199756600177, 1687.572707626676, 2660.288572738512], "[120]": [239.6213763773892, 284572.21031857823, 3292.5685684596656, Infinity, 532.1414733006574], "[140]": [116.24711553436887, Infinity, 491.9784444324973, 111.53057910762821, 69.288287073963], "[160]": [330.18747868337795, Infinity, 76.85871573805588, 13.31208250385115, 9.58961891883744], "[180]": [292.1383416627204, Infinity, 17.866760586764634, 1.1067804193079898, 0.3172018241148955], "[200]": [202.99535255379203, Infinity, 1.3520389890098226, 0.8840615793051722, Infinity], "[220]": [145.15099260511548, Infinity, 0.33101604154032427, 0.13024103718246344, Infinity], "[240]": [106.71931572806412, 435000.0206841069, 1.0, 1.6169000805990918, Infinity], "[260]": [80.22045239287804, Infinity, 0.6208870043999581, 0.011256340705609442, Infinity], "[280]": [69.93476206141773, Infinity, 0.0, 0.008505677533318243, Infinity]}