{"[20]": [3.6393394402906223, 12.171236621859283, 3.06593132802395, 2.432580452768803, 3.7084668673709875, 3.1838902553716193, 6.232585285870971, Infinity, 2.1850318635118584], "[40]": [2.831359075021123, 18367330.78851958, 31.89966865483012, 4.549959154714046, 34.75132601830937, 9.149371131201539, 13.337206469375507, 250.24230207023666, 7.267842644304065], "[60]": [100.82199279614366, Infinity, 263.3678448808003, 271.8958496970286, 182.3228843271161, 98.22210757088064, 56.53425711619552, 81.62910480983102, 46.32088747865259], "[80]": [240.88723566095834, Infinity, 1874.4862289769346, 1178.375414458634, 263.7449384328439, 283.26785056400195, 54961.74098801181, 403.78262142419266, 425.9948017429173], "[100]": [375.44923720910947, Infinity, 3105.369395575079, 844.4123578165606, 116.05637569419508, 75.15019015476263, 6859.248066161889, 640.3985555889794, 1164.0873021708787], "[120]": [64.42868307168948, Infinity, 3142.723882184757, 63.21489575310884, 994.3648547453375, 1317.969085821492, 577.5467105506661, 1844.6649409206973, 1375.8823420226697], "[140]": [125.58939227005318, Infinity, 1817.4948159611506, 38.27157814567117, 215.2844399356547, 175.8457820160465, 129.27357944900908, 1370.4458754925033, 1170.0867424918504], "[160]": [72.72286500520882, Infinity, 414.59946055771655, 18.415153004743146, 23.146112280270383, 26.074126735577583, 2.7485323555446866, 101.45363611728928, 142.51299147046805], "[180]": [119.19741445489227, Infinity, 86.20658176309935, 17.919240616067988, 3.4743116362909596, 1.5371725871894446, 9.392128329526303, 139.6338579677342, 136.56023515254822], "[200]": [78.58553247982123, Infinity, 23.259571265899943, 4.675202099084432, 0.5811354268187161, 0.5749301441987518, 2.013783260277701, 52.11398641968433, 62.94100608079223], "[220]": [83.75764935523402, Infinity, 5.430303263264631, 3.9025979415777843, 2.1276868786746825, 2.9716164790706823, 2.5483952361036044, 36.3150298049031, 38.036142623894676], "[240]": [72.42471388084222, Infinity, 1.4696665027755316, 0.250602907264074, 0.005997440425412629, 0.047801203679793874, 0.07437492789330466, 44.9569602686841, 44.67406320688343], "[260]": [64.5468986978067, Infinity, 0.0, 0.6742928444208872, 0.5337472895635895, 0.6312956345726544, 0.5593982244681118, 33.1333753597412, 33.45505756890822], "[280]": [60.844756624491914, Infinity, 0.3151245077685634, 0.6947444618620648, 0.5463767524996349, 0.6858004091091662, 0.5676445418044798, 25.6251361781976, 25.817547683931565]}