{"[20]": [7.710833879826114, 17.214185795609357, 7.791680674016309, 37.53129327620824, 29.635036575335022, 138.6937235151534, 63.13291579126427, 1.6001774025639688, 0.8546609041300941], "[40]": [78.61789026559573, 116.01169546965345, 85.88470199547623, 1.8569857523041633, 97.00098887201268, 11.521060678479197, Infinity, 17.338024961264868, 18.578558648759973], "[60]": [60.65012672650336, Infinity, 153.15777661466524, 203.48983180402402, 197.16878825494547, 373.704260314264, 304.1916370514765, 502.0274825037223, 657.6544858149623], "[80]": [25.350462622757526, Infinity, 14.72970785278755, 261.81036288158305, 2.53138467116636, 12.371083681878215, 15.875377736784767, 1445.0662165091578, 1209.1144548447635], "[100]": [58.79186447434315, Infinity, 49.539288982445335, 229.83464264907204, 34.59341590543512, 55.645778519668454, 17.91794970852938, 17.848521934163323, 32.77306171800502], "[120]": [79.72000123116403, Infinity, 121.18381089868537, 376.9970370160833, 140.5683416101427, 131.48436508758738, 152.60092824911445, 77.41256748450455, 67.86083765977831], "[140]": [2369.537767048416, Infinity, 3271.7276753435176, 3819.308143375338, 3191.822249786746, 3490.527719430503, 3191.386254281685, 1154.3686808920204, 1269.7523591076167], "[160]": [981.5523123265132, Infinity, 10660.391315226774, 6014.170936882176, 2978.784465561831, 3643.0233075509827, Infinity, 858.4806538058649, 880.742951737095], "[180]": [328.05749595822454, Infinity, 7287.804305223272, Infinity, 14071.47345037298, 9294.898375739394, 15744.812502315695, 28105.39533544305, 24159.428346705365], "[200]": [Infinity, Infinity, 5407.763272615629, Infinity, 3648.4319259298786, 2767.540316017293, 34650.48752574537, 7516.486552752392, 8104.7662922911995], "[220]": [312.5242847380497, Infinity, 1089.777993360898, 547.7269973540158, 1061.2908228134936, 897.9215623244013, 4158.813225616483, 1270.355639754046, 1065.6306876517126], "[240]": [297.0073847197744, Infinity, 207.51315678575048, Infinity, 355.87315768625047, 352.31830967417284, 901.1925999933904, 324.8615531619502, 372.6164048845744], "[260]": [Infinity, Infinity, 26.278304124444833, Infinity, 111.35594271887001, 128.07664313349267, 261.54015185818844, 149.90684968070457, 163.74229942218568], "[280]": [155.14035466234188, Infinity, 2.3464528488065053, Infinity, 33.863745477169985, 43.50770490800657, 83.24932890817261, 317.75534686918763, 321.90085555778796]}