{"[20]": [3.0, Infinity, 3.0, Infinity, Infinity], "[40]": [60.283895968440035, 13.472587964400008, 23.96516454845614, 0.9958834691653549, 4016.0610915537013], "[60]": [39.17613601267701, 436.6984656366246, 407.83236273025113, 134.72159005943263, 875.0008508314896], "[80]": [375.57195773226766, 497.3103575868527, 3895.7498493781663, 802.440836636359, 1568.0182250358987], "[100]": [1288.97764510507, 4908.832122831178, 15117.447152225443, 11622.658782751621, 1766.1070834192271], "[120]": [10666.86003864437, 93673.12679264425, 6276.071936271196, 92467.19007085598, 4000.398073637899], "[140]": [2535.7145867530635, 35544121.83116658, 9186.69426976021, 467899.7524874661, 1440.3651781930027], "[160]": [157.55894752089773, Infinity, 2125.243492010344, 12483822.210674345, 245.4083512093632], "[180]": [203.04907918304292, Infinity, 339.91789706448037, 10982009.22756502, 24.890325074561282], "[200]": [137.98134285550844, Infinity, 38.14354893690582, 9996564.044804692, Infinity], "[220]": [127.75079009327499, Infinity, 9.068934625944957, 9486045.867691938, Infinity], "[240]": [121.74956033970278, Infinity, 1.3012952913068347, 0.6830008273098365, Infinity], "[260]": [123.48079829531079, Infinity, 0.43137646911480554, 0.974162286617487, Infinity], "[280]": [167.7636005855966, Infinity, 0.5617084950342417, 0.025981606360497303, Infinity]}