{"[20]": [Infinity, Infinity, 18.33905699989236, 2.2072255985818963, 82.18818058984597], "[40]": [Infinity, 8551.735086488416, 135.40826056313193, 59.37756663784864, 1094.6543764122566], "[60]": [628.2070517634548, 326.3986259415586, 456.44276956976535, 964.7120175486384, 245.30556153166452], "[80]": [29.364572946410984, 107.19117458433685, 327.04435266717894, 1524.516778727649, 89.8601246515709], "[100]": [57.693285743209294, 802.5972068052174, 447.74215051054665, 2090.5894263870528, 122.76092136559495], "[120]": [75.99233584810912, 1153835184857604.5, 666.1986532476944, 3440.978271284702, 174.07189412624209], "[140]": [2593.4994757086074, 6056.066989530146, 18321.982718628333, 26274.047635827937, 5417.933859101242], "[160]": [3869.071608729739, Infinity, 1333.5559274569814, 16176.030939747372, 2691919216.9904485], "[180]": [1600.251179343185, 20419.19084889982, 13666.638677839832, 5365.634185488201, 911472145.5373865], "[200]": [1415.5049709525615, Infinity, 2859.8593410095073, 1068.897096914564, 423872930.27040964], "[220]": [509.15229670237505, Infinity, 634.6773151662578, 317.2071703599075, 273664099.30093], "[240]": [140.54372403496944, 1.107943514567629e+17, 226.076485171614, 45.39635694184578, 122218030.8934339], "[260]": [132.68578947336863, Infinity, 23.446030869233997, 14.406076289740009, 3348.4007533316503], "[280]": [149.1227979631113, Infinity, 4.622167415655291, 11.750174429519962, 9488360.195526866]}