{"[20]": [6.0, 5.8610357511668285, 6.0, 5.999999360263563, 5.9999898707876245, 6.0, 5.99999999969174, Infinity, 6.0], "[40]": [49.19139015609965, 46.68455398289552, 53.42857142857143, 20.68615170553202, 24.019926940720886, 55.67176505806357, 48.952883380931866, 2277.0921630867597, 31.826502607124855], "[60]": [49.67966419526837, 1.6870675044189368e+18, 87.71428571428571, 102.27348326538825, 115.50530376536572, 50.17620093690928, 35.087120534598824, 169.15979127763475, 354.9247344089159], "[80]": [22.15719918504847, 3.729403789879908e+27, 41.71428571428572, 82.60891739370352, 34.73680007090269, 57.70671501871195, 10.881411623148722, 1488.9297708743993, 14.287237335307111], "[100]": [10.631156908840921, 2.647552091869952e+35, 29.0, 81.37178184812079, 4.0683557236526156, 5.8150038698270095, 7.337540262423516, 20.02284405299163, 14.627022715968593], "[120]": [27.101301331284034, 8.308450134770628e+38, 1.4285714285714306, 81.04216709257422, 20.303004121921646, 15.765026070581172, 20.73619409659736, 43.03820687268183, 38.82783343090062], "[140]": [402.52617704641966, 4.976266294395922e+53, 542.7142857142857, 648.2643124310239, 540.0295119881412, 589.6323553411921, 539.3604464221531, 396.7888443742961, 399.4620561924736], "[160]": [2929.806941239914, 2.135402919236706e+62, 5081.285714285715, 5951.367256133297, 4721.999590741343, 5751.4475624245115, Infinity, 589.9207692357386, 640.0900086037173], "[180]": [1270.1171743946034, 3.104745092395459e+70, 12444.57142857143, 19856.431268490694, 5468.428394987635, 5236.555922160114, Infinity, 5227.559602102368, 2876.4912546688065], "[200]": [669.6429010552383, 2.1119689227880706e+80, 6369.4285714285725, 13393.840274738126, 16237.131470710541, 17317.87622141017, 18501.699027972674, 3650.093895932916, 8432.035915546765], "[220]": [3775.5667096181105, 1.776360035683665e+88, 8536.142857142857, 3662.302240262755, 6236.967000728924, 7487.182204064435, 7746.1761219592245, 23178.94967247864, 23653.393842241017], "[240]": [225.7993460676994, 1.0427345148083256e+97, 2950.285714285714, 399.7757970453359, 2195.9002617332058, 3224.142430958077, 3475.43541160782, 2808.3383842860053, 2785.2103050829655], "[260]": [410.9127786070876, 4.2491225503989994e+105, 386.0, 35.60990538514509, 672.1950840042402, 1254.644913634693, 1402.1486033183658, 285.4198097032636, 249.33316576350694], "[280]": [264.5156180784479, 1.6874702090631743e+114, 28.714285714285715, 9.069389001626813, 217.64129776066298, 472.7203652746294, 538.3671990181239, 433.41458685883237, 430.7740379648454]}