{"[20]": [3.5848123136361307, 1.1137605911749417, 5.630633067134934, 5.580687280518797, 4.595795085342373, 10.404982985255568, 10.067475299645023, 0.06421462586385888, 0.12362737274473265], "[40]": [18.13907235034753, 25.241166735732655, 53.75660097985898, 1.522181205706049, 55.52844949002136, 2.393981323236303, Infinity, 36.01711823590541, 5.078885960710881], "[60]": [10.515747907358623, Infinity, 244.88116382084306, 203.56258945373185, 50.018616424777164, 148.24248075776384, 194.14802220789824, 17200.94562584697, 261.2640437829951], "[80]": [18.715375422524918, Infinity, 79.70495591863073, 405.5261466534768, 34.70819942135624, 74.6830294108362, 50.4344131679007, 2672.941164620237, 165.21148438306327], "[100]": [13.820016419466503, Infinity, 26.46432353473477, 511.0681479734663, 18.288548130128802, 51.25006536011354, 35.0925840323274, 33.26156671561741, 14.585116683774533], "[120]": [33.89100357861291, Infinity, 84.84348760730478, 630.1549028051846, 75.26792814414158, 103.71102631336281, 84.52764734365154, 63.64982929166967, 54.274114725724864], "[140]": [1200.3512521887685, Infinity, 3541.3344630673205, 4382.755502736427, 3191.5775190071045, 4141.442219650309, 2771.739846904084, 836.0332261041457, 715.5709907746358], "[160]": [725.9483552718119, Infinity, 12355.25602454272, 10153.874337623394, 2780.038254256582, 4817.782621603802, 86493.23890275692, 1101.2189800869962, 1048.97908199201], "[180]": [224.4163797758842, Infinity, 8800.901957364898, Infinity, 12678.65195645521, 8968.073304854839, 44176.50667247178, 1444.3143199133149, 1097.8584146487824], "[200]": [137.6410113938386, Infinity, 5757.245504649327, Infinity, 3932.9474223553702, 3623.340867286375, 50815.31642867896, 902.1304064472234, 1889.7966250277607], "[220]": [85.30418432352069, Infinity, 1074.3079596794562, Infinity, 912.8759265045334, 1216.3861686109033, 8171.019791975052, 115.33295224566679, 179.56141367298835], "[240]": [68.9066285034519, Infinity, 221.341447189778, Infinity, 273.555852066873, 450.6205778710084, 1958.931435826232, 10.257293604292949, 4.0887628238397085], "[260]": [34.40299710414388, Infinity, 42.750155526810175, Infinity, 78.88783526027845, 167.76853911482291, 577.1827967504618, 65.89565209576774, 73.40183552839427], "[280]": [51.656026115322724, Infinity, 4.592628723268999, Infinity, 19.295785703407525, 55.40549150759294, 180.74907033399978, 95.58562036396356, 95.49235745640226]}