{"[20]": [Infinity, 0.9985431594900871, 1.0, 0.9999987085353635, 0.9999851957909397, Infinity, 0.9999945851069694, Infinity, Infinity], "[40]": [1.1398716571684229, 43.350990417782036, 19.13755427369659, 22.80919952389444, 16.59860341667715, 9.299647414566264, 49493.23729971869, Infinity, 38.65303002279868], "[60]": [10.096101127699157, Infinity, 49.78578561098414, 72.67472489324123, 78.4354394772927, 38.94125580456572, 18.49983322776753, 761.6991181625214, 18.425590337714358], "[80]": [32.150034819882386, Infinity, 91.87725197934483, 159.5073061544048, 71.35639633654866, 75.12924500375784, 47.58133977654713, 74.82490742657194, 40.26541048788615], "[100]": [56.966978967809276, Infinity, 335.8069657710376, 399.6145487893153, 225.0450046863803, 64.35640548862163, 50.60137090784989, 142.8830622443389, 55.92313554246961], "[120]": [409.31039678730787, Infinity, 1388.025439583154, 967.6184389679879, 664.8484758661599, 613.4988467774893, 302.3920325665369, 74.78658104902594, 126.98982977715575], "[140]": [28.328131347684863, Infinity, 2220.246900223928, 98.04313455834735, 93.82912006509262, 92.27918389541695, 16445.98198399186, 350.13648251231456, 127.01969228564177], "[160]": [139.92888920876763, Infinity, 486.0089612298544, 108.86775272203293, 422.03417552895115, 256.4849494957188, 427.65114648004464, 1146.951467076636, 1172.3907018710395], "[180]": [66.04311990401729, Infinity, 1286.2495001707794, 984.2184184259698, 215.0036093352725, 705.4957398131172, 46.96059270618559, 1402.0718750943377, 1253.5055265521023], "[200]": [58.083288116769985, Infinity, 988.4922349444605, 1859.584363066389, 109.07182060274964, 74.4910320351418, 196.8155778549424, 125.98107636024801, 174.9575348094702], "[220]": [49.9346826994365, Infinity, 886.7879749495194, 1707.8058104710394, 107.62311573439541, 197.44976963342577, 89.60222346002617, 67.18120541158092, 83.7279335055471], "[240]": [66.75925037046177, Infinity, 589.4109792976312, 1237.1934393746055, 66.18018505844462, 232.41124439343588, 60.63952180000802, 26.261034999078994, 18.911630268576143], "[260]": [51.00712113037834, Infinity, 347.2760543971212, 779.7621207364119, 55.936182581981456, 213.76760419825914, 53.385090785345426, 117.7462943651553, 118.75555645074473], "[280]": [59.961133695391005, Infinity, 285.35307428764366, 346.40216987879995, 118.36098248075442, 286.18631812258246, 109.68297237226635, 78.34131980834779, 76.20563213603845]}