{"[20]": [5.185599846241626, Infinity, 8.714285714285714, 5.701149225180481, 4.573993441531676], "[40]": [2.460905790874353, 3.1438663763935786, 10.285714285714285, 6.396822621533037, 5.795363793138218], "[60]": [15.166055549407218, 8.75902735219713, 9.714285714285715, 2.71940596614683, 4.805219038032234], "[80]": [11.927647495245552, 10.183283230124147, 21.142857142857146, 3.3890111413593758, Infinity], "[100]": [1.159747010448001, 9.931244697491096, 27.85714285714286, 20.720713059798243, Infinity], "[120]": [8.970755607047352, 97.3471031372336, 106.14285714285714, 8.290387800327892, Infinity], "[140]": [25.532109232022208, 300.2120996753214, 181.14285714285717, 83.68093027233215, Infinity], "[160]": [94.29982279571061, 116.01830888397308, 91.14285714285711, 35.09901484392026, Infinity], "[180]": [102.6897668954964, 9.671539581382622e+19, 468.7142857142858, 23.93816825604904, 86.3372980186009], "[200]": [15.059662372521416, 1552.9258909809764, 1693.2857142857142, 286.5180993599556, 430.38535704533706], "[220]": [177.58295579812147, 4.754824844779543e+32, 4322.571428571428, 1091.3234042415625, 541.7888097343312], "[240]": [183.81800822653895, 3.97903613795861e+24, 4669.0, 726.0778413178123, 196.74107248180007], "[260]": [447.19689867262423, 7.40399808595392e+41, 2915.1428571428587, 115.9785321583222, 1302.987040713102], "[280]": [404.4662727628056, 8.021941513260999e+19, 5464.0, 1697.2469893242578, 1487.7177868400595]}