{"[20]": [1.0, Infinity, 1.0, Infinity, Infinity], "[40]": [0.12156973852259734, 0.09509729676221967, 0.0, 0.3887443986719685, 0.0654436596122362], "[60]": [0.09860780128392643, 0.48636352036740194, 0.1428571428571428, 0.331745943332025, 0.032913135488220946], "[80]": [0.34209971417264756, 1.9004423483907391, 0.0, 0.09718435506097653, 0.044391051435230124], "[100]": [0.06991473595853152, 2.057657897223439e-130, 0.0, 0.0, 0.0], "[120]": [0.059055720724531025, 1.7228978908145062e-76, 0.0, 0.0, 0.0], "[140]": [0.06481929717548021, 1.1125679475753002e+38, 0.0, 0.0, 0.0], "[160]": [0.04762399456285166, 3.732176933183355e+45, 0.0, 0.0, 0.0], "[180]": [0.006774335609157189, 4.1403967112689745e+60, 0.0, 0.0, 0.0], "[200]": [0.022628797207053852, 1.2060936922635934e+66, 0.0, 0.0, 0.0], "[220]": [0.02691539961201289, 1.0994556244773586e+65, 0.0, 0.0, 0.0], "[240]": [0.027135731059184903, 8.342358640230597e+78, 0.0, 0.0, 0.0], "[260]": [0.014778238455389683, 5.548286879071344e+93, 0.0, 0.0, 0.0], "[280]": [0.01646860377511189, 7.116745107729867e+102, 0.0, 0.0, 0.0]}