{"[20]": [4.101599657656717, 3.854472900608547, 4.428571428571429, 5.327278622072063, 5.24596841187417, 5.330823088136825, 5.2480608838931495, 0.9999999999999982, 0.29616850912938375], "[40]": [20.57208648924947, 39.738974535575494, 28.857142857142858, 2.4904338154406105, 32.7952186057879, 2.512735376048596, Infinity, 10.118401613384954, 5.2347768204442815], "[60]": [40.918698999945946, 1538406394883026.0, 123.85714285714286, 87.05213063038349, 100.82645422951899, 116.8116432558125, 116.47053782492861, 181.85139696076988, 171.41287790634715], "[80]": [38.753232519261076, 3.40077629912588e+24, 32.14285714285717, 176.4901865741554, 19.587624341776518, 31.627624958908257, 29.225109062160584, 28.274886393917768, 79.45911328470129], "[100]": [39.32185780814797, 2.414254885475781e+32, 40.28571428571428, 159.81592013415323, 21.225794875995177, 38.2890751233366, 13.654396025466895, 12.558647977607507, 4.454622331349981], "[120]": [28.381157128414145, 7.576325486168787e+35, 44.14285714285717, 224.2548759647147, 46.704269715816906, 42.63124042855543, 52.499707973079296, 10.750794331151496, 16.474188326945978], "[140]": [524.0564725203751, 4.537767621226321e+50, 1080.0, 1393.0393236470936, 924.9976328455255, 1154.9325450679028, 924.999511709884, 227.22114612101404, 250.85373410370175], "[160]": [1171.6384012596372, 1.9472354461076123e+59, 7223.285714285715, 6386.512171936098, 3675.568270253725, 3938.362354981955, Infinity, 124.55809018930813, 132.85452777955288], "[180]": [51.37975712423031, 2.8311610852975855e+67, 2859.2857142857138, Infinity, 7301.825826280805, 8423.676255361945, 7903.3705963543725, 2932.44465543795, 2353.2990028830427], "[200]": [845.990411772621, 1.9258664884755883e+77, 4505.571428571429, Infinity, 3170.965391949928, 4376.7313691814525, 5240.7965317397775, 1225.3792297786008, 1319.189085651517], "[220]": [146.7179860462188, 1.6198306258292654e+85, 966.5714285714287, 847.3185458473943, 983.6394099707304, 1549.9891441698578, 2102.2021458440627, 229.2050586547182, 199.25496717507394], "[240]": [142.8013215144906, 9.5085081810186e+93, 209.14285714285717, Infinity, 346.5694558882535, 587.7521781833753, 827.4721476406241, 46.53007311953945, 60.25811518618269], "[260]": [11.0, 3.8746981460246653e+102, 25.714285714285715, Infinity, 108.339632801607, 204.4447119573296, 298.1177194948929, 5.898163382566793, 10.588473119777284], "[280]": [67.94933517776053, 1.5387735893052318e+111, 2.7142857142857144, Infinity, 34.13697147957194, 69.59340249582336, 103.45659089347231, 63.319492344761386, 65.09308971145154]}