{"[20]": [1.0, Infinity, 1.0, Infinity, Infinity], "[40]": [26.410255126850664, 21.996455711134438, 22.285714285714285, 12.283305757860077, 13.697510441979372], "[60]": [4.018808988682835, 9.10131983359372, 57.0, 16.1367881445034, 32.93852851473753], "[80]": [26.85176183045212, 11.696289858700027, 103.0, 35.524119390737496, Infinity], "[100]": [5.602649252969286, 632.212128827779, 387.14285714285717, 19.233677326664747, 56.77376295565739], "[120]": [164.16708136024727, 180.14818384672935, 1559.142857142857, 770.2954327131702, 343.79971071536056], "[140]": [129.19887394892794, 3159.8521656395314, 2621.2857142857147, 2302.7813394567575, 60.99629809404723], "[160]": [397.27199553637547, 249.35970552044455, 699.2857142857138, 2661.7479602546373, 737.3443090008514], "[180]": [569.0890369615281, 370310.4225975307, 1468.1428571428569, 314.9106387453521, 880.9491668436203], "[200]": [471.7133385666111, 1.285069177523176e+19, 1180.1428571428569, 2800.261217249801, 459.87135751927235], "[220]": [401.488382854468, 6.133831174330038e+20, 1070.7142857142853, 2580.894136833349, 399.2780984450628], "[240]": [219.89779367100118, 7.913954668976e+32, 717.7142857142858, 1530.5752600071892, 269.57504435848386], "[260]": [114.74726174814509, 6.143641084827184e+35, 419.0, 873.0085724516003, 159.99748729989642], "[280]": [53.68591701466676, 4.618882780226185e+59, 347.71428571428567, 374.1523657700937, Infinity]}