{"[20]": [8.98591640867612, 106.958487415462, 8.86932571816825, 171.0954236795821, 109.21171792465886, 11.42062405567718, 3.3114654464771527, Infinity, 18.38425549520658], "[40]": [8.206185418806621, 52911548.574495904, 4.7691462953489925, 14.002154479968945, 5.878110027527091, 5.4890276362659, 1936.6499475680282, 23.132161372624218, 25.879197323209183], "[60]": [0.6705176452643606, Infinity, 1.5758793269343019, 12.217262711254104, 9.145355754719912, 6.450167389293979, 26.479323212548632, 7.591819610075424, 1.3322440747017117], "[80]": [0.8618948556839294, Infinity, 2.6108571474308633, 17.897589248689403, 17.733590070403533, 13.738592305213254, 147100.7040058094, 2.9105291418038286, 2.5061313699006944], "[100]": [12.897194497600742, Infinity, 18.94957466885215, 37.94624000387403, 33.69407815641759, 21.94471675230584, 13.6420008494957, 13.460677264789796, 17.345273254205225], "[120]": [14.834293678179039, Infinity, 24.579611158181226, 50.45593317940759, 51.30837327878074, 11.445157905937418, 14.976779286907265, 57.4767121782639, 58.65482537936529], "[140]": [30.44032559321609, Infinity, 34.22439691539238, 73.08824618588461, 71.02774593694534, 3.9975933846397393, 39.507992654384275, 11.619647413441024, 14.357172239250595], "[160]": [28.38954834642225, Infinity, 29.649718175194597, 90.69824526892549, 83.7804109618353, 3.078668274350262, 58.54431699565442, 3.5952369553593955, 0.9395660959563715], "[180]": [51.71528292730677, Infinity, 68.37194666553552, 152.85391518178133, 138.95252837100665, 43.24861974872544, 54.60923589641563, 20.59391386774573, 20.059387667492455], "[200]": [187.03327640207317, Infinity, 360.64737698275735, 458.2274492035882, 269.3343790906216, 285.2452434958792, 203.05539297362833, 140.66764947099915, 147.07057496011424], "[220]": [250.30127457931846, Infinity, 833.2608736271334, 391.06284465406, 189.09360974918545, 196.9684212954844, 2806.6306442660216, 176.27910548728258, 158.00325004134393], "[240]": [60.63604472954875, Infinity, 1453.3568991578518, 770.3308209142357, 255.8911330356847, 208.39967893457376, Infinity, 952.7988919081257, 950.5682110997416], "[260]": [678.7508198744918, Infinity, 33.0526538489825, 348.93489215352344, Infinity, Infinity, Infinity, 810.8565087397833, 713.28766098701], "[280]": [251.4627311729085, Infinity, 1109.9022976131837, 387.7559671097644, Infinity, Infinity, 14095.459534868947, 1047.61449302553, 917.2336468514288]}