{"[20]": [4.0, 48.88107285594636, 3.2857142857142856, 29.773370775167315, 26.10245929512746, 0.3362684723461262, 5.7737047442500025, Infinity, 3.047943843843072], "[40]": [70.92537617493748, 1966781744.9669564, 86.71428571428571, 3.9225475711353397, 3.947619024022316, 3.061573569369955, 3.0468852927218677, 2.6570957427137785, 35.672978881225646], "[60]": [1669.3572720119046, 1.6870674830212175e+18, 1914.7142857142858, 1796.5327408173632, 1749.7179922121486, 635.0519479983584, 623.2708242743427, 1260.622620712993, 402.02479980230964], "[80]": [5647.117610539124, 3.729403789879908e+27, 15663.428571428572, 7929.604758880267, 4376.28881566669, 1631.1318390217166, Infinity, 23043.94346324639, 22938.16558799459], "[100]": [4614.813215994785, 2.647552091869952e+35, 6908.142857142859, 4793.772877681855, 8055.034906869772, 7757.28285195553, 7723.439415933572, 574556.0001458491, 280650.1542222185], "[120]": [2809.0, 8.308450134770628e+38, 8639.142857142857, 644.6463999233556, 594.6660602563607, 893.0760335950076, 803.3762650384424, 135382.31533862132, 79740.90315591349], "[140]": [517.0, 4.976266294395922e+53, 1654.7142857142858, 6.6454489519123285, 29.37162203407979, 27.435581547004517, 36.92043776131811, 6720.7904151374705, 5887.216157940967], "[160]": [4710.614005091828, 2.135402919236706e+62, 311.7142857142857, 9.845031201251928, 14.888974946335566, 2.3306927547751144, 1.9735399070891901, 696.7909838777487, 946.2509592651106], "[180]": [17.0, 3.104745092395459e+70, 51.28571428571429, 5.775112106206475, 6.811440973551797, 4.312294679225232, 3.3957245590336136, 911.4136914397534, 937.6450751857046], "[200]": [3852.075594143488, 2.1119689227880706e+80, 11.857142857142858, 0.6490728493268001, 0.4641118058154703, 0.9105168217259809, 1.1243799625707118, 738.7895216039516, 750.9453549249164], "[220]": [868.5242136578613, 1.776360035683665e+88, 1.0, 0.20755919509700999, 0.18603772191431714, 0.25204394653951356, 0.33137051457494726, 633.5798339883065, 624.2296100977308], "[240]": [3211.1249569139877, 1.0427345148083256e+97, 0.0, 0.018118052745019375, 0.017945731640411647, 0.025446637592632382, 0.051638381556916725, 519.446138532297, 520.3688581066599], "[260]": [0.0, 4.2491225503989994e+105, 0.0, 0.0024624977514096317, 0.002418039095572582, 0.0036415289523898456, 0.00805980977046186, 442.8451603359036, 443.08522903152596], "[280]": [1582.0195575049452, 1.6874702090631743e+114, 0.0, 0.00033468791888235173, 0.0003258119385582757, 0.0005212151146501931, 0.0012580817128694459, 386.8991216574056, 386.8651072115252]}