{"[20]": [2.0, Infinity, 2.0, Infinity, Infinity], "[40]": [4.317776891170787, 1.8186020205991007, 15.710515231863628, 13.126550083456435, 59.86163469941665], "[60]": [7.718576438257606, 17.728504658472374, 0.22322441439307272, 0.3733839951432771, 427.50830849544803], "[80]": [7.9621403745813915, 4.4944185510025525, 0.38103411505890356, 12.085291817715781, 745.9507765370969], "[100]": [3.0979119730088094, 4.71330928345674, 9.635636095804397, 20.993942793854927, Infinity], "[120]": [1.0655383683941906, 15.60614739405707, 35.92777822712146, 12.546315499841665, Infinity], "[140]": [25.434218415246455, 46.1350510173159, 83.01220291927548, 56.14517735184899, Infinity], "[160]": [1.6582448793965328, 837908330314.053, 40.94430628129363, 32.05316712541975, Infinity], "[180]": [22.19302787825872, Infinity, 78.82234593032258, 125.14312050650516, 40.254705672410914], "[200]": [9.250253925828298, Infinity, 370.2244328690854, 198.5272575840648, 65.11152853394562], "[220]": [49.658429677628995, Infinity, 1040.0313816616822, 965.8706798775876, 181.62077440491552], "[240]": [64.15115605969439, Infinity, 1618.8286755452425, 1543.3545516341023, 957.3332234884153], "[260]": [114.5796665475744, Infinity, 607.9442970207253, 2559.5255434553956, 206.09819607537483], "[280]": [329.42072632295583, Infinity, 1559.8679454038008, 420.60850766349364, 737.8107514361027]}