{"[20]": [0.8451298898053818, 3.855891944082998, 0.1428571428571429, 3.3590859150824057, 2.805838044899373, 2.823151445070811, 2.5611144682243796, Infinity, 0.02469931535772385], "[40]": [14.971386925105772, 40.17889830308078, 18.57142857142857, 0.24971123055528466, 0.19287930550400745, 0.4155887564508305, 0.32129151111260157, 44.015787529793855, 27.56826472819605], "[60]": [85.97365828646926, 1538406420492747.8, 143.85714285714286, 88.2808885423839, 93.13653663539614, 0.778154141774877, 7.447766247849131, 187.3584033712322, 119.77698643733856], "[80]": [26.619677631266484, 3.40077629912588e+24, 128.42857142857144, 226.63196659317208, 74.07961480589279, 147.55794953047774, 67.77217419810273, 77.09267383850943, 363.0231278381598], "[100]": [44.015089384649514, 2.414254885475781e+32, 243.71428571428567, 467.77440407213265, 168.43899944560826, 278.49530178781845, 141.94029552606003, 62.92836294597328, 5.134857116659077], "[120]": [22.961928344959915, 7.576325486168787e+35, 176.57142857142867, 520.055359286386, 114.98494060201597, 269.66657464746083, 46.37538632439032, 6.461174261521137, 22.56759248262688], "[140]": [181.08185452003818, 4.537767621226321e+50, 2579.8571428571427, 2658.70126434459, 1918.1610515432267, 2831.8011686292875, 1510.3888690825374, 901.2369563658322, 798.2369882886469], "[160]": [415.2373470974926, 1.9472354461076123e+59, 922.0, 2469.837888010501, 3231.6100167947643, 3408.4878710095345, 3456.861206734684, 262.35125343578875, 73.73264252406625], "[180]": [96.02544261354137, 2.8311610852975855e+67, 1739.7142857142858, 1084.4902127566957, 1127.6104428733065, 1094.9794311878163, 1358.28905330503, 23.75321387809163, 28.315853555423928], "[200]": [50.24451318260458, 1.9258664884755883e+77, 395.28571428571433, 319.0583474458748, 366.0126290632343, 330.83033646268314, 479.55375967519353, 48.83843849613544, 59.81698519368126], "[220]": [32.64215374887954, 1.6198306258292654e+85, 83.14285714285714, 84.82327562748264, 102.44417012645621, 90.14955171864216, 144.06059880254324, 34.83398707779136, 37.313257648610715], "[240]": [40.75969516187638, 9.5085081810186e+93, 29.42857142857143, 19.00215200988589, 22.399810624812574, 21.23743351026321, 33.6020214561933, 56.299472207288886, 56.230434327195994], "[260]": [39.446853066647236, 3.8746981460246653e+102, 7.7142857142857135, 9.194013306307712, 10.782058697439412, 10.040372370848832, 15.510112678010927, 48.7136526778322, 49.14561070244834], "[280]": [26.44067464151908, 1.5387735893052318e+111, 1.0, 2.907380569012215, 3.370022948298688, 3.20627556872745, 4.900185717439914, 39.35302919898058, 40.17600216120333]}