{"[20]": [Infinity, 7.998543159490087, 8.0, 7.99999870853535, 7.999985195727046, Infinity, 7.999991206360742, Infinity, Infinity], "[40]": [136.32731968235782, 60.18497116583125, 165.04166284001226, 30.11155294963942, 170.87752428445756, 110.32122729306602, 60.072989496985805, Infinity, 56.78734042309367], "[60]": [1844.4924277036753, Infinity, 4074.348451926771, 2124.401382359249, 959.3554674249514, 978.4531814643266, 5420.928426906871, 97.84182533693273, 91.31649016781952], "[80]": [740.9930940201536, Infinity, 30198.908892856976, 12109.962303404242, 1446.3469071497432, 1974.9069820425827, 5979.238301336735, 18761.180831812002, 18398.797511308487], "[100]": [488.0071818347209, Infinity, 21449.586341562626, Infinity, 11457.162078724969, 4785.269730262154, 3755.402057380118, 4645.965886830382, 43126.29858955514], "[120]": [425.0148579174717, Infinity, 9810.376821943326, Infinity, 2069.978311253078, 671.1566337335539, 569.9610217947127, 19447.866710187165, 12014.843914150268], "[140]": [301.087143519344, Infinity, 1683.3052214472425, Infinity, 144.26643329108194, 114.97803736001451, 87.82070589452802, 7.883296902230042, 11.423132801947007], "[160]": [278.19087769144585, Infinity, 277.78381631107953, Infinity, 3.613149674172909, 69.93881418635019, 71.01152657514253, 459.86533930433035, 497.5678107221771], "[180]": [186.41912194697233, Infinity, 53.27140704728588, Infinity, 0.6290801820902142, 13.797281164208123, 14.74239584138298, 492.6103038132694, 515.8721827230421], "[200]": [154.23837674168752, Infinity, 14.923182352285753, Infinity, 2.198617972170051, 1.2139918693772416, 1.8933260980712567, 347.4707739522122, 364.4625549228786], "[220]": [152.58066020354366, Infinity, 0.19894310459522008, Infinity, 1.2633017326016749, 1.9238539945204445, 2.064342628301258, 325.9499679861051, 339.39113061051467], "[240]": [139.06044157029123, Infinity, 0.0, Infinity, 0.001276063980651366, 0.019989924807758408, 0.050333938440486795, 250.9681431221827, 259.68796058162764], "[260]": [132.55246634350533, Infinity, 0.0, Infinity, 0.00017266793895591843, 0.0025383867136880988, 0.007061686651185811, 217.89379096520207, 225.09332568298575], "[280]": [125.74095848209582, Infinity, 0.0, Infinity, 2.446751607848641e-05, 0.00032226913210702543, 0.000990523885478207, 189.7427430469011, 195.5432460815969]}