{"[20]": [Infinity, 0.9985431594900871, 1.0, 0.9999987085353635, 0.9999851957909397, Infinity, 0.9999945851069694, Infinity, Infinity], "[40]": [2.2976316923615836, 2258712.2270376384, 4.8693266760756755, 2.002971963649645, 1.4818983052171542, 4.750340593881516, 1.8332323501965504, 7.729848857187733, 2.1826550154238826], "[60]": [1.210210981363386, Infinity, 0.4323251372922058, 5.6380587283496695, 5.958978455796657, 1.4957845366782891, 0.8593592802764171, 8.1185264200494, 3.7725624404599505], "[80]": [9.796714469638848, Infinity, 8.126098470065305, 18.621743219379713, 19.039930465588363, 12.834591597681815, 9.211433302874289, 6.2115189170295935, 6.780150417137621], "[100]": [1.7908508889564647, Infinity, 4.893183796424674, 15.696074695415541, 16.828269902774498, 0.8930743334388684, Infinity, 1.4703536672349506, 1.6855311154957244], "[120]": [2.5967104056978756, Infinity, 4.122452816008851, 10.67206814532643, 8.90522103726315, 5.8004346347313485, 4.581284923303725, 11.078216079952535, 10.24987305040966], "[140]": [2.5196340476993115, Infinity, 3.480955470084671, 28.826140510701656, 29.353006286241502, 6.607126230305256, 1.3691356089341113, 0.30811561276088245, 0.7670243469216963], "[160]": [0.8546134631909462, Infinity, 0.8041091615227127, 23.770565050075117, 18.018840089369093, 1.347601852830888, 0.8738629905735762, 0.4060237381429738, 0.2891525493684884], "[180]": [1.1456406003061717, Infinity, 7.506113110490206, 39.68587087059123, 33.96889771689458, 10.099400087351137, 1.3805369278730444, 2.415704511808415, 2.0619103520680335], "[200]": [18.426376937669044, Infinity, 33.637486427069994, 61.973602904722945, 37.098072213803405, 27.544005971605337, Infinity, 1.9259718721700427, 1.311920962724288], "[220]": [89.9936715967232, Infinity, 119.66642503688077, 87.09722971574396, 61.54425514247322, 62.64778544174196, 101.93469332835771, 13.740457107084355, 14.613067517244488], "[240]": [23.76399702791276, Infinity, 292.3332917704689, 122.14013686546187, 68.63414110295685, 62.69668553911727, Infinity, 28.54165783448627, 28.265225737134696], "[260]": [7.562460871347041, Infinity, 396.82068118378186, 218.86280795439197, Infinity, 85.01777822375625, Infinity, 325.5877071870954, 330.77240473659026], "[280]": [33.099070135852806, Infinity, 255.73128058942658, 182.99153895417473, Infinity, Infinity, 13429.232484957121, 123.36675007089201, 124.18985542526663]}