{"[20]": [Infinity, Infinity, 2.857142857142857, 1.516644809734906, 1.7635973706110721], "[40]": [Infinity, 179.4865656985722, 23.0, 36.419836955814745, 12.709741351711074], "[60]": [13.51489579367049, 18.970762796543426, 95.14285714285714, 172.80355314661642, 95.42625816576573], "[80]": [18.662444728824823, 76.8678247941425, 5.142857142857167, 190.97412341228608, 25.157361545695892], "[100]": [30.958995671405773, 762.499618921044, 35.85714285714283, 249.5182012160293, 34.68499169339253], "[120]": [8.818196782880307, 1.1257786074878666e+29, 7.142857142857167, 213.49923056838372, 8.494310890152974], "[140]": [215.33962003763145, 1085.3320140132719, 1329.4285714285716, 3194.5788783756534, Infinity], "[160]": [416.0262600193564, 4.1522556340643965e+25, 10158.285714285714, 13694.950991793834, 677838.656126274], "[180]": [485.76651528822185, 6032.525284467381, 1807.1428571428587, 3895.8040044360023, 153798.16292511858], "[200]": [867.0672236207292, 5.939598980860207e+39, 8049.714285714286, 319.5613730569785, 53847.79914061954], "[220]": [220.72206984374952, 3.173345840044107e+51, 1820.4285714285716, 259.4153117847268, Infinity], "[240]": [33.57311493104106, 1.488827319931802e+35, 363.1428571428571, 78.40336562060088, 220.23559905590452], "[260]": [37.70217535350724, 1.095715811319379e+79, 40.42857142857143, 3.856994128883384, 1601.5572267420127], "[280]": [36.721424638252294, 4.242135242211526e+41, 2.7142857142857144, 18577.263379157066, 363432.26262424805]}