{"[20]": [7.851208202476462, 0.6713101394309984, 10.0, 3.711145839012133, 1.3817283374163942, 2.6823758976584067, 1.019648230160083, 4.359317225000019, 2.168030473447441], "[40]": [61.135951419092265, 56.69224876826833, 91.28571428571428, 56.194612958031954, 107.6781013600103, 61.17720881502857, 56.777736490694885, 3313.122295024504, 62.2057213655497], "[60]": [376.5327000752118, 1538406229030510.5, 1002.1428571428571, 785.8003875858232, 624.083488826301, 303.10770223726126, 309.0777844475847, 47.618778149125774, 14.198635522954874], "[80]": [1550.2739913645146, 3.40077629912588e+24, 7083.0, 3853.5508740814066, 1417.7650773319128, 1416.2850617714757, 1346.59745380407, 356.4784499132584, 557.5372624560368], "[100]": [3147.68027483522, 2.414254885475781e+32, 8187.4285714285725, 4497.397344794255, 826.476065815219, 975.7514330688682, 2661.4893815162723, 11337.350668377614, 5522.084762617618], "[120]": [1099.9862922873872, 7.576325486168787e+35, 10132.857142857141, 3494.3573696071435, 1746.4354382328384, 3122.615785334936, 1295.4521549086312, 14724.735326093278, 10365.75875564251], "[140]": [291.7158852759421, 4.537767621226321e+50, 4857.857142857143, 930.1753516340623, 273.26062576047934, 579.9477418846491, 204.2220453275695, 1463.581055707682, 1849.6876327312257], "[160]": [22.557277822686956, 1.9472354461076123e+59, 1164.1428571428573, 306.4465544990627, 6.9599797003677395, 83.13899919356436, 25.294991372530717, 145.0782709285869, 52.753414711453956], "[180]": [155.88546445872817, 2.8311610852975855e+67, 239.1428571428571, 114.6272509294497, 34.5581419027387, 19.090388078886747, 39.359794717780176, 386.10324914665046, 387.0856679512707], "[200]": [209.00145305597198, 1.9258664884755883e+77, 58.28571428571428, 47.81758978564378, 23.879302787440366, 25.666637701820406, 25.194757348682955, 149.54504867406717, 150.130125343842], "[220]": [1.9149589446969912, 1.6198306258292654e+85, 24.42857142857143, 19.42156571315509, 9.16295661617167, 14.4677670342388, 9.649952336939812, 88.53167102175269, 97.96008539679065], "[240]": [94.49791524670854, 9.5085081810186e+93, 1.2857142857142847, 11.489286313396788, 7.987005158306999, 10.404119266973868, 8.142951877671592, 120.89026212468235, 122.63037720288696], "[260]": [300.61595688280795, 3.8746981460246653e+102, 3.7142857142857135, 4.674172928688229, 2.528221859216539, 4.439458008037396, 2.61850940531739, 80.77002955554033, 85.04319560318525], "[280]": [291.39701408023757, 1.5387735893052318e+111, 1.7142857142857144, 2.1911454354995246, 1.0199689363260602, 2.140795586667544, 1.0684537325928631, 73.52702613234794, 74.51322818301688]}