{"[20]": [5.6942058434747125, 27.589497826126397, 4.945831456072995, 20.636978916003873, 13.41844047980616, 6.950631104122429, 82.65113677981225, Infinity, 4.378609734471612], "[40]": [16.671489945245376, 10986206181.218386, 32.94721647743436, 34.45704050383642, 27.258359577291092, 34.65182047426345, 34.009976254463496, 23.354623719291634, 32.41259034146088], "[60]": [337.8117383708184, Infinity, 358.13896557863563, 392.2529584468725, 382.01485907108895, 122.56280050662123, 83.64684281007904, 53082.37394488923, 157.70205573028318], "[80]": [1266.7629698409887, Infinity, 2777.332266759979, 276.712086833315, 177.30312136094892, 151.62723271567643, 10397.609012284616, 455.2897320089138, 418.88520202287503], "[100]": [1970.1427070095713, Infinity, 8408.457717540572, 1582.637114606261, 428.8362950779734, 778.9693830381027, 1299.1241496731266, 8848.977859350296, 5128.743569281352], "[120]": [1217.3021182327218, Infinity, 2645.139462998307, 1094.5405134629143, 1604.3326487083705, 512.4977629134643, 1977.6852464307196, 124869.19644974965, 101047.72940525554], "[140]": [822.3225987397549, Infinity, 5909.481048130508, 420.15222073723174, 450.39947288032926, 530.3804748487952, 436.1292429595696, 16656.944788534565, 2440.961134748272], "[160]": [167.78441368574744, Infinity, 1621.149268738463, 23.72692168979363, 17.593176684589245, 53.96648314397594, 35.04755853675276, 1846.6822597059418, 1726.3964183308155], "[180]": [358.38075823887414, Infinity, 353.1538239245089, 47.537939203945186, 46.06479276149394, 34.201720629291835, 31.931760303158097, 811.7332076216811, 744.7742438447227], "[200]": [210.9927581938944, Infinity, 94.86285673484188, 26.600482562786244, 26.228308813848297, 22.84083434122027, 23.234754961058492, 627.4667579750173, 631.5613144567027], "[220]": [134.31868098962806, Infinity, 25.933919301410114, 10.738193878750161, 10.647524898588015, 9.79592646001989, 10.310089295660603, 426.96742669544, 429.18849508389025], "[240]": [144.05565325841354, Infinity, 6.830905679780341, 7.860621145644314, 7.827749234357384, 7.638627193774425, 8.257565482674943, 409.72080418052565, 413.6153496521608], "[260]": [96.74086781707031, Infinity, 3.902369213730257, 1.5528232101757744, 1.54575919170887, 1.5023776545069454, 1.6402606433775626, 201.46566903475366, 209.64751560246614], "[280]": [106.28727126091711, Infinity, 2.619353861334958, 0.25079385987491704, 0.25504446818808224, 0.261368747226648, 0.11071217741662313, 227.6481937081533, 233.13876185088426]}