{"[20]": [Infinity, Infinity, 9.0, Infinity, Infinity], "[40]": [Infinity, 83.12364959479893, 100.57142857142857, 151.22733973777332, Infinity], "[60]": [1539.0337777745276, 3238.2300034453156, 735.4285714285714, 895.8369357228629, 527.688735024254], "[80]": [317.022877018032, 493.9131826015266, 480.57142857142867, 1438.9636777018961, 352.80947637539566], "[100]": [107.58361993250992, 4.8870000306010194e+20, 524.2857142857142, 1995.0224781666602, 35.76310012694876], "[120]": [66.79091705048813, 634.0422130047205, 688.5714285714284, 2789.2147306530564, 570.325217690709], "[140]": [2363.9597197173625, 5545.614571021827, 10217.571428571428, 13191.994886095277, 6650.143809987116], "[160]": [7835.051931575326, 15932.214271690224, 8413.285714285714, 23530.531387214025, 3651.240673453045], "[180]": [4269.139263267598, 2.0931836761131483e+20, 14143.0, 7679.245124231145, 295033.59393208654], "[200]": [1294.2034403790972, 3.6007629972212565e+30, 5551.571428571428, 1577.5689421203738, 291975.84035888157], "[220]": [265.0484820374702, 7.608557143580948e+76, 1116.2857142857142, 455.3775673205312, 151402.19081822975], "[240]": [71.13932294340526, 1.3130104651059826e+28, 340.0, 92.68909482200769, 251.36578417917167], "[260]": [101.76536509803762, 3.549409928880801e+78, 77.0, 9.677537369267244, 127704.06482077428], "[280]": [92.89652846113842, 7.369898908355719e+75, 8.285714285714286, 3.25554739002367, 512626.39834506996]}