{"[20]": [Infinity, 0.9985431594900871, 1.0, 0.9999987085353635, 0.9999851957909397, Infinity, 0.9999945851069694, Infinity, Infinity], "[40]": [2.120026268178718, 429741.19585934567, 7.466246421152033, 4.353341520727755, 5.699786917043923, 7.394311912626182, 264.7818624335436, Infinity, 0.942071755213836], "[60]": [29.37388745224539, Infinity, 69.57548111486187, 65.73729126492216, 68.21932127994447, 8.40364696574463, 31.256834638090073, 106235.87364368724, 5.31996898589709], "[80]": [291.469159089433, Infinity, 878.0850145275517, 206.6164177484972, 129.81629477003654, 77.95291142634404, Infinity, 147.78574385347838, 104.70281192791956], "[100]": [3557.038168816496, Infinity, 6452.763481973176, 1875.3295440955692, 1427.8947798303927, 1357.8491731391812, Infinity, 1351.4777559534043, 1356.9495885880183], "[120]": [341.8424462162855, Infinity, 1920.4976882020242, 2129.3130457533516, 4063.7329137287365, 1517.5272147999349, 10331.59848706794, 3392.710231094495, 1818.4965931062634], "[140]": [107.68899519642262, Infinity, 6684.467391370139, 506.67609736588366, 2210.6838294407466, 1389.788033905684, 8603.31614702825, 5344.358349738644, 4038.5312088652086], "[160]": [87.34367799160283, Infinity, 2188.1815762292354, 203.60254496560052, 684.6706415709227, 604.2287378704892, 1069.961846184303, 1382.7816514220976, 1031.8678082645663], "[180]": [96.92944003134592, Infinity, 375.78817930795014, 53.840158954829676, 142.1735220407337, 156.6542843274507, 201.15160838999273, 356.63001982349897, 295.58413424278115], "[200]": [84.26922973208421, Infinity, 58.38014556123163, 22.765166853755378, 38.88411206240698, 49.4983841701788, 51.81059849262637, 165.62272152237287, 177.7463449779016], "[220]": [47.7055704772881, Infinity, 8.896740215871006, 6.078958468758481, 8.326407701101903, 12.126013957707807, 13.136181898929435, 68.34512924197465, 73.02988394883725], "[240]": [52.03674165790274, Infinity, 1.048084175022378, 0.9608537154217922, 1.3809201988173578, 2.3102714175700276, 2.723496092296188, 78.37146111465587, 79.73448402352766], "[260]": [47.82664473375388, Infinity, 0.0, 0.26072126792353034, 0.29853550869628265, 0.5585663448166548, 0.6962998535570705, 60.69796531244795, 63.461294733836986], "[280]": [45.23602536146295, Infinity, 0.0, 0.04997622016022439, 0.056611712997256876, 0.11515261312482271, 0.14960555804651018, 52.473223387594246, 54.63048878112845]}