{"[20]": [11.683139398928239, 4.450508318035768, 10.86440917560911, 4.016132452959081, 5.267232952139239, 17.930973605896597, 74.74525373759762, Infinity, 10.499304413172291], "[40]": [110.85622402477067, 16362500560.13901, 136.78982772014325, 39.96799407107064, 33.64477294730153, 144.58430130802608, 113.8824702599431, 6568.596403140562, 3.2439150217795842], "[60]": [18.466424379838553, Infinity, 416.3087574247093, 393.07551179451593, 414.4105509523153, 49.002645604712995, 24857632.343496557, 1310.155743709729, 1350.3144015173082], "[80]": [66.52245836886823, Infinity, 445.32177581652326, 965.9226040205533, 286.9902553776861, 450.1592572315625, 234.79377549717807, 32149.157421911597, 2360.1044951790195], "[100]": [189.5124092033283, Infinity, 598.4543179333938, 1558.7429698569297, 487.4966252569575, 732.5874634044796, 289.6162608475047, 267.6294243366531, 317.120433378315], "[120]": [677.552376414054, Infinity, 1323.7625792431486, 2749.123103853372, 1190.319355127216, 1647.1201783707104, 722.4286185937257, 580.9051381462968, 605.7512043468014], "[140]": [348.34140440527483, Infinity, 7203.395248261487, 8874.66240800924, 6238.33650728059, 8517.651406128623, 5231.047788572368, 2154.8740065542993, 1725.5309985502784], "[160]": [169.1291606975705, Infinity, 4785.664274412867, 1279.891737018868, 10662.501344396182, 6165.386999354197, 43526.14163936393, 8600.225741138947, 9171.67073598797], "[180]": [844.0875436220923, Infinity, 3855.1165642879864, 1939.768541748957, 1758.5839009728104, 1197.2796417140148, 1232.399404343433, 7316.19751415758, 7284.611868953073], "[200]": [233.4413728350127, Infinity, 873.6560513366147, 488.8144631154294, 459.11320967363497, 316.4068081389372, 323.1040021477223, 1645.004043844763, 1672.6370417620426], "[220]": [249.18465849853467, Infinity, 222.78677902682475, 109.21416134810852, 103.29782332638, 72.67384042779335, 81.84979055122834, 345.4095032957723, 386.12979260096074], "[240]": [341.89977573897943, Infinity, 89.17514125780518, 44.25336337462139, 42.95819110942163, 33.62463319426147, 31.417227930505668, 364.2680045069845, 363.99606021109355], "[260]": [282.15558049051293, Infinity, 18.48691228964016, 17.559340352576097, 16.97275142972856, 15.16419233592835, 13.913352929392312, 333.7443496229956, 319.75670294123216], "[280]": [264.6782221364898, Infinity, 0.1019002483749264, 2.2216815286875926, 2.025864501739043, 1.7890272928635158, 2.322083667277392, 202.71056716285563, 204.727705737209]}