{"[20]": [4.0, Infinity, 4.0, Infinity, Infinity], "[40]": [7.5034225564931045, 85.92556826615623, 76.82943982224758, 24.664312655169677, 301.9187232275709], "[60]": [12.550414372638663, Infinity, 1801.4557826587409, 750.5476687709659, 17357.154408327126], "[80]": [3048.7644654023093, 61199.284670026376, 19818.791221467232, 20618.0490395245, Infinity], "[100]": [17820.05245809491, 135283.96269143128, 1110.2378422474328, 46926.601307003, 7230.2437566874305], "[120]": [4184.76928664566, 104298.83547651011, 14368.094308812442, 18653.88860931726, 8395.156544272628], "[140]": [376.2898278154001, Infinity, 2640.415141842419, 50850.85649419221, 796.6131174059082], "[160]": [1207.949445975252, Infinity, 517.1322650356848, 7429523.493037193, 139.92822644743939], "[180]": [711.4392271127733, Infinity, 106.61922956258904, 6190389.143641071, Infinity], "[200]": [358.0325565601621, Infinity, 16.564370202636887, 5500147.79851521, Infinity], "[220]": [241.94742970182983, 2.2454769807617622e+21, 6.2109281847737705, 5360191.590222717, Infinity], "[240]": [207.7584347936009, Infinity, 0.2357645397949529, 0.002165171254684793, Infinity], "[260]": [195.335853026015, Infinity, 0.0, Infinity, Infinity], "[280]": [194.23048958341255, Infinity, 0.0, Infinity, Infinity]}