{"[20]": [Infinity, 1.661580491672295, 3.0, 2.999999174221955, 2.999986322953329, Infinity, 2.999997510319894, Infinity, Infinity], "[40]": [1.0545929722243133, 729119526.1252738, 1.0, 9.775639558815406, 5.663346899393461, 3.1215316618444953, 180.3877733748369, Infinity, 7.647191932348196], "[60]": [0.9200317566084115, Infinity, 2.494984724434691, 0.3087708348683371, 0.10627519883032548, 0.5903848673463974, 0.5717765217460531, 30.609622488115832, 0.9012238345282996], "[80]": [0.4836199608859511, Infinity, 0.0, 0.006758982888883914, 0.005554651066047421, 0.011910820484042586, 0.01713236695641194, 3.8278553101871786, 2.8146760548721845], "[100]": [0.9884684388028614, Infinity, 0.0, 0.0002843569889199025, 0.0002801174536712999, 0.0004860719180647654, 0.0008042032627193289, 1.444925085911305, 1.6075164799433797], "[120]": [0.4332864963226516, Infinity, 0.0, 1.1960471424279453e-05, 1.4185092758096132e-05, 2.010873227871391e-05, 3.9047303527647224e-05, 0.4866545794466376, 0.5655342786601898], "[140]": [0.49798238303636977, Infinity, 0.0, 5.02810373187356e-07, 7.159687172144875e-07, 8.316142391807165e-07, 411.31765027798, 0.292572684127082, 0.3349640366727794], "[160]": [0.11963610998498128, Infinity, 0.0, 2.113055364036976e-08, 3.596254099749734e-08, 3.4382612765983706e-08, 66.80082415349493, 0.2092828873845294, 0.23594856525145236], "[180]": [0.20243640664358517, Infinity, 0.0, 8.877932960284654e-10, 1.8072748607339158e-09, 1.4213798713439143e-09, 4.837236732005864e-09, 0.162960659274253, 0.1813681800081725], "[200]": [0.19340752673338316, Infinity, 0.0, 3.729363860078176e-11, 9.091576342951601e-11, 5.875126713257184e-11, 2.444475563463069e-10, 0.13345429613700113, 0.1469563901514803], "[220]": [0.1398344578744803, Infinity, 0.0, 1.566383118730663e-12, 4.559998713172727e-12, 2.428419025865828e-12, 1.238072544032322e-11, 0.1130092009231379, 0.12334702130548733], "[240]": [0.14305730757274654, Infinity, 0.0, 6.578311629634163e-14, 2.2819309366138093e-13, 1.0034264767461633e-13, 6.27594373897766e-13, 0.09800466331753323, 0.10617693199741386], "[260]": [0.14200311997836043, Infinity, 0.0, 2.7624434601407976e-15, 1.14553016316755e-14, 4.146806726885933e-15, 3.207741350090789e-14, 0.08652279977667257, 0.09314548739398024], "[280]": [0.14759818460429525, Infinity, 0.0, 1.159956646432151e-16, 5.740736720016774e-16, 1.713439563486234e-16, 1.6460341753437383e-15, 0.07745265985996917, 0.08292769475721591]}