{"[20]": [0.0, Infinity, 0.0, Infinity, Infinity], "[40]": [0.21595650967743357, 7.655743203112969, 7.297554393338665, 6.865545581704015, 26.241990026068734], "[60]": [9.006593769140565, 1.1723602126038286, 1.6738505136787551, 4.593552628979075, 167.41950485581864], "[80]": [4.621356584223068, 1.775002022870819, 0.30817057402386533, 6.73468943283846, 354.293234033054], "[100]": [2.137241900341667, 4869.166988155046, 4.4284622090756685, 14.933563327955497, Infinity], "[120]": [9.590686599397815, 36.98784421655848, 26.01803321543199, 0.5790605306257524, 1036.3392069080307], "[140]": [6.968066410500708, 54.60522504956856, 31.421500869251577, 19.072980693598332, Infinity], "[160]": [9.848924871311162, 24.079064253617904, 29.378499989139808, 30.57428821327021, 10697.70058971514], "[180]": [3.6251176559948957, 2.1346645552091892e+16, 64.02465707381236, 23.074573686276203, Infinity], "[200]": [21.72475172987648, 43.36384062543224, 180.59522934164596, 90.59541604389572, 67.58329132058171], "[220]": [7.214500059167056, 2.4400357275140115e+17, 528.1971108625501, 545.2214964843122, 110.8174393081829], "[240]": [110.28450140170081, Infinity, 921.8559872536681, 1171.4199452707803, 1056.6871841780996], "[260]": [209.1352526480926, Infinity, 171.71157133980287, 1382.7615512669936, 234.74766446539326], "[280]": [287.13234730958555, Infinity, 980.3699802681678, 4709.717889303864, 474.0048991640316]}