{"[20]": [12.82046251187781, 8.713447849672368, 17.0, 2.7990630501786953, 4.738802821720743, 4.270575879862907, 5.349116066267229, 6.209216589648628, 8.573876704724473], "[40]": [106.6405038400606, 16.615551375129314, 215.28571428571428, 213.11637671563363, 232.55161330706284, 60.697948790343474, 48.09059718332463, 36.365818582112695, 5.9499326720232375], "[60]": [119.73139156910293, 1538405932689822.2, 1231.2857142857142, 791.498577436507, 412.92341779855565, 255.74508039470766, 239.96832050458852, 915.680273606979, 1269.4501179645613], "[80]": [349.7104654112959, 3.40077629912588e+24, 472.85714285714266, 1587.7910291543512, 232.34677308764367, 414.1593558600707, 111.96591575691309, 2602.095180273929, 627.6198472360975], "[100]": [61.280823113411316, 2.414254885475781e+32, 425.42857142857156, 2324.8946128077123, 289.02691322927967, 623.1308489543694, 217.89428157836073, 750.0335721361143, 457.3652201805826], "[120]": [0.795315048600969, 7.576325486168787e+35, 309.8571428571431, 2701.9771020886415, 205.53487110481092, 816.5797009538742, 117.90747112308236, 0.7508382042151425, 96.02219691212576], "[140]": [3841.3732779474412, 4.537767621226321e+50, 14290.714285714286, 16654.983182797623, 11689.463310877272, 16260.562606116095, 11286.754059619983, 627.672792201527, 554.7324344719964], "[160]": [5918.236928176018, 1.9472354461076123e+59, 16395.0, Infinity, 2644.266151392774, 6367.746585153051, 18419.553519184745, 3688.6386814622383, 3609.9361295047784], "[180]": [2429.394341773448, 2.8311610852975855e+67, 22002.857142857145, Infinity, 18061.245047468583, 19647.719422350136, 19749.234592088258, 278.8642208067831, 735.6018085092583], "[200]": [1345.2579511575786, 1.9258664884755883e+77, 8669.0, Infinity, 4324.225129227922, 7566.741795704458, 7728.774703930509, 1553.880805470446, 1364.8200732861242], "[220]": [104.95674471373968, 1.6198306258292654e+85, 1869.0, Infinity, 926.822242269212, 2667.9831201997813, 2622.9419847432846, 338.69434338263886, 380.0322588751799], "[240]": [46.73549296852434, 9.5085081810186e+93, 480.28571428571433, Infinity, 259.4910417644743, 962.0149373564498, 923.8941206480481, 2.678114607126986, 0.9742003403210902], "[260]": [103.7730992329798, 3.8746981460246653e+102, 63.42857142857143, Infinity, 44.28028497464413, 331.20026074038907, 313.29643119226364, 206.71346054984357, 209.0357239263771], "[280]": [93.86298681209337, 1.5387735893052318e+111, 6.714285714285715, Infinity, 6.958005567303296, 104.37897659813032, 97.44612147962985, 177.77890976823224, 176.9692043871024]}