{"[20]": [Infinity, Infinity, 6.015176127621731, 10.29200967942267, Infinity, Infinity, Infinity, Infinity, 85.85104526586615], "[40]": [23.784228839436825, 13.58214525032461, 10.511633218125063, 39.46244168251831, 29.299070363307695, 25.75136179956313, 374.43816944412055, 282.25050523993775, 184.09731284252553], "[60]": [2.8100094303826153, Infinity, 25.859624425777923, 69.95935220865465, 17.078549226868137, 13.118774483088002, 129.779203744127, 194.2275692527647, 7.03214582845187], "[80]": [109.62062342459967, Infinity, 146.8943832170843, 227.84610252073426, 120.17525161109548, 80.35167527763369, 38.93105171569752, 52.63125188882959, 59.34933918378607], "[100]": [70.86760620515236, Infinity, 344.9517587429437, 389.30859297819086, 172.12541324424114, 180.43462118437657, 35.108509785651655, 37.075935627889585, 29.250026694289545], "[120]": [97.3752910532446, Infinity, 983.3766584567263, 922.0717794539532, 500.8861126722358, 516.104878550144, 42.71759818068956, 165.13052564143766, 159.50881424219588], "[140]": [19.363830864729962, Infinity, 1106.897067509181, 1192.066410575163, 404.6143832007739, 545.2683128331723, 13189.715891106693, 632.3448132812315, 632.3745916457932], "[160]": [46.50169236146247, Infinity, 203.06790431743758, 1297.5885057139815, 17.129100570992414, 204.26053662533982, 112.04952110362505, 560.1610943216948, 550.711623248706], "[180]": [118.79178261942734, Infinity, 279.35549703233545, 2327.973602847222, 188.03757970902626, 361.27972722320106, 435.3845484210609, 200.13252130781953, 159.18371310685748], "[200]": [33.5118163718819, Infinity, 31.682599485547406, 2867.0878050240667, 14.620626192952265, 520.4669893733063, 32.421171458671836, 70.16095483054802, 83.88809551794724], "[220]": [72.444107509011, Infinity, 711.1749890013947, 2122.340006332053, 573.1013486108201, 527.6293477406485, 378.9618446870847, 339.41210335061913, 336.97720051648975], "[240]": [25.311896586964192, Infinity, 855.6036858169788, 1454.956784462387, 619.2218420208932, 1620.796550123362, 507.4853671969928, 17.614954365126078, 17.430884793870778], "[260]": [51.218514262539856, Infinity, 727.212374312297, 719.6984292509118, 455.17031772331285, 1624.3356383517278, 315.27494128279164, 111.70473195823413, 102.56705205449335], "[280]": [25.80240475224002, Infinity, 339.537107535335, 317.3817746252027, 205.31895373623414, 1260.467139468612, 236.22050488248914, 43.07051850443349, 40.32831181654042]}