{"[20]": [0.0, 0.00012671894416448786, 0.0, 1.0835556531333084e-06, 1.135219986086261e-05, 1.5870633693340166e-42, 3.413686555848105e-09, Infinity, 0.0], "[40]": [3.3106247588555426, 1814116.922595847, 3.857142857142857, 1.034909030319994, 0.9066088331360405, 3.921214815668396, 2.8434621919615313, Infinity, 0.7934022957951452], "[60]": [11.666231873870338, 1538406479029171.8, 36.85714285714286, 32.02756356097996, 34.156150650456176, 15.761604845790053, 13.924594050409333, 23.763194638613157, 12.917026025466456], "[80]": [125.40956423775117, 3.40077629912588e+24, 440.57142857142856, 130.79295798101214, Infinity, Infinity, Infinity, 1.3509450944828814, 33.90851907001604], "[100]": [3011.2173332686784, 2.414254885475781e+32, 4143.428571428572, 2136.302958995684, 1568.6063753111393, Infinity, Infinity, 732.1566530328937, 677.5897648899372], "[120]": [1466.0183779393046, 7.576325486168787e+35, 8510.57142857143, 5803.054036552821, 2069.1394612048316, 1291.1589757402944, 1664.579727194854, 5637.000709543303, 5756.154283159289], "[140]": [828.8408174117067, 4.537767621226321e+50, 7285.857142857141, 2134.454186019884, 3977.8268098676854, 3902.3176063056453, 4110.613710700411, 9437.389332601197, 1718.988165625622], "[160]": [757.7933387035009, 1.9472354461076123e+59, 4508.0, 329.044614317555, 1347.8126850033723, 1580.5512842607895, 1953.6232644503652, 3491.761003796053, 3520.96883722017], "[180]": [366.14016609587907, 2.8311610852975855e+67, 957.0, 135.69669363448315, 311.7026098504057, 422.770502780073, 602.2580145355762, 672.1891144677857, 691.7313094943438], "[200]": [41.17492814296929, 1.9258664884755883e+77, 206.0, 64.67117795201548, 94.15688440171249, 136.24335914593607, 202.77899354500516, 107.1581748361632, 116.12294223401955], "[220]": [8.715048812196073, 1.6198306258292654e+85, 26.0, 13.748361353984638, 18.08998809569981, 31.462871113106267, 52.50712756234822, 67.64846275970837, 70.92501739810768], "[240]": [98.61144953876828, 9.5085081810186e+93, 2.7142857142857144, 3.868454302523797, 3.9824857066473847, 8.187854642491668, 14.924790797850106, 81.66996762081675, 82.95868006805722], "[260]": [27.502298543449797, 3.8746981460246653e+102, 0.0, 0.8828222892998506, 0.8453249564792331, 1.9227082893436196, 3.660237792065269, 77.83416490124424, 77.88876483133704], "[280]": [25.524627882889945, 1.5387735893052318e+111, 0.0, 0.18265809360111482, 0.1737327907582342, 0.4305557397475005, 0.8481414908493176, 62.28091987945729, 62.28541044045404]}