{"[20]": [8.617379495045547, 8.998543159490088, 8.219021869096242, 19.624243506649997, Infinity, Infinity, Infinity, Infinity, 7.285235138831404], "[40]": [59.39769573999788, 37.98929422599954, 89.75145883910585, 19.06453109263264, 99.24664276357113, 73.58791622414822, 44.32539875507417, 62.70829302309031, 43.39774349874416], "[60]": [620.1201827863817, Infinity, 1339.0621273619126, 1001.3195187838261, 196.267056393774, 190.59305776456756, 1014.3372696199979, 173.33479506287082, 22.307016522570912], "[80]": [4798.843162252521, Infinity, 17928.81130448854, 5794.781359381946, 4082.94588110354, 2149.832644057762, 47012.3272989524, 11230.444289653007, 2509.425784368655], "[100]": [4656.384477364371, Infinity, 2227.8833057325032, 16066.249614355676, 12571.118646037123, 4520.735439039027, 4795.888506115263, 12499.564517956287, 15591.480752586123], "[120]": [1494.8413922953257, Infinity, 16943.02343527791, Infinity, 5561.473566620331, 2544.0577162089526, 2099.4786716288572, 32637.363797953665, 5264.620092419167], "[140]": [736.6328293006642, Infinity, 3714.0576789144716, Infinity, 840.4261333105825, 340.5415248759681, 333.1178149762443, 1811.9825341469257, 1513.4226603464203], "[160]": [207.88670582716523, Infinity, 614.370295124057, Infinity, 136.22294865623616, 68.53292915276896, 75.48095089968682, 73.29216661310294, 148.62730584592464], "[180]": [152.84751696319486, Infinity, 94.4765604962559, Infinity, 13.941433233423208, 7.249770428807012, 12.047203277242211, 329.82432411782463, 352.4764645028775], "[200]": [126.76267324813081, Infinity, 12.981432149802757, Infinity, 1.5400267478439489, 1.64623481053634, 3.1383518929495513, 358.6958296742079, 377.85640485233995], "[220]": [124.4863586469593, Infinity, 0.9020248306625235, Infinity, 0.5987856254863894, 1.1804833200669689, 1.713148405668488, 319.4643744698821, 329.5372016914241], "[240]": [114.2335865237981, Infinity, 0.0, Infinity, 0.009003966079470259, 0.13044198718390537, 0.24235919515888985, 255.26710044046976, 260.99828268504535], "[260]": [107.43959787179074, Infinity, 0.0, Infinity, 0.0012812355093399462, 0.019343052186204995, 0.038406360089254486, 219.21836923406892, 223.70069745341738], "[280]": [102.02337132305769, Infinity, 0.0, Infinity, 0.00019394130865941684, 0.002867134041903573, 0.006082970780667789, 190.79370399290414, 194.42223381024857]}