{"[20]": [7.851208824696608, 0.6713101394309984, 10.0, 3.711145839012133, 1.3817281278846423, 2.682379066654402, 1.0196539855165554, 4.35931722500003, 2.1680304734474554], "[40]": [55.315212208172504, 50.69224876826833, 85.28571428571428, 50.19461426293617, 101.67810150718272, 55.17187671492689, 50.77774121934897, 3319.1222950244073, 56.205721365549714], "[60]": [152.62991382246935, 1538406283907760.8, 258.85714285714283, 202.62066391384047, 57.74003316069809, 21.506444492568562, 6.221813018932721, 1917.9767876480655, 114.44111564618288], "[80]": [34.79467215494583, 3.40077629912588e+24, 80.0, 419.4763457130199, 36.60075356481161, 83.73119023234324, 12.13928591905892, 512.0514617211022, 26.010185584303827], "[100]": [90.14973885410882, 2.414254885475781e+32, 15.714285714285666, 507.9601526914144, 22.813470057748987, 63.22738162729047, 14.363242731245805, 100.68245152449595, 52.6935696392477], "[120]": [59.00320738247456, 7.576325486168787e+35, 13.714285714285666, 522.3299129808152, 19.911412205467514, 24.84677736143874, 30.590334632389045, 114.99306089449215, 102.15615519449648], "[140]": [1589.7959002193584, 4.537767621226321e+50, 4827.0, 5216.227967818615, 4011.981768403045, 5329.03006112951, 3933.2193270962002, 106.19643417632687, 61.693324651051626], "[160]": [3472.9384329809545, 1.9472354461076123e+59, 14454.142857142859, 18772.13970115901, 4255.289690756952, 5364.587385740735, 298.74740523227956, 1337.9356388059969, 1474.3869742238494], "[180]": [1028.727340305526, 2.8311610852975855e+67, 11893.285714285717, Infinity, 13833.3708578433, 15940.107493591291, 16333.867747093755, 5611.1258114333905, 4186.546789653381], "[200]": [986.0585375727369, 1.9258664884755883e+77, 6011.857142857143, Infinity, 3650.549275666137, 6070.188275253844, 7671.8480878594, 1914.2434310921144, 2028.4513414818011], "[220]": [78.08711606238285, 1.6198306258292654e+85, 1118.2857142857142, Infinity, 834.6631172041002, 2007.6772589892817, 2771.5977332552598, 10.254941635933847, 14.780008299356268], "[240]": [118.74709022517072, 9.5085081810186e+93, 237.57142857142856, Infinity, 252.46460259853285, 729.3464626625604, 1035.7803507702506, 249.39911177555962, 240.43990956860495], "[260]": [87.73478743636952, 3.8746981460246653e+102, 26.42857142857143, Infinity, 63.72328613603361, 236.9182206375989, 348.76104226114785, 174.47617047547826, 170.22385866854557], "[280]": [59.456314126509824, 1.5387735893052318e+111, 6.428571428571429, Infinity, 17.206326108676873, 76.39849999575304, 115.20669584723959, 113.4312953122695, 115.46749041779663]}