{"[20]": [1.0, 0.9998732810558355, 1.0, 0.9999989164443391, 0.9999886477992106, 1.0, 0.999999996586311, Infinity, 1.0], "[40]": [15.060725524304402, 409094.65027375554, 17.142857142857142, 38.113405788194626, 17.819664945564632, 15.029960809052795, 19.153072972946568, Infinity, 148.00701639000496], "[60]": [5.494383187538617, 1538406475370610.0, 0.8571428571428577, 18.314758110786954, 24.12147181578961, 14.923141267003867, 4.225933560314186, 11.273647821276349, 17.036190053340256], "[80]": [14.966382132447436, 3.40077629912588e+24, 18.857142857142854, 39.33083010656918, 47.884929543822665, 30.82400597932228, 14.999840389487474, 12.985777195470135, 14.381210460894131], "[100]": [23.135560437058388, 2.414254885475781e+32, 24.57142857142857, 46.65502131829677, 51.19061809461474, 10.7068761870336, Infinity, 32.46404855993408, 31.56067319113552], "[120]": [55.35134272813565, 7.576325486168787e+35, 85.0, 119.37217289193158, 131.53942790885384, 50.050645308958025, 45.524319916742485, 39.857707180057986, 35.574433180022424], "[140]": [51.55773143772694, 4.537767621226321e+50, 91.14285714285717, 115.46178256006453, 9.41814725127307, 6.365679921133392, 10.044613462693405, 8.790061807698578, 16.761455316033846], "[160]": [75.61770540988408, 1.9472354461076123e+59, 83.14285714285717, 165.1501367117164, 11.689820599468476, 17.48707108027179, 11.606857600907745, 13.529661294232312, 25.313812210689036], "[180]": [126.23683801509753, 2.8311610852975855e+67, 166.1428571428571, 314.18374592110325, 126.1105558306383, 131.71201604099076, 98.4779638492356, 76.64158752114781, 77.04350828365091], "[200]": [146.15865355619735, 1.9258664884755883e+77, 657.5714285714287, 683.9400950955139, 474.5352576054995, 484.873403622365, 314.2606484569974, 93.70137659850116, 86.26924906435897], "[220]": [14.895454542051084, 1.6198306258292654e+85, 1745.4285714285716, 1392.2487291243096, 544.0033894021499, 691.4004609695312, 446.2440038950281, 194.79908796103882, 206.22589608552153], "[240]": [266.8662400268695, 9.5085081810186e+93, 2168.2857142857147, 3720.3043079381314, 100.2985507394169, 661.0706965679838, 809.010358172196, 90.70916287728869, 101.97048099473795], "[260]": [567.6980094124883, 3.8746981460246653e+102, 910.7142857142862, Infinity, 2121.360390986525, 1874.3971862142753, 1968.2131991392816, 261.27881180632903, 337.5819458406968], "[280]": [57.00976858103604, 1.5387735893052318e+111, 2195.5714285714284, Infinity, 1570.0557029165175, 2028.8848283729785, 2222.750204262261, 1097.1582482428857, 1089.3340291347313]}