{"[20]": [8.0, Infinity, 8.0, Infinity, Infinity], "[40]": [327.72020509865297, 121.71659661348292, 112.28571428571429, 78.6978389329121, 120.99519114264368], "[60]": [308.48244032480716, 1198.2731628240504, 1839.0, 859.5927745011481, Infinity], "[80]": [5949.950820345626, 2471.9230805291063, 5383.571428571428, 6308.40841160335, Infinity], "[100]": [797.3566466713687, 536.3208906684222, 4889.571428571428, 1198.7627613670743, Infinity], "[120]": [154.55028056856588, 7.487601475924301e+18, 2026.1428571428573, 37.85461405724084, 401.2547880888068], "[140]": [83.67996601893867, 1.6634517618487649e+22, 312.0, 0.24560713006796675, 52.84322326546946], "[160]": [455.22160303891377, 4.304167001054521e+23, 39.714285714285715, 1110.8859239867268, 6.654687787639952], "[180]": [444.9964632241771, 5.0326376993563436e+29, 6.571428571428571, 0.9803575052700442, 2.315685605493391], "[200]": [341.47254422734864, 5.500044574152392e+25, 0.0, 13.9361904581538, 0.08935258188337451], "[220]": [247.2770518874189, 1.6445410438604997e-86, 0.0, 0.0, Infinity], "[240]": [163.79728359639392, 3.3519310536370435e+45, 0.0, 0.0, Infinity], "[260]": [78.71814885226372, 4.0907700239717934e+55, 0.0, 0.0, Infinity], "[280]": [18.687378161938003, 3.32111691895547e+82, 0.0, 0.0, Infinity]}