{"[20]": [Infinity, Infinity, 17.0, 6.572240736881447, 16.746901543951758], "[40]": [Infinity, 66.76380749403813, 215.28571428571428, 81.95360045878209, 173.2418697411209], "[60]": [130.2751105826892, 901.2062389936573, 1231.2857142857142, 1786.6366702264063, 304.0730001534673], "[80]": [33.68138549357991, 283.3201070949435, 472.85714285714266, 2549.646034456278, 0.16735838616159526], "[100]": [50.49220123301802, 2.8307900988253948e+23, 425.42857142857156, 2678.849382494408, 52.71170737596003], "[120]": [54.3016449381048, 1.2368245876136817e+29, 309.8571428571431, 3480.817204324663, 2.5524004188891922], "[140]": [402.1330679653656, 15629.394989908582, 14290.714285714286, 3211.98355961969, 6498.596095665529], "[160]": [656.1361604203848, 1.93338731276565e+27, 16395.0, 44087.735713405855, 653951.5732766476], "[180]": [2026.9724664545356, 11450583.216052575, 22002.857142857145, 15426.038670424805, 567797.9740404169], "[200]": [923.0863757448788, 8.678146484527743e+38, 8669.0, 2999.148264280637, 252143.2825849483], "[220]": [225.38824815892258, 6.025607668629359e+41, 1869.0, 648.6989554075539, 112387.46660265059], "[240]": [35.39920159880802, 7.901514751087554e+30, 480.28571428571433, 119.32455070409961, 43227.900356665734], "[260]": [25.50270080709899, 1.585059084399499e+61, 63.42857142857143, 16.931672677678524, 13798.854590017303], "[280]": [84.89175496336026, 4.8270301429257025e+47, 6.714285714285715, 6.303521525416934, 2252.201972806857]}