{"[20]": [3.0, Infinity, 3.0, Infinity, Infinity], "[40]": [32.62421805263045, 13218.549069874824, 46.92195574763418, 12.698256671253276, 1691.714297683819], "[60]": [117.13422128911529, Infinity, 1096.2833137149887, 569.0529962199834, Infinity], "[80]": [2231.1667768366415, 1276.396448123219, 8173.566130876018, 8055.527447925518, Infinity], "[100]": [3522.4060403625595, 4325.63786946486, 6166.799535699667, 965.1864701939969, 4315.4876497633695], "[120]": [464.6131787582145, 7.535802871873399e+18, 2179.1497633941485, 2431.8758889581163, 629.6737699968605], "[140]": [98.39260844157904, Infinity, 387.32504371893975, 149173.82357000254, 157.90248674377204], "[160]": [99.15752682069278, Infinity, 122.4316752430885, 369.8781933482078, 59.749756006518275], "[180]": [114.39251140551369, Infinity, 35.75464440858094, 9005.860244849106, 19.53295007174199], "[200]": [117.28600722029367, Infinity, 20.95562867971014, 42.092597047332426, Infinity], "[220]": [103.20325276133453, 5.280447848953188e+16, 2.4029144070411315, 3021736.65155004, Infinity], "[240]": [86.47026570137763, Infinity, 4.111181259427025, 2.2552324540405855, Infinity], "[260]": [72.96505207750718, Infinity, 0.7219145121410833, 0.5288133848877438, Infinity], "[280]": [82.85445463731313, Infinity, 0.8722572259699222, 2.637450828854441, Infinity]}