{"[20]": [5.674371406206648, 16632.51071813163, 5.179796380471045, 74.74544224439907, 1165.092298459542, 2.918756094904336, 10.69988966205563, Infinity, 4.162933574495077], "[40]": [24.126935965244886, 2700425337.979933, 26.27132813816235, 10.738252408864536, 8.986656228468183, 12.040698275278272, 18.19825781458755, 20.408033735663448, 6.471665025549274], "[60]": [206.79775842890587, Infinity, 276.59347576287155, 270.5832598274852, 271.6574006739864, 52.826659334524145, 1498.6618128615387, 17602.24865180674, 93.70763687582145], "[80]": [720.2192248033115, Infinity, 1795.089866413442, 1439.0763441351965, 115.697472156243, 97.2003720903122, 1189.045492189854, 703.2473765827931, 804.2820613272754], "[100]": [862.7098206495735, Infinity, 2368.0492172503564, 1422.4115435835818, 231.72709493930546, 207.02176415958013, 375.6961328640329, 1499.7605274259417, 1639.1476356358044], "[120]": [86.29836110638816, Infinity, 2476.082437358962, 101.23824855232832, 940.3736211061034, 1629.9982306077607, 228.8608229609201, 20290.94349402578, 15189.975086501148], "[140]": [241.72312788627477, Infinity, 1523.717758996657, 7.567194152636467, 91.03729700430307, 5.8333596999040624, 12.310169850494571, 1235.2176679373733, 273.53907049052174], "[160]": [123.08474779255923, Infinity, 384.9864497548462, 29.36039521685787, 2.5714649732694097, 35.506606446182914, 21.4107908090994, 259.46658325058087, 100.78401880558738], "[180]": [104.80515277465976, Infinity, 73.04808231170709, 14.605216109247005, 9.33384324885572, 16.954750739108196, 13.77623785214146, 108.31689555125962, 108.47148017462293], "[200]": [143.02719659225772, Infinity, 16.146105023636355, 13.776271065045517, 11.305271591872907, 14.422572737799088, 12.657860286988967, 169.3489149300489, 183.6116877609585], "[220]": [131.2574696396506, Infinity, 7.6405715317774785, 1.6559504534630074, 0.9022647023837358, 1.8094951997605533, 1.2489132487416854, 185.5681508069078, 195.18795942901983], "[240]": [113.42013716120289, Infinity, 3.0, 5.656244066836069, 5.378843608876154, 5.690060902114006, 5.479155956824953, 138.53160500734725, 149.34126670572417], "[260]": [106.27432405126416, Infinity, 4.223021582210335, 0.6070657907691197, 0.09382607550598168, 0.6141759401825605, 0.2202552149921994, 120.86046912785632, 127.5317725642077], "[280]": [96.43538688823965, Infinity, 0.15323985055832723, 0.0038662971337190895, 0.002522712292997488, 0.0024028509350635776, 0.0014350933499321236, 115.42506429272434, 119.92321380314033]}