{"[20]": [17.67437140620665, 16629.902022479455, 17.172709772399497, 69.00631180961646, 1164.5705593291073, 12.406315290992794, 12.663893429333232, Infinity, 16.162933574495078], "[40]": [229.7398627593413, 50.35407381221255, 293.0015703078275, 60.25318568189661, 309.3886524180401, 178.13911261154317, 106.60150259423978, 792.4331940295261, 102.14010283878983], "[60]": [3282.1467527308673, Infinity, 4893.222927778201, 4587.297556543927, 3450.7271849817994, 3301.9044011231163, 1443167.409281318, 149.04239982799464, 449.3358179138457], "[80]": [5654.165168934141, Infinity, 7968.005973528883, 1963.5927219593584, 4525.172259067992, 1183.8841869638047, 17601.40455295841, 192624.11885318896, 126873.60772241377], "[100]": [570.6464362517614, Infinity, 9906.398166877088, 1006.5762189602066, 621.3151601865089, 1286.7782589366057, 662.4039939581764, 159030.8932711028, 94360.79764362583], "[120]": [530.8989383794258, Infinity, 2565.919942858859, 93.12945922112624, 3.1359582105949197, 61.65528787750713, 44.202389660179556, 73958.07684293701, 28170.940844962555], "[140]": [257.45790924336626, Infinity, 365.7341781642091, 28.77442807382697, 44.804208886839454, 34.50558958080024, 25.673064464102982, 56.929841628755945, 427.0143148931335], "[160]": [324.1041703633808, Infinity, 63.15949189724306, 16.251867802854004, 19.941140233315497, 17.2460567487549, 16.784405542042602, 1140.2533810678772, 1151.5552301720222], "[180]": [268.49967437385936, Infinity, 16.292185281387113, 2.558805084931411, 3.3873183013665282, 2.714453441032321, 2.9844832561515755, 956.1083732462995, 938.2600901275998], "[200]": [264.9418711697141, Infinity, 2.7679901620252236, 0.3537376195729927, 0.20850384246395845, 0.32926323272217006, 0.25225723156995516, 794.8426579758202, 779.041786847235], "[220]": [226.13473700828723, Infinity, 0.0, 0.015575509681198283, 0.015194675356104033, 0.012190724727493014, 0.03269661827618657, 568.8156926820087, 565.2911589499948], "[240]": [208.53813706910557, Infinity, 0.0, 0.0018522167262427286, 0.001774838723216919, 0.0013952236078112422, 0.004314841644781769, 476.9134127910071, 475.2866607336542], "[260]": [196.0823740832365, Infinity, 0.0, 0.00022026130500195292, 0.00020729931512262118, 0.00015968838306641266, 0.0005693330265356864, 412.1391377748836, 410.18579931277], "[280]": [183.8453061552955, Infinity, 0.0, 2.619281409125345e-05, 2.421139830554397e-05, 1.827548774677347e-05, 7.511328867086477e-05, 361.2059334911632, 359.6164086756899]}