{"[20]": [2.592995306021309, 1.1193347168847025, 1.8811331259931448, 0.7470677986856934, 1.6526642814014698, 2.0615431688592945, 11.46596225253029, Infinity, 1.482131743534366], "[40]": [22.465605385737877, 14920658.706218626, 36.92422103569781, 6.179119293316886, 7.014173530020795, 34.673609063505275, 23.992407482996413, 270.12947075917816, 9.945990237762764], "[60]": [199.0682514778668, Infinity, 563.63082511317, 414.06743303319837, 329.8188177453261, 75.41190962875802, 99227.72702937677, 8.321189579737212, 22.137444951361594], "[80]": [1299.5346673204913, Infinity, 4459.25527362647, 485.9792254904102, 434.8423807841027, 451.6044308687489, 1139.7007430134813, 1023.2266100968155, 665.6664749745503], "[100]": [264.64934456244094, Infinity, 223.02023725347047, 1.83996658489348, 12.811286710716217, 20.702974893658915, 190.402484818898, 2169.4968845056223, 1401.2282574168755], "[120]": [388.95705547877634, Infinity, 3769.056680064058, 198.8207966676937, 454.4709021246925, 396.398559809607, 420.08255588406877, 13107.127709172686, 7255.626632043633], "[140]": [95.90563409248352, Infinity, 926.4472414722962, 152.35728733773, 71.38089133015971, 41.98921089796028, 76.25012991754052, 7.777552149658927, 6.863531178074576], "[160]": [56.80724698799565, Infinity, 196.26368656647267, 144.80891281611068, 102.16997900380133, 106.15932490293137, 101.53139250454494, 132.00466685212862, 110.04731488179269], "[180]": [60.4035663249825, Infinity, 62.721567518613526, 70.30363836461292, 49.76706258364357, 60.666651712156586, 51.0906636429152, 190.75792570830959, 185.81150661766097], "[200]": [50.820008358685165, Infinity, 18.269230388705363, 43.49039762461318, 33.11702181700948, 41.43060240583181, 34.428938927821825, 130.72891650205685, 135.02934734491902], "[220]": [45.99703442854515, Infinity, 6.40355640725671, 29.54883404655543, 22.925734538585242, 29.134559997221483, 23.926079469628387, 108.76143250250826, 117.10611560629401], "[240]": [31.442316082925228, Infinity, 0.6292776005552717, 29.43228356381654, 25.111257412145026, 29.351686047327167, 25.79173394352892, 25.027212045290725, 27.885280054651165], "[260]": [37.45055356458741, Infinity, 1.0943938386564231, 30.046285566185777, 24.728722469313404, 30.030938329497292, 25.577293647125135, 86.8390210751652, 84.38674589706775], "[280]": [37.17501324495947, Infinity, 10.913645099485437, 24.339215987000642, 17.907399064154728, 24.33633709428757, 18.935613611142006, 60.379372203307774, 56.83634053873284]}