{"[20]": [32.0, Infinity, 32.0, Infinity, Infinity], "[40]": [21.6898417674686, 425.3644854104842, 629.9917145847406, 241.12630939596886, 5336.772481109927], "[60]": [157.63287829353303, 1075.7805210890897, 14071.122336451928, 7643.867018882957, 5483.486491070887], "[80]": [64078.92725238941, 33672.86069766849, 42390.59155725769, 55711.038156452196, 6338.975232809224], "[100]": [2917.3474835219777, 31875.914669780937, 39521.61864141751, 92602.67917742275, 22595.800919027115], "[120]": [1236.4209633964, Infinity, 13606.70509431779, 38899.746321901184, 2920.3884266374935], "[140]": [603.5206644459757, Infinity, 2421.9341687868036, 186176.08325255022, 504.49262338884665], "[160]": [2546.1840406141873, Infinity, 450.3324886810252, 15518354.682043333, 95.86299387579346], "[180]": [2353.5924940012, 1.2388160092465646e+23, 66.55622186666979, 11887867.453759108, 10.296761801318441], "[200]": [1614.7895117596863, Infinity, 18.1326694193422, 10627812.80402797, 1.8716177715820799], "[220]": [1070.720082370138, Infinity, 2.5165183337798434, 10019101.613269612, Infinity], "[240]": [711.8810301720122, 1.5998138518977995e+22, 0.0, 0.00834657422367267, Infinity], "[260]": [464.5248626310701, Infinity, 0.0, Infinity, Infinity], "[280]": [367.85961138370925, Infinity, 0.0, Infinity, Infinity]}