{"[20]": [Infinity, 0.9985431594900871, 1.0, 0.9999987085353498, 0.9999851957270451, Infinity, 0.9999912063607439, Infinity, Infinity], "[40]": [0.17480594303451474, 4738521.519440348, 0.2994168703417493, 3.22581136251776, 1.8515532334977822, 0.4058937016777044, 0.3845478575646744, 0.40224335777427983, 1.6954037999424332], "[60]": [0.23426477297173626, Infinity, 0.39529870181923676, 0.5586538311528342, 0.4865230439731138, 0.4010930901536409, 34.16214321693189, 394.3316957639854, 1.9093122595578662], "[80]": [0.15622622707913666, Infinity, 0.0, 0.005162897591823782, 0.007980640111854854, 0.009366028327978506, 0.031111422957264035, 2.186248961580026, 1.7378580239072166], "[100]": [0.13087386462531223, Infinity, 0.0, 0.00019557288289992012, 0.00036766208673681135, 0.0003647341118642088, 0.001436169002305999, 0.1938293402752727, 0.38427149271545835], "[120]": [0.10386419410782467, Infinity, 0.0, 7.402190497420775e-06, 1.6816029305656283e-05, 1.4168793650025735e-05, 144.05034367601831, 0.0620991281368235, 0.11167817968401429], "[140]": [0.06816612655677744, Infinity, 0.0, 2.800137895156766e-07, 7.660006606084245e-07, 5.493759986490428e-07, 179.26542495018725, 0.03707219212934293, 0.06056040591453356], "[160]": [0.06087346882703673, Infinity, 0.0, 1.0588771970795993e-08, 3.499580751462987e-08, 2.1275585660457534e-08, 44.42741282180674, 0.026450202309808175, 0.04012017564090118], "[180]": [0.08852737275465483, Infinity, 0.0, 4.0031646218938533e-10, 1.5913262188998453e-09, 8.23228653040514e-10, 8.628697483612424e-09, 0.020569686122250207, 0.029468139358556567], "[200]": [0.06523048462714519, Infinity, 0.0, 1.5131472254625037e-11, 7.232400033427206e-11, 3.183361156658948e-11, 4.380955981011351e-10, 0.016833074656514634, 0.023060853659828743], "[220]": [0.07826724102493428, Infinity, 0.0, 5.718705896733445e-13, 3.289563532628708e-12, 1.2303904145253402e-12, 2.2284491846268375e-11, 0.014247828118094951, 0.018836100658112157], "[240]": [0.07834378429622818, Infinity, 0.0, 2.1610576948090254e-14, 1.4918918098164984e-13, 4.753763405158568e-14, 1.137715010845942e-12, 0.012352409041895046, 0.015865354959681943], "[260]": [0.07809350421203297, Infinity, 0.0, 8.165758171798864e-16, 6.750810991692379e-15, 1.83612978164021e-15, 5.814069284215866e-14, 0.010902990948280955, 0.013674413072872772], "[280]": [0.045817800702955734, Infinity, 0.0, 3.0852850528550584e-17, 3.0570216083126935e-16, 7.09027520233525e-17, 2.977214503414859e-15, 0.009758597259285212, 0.011998128860493519]}