{"[20]": [Infinity, 0.9985431594900871, 1.0, 0.9999987085353635, 0.9999851957909397, Infinity, 0.9999945851069694, Infinity, Infinity], "[40]": [4.669078068902244, 742836.8381624382, 5.653014050834865, 1.6266203453320012, 1.4329348793216874, 2.0990929492967676, 3.780113682265529, Infinity, 1.4800734115334873], "[60]": [9.06505568765416, Infinity, 7.423083502449049, 15.833199776508911, 15.141568464796817, 8.781787125528176, 1848.5859881036508, 60.69559971993794, 5.328246942511542], "[80]": [20.537205551786833, Infinity, 26.449581997728046, 45.34214807914992, 49.81371887540336, 16.478869855702712, 9.581473504203853, 166.78737335475415, 0.7210459337463067], "[100]": [86.14337252234898, Infinity, 113.17747638084079, 125.44476866465321, 84.50081873991158, 28.653065163823747, Infinity, 28.943991822176585, 29.010015242238673], "[120]": [53.040637408222665, Infinity, 366.39093833657995, 195.67827798170322, 28.7395454935198, 29.860572433687974, 318.26803411981325, 30.33892306360105, 34.435386224947365], "[140]": [121.06103853218394, Infinity, 818.1571081588619, 375.70967953769775, 125.8800874145239, 134.98132819171695, 46883.17269749974, 327.39707671071284, 302.6465655802266], "[160]": [251.87060813026434, Infinity, 651.7431930966795, 216.7041287176489, 20.154282559863283, 236.89659918900554, 70.44474030574821, 79.76799921776299, 104.87346490935039], "[180]": [15.515186725813768, Infinity, 52.65829188736977, 649.9435460132834, 100.45956198727168, 44.04449101207747, 32.905571917060854, 32.29976753178964, 129.03347141291607], "[200]": [64.13804604606226, Infinity, 229.0441480880545, 1091.5776174151988, 45.43352387363259, 218.6506973452866, 6.33123077818125, 118.33145507209404, 118.37265854762528], "[220]": [81.38603281159735, Infinity, 649.5929847789613, 827.9393202804207, 360.60573598336885, 610.0276679888412, 324.50032670767126, 77.7454521764515, 80.97521053636358], "[240]": [38.99072575438602, Infinity, 538.1049736660551, 524.4446759244267, 243.18762678451475, 625.2014850058199, 199.27856935167256, 12.60428843611714, 1.8227468876432151], "[260]": [17.952703138513062, Infinity, 341.1180899315713, 313.0031321062904, 136.00149029678497, 464.1177070170678, 99.78578749024085, 6.083064006776306, 17.226276069954938], "[280]": [16.850984289628006, Infinity, 179.53990704838824, 127.15618643063442, 76.06019511424874, 361.5005809589347, 58.03999118652293, 9.934948667086298, 8.900636355448265]}