{"[20]": [4.666828416545519, 7.06083555394599, 4.428571428571429, 3.827810022465238, 2.8036299068192534, 2.0418729157502717, 1.8923015586444718, Infinity, 3.995719478817862], "[40]": [90.37619224220977, 50.70179453902543, 106.14285714285714, 21.732388388465324, 118.87864769761953, 98.10511542167254, 97.78553721160196, 45.56636472535459, 33.93788719120454], "[60]": [306.40131048769035, 1538406148542945.2, 1127.857142857143, 717.9175919158419, 138.92272289182642, 129.11203186009425, 138.94477398982485, 1801.0299020717084, 608.6255944199997], "[80]": [150.6813705663085, 3.40077629912588e+24, 693.1428571428573, 1288.9219109210644, 226.83411456584463, 416.76950562953607, 194.50655850428984, 2801.4425585144036, 1700.0367434063546], "[100]": [85.8456409731134, 2.414254885475781e+32, 462.85714285714266, 2234.844709870249, 303.8273530449824, 599.5710609916159, 233.09237976195618, 1575.4142071318765, 1373.5331389911398], "[120]": [137.74135102121272, 7.576325486168787e+35, 544.5714285714284, 2990.5551182099525, 396.1284292067694, 1022.9042141427944, 282.6658483956571, 185.55278060577257, 195.455839969316], "[140]": [5609.123875040117, 4.537767621226321e+50, 7176.714285714285, 10016.212425006606, 6212.947568342925, 8100.273999398214, 6008.4326080303435, 1615.5151332171554, 1386.5387994521243], "[160]": [2684.5432212143787, 1.9472354461076123e+59, 24656.142857142855, Infinity, 7025.049449336235, 12014.330517711867, 1805.9210740509443, 43.788505344316945, 353.3691129503495], "[180]": [1402.3749199377708, 2.8311610852975855e+67, 17683.857142857145, Infinity, 21807.659745728626, 15514.07058572521, 21786.318507779142, 200.25366002669762, 550.6692346000345], "[200]": [1781.4128429464308, 1.9258664884755883e+77, 12405.571428571428, Infinity, 6809.751571965826, 10043.01496977013, 10219.912585460403, 760.8914745530983, 1325.04051697457], "[220]": [340.98594557373144, 1.6198306258292654e+85, 2997.857142857143, Infinity, 1401.1226118931081, 3488.3732698901686, 3399.76194184392, 289.5456812474936, 69.05423566095578], "[240]": [209.21378173100675, 9.5085081810186e+93, 827.1428571428571, Infinity, 389.7440322253942, 1306.682132710865, 1229.2849540488874, 101.03503491172364, 127.8009675983568], "[260]": [45.25043528388778, 3.8746981460246653e+102, 208.0, Infinity, 115.38971510034247, 525.6241065292165, 485.967764228609, 85.67068683655884, 91.83326682227423], "[280]": [111.32957361650915, 1.5387735893052318e+111, 16.285714285714285, Infinity, 12.140737701356485, 173.60600773374085, 156.74062257867453, 222.00769303939487, 218.0269379095963]}