{"[20]": [15.798963872735404, Infinity, 15.428571428571429, 10.975584790047815, 2.078853254567287, 3.5923334892487198, 8.133365520680524, Infinity, 14.917282304245084], "[40]": [120.63309267708476, 556.8982082396813, 159.57142857142858, 22.884308967353547, 175.59486572284544, 22.510491677594985, 28.570049195759566, 4630.571632725189, 121.86981836070964], "[60]": [690.7273605684086, 1.6870674482499205e+18, 1267.142857142857, 1262.9746519143557, 1299.819595785465, 221.47260151870728, 228.8512010399952, 1108.5737651512698, 334.50629388960624], "[80]": [4059.133370499854, 3.729403789879908e+27, 8044.142857142857, 6857.819048719963, 5618.209027622689, 422.6398462079669, 310.26474502355995, 2647.2409165331082, 836.5523819006248], "[100]": [4494.93361269456, 2.647552091869952e+35, 10245.57142857143, 90.16862329676223, 166.23983975200463, 161.19564167909994, 676.5145642289535, 19222.951388193505, 32147.822934810054], "[120]": [1031.5902425962886, 8.308450134770628e+38, 10354.571428571428, 368.85539641798823, 2428.0584572491152, 5564.495231926896, 661.9782478358902, 1028.7774292023569, 1845.7033321418694], "[140]": [2496.2262116568527, 4.976266294395922e+53, 7059.428571428571, 376.3406527405632, 311.46706658172434, 695.1826211914658, 116.66908439755207, 7401.245505794752, 2727.5454803723837], "[160]": [641.2889449733202, 2.135402919236706e+62, 1893.1428571428573, 175.943161906932, 13.36948443876804, 121.56669557579494, 26.985387187992842, 1404.7042610251306, 1464.6475069928638], "[180]": [1110.1506136752405, 3.104745092395459e+70, 358.42857142857144, 105.99023973048851, 60.85398900861372, 21.005927773400032, 70.09697787767618, 327.19670694986144, 429.0063540308561], "[200]": [1217.5994529702953, 2.1119689227880706e+80, 112.85714285714286, 33.13447012332367, 15.697570209635728, 10.749560377115799, 18.57238312047634, 931.0117875862497, 893.9970896288019], "[220]": [1053.6400798698191, 1.776360035683665e+88, 23.42857142857143, 12.993971665395943, 8.986126850207842, 7.455369327729985, 9.627384169111036, 585.4859190324489, 566.309558655717], "[240]": [900.8447196617435, 1.0427345148083256e+97, 10.857142857142858, 1.7553891782830935, 0.05236995693179258, 0.4365461007066074, 0.18404914097218228, 443.98099366894974, 441.2831388790223], "[260]": [859.2722178474205, 4.2491225503989994e+105, 3.2857142857142856, 5.731461054696135, 5.308826034661107, 5.4246621885116175, 5.362344136297732, 352.7076721545294, 346.9996854013183], "[280]": [752.808605476504, 1.6874702090631743e+114, 5.142857142857143, 0.30451942784154223, 0.8835467476335243, 0.3748006910934326, 0.8197181907883546, 268.7368731080953, 266.4006552342777]}