{"[20]": [0.0, Infinity, 0.0, Infinity, Infinity], "[40]": [0.06724991831978056, 4.1681033279363255, 3.857142857142857, 2.133395007593885, 1.7428192427330749], "[60]": [12.074859849757487, 54.924028019760236, 36.85714285714286, 1.052843518736914, 26.157644830591504], "[80]": [53.227327493057146, 170.6834347068467, 440.57142857142856, 77.28002627294279, 57.97213535032381], "[100]": [667.5211540407208, 2931.0866325229617, 4143.428571428572, 2247.8070336992105, 1072.1519849217548], "[120]": [2363.3666633809953, 9955.063538328899, 8510.57142857143, 18059.22790649976, 1882.153219586031], "[140]": [3535.145968780751, 96488.08477126803, 7285.857142857141, 9069.705367516282, 5969.118470864611], "[160]": [270.0399834511436, 2.7204891618917616e+16, 4508.0, 143.45770533564973, 1686.6188682727507], "[180]": [1113.9153788671888, 8.46168134162765e+22, 957.0, 2989.3939850228217, 304.39462749567974], "[200]": [799.3399842629999, 1.124799653487783e+21, 206.0, 3515.2492057146715, 73.30731839812643], "[220]": [517.2607731546411, 2.3843238092312207e+24, 26.0, 3461.1385739978073, 9.919666277408098], "[240]": [351.7322645057548, 2.2142375321577158e+24, 2.7142857142857144, 0.30307914500831046, Infinity], "[260]": [273.06653065800344, 2.570223442197535e+30, 0.0, 0.0, Infinity], "[280]": [248.44999908179466, 3.0274295557804886e+39, 0.0, 0.0, Infinity]}