{"[20]": [13.202999987901245, 479747.13263504865, 12.514799246429796, 8.726336617436518, 131.3510041767617, 30.45852100886556, 89.52020437968157, Infinity, 52.614421446501915], "[40]": [12.771157356157833, 21.233512297868902, 14.644736471023815, 34.540658612418895, 29.380542805586675, 3.3821955281938445, 338.0073885843427, 5.776665015349936, 2.4032926327881117], "[60]": [11.49878166678893, Infinity, 12.055784041275956, 46.31518253120692, 39.99652107423816, 8.907071415572386, 28.139406774192093, 27.084505732568548, 0.9807588538396822], "[80]": [24.161504710515135, Infinity, 29.410192295919398, 75.95582348164668, 69.72248444660228, 45.300498214098376, 25.935729954175955, 74.48900321522876, 35.21731995027089], "[100]": [52.48916158955992, Infinity, 77.36568661613552, 146.29940242137243, 69.9615520023451, 71.94257418248105, 33.550323734697216, 46.85113859234003, 48.62419524302476], "[120]": [123.8288153617936, Infinity, 205.74697861882808, 298.76092732560465, 288.55124198063356, 105.80307182756142, 68.63193771436173, 66.20373647829723, 64.54083629161086], "[140]": [7.91988895640699, Infinity, 280.82959951409595, 334.3270632165166, 35.8756942340725, 36.76400881185359, 219.94108279934738, 200.35342788576824, 203.62219159319667], "[160]": [7.921117308458921, Infinity, 182.7122385128529, 396.97575731471136, 49.39339398853945, 32.97598256266819, 67651.48956489349, 1.5199684641731575, 8.391061101473614], "[180]": [527.5159549524411, Infinity, 976.0190628802051, 1477.498655501272, 883.6322458964511, 1056.5542546639053, 792.8129038579297, 72.53718072295337, 60.926378448914136], "[200]": [1513.8412268909858, Infinity, 3490.250531118441, 2980.0499844837827, 2627.573888541228, 2984.0165329537963, 1869.7959239691609, 1279.11308464342, 1248.3350232950654], "[220]": [1043.1425124434425, Infinity, 7622.747176270664, 8007.338354004654, 2097.8132213463537, 1295.2615402966596, 27496.22694189315, 953.6078129563887, 973.8493912582594], "[240]": [1332.7238291032063, Infinity, 5696.341143544351, Infinity, 744.6963329760825, 1857.892179843824, 118621.52682144422, 2170.376876002472, 2217.6190576404756], "[260]": [272.94389333628584, Infinity, 6429.895500485508, Infinity, 11199.545798786543, 5639.212772194784, 74873.02807065954, 8256.596508947561, 8239.114093451783], "[280]": [1334.5283474501302, Infinity, 7456.540932638216, Infinity, 5990.364260899279, 4055.3163254763804, 34103.77407595006, 14113.344825790462, 14583.996730200282]}