{"[20]": [8.0, Infinity, 8.0, Infinity, Infinity], "[40]": [2.2523355474486446, 131.47664955456477, 164.97715879335402, 52.389007033706314, 1679.6535265017767], "[60]": [274.1212246623174, 723.5183218075944, 4083.310685286275, 1441.2788050908848, 1494.600573837014], "[80]": [1923.5207326032237, 19952.695955254585, 29614.818219423785, 27050.00890121644, 1876.7294053054682], "[100]": [4294.272414144898, 8617.163942162133, 21367.734541142596, 372862.33762826934, 13188.192336226404], "[120]": [1262.0632758035226, Infinity, 9436.2941454922, 156908.61089720565, 2925.953614543769], "[140]": [230.84394225721027, Infinity, 1584.9126362943027, 210542.538685669, 424.9570911656232], "[160]": [325.36359615052095, Infinity, 300.1758501124722, 7252374.121546036, 72.40752771051199], "[180]": [206.1063777525766, 1.1296788796308285e+20, 50.05218564173138, 13559844.19796455, 15.88315674643999], "[200]": [167.17823723905818, Infinity, 14.87276063952756, 13174352.316517504, 3.56772318246503], "[220]": [157.15324122279185, Infinity, 0.2151337578899056, 12782288.073512305, Infinity], "[240]": [150.5175847971432, 1.4588414981411832e+19, 0.0, 0.016384005768144912, Infinity], "[260]": [146.19105799893833, Infinity, 0.0, Infinity, Infinity], "[280]": [146.55403876578637, Infinity, 0.0, Infinity, Infinity]}