{"[20]": [11.48686378115394, 7.656562062203079, 11.428571428571429, 14.30886807135657, 7.615684860245395, 7.481723726930287, 5.526073569503605, 9860.576170228582, 5.617131413522195], "[40]": [113.1488637499794, 2171183560.6531005, 140.28571428571428, 53.49720804451189, 155.81056916972432, 53.359088162161854, Infinity, 63.39239678927751, 75.40124087173508], "[60]": [903.65316520836, 1.687067468310284e+18, 1329.142857142857, 1375.0603960326125, 1153.0625410397515, 603.8846440829581, 605.6999706015163, 37665.186938921855, 75.06088242190299], "[80]": [3196.398548526141, 3.729403789879908e+27, 7628.285714285714, 5646.824845403183, 1426.87798514524, 1357.4454597841413, 1316.7937496469694, 2560.508511345901, 4468.242416852305], "[100]": [5049.730168186688, 2.647552091869952e+35, 3086.7142857142862, 1708.0725733989639, 3550.9141871401916, 1046.053222176637, 1705.8118220469223, 26941.274085391167, 21139.164381950883], "[120]": [1985.6212472248735, 8.308450134770628e+38, 7991.142857142857, 374.88344245526787, 990.4185934530142, 1706.372820558584, 345.27725022089544, 77931.9156556611, 58166.40030439329], "[140]": [533.1599896138541, 4.976266294395922e+53, 3288.857142857143, 202.58058803202925, 96.89702651492507, 247.35577113371892, 10.443632054050113, 1012.6023411857304, 1355.024956188463], "[160]": [449.0023758253328, 2.135402919236706e+62, 751.0, 94.58387048008905, 18.174920570117706, 30.13110125127224, 35.84767208274289, 300.69842161426743, 574.9295786657099], "[180]": [231.45502703047805, 3.104745092395459e+70, 157.42857142857142, 48.291421088518504, 26.478560490529105, 14.860004907569973, 30.27066099730623, 281.59149893808603, 323.8502450519699], "[200]": [244.3006135227988, 2.1119689227880706e+80, 45.85714285714286, 17.171729139172513, 9.436896393462058, 8.93177585266449, 10.24784879897823, 531.3816076811844, 527.2785534197848], "[220]": [89.55131712624234, 1.776360035683665e+88, 11.142857142857142, 10.14567505474146, 7.716036634041541, 8.22149159487574, 7.885247304953262, 235.50452374706785, 238.54981326700877], "[240]": [174.02196403663447, 1.0427345148083256e+97, 8.285714285714286, 2.027693373944562, 0.3194201757919206, 1.5925657634192822, 0.3729174192619862, 317.59631736279016, 314.641785420646], "[260]": [145.80498764627464, 4.2491225503989994e+105, 3.2857142857142856, 5.764485116682541, 5.334901102389556, 5.668056209952652, 5.346623435469126, 260.3230112888364, 258.54355417815333], "[280]": [108.71119688844146, 1.6874702090631743e+114, 1.2857142857142856, 3.7009816462110687, 3.122931527165176, 3.679899618516, 3.134122831201375, 187.27503256947236, 183.7293473087255]}