{"[20]": [2.7403460811362272, 5.50446950072978, 3.142857142857143, 11.634888554734077, 11.522238385009102, 1.503339333665969, 1.0090251692698837, Infinity, 4.548057498960773], "[40]": [71.52405373781322, 10.0654131266719, 122.28571428571428, 0.8719144632939617, 120.88311109108788, 95.5174999880919, 94.12526275742029, 15.105756778064574, 35.77015871596984], "[60]": [1347.6143678935837, 1538406076594075.5, 3245.142857142857, 931.6103857544158, 806.3658222787972, 707.1925378609812, 669.3731984685528, 2070.611736720529, 85.53788743305859], "[80]": [613.2618566479068, 3.40077629912588e+24, 5747.428571428571, 1510.5925881323128, 2594.252410481462, 701.0960880247258, 373.74728666609735, 13564.047667882816, 11322.14480756364], "[100]": [933.0827142187663, 2.414254885475781e+32, 6865.857142857143, 479.12947790413546, 314.01233123375005, 651.4979428944844, 710.6622596347306, 23962.12734950541, 3626.236403784601], "[120]": [489.48030059463963, 7.576325486168787e+35, 1556.2857142857142, 177.59169597028063, 172.57536481104808, 126.82674880615741, 75.8058414791285, 3516.370534896806, 2349.5723182274596], "[140]": [143.89119098575247, 4.537767621226321e+50, 308.1428571428571, 206.59062892504596, 189.14984032719514, 187.9925829332874, 244.9702586650439, 41.96776807577123, 32.51578494761122], "[160]": [65.23978410301015, 1.9472354461076123e+59, 123.14285714285717, 72.49532883932953, 64.89297274316817, 69.01146240128415, 109.99605464347935, 177.15773142465372, 168.28246745767228], "[180]": [33.96860610213571, 2.8311610852975855e+67, 27.57142857142857, 41.366097402912786, 38.52942211339503, 40.82918562965435, 59.984327752298086, 172.78576409547796, 163.3749776247876], "[200]": [49.78431702991293, 1.9258664884755883e+77, 18.42857142857143, 9.907200578999792, 8.831225726379795, 9.829430148633488, 17.881243355929985, 128.2440445566953, 137.0678502944883], "[220]": [53.46458552717013, 1.6198306258292654e+85, 8.714285714285714, 0.8131757804870268, 1.0288130612364212, 0.8240535067362478, 0.8101847262102416, 128.2355968237606, 127.89855899346963], "[240]": [66.49585463907624, 9.5085081810186e+93, 1.0, 0.39701590435714995, 0.3250262165173605, 0.3955298225575904, 0.9601823000456227, 116.21030493337773, 116.86638143130305], "[260]": [53.61825282839936, 3.8746981460246653e+102, 0.1428571428571429, 0.6987702867155005, 0.6627554472048203, 0.6985706767423883, 0.9874371040788263, 95.87316590875682, 94.49716998283], "[280]": [50.60196105838622, 1.5387735893052318e+111, 0.0, 7.685057389137732e-06, 7.132712653260322e-06, 3.415927416445566e-05, 0.0005527080738932925, 85.3540887057416, 85.48746349620428]}