{"[20]": [27.857486104076152, Infinity, 31.1986009472594, 20.771937383578763, 216.1129076425527], "[40]": [241.90413497038583, 216.70468510734153, 408.4728374432772, 215.94461124938195, 56507.66610834156], "[60]": [215.7375170282914, 2237.050599240647, 7338.995641224314, 2301.2817579841276, 4092.4999463602726], "[80]": [23150.333891021008, 63460.76145173224, 43932.08525739045, 39488.711706136855, 3892.6884891219593], "[100]": [36616.88279100559, 207530.81751949887, 24309.420341722853, Infinity, 14192.026899258346], "[120]": [2313.6300552347843, Infinity, 19574.83494589586, 60656.48946720475, 2874.246423714374], "[140]": [508.9227480066075, Infinity, 3646.2117758254512, 170005.42942617318, 408.7032058723824], "[160]": [1599.20128368616, Infinity, 572.0663660663089, 15661971.080692753, 44.26726480479426], "[180]": [2106.0385790924015, Infinity, 93.72512744238018, 12692005.619371548, 0.5161051444693168], "[200]": [1757.9689281140222, Infinity, 21.1240923773686, 11219736.552998815, 3.368172970888547], "[220]": [1257.9892312737036, Infinity, 4.274097408659403, 10609673.04603299, Infinity], "[240]": [802.0001204796504, Infinity, 0.37085377787278867, 11211.83865270713, Infinity], "[260]": [458.80433276845423, Infinity, 1.0, 0.12548781567114978, Infinity], "[280]": [400.8137006958089, Infinity, 0.0, 0.030034858627216342, Infinity]}