{"[20]": [Infinity, 0.9985431594900871, 1.0, 0.9999987085353635, 0.9999851957909397, Infinity, 0.9999945851069694, Infinity, Infinity], "[40]": [2.237680571794107, 2461432.4375199545, 1.7585281578624075, 3.1950991012159373, 1.8117281490807577, 1.6854546067314222, 973.995342120166, 1.7673601331709319, 1.5448528270769577], "[60]": [0.38742304270418154, Infinity, 1.2577826568584345, 4.451686809329387, 5.422269155841553, 3.6118372818079605, 6437.498880007699, 3.0455617792585468, 3.9653412182833505], "[80]": [0.33108190633414913, Infinity, 1.0160584674980908, 1.3250617683046522, 1.6694200509759944, 0.6259767476932155, 2816.105158487981, 0.8472289048704581, 1.4653818894480772], "[100]": [3.232857897082847, Infinity, 4.371654290457726, 0.5847955786023852, 2.884865901553321, 2.8229195468110078, 40.89919687645198, 2.1500745008268685, 2.2895280991876765], "[120]": [0.5540315144263445, Infinity, 0.30617755629350185, 4.8915304903201315, 6.988256796678654, 0.9241379450815824, 1.8785509611025197, 0.9588118366004651, 1.2332353991545366], "[140]": [0.3857965777580841, Infinity, 0.12671740587339106, 4.193031292340449, 5.999009149424234, 0.1333134446681457, 0.431256774271025, 0.1360046207871526, 0.19967145928935515], "[160]": [0.48333283452031056, Infinity, 0.5316874111276784, 1.397682751260343, 1.99992260599656, 1.4994260842466034, 0.6528875684309348, 1.9655886243153564, 2.1259276932217928], "[180]": [0.32126586823494374, Infinity, 0.15189365672988983, 0.999999939208009, 0.999994362472145, 0.3717851252061523, 0.9854596167358579, 0.2534822875107044, 0.5616912043015604], "[200]": [0.40825739938576017, Infinity, 0.0, 2.7279573242884362e-09, 9.609382130855242e-08, 0.6829128793721974, 0.22987828542780217, 1.333377137767399, 1.413313427903239], "[220]": [0.3741744098935739, Infinity, 1.1513842736461337, 3.4942096700394676, 4.99999996986339, 3.023347808554659, 1.831625622938909, 0.5367184991731174, 0.40301266014276566], "[240]": [0.4945456661123069, Infinity, 0.4703236630163257, 3.193051604253948, 4.999999997708403, 2.763897608420652, 0.8059068557712428, 1.551831399505602, 1.5447190155533534], "[260]": [15.173595127941365, Infinity, 13.468961615727627, 27.976838680878817, 33.999999999791136, 23.196264345621508, 13.983495333734277, 19.427239426759517, 18.986899932967024], "[280]": [7.449124817450462, Infinity, 10.803559225111243, 41.44788703197848, 54.999999999971934, Infinity, Infinity, 4.481477350358652, 4.51438326619676]}