{"[20]": [Infinity, 0.00038431969908012077, 0.0, 8.756466713984944e-07, 7.900128624105816e-06, Infinity, 2.5035488720457547e-06, Infinity, Infinity], "[40]": [9.767933576002857, 15448115.119911844, 13.111290473150852, 1.4390579090944815, 5.202826867160879, 9.884242492911131, 5.658734054012251, Infinity, 9.198957820510463], "[60]": [95.45665439424951, Infinity, 264.1583904396328, 231.71834010018856, 217.96500515253712, 83.50727431943652, 101.94104917635768, 42.770324825036155, 68.28181344285623], "[80]": [1159.323087458931, Infinity, 4682.191663938417, 1256.4982674856617, 987.0240155430834, 638.6234198827425, Infinity, 430.2774658527326, 294.2983530880418], "[100]": [1237.1387520619298, Infinity, 629.7403063801218, 2265.2335264809326, 2806.6502537725473, 1669.2311156673525, 18231.724520393484, 5899.602974229398, 755.3652437664236], "[120]": [198.89140349985365, Infinity, 4604.105906999712, 1144.2918080755483, 1044.48333519977, 835.7709349042578, 3623.216402073695, 11835.583956198761, 2977.0591667559383], "[140]": [101.4910057856885, Infinity, 810.8322297151693, 176.18677193939692, 145.86935791254362, 122.0813216569092, 317.09019622540416, 649.5228367650845, 280.7155286731817], "[160]": [126.06296233625962, Infinity, 124.40825027646967, 34.140403749855906, 29.2538974552824, 27.188882615077144, 45.55348453439868, 370.38060822653534, 332.0545885393877], "[180]": [56.571329423402105, Infinity, 22.113989948307157, 5.952184124092362, 4.663820913927872, 5.159972298062576, 7.07257412636779, 139.2381118544749, 142.73871780119794], "[200]": [57.474868466050786, Infinity, 2.6549499256088205, 2.091593746881196, 2.1564807522643887, 2.006906664376819, 2.0025753117190557, 126.63785803167534, 131.55757003108013], "[220]": [50.79940059641192, Infinity, 0.0, 0.21495351061341633, 0.2511994631646798, 0.20687850556239634, 0.30958802365091964, 92.03350371232456, 94.66675087446751], "[240]": [47.354076696607684, Infinity, 0.0, 0.031022738686242283, 0.03580066878649567, 0.030443050349777855, 0.0488197010281363, 81.86520851796001, 84.1438217383978], "[260]": [44.519158293117194, Infinity, 0.0, 0.004477173264699158, 0.005101700797995096, 0.004476982748732099, 0.007738640972834741, 70.0136924501798, 71.78773089987092], "[280]": [42.080082180861055, Infinity, 0.0, 0.0006461277774856915, 0.0007269412318051036, 0.0006580929816758453, 0.0012267535962497383, 61.161247336377635, 62.5814199370326]}