{"[20]": [1.0, Infinity, 1.0, Infinity, Infinity], "[40]": [5.8723303138828316, 5.653954567300389, 6.0, 4.741783720483083, 6.917058190769248], "[60]": [27.416534274343235, Infinity, 36.85714285714286, 21.409413142784587, 32.60851009194262], "[80]": [48.80192048809761, 241192.09262034466, 481.57142857142856, 143.86595711945807, 94.66214138445991], "[100]": [1292.702163996135, 18778.083447490026, 3845.714285714286, 2631.7008833397044, 1170.2187578143694], "[120]": [1388.3462417895116, 8368.807555562267, 5916.285714285715, 11301.427230317371, 1043.974214420903], "[140]": [2778.665381058414, 11338.652587886252, 5608.857142857143, 5252.443537000812, 6349.651258324344], "[160]": [178.6697662894262, 4.183138661451922e+17, 3845.7142857142853, 474.0059346454482, 1508.785546334002], "[180]": [1024.9962275031608, 2.971739861896709e+24, 744.4285714285714, 1133.9693696351128, 200.0204755105845], "[200]": [717.097715202174, 1.6593495465602868e+33, 122.14285714285714, 1236.8228948441958, Infinity], "[220]": [446.24670706322416, 3.4865201053465484e+35, 14.428571428571429, 1279.2494913599608, Infinity], "[240]": [294.0740665731907, 5.637576643736141e+18, 1.0, 0.09048486250614206, Infinity], "[260]": [202.8244061501089, 1.9484814644203254e+44, 0.0, 0.0, Infinity], "[280]": [140.49637923011414, 9.747045406063647e+48, 0.0, 0.0, Infinity]}