{"[20]": [0.0, Infinity, 0.0, Infinity, Infinity], "[40]": [6.189238948955523, 77.67768635426177, 55.92444775623598, 9.084687076053697, 238.32179002799674], "[60]": [80.128189346043, 550.4638034263191, 1261.975004791718, 318.91676569487146, 2815.5668223720036], "[80]": [673.3316240066155, 2108.8778002716267, 19768.72047992309, 17913.485846870015, Infinity], "[100]": [15622.779327276943, 5857.061174708655, 1641.5388415055336, 329480.183593381, 7467.694390960126], "[120]": [6777.655652466059, 41604.2244532458, 17496.177850092903, 210097.35535040122, 10147.012985404206], "[140]": [384.5888441674755, Infinity, 3438.9120771310245, 332302.19911016437, 1300.1775483853708], "[160]": [600.3405094989853, Infinity, 688.9306743933258, 6968382.537661724, 237.16501928004095], "[180]": [354.54309802766693, Infinity, 172.54833869107236, 14640328.288174892, Infinity], "[200]": [317.1590949641197, Infinity, 26.624648787463396, 14818287.719567379, 4.554867060585832], "[220]": [312.76015183853247, Infinity, 7.496923041989115, 13716622.688284378, Infinity], "[240]": [291.8966843477284, Infinity, 3.0, 0.9566759884875147, Infinity], "[260]": [277.1574897857048, Infinity, 0.0, Infinity, Infinity], "[280]": [311.39015997122345, Infinity, 0.0, Infinity, Infinity]}