{"[20]": [12.0, 375.1862722641289, 11.428571428571429, 65.15064765247202, 62.369270290233615, 11.84194296879359, 11.962889297904564, Infinity, 11.086057857782258], "[40]": [45.72261855888743, 3241900925.12843, 92.57142857142857, 52.52354106634854, 105.91937763762421, 72.97226619685605, 56.230937001131615, 2705.6557012509784, 37.176724420422715], "[60]": [47.38926605547937, 1.687067479009143e+18, 86.42857142857142, 154.86618138409602, 171.82715643546834, 4.068282208521936, 21.106636048834048, 877.7274372701038, 245.7962369004627], "[80]": [13.663108540572637, 3.729403789879908e+27, 4.0, 183.01571442012283, 5.42965931903808, 9.97661560073908, 1.1405911225351133, 1755.8067393970557, 325.0031733617367], "[100]": [4.306195080249665, 2.647552091869952e+35, 33.0, 164.31495673325853, 32.22030682139038, 31.244641245432177, 26.697771909855305, 18.38366865812688, 33.22202532019912], "[120]": [116.65286311405276, 8.308450134770628e+38, 71.28571428571428, 250.78622946735797, 90.03926200468806, 72.05833062825403, 95.89518050516173, 116.37743062167729, 99.75880157976047], "[140]": [1712.7878917756707, 4.976266294395922e+53, 2535.4285714285716, 2871.7619268799845, 2393.9991920159073, 2660.3881033459916, 2393.999572123612, 896.6896308799401, 857.6552244289915], "[160]": [51.47513742301635, 2.135402919236706e+62, 9354.714285714286, 8065.594918683876, 4784.203049453665, 4213.669539605047, Infinity, 6954.814678121074, 7032.996571066924], "[180]": [1574.391132108809, 3.104745092395459e+70, 6304.428571428571, 598.4852569831164, 14111.315358303924, 14352.586462593936, 14708.383741274189, 27104.041859916484, 31574.457045419735], "[200]": [1392.0, 2.1119689227880706e+80, 4715.0, 2624.6550865000017, 3426.5328017591655, 4128.181202225496, 4343.358130288026, 43361.395180329615, 42496.03895306458], "[220]": [291.1925457916111, 1.776360035683665e+88, 875.0, 1072.933943997466, 997.9459537231166, 1262.6080251866058, 1406.8463860209692, 1967.8957347987116, 1711.36000832812], "[240]": [538.2079101318911, 1.0427345148083256e+97, 134.85714285714286, 363.21148818717484, 317.39498895346514, 426.6119712120576, 492.287238905242, 446.0331660316408, 454.41251599266525], "[260]": [419.9923905320684, 4.2491225503989994e+105, 28.142857142857146, 124.99391227317221, 106.57946218763065, 150.1383062002756, 175.81515621692753, 237.45633580768242, 249.46458412622763], "[280]": [503.555176644541, 1.6874702090631743e+114, 2.5714285714285716, 41.24968137216141, 34.06711578904577, 51.21175501037952, 61.160955788135915, 247.90354444924728, 251.40163614618322]}