{"[20]": [Infinity, 19.40237880779023, 21.0, 20.99999917422196, 20.99998632295333, Infinity, 20.999997510319893, Infinity, Infinity], "[40]": [12.453488048477272, 119.57760255132365, 35.71302565333994, 256.06805305684884, 58.57717926077023, 51.741832494767785, 25.838420116892227, 3067.9540024495136, 252.22230749099495], "[60]": [44.24258033069203, Infinity, 65.67585846894218, 138.4077158317389, 51.826666805703596, 103.20652972534263, 22.63674227002941, 4610.862620080092, 167.85161339750957], "[80]": [70.95177482218875, Infinity, 172.30832822780795, 305.10214766257747, 149.96315005644988, 101.80335899498333, 44.221660805231274, 43.534949513312725, 58.296930315498024], "[100]": [205.99874695228837, Infinity, 524.7116809993059, 759.518516530577, 418.29217836855986, 530.5726189105925, 80.26504715300668, 157.36442523372224, 115.08755373519033], "[120]": [200.96642994717885, Infinity, 1232.6143919345816, 1471.5994746430206, 717.4357540463774, 924.1128064573847, 439.5966729812448, 411.9280345171066, 409.72173820529554], "[140]": [71.55302569450258, Infinity, 1688.9601982950596, 2003.8880227395794, 646.8842714578561, 963.5492896587687, 36559.38770291855, 1863.869136830883, 1780.633138942573], "[160]": [216.19202910089945, Infinity, 997.0432326942697, 2331.840190631436, 301.5611207879037, 699.3946026482555, 16797.972574435546, 902.2154317720606, 1094.258148368701], "[180]": [521.8910059555556, Infinity, 1208.5395280498242, 3893.2039201647117, 895.4567851250815, 1496.4106403190322, 843.9108628963942, 964.1547854228066, 903.7121465182597], "[200]": [772.0358780383609, Infinity, 759.9683023489977, 4572.579194965427, 458.11509408508863, 2006.6103898779577, 253.1608434794377, 1586.229433373405, 1632.0552764397298], "[220]": [353.2726594286828, Infinity, 1964.736591296564, 2973.7425754122523, 1835.3778352772035, 508.37678662969466, 1370.5734202753927, 1182.0413385429413, 1085.7487106916628], "[240]": [451.7025500300422, Infinity, 2139.16381314298, 1722.4878381123565, 1920.708361426839, 2871.7203260217, 2041.7820911774654, 421.0187537012153, 519.8141640422288], "[260]": [99.95386181568095, Infinity, 1616.6106107594248, 697.5827091856219, 996.5445792667871, 2838.7078798777657, 1175.9096129376805, 524.4433907332788, 489.54404940818813], "[280]": [71.23735703111626, Infinity, 698.4792517681858, 271.11333072129537, 305.3841163105013, 1478.1039426116527, 229.62533933660626, 76.94663595623192, 42.18412205518615]}