{"[20]": [9.0, Infinity, 9.0, Infinity, Infinity], "[40]": [18.678167051333645, 61.340866287951144, 176.14285714285714, 35.783305480279154, 36.02251383729907], "[60]": [9.704757827647882, 1991.732638779421, 4742.285714285714, 1828.1591167708111, Infinity], "[80]": [660.8147735664534, 7497.660444158326, 15188.142857142859, 12553.544123106458, 3359.4108740053634], "[100]": [2607.557148084852, 6267.088003210869, 14301.0, 6199.341721980036, 5900.846491372129], "[120]": [1298.9046480984061, 2973938978164130.5, 3828.5714285714284, Infinity, 1434.16512794782], "[140]": [32.25297766930612, 4804759598783799.0, 737.5714285714287, Infinity, 431.358887373784], "[160]": [397.7622792213399, 6.372874687812915e+24, 190.57142857142856, 283.8122384024033, 122.86115384534213], "[180]": [239.6565035347482, 2.2864404573979263e+19, 56.28571428571428, 78.77893145202864, 39.05705713529012], "[200]": [88.82917293924282, 5.010736872211426e+31, 26.714285714285715, 24.34028670128459, Infinity], "[220]": [28.36782603756484, 4.956105146657757e+18, 9.142857142857142, 32245.955214980102, Infinity], "[240]": [24.876908169462666, 2.727308536462558e+21, 0.7142857142857143, 0.09568846489249047, Infinity], "[260]": [57.43857978323541, 3.5630511960880176e+30, 0.0, 0.0, Infinity], "[280]": [119.4869145504251, 3.0807013791388226e+58, 0.0, 0.0, Infinity]}