{"[20]": [Infinity, 0.00038431969908012077, 0.0, 8.756466713984944e-07, 7.900128624105816e-06, Infinity, 2.5035488720457547e-06, Infinity, Infinity], "[40]": [1.2487563078291717, 14829768.293023137, 3.5691874192795914, 11.182444782990425, 12.790233531570163, 2.80157058075217, 6.399626200106112, Infinity, 16.93680180539668], "[60]": [160.77715266735157, Infinity, 242.72318807915147, 203.33068466992455, 192.78180819547086, 162.33736271047147, 41065.27828100401, 2019.351466874361, 14.169969836806866], "[80]": [673.4291625577505, Infinity, 2828.697275082402, 596.1340295782072, Infinity, 300.34637713830597, Infinity, 49.79844341540106, 384.023026642927], "[100]": [128.7140563646129, Infinity, 277.46003518747494, 788.4450789575086, 727.873850437804, 592.2142768711179, 6027.793815787433, 15890.492831048537, 12333.475607501983], "[120]": [128.58728260399292, Infinity, 2036.4865147533055, 469.3365797339933, 380.8398275415555, 346.95242703478374, 915.4505753413468, 1160.70215000834, 452.5669340297937], "[140]": [49.04321778928033, Infinity, 344.40453605466536, 95.70123587036328, 91.06449236538229, 65.55242845329646, 98.19905042156304, 250.7996439819485, 227.17667077272895], "[160]": [67.33939679954054, Infinity, 50.500740638011266, 21.53490440450184, 21.6880325774826, 16.115285453671223, 15.72550120676259, 226.9600223550597, 197.19733548944828], "[180]": [30.98015550896042, Infinity, 3.414965889953536, 1.446609700944126, 1.8777920959920469, 0.5385612624309095, 1.9578787196165892, 63.89429012926298, 70.84700058522706], "[200]": [28.57778723549766, Infinity, 1.3850957926921001, 0.8876812096302418, 0.9796832330485364, 0.7347428432309924, 0.6434205553008708, 57.4439349506511, 59.27744207182273], "[220]": [26.059180679284058, Infinity, 0.0, 0.08518764235269946, 0.1298159741756215, 0.060294839224067254, 0.09350840660157964, 49.648009236901274, 50.58493515768752], "[240]": [24.34274101370517, Infinity, 0.0, 0.01237219767705612, 0.018712909906152035, 0.00837929957548748, 0.014085863324773445, 39.07993243333294, 40.276810104067565], "[260]": [22.905546020574437, Infinity, 0.0, 0.0017968360349776627, 0.002697353714976977, 0.0011638917818446509, 0.002119740958884215, 33.42637793445626, 34.37025288889925], "[280]": [21.684325078092233, Infinity, 0.0, 0.00026095416121464307, 0.0003887948938780098, 0.00016161494132602838, 0.00031993729336941455, 29.202641978188115, 29.966932760271686]}