{"[20]": [11.0, Infinity, 11.0, Infinity, Infinity], "[40]": [7.779907611813161, 191.82248425192947, 207.40956065639776, 113.41879446879567, 465.6836329253086], "[60]": [152.7249294060079, 3889.5612735092764, 4487.5386420290815, 1980.4584740349203, 23881.018171044998], "[80]": [19428.760020087844, 50330.03746204746, 23764.014672117268, 25840.770329973802, Infinity], "[100]": [4169.858753225166, 6230.2462231684085, 16955.251874543883, 66242.56158262645, 13176.361289802862], "[120]": [330.29726103370837, Infinity, 8977.062297393986, 16783.133173845556, 1987.2673501284296], "[140]": [278.84655409822795, Infinity, 1401.0479539394782, 41937.03540872635, 246.88548629541404], "[160]": [1105.841231299763, Infinity, 231.27401945169632, 7165416.709015087, 32.110387892197934], "[180]": [1087.3212269644307, Infinity, 34.18631241720821, 6283883.591144301, 2.3787193962314284], "[200]": [771.0072426059927, Infinity, 7.404150682415092, 5782651.202049056, Infinity], "[220]": [521.3356346616874, 3094970494240485.0, 1.0926219060677973, 5415613.464990686, Infinity], "[240]": [347.5106787914766, Infinity, 0.0, 0.0025104945518600926, Infinity], "[260]": [224.92910412639614, 4.749542717337091e+29, 0.0, Infinity, Infinity], "[280]": [180.27556050046667, Infinity, 0.0, Infinity, Infinity]}