{"[20]": [Infinity, Infinity, 72.0, 189.96766493992112, 77.51386805225059], "[40]": [Infinity, 120.52036452225093, 906.8571428571429, 941.9020775693648, 927.2676800928373], "[60]": [5237.27137086147, 247.62915242973622, 1161.2857142857142, 2445.1287719080224, 1858.621561671863], "[80]": [230.27329281999346, 91.86218882305548, 394.7142857142858, 2714.6153486415096, 496.7105401509325], "[100]": [3.0031133257130023, 3.21917406104585e+20, 409.14285714285734, 3293.3740153609297, 310.16604410344826], "[120]": [2220.4144835692755, 4.598452441929823e+31, 2598.4285714285716, 5916.665132920458, 2415.8999046918034], "[140]": [12549.838614220891, 231691.69038680615, 36460.857142857145, 43884.33084521208, 23376.75818609051], "[160]": [46477.11047080458, 4.382685683224268e+29, 6318.4285714285725, 52781.23746347832, 962665.6985033236], "[180]": [13391.232958764807, 8.75549185375202e+20, 36117.57142857143, 12281.194648268782, 578734.3772078126], "[200]": [746.6288574102409, 2.4598485428761052e+44, 10072.714285714286, 2435.262770192292, 234550.71020416517], "[220]": [3519.0158138283678, 3.622222547240167e+68, 2149.1428571428573, 464.8038044238265, 99627.81058041674], "[240]": [595.2213262310806, 6.441791580956882e+43, 424.0, 67.90821674461907, 34462.30147323209], "[260]": [679.9830737186405, 5.524687730474835e+83, 53.85714285714286, 13.255947564560103, 11022.664845467936], "[280]": [3877.7532909362567, 2.573749033402444e+71, 11.428571428571427, 3.380808795902499, 2826.664326581109]}