{"[20]": [2.0, Infinity, 2.0, Infinity, Infinity], "[40]": [2.7589304771168917, 5.2349289272393165, 7.158461431779623, 4.090257741196594, 32.82749302040691], "[60]": [13.180652841242528, 5.5700325355525395, 14.396800734756487, 4.9413122319567115, 159.64046018096863], "[80]": [1.7920594240377026, 25.968859319616804, 26.716395095356173, 0.20316069498000378, Infinity], "[100]": [6.716928269965229, 54.262387540768, 79.52136130190564, 5.9541289017385655, 399.9302548934451], "[120]": [32.417242405801076, 57.63809255968295, 347.0015417784826, 167.0681571015729, 481.3613269619472], "[140]": [7.780116449251204, 221.49717447614248, 493.8683206060337, 370.59546040034144, Infinity], "[160]": [79.83295574651679, 76.66367273730972, 21.734614642584845, 276.6112766214221, 355.95611926306896], "[180]": [48.41955349654606, 6697044.879069806, 164.02723125273383, 185.78430202715046, 239.01114154020598], "[200]": [125.03148654537938, 5.6337417161167336e+16, 162.3559931153961, 1584.1538903706405, 351.8921127656888], "[220]": [75.6692758035919, Infinity, 240.46954816041506, 2789.91034006895, 316.1301120383434], "[240]": [83.07515598909548, Infinity, 244.2546136327112, 1996.4415370700779, 182.54286512110167], "[260]": [19.85878566892367, Infinity, 114.68484748070458, 1019.548974442126, Infinity], "[280]": [5.885148553137216, Infinity, 59.43229758075599, 454.65188472887525, Infinity]}