{"[20]": [6.0, 5.8610357511668285, 6.0, 5.999999360263563, 5.9999898707876245, 6.0, 5.99999999969174, Infinity, 6.0], "[40]": [227.6797284745204, 3096719739.686474, 236.0, 53.58715688254841, 19.36650644151797, 164.0664013985263, 224.06866508454857, Infinity, 221.49538282575782], "[60]": [3018.3527764051264, 1.687067362659016e+18, 4112.714285714285, 3740.485454663702, 2433.865088639787, 2370.400036904082, 2187.595652686935, 466.0087666507843, 213.06907166262954], "[80]": [3099.9219616422342, 3.729403789879908e+27, 24317.428571428572, 11194.261711618732, 1836.7556039970477, 1315.2476478600001, 827.8214101729027, 9291.350756030562, 3811.652132387557], "[100]": [338.87984735337886, 2.647552091869952e+35, 13800.857142857145, 1204.113591768688, 8733.686117642104, 7047.04827620371, 6594.311491964341, 308622.33310920413, 181599.72655887788], "[120]": [1100.203187123062, 8.308450134770628e+38, 11967.857142857143, 22.776923910139885, 807.7066319723017, 884.5266101821853, 785.3466345475426, 4117.388565752962, 19263.75315422166], "[140]": [1030.0320227440498, 4.976266294395922e+53, 2209.285714285714, 184.90579223218913, 69.95682785178758, 43.82327759654606, 32.33694298559931, 2995.702379867253, 1032.4847577763853], "[160]": [979.3778021811931, 2.135402919236706e+62, 408.28571428571433, 69.49927801325056, 48.71041457090291, 44.36711676188642, 41.47742486487283, 1373.062292018229, 1781.3544564242934], "[180]": [379.71121679845055, 3.104745092395459e+70, 102.71428571428571, 6.583504930906505, 2.390281428544551, 2.4260912280320746, 3.009036676649483, 1521.0319875902605, 1420.703166743022], "[200]": [343.05165300112367, 2.1119689227880706e+80, 11.142857142857142, 1.6657225564440359, 1.2363609519779193, 1.0094834205469587, 0.5678470695391082, 866.998727021096, 896.951883388204], "[220]": [406.09611542229413, 1.776360035683665e+88, 0.2857142857142856, 1.7699133162757117, 1.681880663176523, 1.6692857120965094, 1.6290739799330685, 968.4164017399164, 956.4012856292904], "[240]": [344.88922102613833, 1.0427345148083256e+97, 1.0, 0.8414989186946378, 0.763944765222732, 0.8263860495410367, 0.9421686562636844, 783.89607314753, 768.1081033393139], "[260]": [323.57881723961054, 4.2491225503989994e+105, 0.5714285714285714, 0.0012239904757441746, 0.0014484255612166866, 0.0034593667517041835, 0.008567866269126869, 673.7467597977848, 664.6752195324566], "[280]": [293.0872646348871, 1.6874702090631743e+114, 0.0, 0.00014992727801814957, 0.0001800664562736244, 0.0004766462848650324, 0.0013049547936911754, 579.6296150981245, 573.6455455807699]}