{"[20]": [Infinity, Infinity, 2.0, Infinity, Infinity], "[40]": [Infinity, 5.731846747077241, 6.0, 6.657098043584831, Infinity], "[60]": [18.944446309512145, 49.08918523357403, 21.81660720081123, 31.898641393870765, 607.5635735866778], "[80]": [4.16140209474196, 28.52074092711914, 7.136708866277736, 41.63320235925736, 14.316012474098589], "[100]": [9.41550494323408, 34092.1476222701, 19.419726544651343, 14.055065081516917, 10.750933141768698], "[120]": [1.2609279075928064, Infinity, 5.3579130725513995, 9.477696479615535, 2.7293500784556533], "[140]": [3.6673521356821888, 32.0966543433386, 29.037699328927225, 40.16997156775815, 10.621449624940755], "[160]": [111.99900698937168, 663.6712868090075, 338.35316166679286, 39.620060168539695, 547.042742509744], "[180]": [634.4413553727042, Infinity, 2662.8025824564597, 2624.543707874051, Infinity], "[200]": [175.39665784415234, Infinity, 4562.816464530433, 4287.768410068869, 4051261.92774064], "[220]": [1407.067007965373, Infinity, 2241.3480437459016, 1370.70078271495, 12206831.334285976], "[240]": [587.2861142642585, Infinity, 4090.659373474487, 1280.9513545362568, 3919664.3616829994], "[260]": [29.938938904474515, Infinity, 840.6883982002485, 120.24950965921006, Infinity], "[280]": [29.876183617523463, Infinity, 91.30856151578963, 2137.715634114909, Infinity]}