{"[20]": [Infinity, 0.00038431969908012077, 0.0, 8.756466713984944e-07, 7.900128624105816e-06, Infinity, 2.5035488720457547e-06, Infinity, Infinity], "[40]": [0.4228362206962133, 1756509.2365070109, 0.5863357271964338, 8.050714468503065, 5.873919608743426, 0.9766161422127574, 3.3131507830051974, Infinity, 9.199466463702668], "[60]": [23.94999861440087, Infinity, 32.822824769500905, 18.253520396018683, 6.919711540279939, 6.897515158998368, 37.788348582343595, 20.025681489913357, 19.528321907148108], "[80]": [1.1594647974836654, Infinity, 6.8036856436846564, 31.858487190889083, 2.0443652146010454, 15.74660262548815, 3.9491154995932227, 135.50127727078706, 105.82005013955828], "[100]": [13.132304334592153, Infinity, 19.799501507082557, 17.564530615677707, 17.011110724990584, 1.8745554495951668, 15.794212834613592, 52.99270198270744, 40.41773715469978], "[120]": [5.54557354502392, Infinity, 7.802391194743516, 23.267046981301796, 4.105467759713064, 12.923480012788838, 3.2366330688980587, 6.2290110304969355, 7.062302850680924], "[140]": [47.04818184941873, Infinity, 58.30620684076351, 92.02368229536462, 57.212488025291705, 83.05590798532103, 57.17992694982897, 44.46393721224053, 45.27759433396662], "[160]": [317.79086467477345, Infinity, 746.2273079548406, 1034.8088326069862, 673.358451304488, Infinity, Infinity, 56.136612460574, 40.24144911871304], "[180]": [151.3335442985671, Infinity, 2264.9289279172667, 1256.195352690449, 550.5499798284064, Infinity, Infinity, 182.14161119794596, 175.3152166595315], "[200]": [138.94400363570824, Infinity, 1789.4432840484403, 977.4190541087252, 2581.34946073948, 2129.6929478940615, 24381.099430502818, 901.8507880825572, 968.0742925383663], "[220]": [141.4005062678361, Infinity, 976.6566743727738, 1345.0300755377198, 1105.6958607363615, 808.5437714989312, 17696.234340660063, 1705.541210314449, 1401.6481121541096], "[240]": [33.91341970763943, Infinity, 203.14221829423462, 524.8178039265797, 442.86540506196553, 305.5680477906042, 3744.7431350541774, 29.112411513957994, 26.16248744117245], "[260]": [34.11536782793341, Infinity, 30.789820557390318, 201.45346347798528, 163.61856437452178, 121.04265516910468, 996.8390405609846, 1.6698460396697081, 5.232683654274058], "[280]": [35.97943684657957, Infinity, 1.3682046227465068, 71.03270106730166, 55.74367876469902, 44.932651307983285, 316.22347064554634, 36.39324279945363, 35.4285758623394]}