{"[20]": [2.0, Infinity, 2.0, Infinity, Infinity], "[40]": [21.706069427192006, 233.34546900510384, 92.85714285714286, 9.78379886251129, 11.32606701469065], "[60]": [119.13030438663145, 2361.1901443559564, 2312.142857142857, 882.5966353429055, Infinity], "[80]": [2488.0178689693566, 1032.5875093731738, 33158.57142857143, 29054.29729609203, Infinity], "[100]": [17478.67240485482, 87428.98624033446, 16407.428571428565, Infinity, 23766.147501716143], "[120]": [5587.061621444016, 379270470813265.75, 15971.0, 5304.7148206711645, 7110.224744771083], "[140]": [132.6504832419796, 6.757773879632051e+16, 2761.0, 1054.2111080822315, 1322.1209862416817], "[160]": [540.3826737785545, 2.2571100413916368e+28, 800.0, 7102.149003868242, 421.234732174632], "[180]": [68.18323579640992, 1.4308248935246904e+20, 264.28571428571433, 12799.380698475306, 140.3541552662324], "[200]": [369.85453359721606, 2.7646397052248568e+23, 85.57142857142858, 13721.172170102962, Infinity], "[220]": [404.13626239266165, 6781202324166378.0, 23.57142857142857, 13730.438741427097, Infinity], "[240]": [250.4384851511271, 3.007334219295617e+24, 1.8571428571428577, 4.184187856711253, Infinity], "[260]": [41.61816588436477, 1.4090480491830793e+34, 2.4285714285714284, 4.248015267615811, Infinity], "[280]": [467.7946514118534, 2.795460236075305e+45, 1.4285714285714284, 1.2585422123916985, Infinity]}