{"[20]": [6.0, Infinity, 6.0, Infinity, Infinity], "[40]": [10.384745037539288, 63753.39265308136, 4.39673674588808, 9.406887722921983, 134.05792290928233], "[60]": [5.747155386917264, 11.969461379352873, 6.2067296872109265, 14.82035761496972, 818.8509283693569], "[80]": [1.0154163235797256, Infinity, 51.43654502453313, 3.1508043364413076, 2537.1926208217355], "[100]": [0.905421829255486, 52.18642343385494, 107.95678397190892, 50.712037468972284, Infinity], "[120]": [49.58748713855602, 202.07979540901601, 369.3132892609059, 140.25640707946624, 318.71947401894613], "[140]": [119.48581721264114, 402.61059902537903, 640.2050102096165, 489.78817347901816, 736.7209190483119], "[160]": [18.485898954031057, 46.944979956755226, 602.7124001119772, 909.2736245091677, Infinity], "[180]": [19.01921633736596, 1.3365808964781862e+16, 715.9349093276317, 1356.6422622024454, 299.1047027333758], "[200]": [18.811003146767035, Infinity, 1231.2994197048572, 644.1695818781709, 735.0898023910926], "[220]": [120.12961835895808, Infinity, 240.98406387981052, 5484.965325793039, 670.6325660539095], "[240]": [72.71707269094543, Infinity, 1259.4371322904424, 3223.1404255090715, 387.616101547341], "[260]": [8.906146935301512, Infinity, 1143.5888199251497, 1005.8326225076438, 258.163301400058], "[280]": [8.93104832175338, Infinity, 590.3926069011164, 414.50826159653474, 153.7105028184197]}