{"[20]": [11.254754283714021, Infinity, 14.857142857142858, 12.363904252527337, 17.32441503900077], "[40]": [19.63023576347839, 161.53637128187873, 33.0, 22.051857036905897, 26.617463302134635], "[60]": [0.7366492975922796, 34.9480478443641, 13.42857142857143, 12.039788019601644, 2.93131165987937], "[80]": [43.08058431111371, 1031.6946256630397, 40.14285714285714, 32.332183897624276, 11.350327117571581], "[100]": [50.05242317528598, 109.57907608843925, 141.28571428571428, 40.040406769056915, 95.4503025054465], "[120]": [80.68093816922999, 1824.3322234493512, 281.57142857142856, 17.967093166375093, Infinity], "[140]": [12.924709438266518, 63.352480923337225, 392.71428571428567, 246.42001654002343, Infinity], "[160]": [52.922561513855726, 46574289239416.62, 343.7142857142858, 127.87457631271855, 90.45861157050581], "[180]": [132.30544505411171, 35.434774783133435, 1172.142857142857, 249.24101041673566, 10.599715989068955], "[200]": [469.9602187287064, 3.1175886395113405e+34, 3300.285714285714, 1738.9562481292796, 1017.6517421178232], "[220]": [661.9905857166486, 2.6341361612527907e+42, 4811.285714285715, Infinity, 534.2731686138559], "[240]": [429.5439536413105, 5.132395184043855e+20, 400.71428571428623, 2178.1761880204376, 1120.9280422742086], "[260]": [1309.3234585132677, 2.975275922140497e+44, 5168.714285714286, 1558.042178872768, 1575.1365248671827], "[280]": [346.1206485532116, 1.3878114729559963e+47, 3697.5714285714284, 273.8496831011971, 650.9732977267581]}