{"[20]": [Infinity, Infinity, 19.285714285714285, 3.888168189517444, 13.267494764546994], "[40]": [Infinity, 31.3324144905246, 146.42857142857144, 68.8064615142784, 125.84375795066006], "[60]": [652.0154564883503, 335.67869695246964, 534.0, 964.7283228834774, 456.3833081847414], "[80]": [46.860199192032724, 120.12149275047705, 389.1428571428571, 1524.6000576524307, 67.26462964342204], "[100]": [77.60110726337143, 314.41970161087374, 513.4285714285716, 2148.2220690066033, 15.855876848890603], "[120]": [97.18311860920312, 2015817562503.8125, 805.8571428571427, 3441.426901323226, 191.13013981005133], "[140]": [2691.8442577284295, 8531.780906545282, 20418.428571428572, 26598.46615103258, 7937.937984489403], "[160]": [4180.187415828819, 2.1361088142017255e+30, 2562.857142857145, 11444.075016547707, 1045122.6753130807], "[180]": [2058.171313747862, 30512.786013496836, 16933.0, 6290.23030668496, 584345.1370064415], "[200]": [1917.1770506995044, 8.680173739577434e+37, 3803.7142857142853, 1290.60338621728, 264352.8612637514], "[220]": [900.2491406588354, 9.528885094358847e+44, 777.2857142857142, 381.1957099147153, 136459.60821704904], "[240]": [70.97066955842678, 48923550121384.56, 278.42857142857144, 56.248498001996765, 57496.69445858249], "[260]": [16.751569078366835, 1.4111900506033044e+73, 33.71428571428571, 15.882649289551619, 18.0999935487999], "[280]": [187.76915538662982, 7.430622966751485e+77, 5.428571428571427, 12.783228818411828, 8968.846310039857]}