{"[20]": [8.566137744375201, 2.0608355539459904, 9.285714285714286, 4.466780465326183, 3.7647876828995397, 1.8573006799606713, 0.06958332107871179, Infinity, 3.08263443941882], "[40]": [133.7137592980887, 41.89050023267299, 174.42857142857144, 47.29190681747329, 184.39047198075295, 93.10536952377143, 86.6655328150733, 148.6690495390862, 49.802666623234245], "[60]": [1556.577644433968, 1538405909522094.8, 4188.0, 1144.6545864468044, 998.6748236408648, 895.5211877394559, 855.5956922631749, 151.43245712657608, 328.54616310972415], "[80]": [1583.6624640817972, 3.40077629912588e+24, 41323.142857142855, 28394.874028673403, 7556.248575179983, 5085.759731678518, 2950.1225264527166, 8745.45263341289, 15377.050491739647], "[100]": [918.9897350028114, 2.414254885475781e+32, 22316.571428571435, Infinity, 18268.574281378635, 10153.350184569106, 9582.814013186304, 158052.46062652915, 16866.339602862965], "[120]": [744.5707346290183, 7.576325486168787e+35, 18226.857142857145, Infinity, 4050.006180632481, 912.5044001195965, 1120.848832804535, 10199.532287977796, 14022.288757271635], "[140]": [474.4057745648497, 4.537767621226321e+50, 3842.4285714285716, Infinity, 364.7465960393283, 787.6901517844585, 770.0680940719221, 554.1971895982533, 634.049000029252], "[160]": [228.24777695920784, 1.9472354461076123e+59, 991.7142857142858, 577.4929651129753, 20.862760267562408, 406.98066585031756, 430.91651035407835, 324.48206931140794, 290.0095945292219], "[180]": [307.8554929416132, 2.8311610852975855e+67, 268.42857142857144, Infinity, 10.463624202077995, 116.50779694399046, 128.3384086059599, 618.9797423639916, 616.119988867242], "[200]": [228.91875722577424, 1.9258664884755883e+77, 72.0, Infinity, 4.886361977877343, 31.99065043003582, 36.4773721197602, 562.607109471956, 583.3559986606805], "[220]": [230.26529225921877, 1.6198306258292654e+85, 9.285714285714285, Infinity, 5.668162574933781, 13.88244071806232, 14.962148003367965, 424.76523851549376, 435.0505732605394], "[240]": [199.21525702776307, 9.5085081810186e+93, 4.0, Infinity, 1.083177480932254, 3.1080283503145987, 3.399774080932498, 369.679640418404, 380.5966355622286], "[260]": [161.34286223395247, 3.8746981460246653e+102, 2.0, Infinity, 0.6526689746462195, 0.3134381916492272, 0.26497777768020536, 286.32589543519987, 295.708133881274], "[280]": [143.005671717523, 1.5387735893052318e+111, 0.5714285714285714, Infinity, 0.3049430726713882, 0.39591001383045943, 0.5178067705147196, 255.55825329014823, 261.8256035842497]}