{"[20]": [Infinity, 0.9985431594900871, 1.0, 0.9999987085353635, 0.9999851957909397, Infinity, 0.9999945851069694, Infinity, Infinity], "[40]": [0.19965193671216852, 10352759.968748068, 0.0, 0.5864824840318655, 0.4554428708466353, 0.42209099233342323, 2.2135184972855804, Infinity, 0.07405642216573576], "[60]": [0.07825553729798296, Infinity, 0.0, 0.2904603442668236, 908.6784522089042, 0.18335503785917054, 1401.7780573852028, Infinity, 0.0002950618517158851], "[80]": [0.03269347232770005, Infinity, 0.1603843258166815, 0.0064046845121553085, 0.013842038851731027, 0.044058251957905796, 121.55057281371853, 0.8801847377972041, 0.6976611210744557], "[100]": [0.08213894244696715, Infinity, 0.0971236021449439, 0.6984795730033584, 0.9966406762817488, 0.6908997580035622, 1560.636276684504, 0.035242732088990585, 0.03970817170217234], "[120]": [0.10259492845071358, Infinity, 0.5867810353079591, 0.6988241510740066, 0.9997918991752305, 0.6977724165148057, 3.311068356607586, 0.07122493270469844, 0.0324992224028918], "[140]": [0.1898545053057849, Infinity, 0.0, 7.164580303917781e-07, 3.034819894816918e-06, 5.615147354159202e-05, 0.17528704433117506, 0.9769342737916276, 0.8970280005592378], "[160]": [0.11245527713075, Infinity, 0.0, 3.406171300666678e-08, 1.733849842085955e-07, 5.9266216808816385e-06, 216.15063468210866, 0.3787882981626253, 0.3729606917124632], "[180]": [0.09941673291295328, Infinity, 0.0, 1.617648538083713e-09, 9.940004655298076e-09, 6.220251381110526e-07, 95.268949988897, 0.15800703026271726, 0.17080144172355408], "[200]": [0.08298078193156339, Infinity, 0.0, 7.67652897130914e-11, 5.713343696774501e-10, 6.533238021825906e-08, 63.619067533302065, 0.10204066095278015, 0.10982552413789605], "[220]": [0.07437897975742844, Infinity, 0.0, 3.640737288741113e-12, 3.290590283788014e-11, 6.8498246158988635e-09, 17.48612704627744, 0.07540875888288939, 0.08072213056101023], "[240]": [0.06646940808510507, Infinity, 0.0, 1.7258916811789623e-13, 1.9093931166604446e-12, 7.161086801597772e-10, 3.95616851210454, 0.059828524827384336, 0.06371581803822535], "[260]": [0.06395873870941218, Infinity, 0.0, 8.178577145966345e-15, 1.1099013077612678e-13, 7.469819869175375e-11, 5.399621668357598, 0.049598668702371354, 0.05257877317838031], "[280]": [0.061413339448930904, Infinity, 0.0, 3.8744654988005774e-16, 6.454758660789772e-15, 7.772995038845009e-12, 0.8566369762966292, 0.0423649235167653, 0.04472822224426314]}