{"[20]": [2.0, Infinity, 2.0, Infinity, Infinity], "[40]": [5.643595292803621, 3.396364017534168, 17.714285714285715, 13.627796543422313, 12.992486935925934], "[60]": [10.01476123487199, 20.364114759771724, 0.1428571428571459, 0.4171570045587387, 4.571734538718694], "[80]": [10.671266016345925, 6.572240102945699, 0.7142857142857153, 13.542764746534658, 9.837322326088497], "[100]": [5.440373307145137, 8.399059450711633, 11.857142857142861, 23.19011540345832, Infinity], "[120]": [0.7736026993543703, 24.597917548547656, 39.14285714285714, 16.27493825423312, Infinity], "[140]": [29.67795929823808, 54.79630703205254, 93.28571428571428, 58.96722929231993, Infinity], "[160]": [1.7651287739901136, 1982752853.9894993, 44.71428571428572, 35.55124379245751, Infinity], "[180]": [28.71934086600254, 5.499915777344924e+20, 88.28571428571428, 130.18254649279288, 52.32788266586692], "[200]": [15.584643031081441, 1.668601707326939e+17, 417.57142857142856, 222.17020727308386, 71.9486991839558], "[220]": [60.524981113673675, 1.1416123747905818e+31, 1209.0, 994.6286672918782, 340.0457253800978], "[240]": [82.4199734210606, 6.618377274239015e+33, 1906.1428571428569, 1586.0951446216259, 51.18286848668413], "[260]": [138.3672580151615, 3.052177695489981e+53, 832.4285714285706, 2674.5444525662115, 350.4700209107541], "[280]": [366.18853488052355, 1.7362626852345837e+35, 1857.7142857142862, 586.2212862698998, 870.7902355414544]}