{"[20]": [6.0, 46.88107285594636, 5.285714285714286, 27.773370775167315, 24.10245929512746, 1.6637315276538738, 3.7737047442500025, Infinity, 5.047943843843072], "[40]": [5.447868416115876, 2.1183254691340494, 12.571428571428571, 22.277177301166823, 18.22380293803689, 14.49694727279531, 15.952347494438325, 162.78638862021407, 23.743787412700698], "[60]": [7.785201746423013, 1.687067564600051e+18, 10.0, 27.81935667168699, 30.033051844541326, 25.203204314989662, 35.025493616697375, 103.1589501192497, 24.3375236052092], "[80]": [9.188311556584296, 3.729403789879908e+27, 11.857142857142854, 45.30926893532015, 47.68736176449951, 26.14514145149086, 7.145719346492449, 72.12846980410663, 61.924203421363444], "[100]": [56.38555205176168, 2.647552091869952e+35, 58.714285714285715, 99.35348605489078, 101.56152139685852, 73.88591909887147, 56.32697007043587, 56.34275878143731, 54.59199327874489], "[120]": [57.65275401412882, 8.308450134770628e+38, 87.14285714285714, 138.3671499747873, 140.062801611546, 24.737864868194436, Infinity, 9.999819079298362, 22.755731478381307], "[140]": [25.075716896833057, 4.976266294395922e+53, 87.57142857142858, 178.52278469512197, 174.77363908503378, 47.7668583320866, 46.308740818782496, 55.1806424164796, 46.57876227356746], "[160]": [108.25904730841137, 2.135402919236706e+62, 123.42857142857144, 278.8484698805171, 25.93789023993321, 25.094442130350274, 18.918489223283586, 18.231273954266328, 19.74838867901849], "[180]": [218.04861898051945, 3.104745092395459e+70, 260.57142857142856, 464.689559373371, 218.6796937956068, 171.76271434179284, 156.40572106188608, 64.72370078438803, 69.01623127403764], "[200]": [390.211429813872, 2.1119689227880706e+80, 1009.7142857142857, 1253.6662103374283, 869.6990557453242, 802.4204828834563, 603.3470099171695, 150.2203428715843, 171.121104924287], "[220]": [559.523024076645, 1.776360035683665e+88, 2217.4285714285716, 1534.4609353263113, 778.6068322111009, 930.0954654367292, 697.6891246429782, 71.06501861195102, 32.09252971341539], "[240]": [280.1318224057086, 1.0427345148083256e+97, 1838.8571428571431, 2436.3707412637305, 780.753392871251, 1881.8407519481734, 2128.6496825719787, 505.87049359734465, 237.1810841176648], "[260]": [764.7503969065383, 4.2491225503989994e+105, 1273.1428571428569, 1645.1160801139267, 2704.633178809123, 1791.67409071786, 1811.1888891609624, 162.6732461702013, 270.0994207788399], "[280]": [663.5173487844636, 1.6874702090631743e+114, 2632.857142857143, Infinity, 1954.0024128874547, 2022.7906064512927, 2074.2676507328415, 1288.5401579708205, 1314.2595823839092]}