{"[20]": [4.0, 3.8610357511668285, 4.0, 3.9999993602635624, 3.9999898707876245, 4.0, 3.9999999996917395, Infinity, 4.0], "[40]": [62.13085282552896, 1263799039.7808049, 77.0, 88.25435276878972, 65.36749030471381, 66.47220994307386, 56.541183866200754, Infinity, 110.41934383575273], "[60]": [964.1302889562518, 1.6870674856959322e+18, 1350.5714285714287, 1287.6293900532346, 1294.0528170892924, 546.79360767618, 522.5894906777231, 230402.3051880019, 230.02932802599025], "[80]": [4400.704178058895, 3.729403789879908e+27, 11508.0, 5712.6724145686585, 3457.0058432081023, 214.72407359863246, Infinity, 15032.154413600067, 12355.93686057307], "[100]": [2010.4330062866502, 2.647552091869952e+35, 4095.7142857142862, 4385.60518812669, 6995.8282041944985, 6254.475931597906, 6212.979615980948, 153869.21857720145, 192542.07398238697], "[120]": [2212.0, 8.308450134770628e+38, 7265.857142857143, 789.3927900661593, 671.8070017927621, 970.8303196955749, 898.0767492089922, 4094.970947427527, 22008.20313507049], "[140]": [1503.7597680480012, 4.976266294395922e+53, 1336.4285714285713, 112.7949345211677, 83.68051169261929, 122.1188869197016, 136.46326796914974, 648.8647642237613, 894.6225592063038], "[160]": [283.6447623009867, 2.135402919236706e+62, 218.71428571428572, 19.204628104161017, 13.214300022687858, 20.572153627240013, 26.135031048724315, 851.4490319154706, 854.5421242058814], "[180]": [401.15934997836985, 3.104745092395459e+70, 25.42857142857143, 0.039569066373283945, 0.8009954588887265, 0.22873168019000722, 2.187282179740736, 769.6638413577926, 775.0468671002981], "[200]": [276.47462305529234, 2.1119689227880706e+80, 3.571428571428571, 1.6822210190310694, 1.832701134787638, 1.6330300225159629, 1.2650221809275222, 703.7521279434275, 704.4401637212875], "[220]": [259.38804203446216, 1.776360035683665e+88, 2.2857142857142856, 0.293639209241376, 0.20431116151457973, 0.3022091684147436, 0.2698869706504604, 587.2854198198221, 588.3139554572267], "[240]": [223.67253611813567, 1.0427345148083256e+97, 0.0, 0.020634044644218665, 0.020708744874602777, 0.022081329451320245, 0.04164248406520787, 486.5238348066765, 489.08237306570174], "[260]": [199.76793497242397, 4.2491225503989994e+105, 0.0, 0.0029336490450149293, 0.0029024474022650076, 0.003172330829617016, 0.006456181158959605, 410.4179018330791, 412.53413165480333], "[280]": [181.27049798191274, 1.6874702090631743e+114, 0.0, 0.00041709189780980986, 0.00040679382135129207, 0.0004556872601074698, 0.0010009159419495138, 359.20624690213543, 360.9953917147077]}