{"[20]": [Infinity, Infinity, 5.220295212190548, 6.088244302244381, 99.14391533466117], "[40]": [Infinity, 20.631855166066977, 26.291784825865925, 31.881818153370784, 165.4189420412722], "[60]": [128.28288782387813, 81.99565843922268, 46.71324390578527, 102.20280638236379, 146.23670141594192], "[80]": [14.11735902933526, 29.42748515032099, 29.55659732448909, 68.20183220802383, 22.876227146107205], "[100]": [10.741435566155223, Infinity, 0.7424904459806613, 72.82160629981423, 21.179231284112188], "[120]": [43.58798033921309, Infinity, 30.36580217965591, 101.80120290631737, Infinity], "[140]": [10.226845699079353, 147.07478340354504, 672.2340936735762, 90.05573186658759, 204.97741225673045], "[160]": [1635.383811505277, Infinity, 3992.31228636342, 3939.702122550015, 909.3850813083842], "[180]": [5809.959800038488, Infinity, 902.7197839650127, 4282.3539254422685, 37753568.58742934], "[200]": [564.7068657172035, Infinity, 2572.366398754539, 876.1551158815512, 3684408.5257290737], "[220]": [69.10967888474678, Infinity, 592.2239882173245, 159.3608198859507, 3646316.141928408], "[240]": [46.46368789311693, Infinity, 121.195883296426, 11.71245608817318, 525901.1625674161], "[260]": [39.4584782103691, Infinity, 8.942978512985968, 1.3145033917836693, 17712.848643606096], "[280]": [241.1234317101658, Infinity, 0.3161173375064351, 0.9167889387496835, 4097.3107498056315]}