{"[20]": [0.0, Infinity, 0.0, Infinity, Infinity], "[40]": [7.270833320691551, 77.95668351767117, 60.14285714285714, 10.853454216537003, 16.888593765968032], "[60]": [83.25318911276304, 1040.7518822473771, 1351.7142857142858, 324.09163848579146, 210.07361892919425], "[80]": [704.6674957665891, 3443.750557254989, 21856.857142857145, 18113.36023368675, Infinity], "[100]": [16046.84631468913, 6585.512419721854, 2666.7142857142826, 44181.017047885034, 10915.387966608032], "[120]": [8068.1121640093625, 43976.467955131564, 21789.571428571428, 8108.272728062284, 10840.805051632473], "[140]": [224.0222064651157, 8.426159365431393e+19, 4314.857142857143, 1493.4037773158861, 1482.7860497570437], "[160]": [1109.9126833505784, 4.014978151102848e+21, 893.7142857142858, 4337.795617570656, 275.6722397664464], "[180]": [321.00469924401034, 4.2085712170987097e+21, 217.14285714285717, 10657.10522102647, Infinity], "[200]": [103.32181489772324, 1.2367498995414e+16, 36.14285714285714, 11288.29324628827, 5.942617503577139], "[220]": [229.20927724583845, 1.1795309073475727e+18, 10.285714285714286, 11094.214190574523, Infinity], "[240]": [148.98418856680937, 1.32445671322438e+27, 3.0, 1.0718451371951667, Infinity], "[260]": [71.12943725757987, 7.187218509078514e+32, 0.0, Infinity, Infinity], "[280]": [406.14936401398006, 2.5545215683552138e+51, 0.0, 0.0, Infinity]}