{"[20]": [1.413168584642439, Infinity, 5.285714285714286, 0.18267367511870347, 2.596416491407487], "[40]": [10.39310321913683, 16.452259950969953, 16.57142857142857, 9.233943907370149, 13.994512358766556], "[60]": [0.3247170199728302, 17.085830498834184, 7.857142857142858, 1.5874419045049066, 3.3663385879805077], "[80]": [2.9677324235915137, 8.05793556092516, 13.42857142857143, 15.860531168122122, 4.664541543883999], "[100]": [20.75946741210261, 15.648772856635333, 57.857142857142854, 20.324390169609103, 43.777870021272435], "[120]": [42.845094178874376, 94.90723571291085, 95.0, 19.80258118719175, 48.39139043186523], "[140]": [0.9842091818539416, 29.82974828497555, 135.0, 80.68752396003299, 7.769623161919242], "[160]": [35.41811441287848, 229.3009217895717, 164.0, 88.61637066608995, 35.1163581112512], "[180]": [21.651764423724558, 162.78652261946695, 263.57142857142856, 122.34221457926685, 91.27807266564639], "[200]": [66.86564838420145, 99733353273331.64, 1150.4285714285716, 529.1009349709639, 408.50354280673423], "[220]": [125.56368714313157, 5.286517541061383e+36, 2077.0, 1339.369651810729, 575.586720364885], "[240]": [236.15652457542092, 9.212228936173792e+37, 1579.2857142857147, 2810.7870171032514, 146.98595832598403], "[260]": [277.0723334803697, 9.294507090120132e+42, 1709.4285714285716, 2336.6908704346224, 1428.4757368447972], "[280]": [183.72518313951787, 6.025016557371418e+61, 2301.142857142857, 724.893579677226, 840.5966824211614]}