{"[20]": [0.0, Infinity, 0.0, Infinity, Infinity], "[40]": [11.999733297809165, 34.12054423275145, 24.714285714285715, 2.010170511449914, 16.256821701648523], "[60]": [38.84685922107667, 464.01634635604796, 737.0, 285.8908272620422, Infinity], "[80]": [1354.3089099176832, 515.6267169909406, 8503.142857142857, 7553.903511748477, Infinity], "[100]": [4108.837901597646, 26601.661419479016, 4643.714285714286, 1863.3411340165203, 5668.24491531662], "[120]": [1087.5011617066425, 75066292570814.92, 3691.0, 1291.4494344836248, Infinity], "[140]": [26.59476796710942, 1.0021403319338696e+16, 674.0, 246.8143440415402, 295.022378904363], "[160]": [50.7409884211375, 7.202428493611017e+20, 149.85714285714283, 1036.8405339750316, 75.57622192304052], "[180]": [95.40711873068699, 8.38536843554018e+17, 49.28571428571429, 2513.7586822628205, 24.60216817832726], "[200]": [141.40570596518498, 1.7072293979717576e+18, 8.142857142857146, 2754.8920831930755, Infinity], "[220]": [135.63113230037814, 1.3678209885195835e+27, 6.857142857142858, 2752.203167510981, Infinity], "[240]": [87.23057017236262, 2.4848925575199046e+33, 2.0, 2.429757378274977, Infinity], "[260]": [7.621787724460688, 1.041070877137616e+38, 1.1428571428571428, 1.6774693283096762, Infinity], "[280]": [101.5217577388872, 9.424635857234136e+52, 0.0, 1.390560450645303, Infinity]}