{"[20]": [16.80703238689236, 16.99854315949009, 16.604391788807256, 10.899109069328736, Infinity, Infinity, Infinity, Infinity, 16.142617569416146], "[40]": [106.97685924090496, 19.894516995788955, 220.37554909622807, 228.8229569928044, 228.49809299158306, 98.3066319237039, 82.9946771112012, 4255601.1862882385, 53.87137246173717], "[60]": [4948.4902357785995, Infinity, 6690.875076634967, 2063.8963734616186, 1240.3968885834854, 1008.1717323622652, 8226.182599239104, 83.84003403101568, 805.4535660004027], "[80]": [2890.045933840642, Infinity, 29394.832788242995, 16066.629140318422, 3680.353522954819, 357.09278962773755, 3052.049011083239, 20476.1251844537, 25770.01716420882], "[100]": [1637.0593186954018, Infinity, 25214.50566899672, Infinity, 9429.820890518273, 3889.107053147168, 2958.835264077763, 121941.14517863598, 12994.731092364662], "[120]": [1186.5722268354673, Infinity, 6507.034737757314, 1210.0793714551185, 907.2652651095196, 61.01883873334858, 146.5890108209366, 4835.7259223463825, 4125.390943498076], "[140]": [363.8590168608178, Infinity, 1272.077148286273, 734.0295881824779, 143.4483154823928, 553.5600672114048, 576.9729261382809, 1188.4997478088026, 1192.6117188182347], "[160]": [233.3117345765952, Infinity, 335.18309604071163, 317.589504946341, 105.00507523957221, 287.02385341028105, 347.599566817268, 496.8992628439541, 538.233604478447], "[180]": [184.6739349768288, Infinity, 117.67528327700947, 96.74744276722139, 27.062916004543023, 92.31886206963806, 121.53750642720621, 403.01402346671097, 482.77641054235085], "[200]": [186.68334574082536, Infinity, 48.17803733459815, 19.717691750005113, 3.520006120531564, 19.114828645335272, 30.629372149422995, 484.79178391555536, 517.8392121152436], "[220]": [169.2828199816294, Infinity, 9.918683026684416, 3.5627480868387558, 1.1004842605338323, 3.483398929630373, 5.860993153665284, 402.6773501009298, 406.2881295088627], "[240]": [149.5237771842717, Infinity, 0.09364661827084299, 0.697326406868929, 0.4359275269389199, 0.687099307078555, 0.7985645296542729, 259.3715281312966, 265.2497729433577], "[260]": [145.98729663750524, Infinity, 0.23350504857655766, 0.6987015327606352, 0.4381488507526871, 0.6974014400906429, 0.8370135394875515, 241.4497851259047, 245.64627157006757], "[280]": [136.32377116846598, Infinity, 0.0, 3.318159833344664e-06, 1.175492845240199e-05, 0.0001655640580764595, 0.000750127516997498, 200.77979459379335, 203.4769470020519]}