{"[20]": [2.0, Infinity, 2.0, Infinity, Infinity], "[40]": [4.984407828302733, 23.920695931427243, 15.31627941815545, 2.448199550949478, 756406.4928382986], "[60]": [129.38560813849662, 767.2205012100034, 246.13451878779313, 2.480139560629008, 2204.8739701390737], "[80]": [192.25541770536947, 651.2069523934967, 3178.1995219625014, 1507.5178085935604, Infinity], "[100]": [285.7591740535693, 15021.6370303601, 2484.7496807518223, 5207.629520206341, 1121.4069896915476], "[120]": [599.26624338071, 6729.667869368376, 4838.571565457721, 352.5323694494754, 1721.7197635718219], "[140]": [38.96054894347473, Infinity, 1203.7795100507744, 5.347719477456091, 300.46461600891854], "[160]": [99.27461264201885, Infinity, 158.80845374829892, 2022.0356369792396, 50.69210936962213], "[180]": [74.7797354117005, Infinity, 18.656176358999915, 2.6509421533267137, 6.963433345445108], "[200]": [45.441309588122046, Infinity, 2.482980971856584, 0.7956842479089584, Infinity], "[220]": [34.12667931886992, Infinity, 0.0, 4515077.3233033335, Infinity], "[240]": [29.74340984205373, Infinity, 0.0, Infinity, Infinity], "[260]": [27.86457006974239, Infinity, 0.0, Infinity, Infinity], "[280]": [26.833822085610464, Infinity, 0.0, Infinity, Infinity]}