{"[20]": [Infinity, Infinity, 7.66076173134471, 43.85942545983601, 182.18075348129958], "[40]": [Infinity, 340.4194186170731, 78.08326755025799, 112.88938851781404, Infinity], "[60]": [436.8669524265303, 364.4331604102998, 155.81620843900728, 288.8820726295449, 3182.2778002092737], "[80]": [15.49842629674711, 69.77562732276907, 2.1963897863872597, 295.3819033795536, 38.17785022842716], "[100]": [9.052730496276611, Infinity, 5.002412362816755, 287.27459989852963, 34.972091010472006], "[120]": [101.69667818814192, 304881517.6342813, 123.99653080508644, 412.7117170410362, 71176.69549132089], "[140]": [180.60504022454543, 2682.748235575462, 3149.076170140025, 3709.5017587050593, 1243.6633916173287], "[160]": [813.8040347579554, Infinity, 10614.422459202771, 12577.655126347918, 3432.0763931213382], "[180]": [4200.431006327306, Infinity, 7034.58278517336, 3903.3905480713975, 111549506.15221173], "[200]": [168.53188418548285, Infinity, 5276.276244342443, 1411.2645280985598, 41520668.01108552], "[220]": [238.02313771184475, Infinity, 1068.8543035332045, 382.7324859014215, 12525969.302388523], "[240]": [83.20565918818679, Infinity, 206.8207343194764, 23.77763279824982, 3713946.596910523], "[260]": [78.19119770550365, Infinity, 15.10544162266056, 5.73765401475276, 281601748.6300092], "[280]": [397.1935991553487, Infinity, 3.2134171469742197, 1771.512376520487, 96032.35231059174]}