{"[20]": [3.0, 2.9998732810558355, 3.0, 2.9999989164443392, 2.9999886477992104, 3.0, 2.999999996586311, Infinity, 3.0], "[40]": [15.274518210150212, 1657840.7438230286, 23.0, 2.843172047632496, 3.9837864728060133, 23.01215155634803, 16.055534111824702, Infinity, 29.518339081190383], "[60]": [116.65005842440979, 1538406400980730.0, 282.7142857142857, 212.50740049510517, 218.93016645142234, 55.752038074133395, 56.51676997324557, 22.355131692237364, 34.384737468479784], "[80]": [184.6874130833544, 3.40077629912588e+24, 2655.714285714286, 1336.4245177957769, 566.8866029480191, 569.1644997475651, 545.6446907988379, 356.76097050977705, 70.3344790035344], "[100]": [2376.0254443613085, 2.414254885475781e+32, 14785.57142857143, 7953.062667697184, 2777.3080416793055, 2300.755987587472, 2044.9022414125138, 1507.847829830076, 423.092346069232], "[120]": [2565.845206992788, 7.576325486168787e+35, 4915.285714285717, Infinity, 6168.511992759028, 1105.2889539256867, 731.6984604800018, 8227.365095542627, 8602.66729701979], "[140]": [269.7994752627419, 4.537767621226321e+50, 15270.428571428572, Infinity, 5003.0688614714345, 3005.536644124968, 2845.7242749863217, 7798.770827831941, 3430.4139031826053], "[160]": [1023.533427215074, 1.9472354461076123e+59, 5488.714285714286, Infinity, 937.6549590956183, 384.51331352291345, 404.22099349745895, 1320.4717962526265, 1431.6584600688966], "[180]": [248.5886406927184, 2.8311610852975855e+67, 1454.2857142857142, Infinity, 102.1816921618331, 142.99578555851508, 163.06134375054444, 85.97079064120021, 68.62886639678754], "[200]": [264.5984001631059, 1.9258664884755883e+77, 415.8571428571429, Infinity, 14.54845168656459, 94.56717117053932, 115.83134486174401, 450.6161793871546, 432.88813616562084], "[220]": [283.0347649734995, 1.6198306258292654e+85, 112.0, Infinity, 7.781184590012117, 59.93207181049269, 75.21736433857343, 296.2056883115702, 302.63060509373287], "[240]": [129.96917484679034, 9.5085081810186e+93, 26.57142857142857, Infinity, 13.856664991620839, 36.64830376548202, 44.54540787789079, 227.54582479808, 222.22423641275657], "[260]": [75.77871127652179, 3.8746981460246653e+102, 25.42857142857143, Infinity, 4.148020056088978, 5.307175485949157, 8.877639341573403, 132.6643172011052, 136.02923078955257], "[280]": [74.64016276397342, 1.5387735893052318e+111, 4.285714285714285, Infinity, 2.7179140689797308, 7.178536054805289, 8.968159954827708, 99.0740083909342, 102.77834478500368]}