{"[20]": [6.0, Infinity, 6.0, Infinity, Infinity], "[40]": [17.296378023742122, 0.7919357947169061, 75.57142857142857, 23.12414042614678, 27.558718662775547], "[60]": [10.347086557419516, 2067.9031582035423, 2153.0, 946.0661008558911, Infinity], "[80]": [4551.1369978311195, 4111.655126492915, 19315.0, 16749.475507399213, 7172.756673252261], "[100]": [7923.840751197695, 12432.70996887843, 13848.428571428572, Infinity, 13017.450626962658], "[120]": [1815.7239390596242, 1245054343774518.5, 5778.714285714286, 1925.536984210742, 2542.309946925742], "[140]": [42.90584638964401, 3317508342882657.0, 1000.4285714285716, 185.08635432541928, 594.8671554417199], "[160]": [122.09265734525002, 6.131677572257962e+17, 323.71428571428567, 6305.875569082183, 234.03277227737], "[180]": [295.19270633589747, 7.156300307798025e+18, 117.71428571428572, 10437.18726198802, 82.28098125237602], "[200]": [355.88887922317247, 1.3441384186765988e+21, 58.57142857142857, 86.77511142355897, Infinity], "[220]": [294.794009397332, 1.2451586897490992e+16, 10.857142857142858, 11576.850822829205, Infinity], "[240]": [191.70542776675978, 1.4669575591675464e+19, 9.857142857142858, 4.131398011028041, Infinity], "[260]": [15.064051566085737, 1.6315369742866076e+44, 2.4285714285714284, 0.04827757917520925, Infinity], "[280]": [229.46858158039748, 7.288346559937071e+41, 0.0, 0.6396114048430863, Infinity]}