{"[20]": [2.807032386892356, 2.998543159490088, 2.5866855526998536, 9.877411461349222, Infinity, Infinity, Infinity, Infinity, 2.142617569416145], "[40]": [7.579042012188737, 3.608282378949504, 11.303423580543116, 10.961143816282325, 16.275941069995177, 9.753509210310115, 1077.8239832087652, 83.10863260165219, 16.983551611531777], "[60]": [13.983867122898808, Infinity, 4.205078427763568, 12.40874797907893, 10.735844251493251, 3.282014392062674, 7.615802480370666, 1399.5374590959668, 6.14860469743812], "[80]": [8.870893488564539, Infinity, 0.8412504153533722, 14.850096862065705, 17.89889547936064, 10.40603390530945, 7.53138138386333, 23.80477591840016, 35.54426969503511], "[100]": [3.382143145643531, Infinity, 3.4085864335387113, 24.285067337908092, 34.315640086849875, 19.994765578244714, 2.9569453904677596, 3.235001980225682, 2.7739300291776106], "[120]": [1.1965781178661679, Infinity, 0.9051122385346552, 32.83225544718939, 46.92754820341393, 5.9940468946383785, 0.052051369188045704, 1.729026122103424, 1.764297274186173], "[140]": [3.5625005876012694, Infinity, 4.7650215105856715, 49.724949987077764, 68.99320233503273, 22.097986043071593, 4.788291002176942, 2.481599318386649, 3.1710946725510705], "[160]": [7.106828056512486, Infinity, 0.8116961243254046, 53.822344912076794, 73.99939300850717, 21.678153787369066, 0.885791266427764, 7.5158607157657045, 6.829415157701068], "[180]": [15.778467300805762, Infinity, 18.445531380530575, 70.71429868055307, 92.99994908080373, 34.99987754469711, 11.969205337203942, 16.171495275320133, 17.227155885543112], "[200]": [36.657098380503555, Infinity, 54.12285880587445, 143.63323819405647, 186.9999955026349, 101.76408960745202, 37.31436390445793, 23.562190167333966, 23.55793150942611], "[220]": [151.1132276049533, Infinity, 198.40870927945335, 425.776147837082, 535.9999994811692, 146.57847553033224, 86.5437919937114, 1.4559536099587829, 3.401584898490526], "[240]": [98.73901345500587, Infinity, 387.5651429554089, 960.5716374290189, 1227.9999999176873, 96.45408264874659, 2490.6676188425686, 43.9988628372523, 48.685550681359096], "[260]": [9.84426278573997, Infinity, 785.9493481285737, 2188.741832302913, 222.76278628834672, 117.21739010229416, Infinity, 142.6573378902065, 150.25373487280538], "[280]": [8.519535603399003, Infinity, 769.2927220433351, 3490.9005683503956, 52.49346670916113, 122.78113522716647, Infinity, 91.92037671585082, 63.653384308062265]}