{"[20]": [1.0, Infinity, 1.0, Infinity, Infinity], "[40]": [0.10547577126253094, 0.1602448017277951, 0.0, 0.4001472915866957, 0.10713384603342613], "[60]": [0.0579454223932816, 7.950292901792722e-08, 0.0, 0.27792053933576133, 0.00944506342383411], "[80]": [0.8024418884778323, 1.1467079757182075, 0.2857142857142857, 0.5552618326027635, 0.2095058044016727], "[100]": [0.3154675531378853, 0.5474995025755784, 0.1428571428571429, 0.6007266162759912, 0.2726726737999444], "[120]": [0.2408222078484037, 0.8364151184157436, 0.8571428571428572, 0.3698833116773106, 0.17441922952957067], "[140]": [0.47074855891958256, 1.5518281243311856e+33, 0.0, 0.4011344910476203, 0.2475130897649368], "[160]": [0.21408832062325547, 2.9057774131577114e+30, 0.0, 0.0, 0.0], "[180]": [0.09134991301771665, 2.8920851157313028e+48, 0.0, 0.0, 0.0], "[200]": [0.049004210854329884, 1.2060936922635934e+66, 0.0, 0.0, 0.0], "[220]": [0.029539766395793185, 1.0994556244773586e+65, 0.0, 0.0, 0.0], "[240]": [0.01939764285506003, 8.342358640230597e+78, 0.0, 0.0, 0.0], "[260]": [0.06747633782296836, 5.548286879071344e+93, 0.0, 0.0, 0.0], "[280]": [0.06271073968713822, 7.116745107729867e+102, 0.0, 0.0, 0.0]}