{"[20]": [6.787591055563792, 5.402378807790231, 6.589774330109602, 10.119895044202078, Infinity, Infinity, Infinity, Infinity, 6.705050376915911], "[40]": [59.74932961068015, 14144539491.157187, 99.00246405576999, 25.90538756683754, 23.67382280764261, 35.49294708690054, 198.99295298467942, 339.9911785313605, 0.8583601168791806], "[60]": [52.04661712878932, Infinity, 253.2939653561703, 303.4356397793315, 300.2096753873455, 79.64236434359836, 396701.63357627206, 433453.4607556681, 783.5364191114973], "[80]": [168.17394987463248, Infinity, 220.92716003321362, 561.7669133610838, 169.27522517257424, 222.38059178932576, 148.3027837084442, 11130.990601741598, 666.3153619914458], "[100]": [27.7303104225515, Infinity, 142.39705679859776, 710.2641461903135, 105.67681598703166, 253.80957169221506, 240.86208728380845, 412.27950221397197, 257.1471742000367], "[120]": [429.2869524261654, Infinity, 450.575868817054, 1141.5088660634374, 432.593263035276, 565.928579731523, 358.2541755589806, 382.22314916617853, 397.40311500722635], "[140]": [3035.3996691425546, Infinity, 7367.575395143561, 8455.551965170951, 6950.404087507063, 8309.500888454077, 3766.1700639304863, 1634.8214716763307, 2104.4110273064207], "[160]": [2363.787207380155, Infinity, 227.1290377040814, 1490.9400365498107, 6242.345210369593, 7448.056298562992, Infinity, 18557.531697328737, 17327.630522635252], "[180]": [1086.5923820187897, Infinity, 6242.862988088131, 1815.403626383882, 4256.674736104169, 2796.6255070384987, 43847.559310033874, 9583.934192769922, 10272.558428598164], "[200]": [184.8336062459269, Infinity, 1612.437606403984, 1205.0390029477926, 1134.866476610956, 816.7615069267174, 4129.598337140123, 515.0790030038954, 537.5138210455764], "[220]": [Infinity, Infinity, 337.6880018657886, 382.1931554831511, 335.5971322168014, 272.108831868275, 730.4363264385942, 501.0319636652849, 481.6504637806376], "[240]": [Infinity, Infinity, 80.18155877705357, 121.27525444235117, 102.83474592456632, 93.38280295659366, 188.24734078836215, 301.5372941967651, 312.6233611910056], "[260]": [Infinity, Infinity, 18.165768635233274, 41.583927969774365, 34.734941435917484, 34.9001086962134, 55.66821177950756, 235.99192300367474, 248.98192802476487], "[280]": [Infinity, Infinity, 1.1725119194315519, 11.870115491326445, 9.581006491065047, 10.526294458593123, 16.665458241397747, 250.8437870192175, 258.5949167172188]}