{"[20]": [13.293999751739046, 21.030192629776515, 12.881322701755833, 25.762525013366, 15.71976765166416, 27.406458436350942, 144.19220579789382, Infinity, 11.079577245085995], "[40]": [43.45675239549561, 18486806599.740906, 32.96917393675852, 11.552610809555638, 47.12367861796303, 46.344533565047946, 176.47430529381788, 2948.214344529154, 275.50991411109635], "[60]": [14.057681753235702, Infinity, 0.952984333452644, 37.89810988533781, 29.69877056713603, 1.4428862764835004, 13.601957459465009, 3505.461255236372, 53.1186960418348], "[80]": [24.25119606332631, Infinity, 38.41635069096813, 95.1419525683165, 32.256392624013195, 70.0886832335224, 32.83178330518247, 88.48393784692367, 1.3305094078392894], "[100]": [90.67895605216982, Infinity, 94.14516172961727, 171.74244643397793, 92.5040173299636, 68.39412047712521, 586.3951730459036, 77.63551561437285, 77.62593602303473], "[120]": [181.62872676825592, Infinity, 285.9866756908151, 404.33596491501436, 258.0612986652918, 166.05862284647586, 96.2250413215572, 186.2725848144189, 189.85555651658942], "[140]": [21.392426195945617, Infinity, 376.22857859948266, 389.5925110798218, 59.966437569000384, 61.39215711583619, 268.6439363977242, 162.54151028522776, 165.1189499364922], "[160]": [11.427014995663173, Infinity, 382.96810831758273, 616.6737363219839, 145.24242674207946, 246.44266865714172, 71593.86571780221, 172.09707676401018, 178.41452413414845], "[180]": [114.79217657737108, Infinity, 801.553916293954, 1391.1899757781387, 610.7795225084178, 869.7169199750635, 373.39728105386786, 147.57068185095292, 162.9779972845261], "[200]": [678.7500577008558, Infinity, 3137.534688894625, 3824.7672837519303, 2660.271466764352, 3425.463933043953, 1874.0423440078305, 7.3723127760473925, 13.951728972665528], "[220]": [111.1234935578745, Infinity, 4444.985637919843, 5205.918696390023, 316.0622149171081, 839.1740830707805, 1171.299180222993, 604.258778383411, 715.7843605778272], "[240]": [1740.0851282441597, Infinity, 811.898973921967, Infinity, 4267.724912651267, 2159.327611144509, 32387.374672560007, 2280.538270085569, 2290.380101385078], "[260]": [133.2799716558599, Infinity, 4395.951618149569, Infinity, 4148.510417626656, 2035.387387252822, 18618.581294794654, 550.3049440376485, 552.6605843425776], "[280]": [1151.9846401401003, Infinity, 3741.4052488898824, Infinity, 2398.990310623441, 1719.5436829643286, 8822.021538716917, 2082.377125312742, 1997.7256584053669]}