{"[20]": [Infinity, 0.00038431969908012077, 0.0, 8.756466713984944e-07, 7.900128624105816e-06, Infinity, 2.5035488720457547e-06, Infinity, Infinity], "[40]": [1.9777427373306382, 8103126.366478489, 2.0, 0.5440924086182133, 0.7984214620757603, 2.787412102815963, 9.117009296558765, Infinity, 1.1369654126900133], "[60]": [14.211516586027264, Infinity, 14.913339628329645, 18.389852942154622, 17.544179989171507, 9.631946108613558, 5.728980036011099, 9.158247971860401, 6.752400093101898], "[80]": [43.74622887511898, Infinity, 120.38393839723791, 8.638345754980866, 18.78904998329597, Infinity, 877.4488073047148, 133.2022873534276, 124.02691898157714], "[100]": [193.13973738919967, Infinity, 721.0235009175036, 124.58435677067978, 78.38981184806316, 72.82415603766853, 608.6234709255078, 134.33051052124853, 70.42851740983738], "[120]": [1695.4497425076536, Infinity, 2307.2368928156257, 357.80915734838504, 125.22646422779302, 165.40012974202938, Infinity, 662.973617900977, 541.3602366356321], "[140]": [594.6762201928121, Infinity, 592.9243765724648, 203.43246536587694, 496.6060766501269, 217.05435097218427, 347.70523949043053, 271.81802001514416, 405.6703316012986], "[160]": [70.9589619821669, Infinity, 2205.7721289046963, 499.5998363090753, 531.0116635308065, 392.4631682162213, 231.31148403184264, 1722.7014015614475, 1638.9349325427984], "[180]": [125.63715288917146, Infinity, 1101.209296224056, 235.59761325537784, 231.37398221299534, 202.9208770678699, 282.6303500049033, 39.576462402071414, 37.07771036743688], "[200]": [101.93136070807229, Infinity, 290.9041847395055, 87.4558439952558, 87.23506491544168, 82.80831819656699, 79.36733484055144, 234.64327500062657, 198.01291456792924], "[220]": [25.139465525600762, Infinity, 72.14350671113031, 18.094797138533007, 18.255837969193088, 18.638646625149907, 19.51622955652678, 44.174754303834995, 33.67737687889732], "[240]": [25.880173926572436, Infinity, 13.957322871520617, 0.1431324329713954, 0.06804420489984321, 0.6954690228421525, 3.7562055800673098, 55.85857353007211, 54.76180071181546], "[260]": [24.3618372518919, Infinity, 0.7017884241854351, 4.128478373220867, 4.163761068952018, 3.4397971669202634, 1.8245076737950874, 46.71437908540515, 49.141616712583904], "[280]": [20.33478159518994, Infinity, 1.9978986059648278, 1.2220768070345434, 1.2823736681207982, 1.0237000221434938, 0.910219046775147, 42.58217028602319, 43.31215476684023]}