{"[20]": [7.952276625008032, Infinity, 17.571428571428573, 7.336923022554611, 16.29593525651025], "[40]": [3.1557874001118194, 36.996718660419106, 298.0, 142.38702953116265, 139.91460235424518], "[60]": [546.5653140589457, 4313.536399444725, 5008.0, 2186.2241594446523, 1589.2514735770033], "[80]": [32971.303573489844, 18736.720585395837, 9296.714285714286, 11552.149941717182, Infinity], "[100]": [4283.386195703514, 76.25441082761245, 10784.285714285714, 701.8508220584108, 2933.2030867183166], "[120]": [533.4108512634687, 2.735686666970455e+18, 3090.714285714286, 85.11927815713739, 350.39462620482504], "[140]": [205.81700300374436, 2.0969791121208014e+20, 451.0, 19.72412914183117, 25.114214135735722], "[160]": [1361.0614341532437, 3.353823100136486e+22, 77.85714285714286, 12.37255072139888, 2.11404547821542], "[180]": [1414.8357593176916, 2.4375825598319442e+23, 19.857142857142858, 138.81904476177152, 0.39990365081169177], "[200]": [1117.5517476929501, 3.564961416428008e+32, 3.5714285714285716, 34537.41823269941, Infinity], "[220]": [819.6631295380697, 3.782649557376879e+24, 0.0, 0.0, Infinity], "[240]": [541.5174169838931, 3.057542595977415e+28, 0.0, 0.0, Infinity], "[260]": [250.1172336251301, 4.0907700239717934e+55, 0.0, 0.0, Infinity], "[280]": [85.4982214204585, 3.32111691895547e+82, 0.0, 0.0, Infinity]}