{"[20]": [4.0, 3.8610357511668285, 4.0, 3.999999360263568, 3.999989870788562, 4.0, 3.99999999969174, Infinity, 4.0], "[40]": [62.05106561802684, 1263799039.7808049, 77.0, 88.25435211408214, 65.36748984150555, 66.47220991011562, 56.541284933552504, Infinity, 110.41934383575702], "[60]": [964.4530551400276, 1.6870674856959322e+18, 1350.5714285714287, 1287.629398924362, 1294.0527724934338, 546.7810661735168, 522.579984808496, 230402.30518920015, 230.0293280258859], "[80]": [4400.57755107782, 3.729403789879908e+27, 11508.0, 5712.671265483074, 3457.198029295698, 214.72404102640758, Infinity, 15032.154413600761, 12355.936860602305], "[100]": [2046.0310669987848, 2.647552091869952e+35, 4095.7142857142862, 4385.60647323454, 6995.8270333359, 6254.477927887056, 6213.312438611993, 153869.21857718864, 192542.07395729813], "[120]": [2212.0, 8.308450134770628e+38, 7265.857142857143, 789.3927876230928, 671.8067446826435, 970.8292324504478, 898.0384976253108, 4094.9709473948196, 22008.20313503047], "[140]": [1503.759820324904, 4.976266294395922e+53, 1336.4285714285713, 112.79494414353104, 83.68045273071078, 122.11725720347846, 136.44953697248894, 648.864764225558, 894.6225594323282], "[160]": [283.63958753172255, 2.135402919236706e+62, 218.71428571428572, 19.20462802937068, 13.214391793069652, 20.57325839147927, 26.135505218023667, 851.4490319160483, 854.5421242060928], "[180]": [400.9880854070584, 3.104745092395459e+70, 25.42857142857143, 0.039569115955600864, 0.8009985121999552, 0.22867152106527122, 2.187205163903645, 769.6638413578712, 775.0468671068542], "[200]": [276.4526554477752, 2.1119689227880706e+80, 3.571428571428571, 1.6822210251902003, 1.8326864669548786, 1.6330175054231721, 1.265056904175355, 703.7521279439783, 704.4401637108109], "[220]": [259.37927387490845, 1.776360035683665e+88, 2.2857142857142856, 0.29363920972504987, 0.20431169780035263, 0.302207754099653, 0.2698481245816862, 587.2854198200712, 588.313955466216], "[240]": [223.66570053607575, 1.0427345148083256e+97, 0.0, 0.020634044950038205, 0.020708733652674925, 0.022081374946109775, 0.041642593768545955, 486.52383480680874, 489.0823730775712], "[260]": [199.76790002903817, 4.2491225503989994e+105, 0.0, 0.002933649063940685, 0.002902442973682249, 0.00317188460425603, 0.006456046802792931, 410.4179018330196, 412.5341316312871], "[280]": [181.2628184591449, 1.6874702090631743e+114, 0.0, 0.0004170919011813245, 0.00040679463669009164, 0.00045566446749521555, 0.0010009486027708306, 359.20624690179835, 360.99539172762223]}