{"[20]": [1.0, Infinity, 1.0, Infinity, Infinity], "[40]": [0.7119950935904654, 1.1798616516056029, 1.0, 1.5962249255900027, 1401.4097709484402], "[60]": [2.1069199526089197, 12.91582733962675, 2.1766406309739277, 0.6761718491438624, 13250.890011459562], "[80]": [0.2505785249550688, 1.7156630953227496, 0.0, Infinity, Infinity], "[100]": [0.15648877917764334, 1.2907863044548135e+19, 0.0, Infinity, Infinity], "[120]": [0.13895887080663963, Infinity, 0.0, Infinity, Infinity], "[140]": [0.12988090493926724, Infinity, 0.0, Infinity, Infinity], "[160]": [0.11958032641061471, Infinity, 0.0, Infinity, Infinity], "[180]": [0.1073367250020655, Infinity, 0.0, Infinity, Infinity], "[200]": [0.10049765823845232, Infinity, 0.0, Infinity, Infinity], "[220]": [0.09539433804056587, Infinity, 0.0, Infinity, Infinity], "[240]": [0.09149502427262406, Infinity, 0.0, Infinity, Infinity], "[260]": [0.08915407712092334, Infinity, 0.0, Infinity, Infinity], "[280]": [0.08604086789778387, Infinity, 0.0, Infinity, Infinity]}