{"[20]": [6.0, Infinity, 6.0, Infinity, Infinity], "[40]": [14.490304119634144, 117.29416372706956, 133.17619759100688, 20.157107007311673, 931.3285501495064], "[60]": [328.19113538632917, 637.1830790886265, 2426.0206542805186, 1011.2986140863762, 58299.29935504916], "[80]": [13624.512802030607, 861.6879374347037, 11659.225193882696, 12955.768740379834, Infinity], "[100]": [2220.057594712135, 74138.59755189238, 8758.984806108227, 3433.5376314927057, 5125.904812832828], "[120]": [152.33410119961573, Infinity, 4257.181339650717, 6237.595693976308, 810.35652392827], "[140]": [133.96640250399082, Infinity, 613.4627100684113, 17402.115215523485, 75.3139701228783], "[160]": [565.4938498079465, Infinity, 93.460531538581, 3750225.742709392, 12.20967720275826], "[180]": [561.1934363062348, Infinity, 14.899822438536502, 3320559.425642495, Infinity], "[200]": [396.38782466186296, Infinity, 2.353314146129943, 3010666.7285654573, 0.32232337495166674], "[220]": [268.27056072288457, Infinity, 0.0, Infinity, Infinity], "[240]": [176.04973838274532, Infinity, 0.0, Infinity, Infinity], "[260]": [110.9241002148592, Infinity, 0.0, Infinity, Infinity], "[280]": [88.09440350609447, Infinity, 0.0, Infinity, Infinity]}