{"[20]": [32.46286563577848, 530.6845525597709, 31.280313513923012, 139.61847134675278, 93.98857054817373, 32.93026255562611, 31.056690765249993, Infinity, 6.496348208113118], "[40]": [351.4018158549511, 268.87935170424583, 407.79848969832005, 184.00303987985907, 440.30043424010165, 407.61923539888284, 940.3825691521956, 160.01966379430218, 235.35704732924174], "[60]": [6540.119997701461, Infinity, 7322.522507344784, 6642.773784605908, 727.0127650369188, 461.77818312871284, 7982.76598609399, 1079.0422779925464, 1095.193519896559], "[80]": [9947.206717051073, Infinity, 44208.76806134344, 24198.227877808193, 4034.9087518273004, 2551.159004359267, 18377.968476819406, 74070.60780164818, 45216.19582214678], "[100]": [2306.3389874496233, Infinity, 24298.716940641207, Infinity, 22068.28627977194, 12885.828470296628, 7838.06224954323, 287052.1621086337, 26764.176776833745], "[120]": [1957.6258975805486, Infinity, 19738.348113153093, Infinity, 3670.292089156413, 1581.9504431541413, 1096.5310330451734, 305472.4830932495, 224828.2205178412], "[140]": [1439.4181864701804, Infinity, 3604.4603729174432, Infinity, 433.22929009457874, 124.07217496198656, 111.40642294162686, 514.5082702345555, 829.386198038311], "[160]": [875.0643749168606, Infinity, 580.8495958277804, Infinity, 37.800330023790636, 5.080404504187544, 4.196839251230207, 2189.8415749091914, 2576.3517201826385], "[180]": [794.430689586515, Infinity, 93.9596854453149, Infinity, 1.7720754083849521, 17.883161823552093, 14.573903751890642, 2225.6565869683486, 2250.2503660409734], "[200]": [708.0643777020979, Infinity, 21.29165878754684, Infinity, 2.2990116612258014, 7.874267080276229, 7.872408968239833, 2164.276966958324, 2229.1552955923726], "[220]": [632.672186091171, Infinity, 4.264241761349463, Infinity, 0.8084600482385806, 2.1110911338568945, 2.1899369318758453, 1652.7508379623935, 1730.5464597243902], "[240]": [582.956682151606, Infinity, 0.3849484156150599, Infinity, 0.6879091865284125, 0.8748090242541479, 0.8807182677512297, 1342.8512599212088, 1390.6514062560464], "[260]": [544.4417178330319, Infinity, 1.0, Infinity, 0.2932577859048948, 0.08102168083637194, 0.03630120639582037, 1142.230523434209, 1180.7349014726478], "[280]": [520.418973133796, Infinity, 0.0, Infinity, 8.05586407234923e-05, 0.0009353270087024207, 0.001905417249246707, 993.5430566227122, 1017.0480277162327]}