{"[20]": [Infinity, Infinity, 3.8785505339212705, 3.0971389500958093, 25.603356521176234], "[40]": [Infinity, 56.197769866103265, 32.34335950379863, 4.968709182873552, Infinity], "[60]": [34.705565412182004, 206.47118418737904, 284.1076250861232, 388.1913399236609, 130.4729328905241], "[80]": [60.69850849027398, 167.1431295753764, 131.9603925424706, 579.4828689593692, 48.95653911401539], "[100]": [28.20649640071633, Infinity, 77.00917741994657, 739.1110574375613, 34.7315969718705], "[120]": [4.715505232309193, 9416077130724.994, 75.19427802252677, 863.5136014918463, 27.310980360717128], "[140]": [405.9926660790853, 1777.9357593611962, 1598.6590004448208, 496.04284532548735, 275.78156651351617], "[160]": [837.4575753510147, Infinity, 11534.836479069574, 18411.712063510022, 5291.362956223803], "[180]": [5612.789332258199, 3089.242257195599, 2411.8806017767856, 18781.826526822617, 2905564287.9255204], "[200]": [2414.3713852066808, Infinity, 7771.1186205869735, 4137.1072201245515, 262020484.04717085], "[220]": [120.05211495313088, Infinity, 1824.7921838910415, 953.3386801245703, 143222596.52949944], "[240]": [112.74200571669178, Infinity, 446.4502675565743, 203.6569131375757, 43459618.04200668], "[260]": [117.34876573924032, Infinity, 86.16545705269813, 27.113862706721488, 12486.909089829796], "[280]": [384.1162996837683, Infinity, 9.41639631633537, 2.5333786919415604, 16386229.71442393]}