{"[20]": [1.0707942635715997, 5.433826635838788, 0.8721457972690841, 3.950333359193523, 3.955498275691102, 4.745473390530631, 24.501266116528704, Infinity, 0.6775483688420577], "[40]": [9.328735421096106, 14846382.357310552, 75.84714212844578, 48.14503084410108, 19.57807778771459, 45.38500723853301, 4524.69320492379, 100.53141969769608, 132.70018684208296], "[60]": [928.7001784620192, Infinity, 1808.2889754393811, 1267.162707671574, 390.91632282432346, 432.36464358372683, 673.3294067238169, 1111.4511409455458, 360.7700733704405], "[80]": [2317.9837664735255, Infinity, 17891.52084608177, 4906.214055047323, 1917.462187720572, 939.9039144046825, 9359.91268510388, 42031.26536281554, 40358.27453120366], "[100]": [532.8221225500974, Infinity, 9432.327265735048, 4215.326991680388, 6034.721860391414, 3086.194524663664, 13348.526618179214, 50059.29643660734, 16298.77146833231], "[120]": [807.2164300138461, Infinity, 7640.751742043824, 632.6580759775625, 1255.2851642902644, 799.5968515582607, 746.6779967202083, 11328.603733571495, 5305.309793580412], "[140]": [161.54358303010187, Infinity, 1435.6472113229545, 318.20478236219753, 78.84235773190679, 110.74795794902153, 89.978821892155, 501.51897182565335, 341.12203581130234], "[160]": [218.1511061713726, Infinity, 311.6240169818038, 131.9043011117863, 59.31394311970271, 90.4389612851993, 95.52843544267985, 516.4990107825644, 471.80590511038827], "[180]": [110.64143974600887, Infinity, 75.83534152049387, 39.557280780058434, 20.117492486651695, 32.371430039452655, 43.59795554561072, 207.05159011200954, 232.1860171710901], "[200]": [78.3157953915812, Infinity, 17.167660237964466, 6.558899667619093, 2.6586829520281414, 5.408166999519882, 8.244304388824265, 213.98842515594697, 231.57998245103462], "[220]": [84.91241143831841, Infinity, 3.3560224269769363, 0.2326467044115735, 0.8234349325167571, 0.44060633262423726, 0.0427569622698248, 217.94907159561728, 226.98421643240061], "[240]": [77.07803011867742, Infinity, 0.42216532305345944, 0.9909312633150856, 0.9926209656417874, 0.9645535524542378, 0.8545458365605689, 152.77751448758244, 162.22960153711642], "[260]": [72.64214084095659, Infinity, 0.22796589628894082, 0.00043095644436839134, 0.0007913113644263291, 0.004533620881376021, 0.017824217067962212, 131.23778368399118, 137.60458580728084], "[280]": [68.11293361564974, Infinity, 0.0, 5.019377407583258e-05, 9.178115727835278e-05, 0.0006282650036590646, 0.0028170254847318583, 114.09676481369097, 118.99308143504221]}