{"[20]": [8.0, Infinity, 8.0, Infinity, Infinity], "[40]": [327.72020509865337, 121.71659661348292, 112.28571428571429, 78.69784026037422, 120.99520439462658], "[60]": [308.4824403247526, 1198.2731628240504, 1839.0, 859.592801727922, Infinity], "[80]": [5949.950820345521, 2471.9230805291063, 5383.571428571428, 6308.41284835323, Infinity], "[100]": [797.356646673717, 536.3208906684222, 4889.571428571428, 1198.748435572464, Infinity], "[120]": [154.55028056862773, 7.487601475924301e+18, 2026.1428571428573, 37.85367420498068, 401.25482718852163], "[140]": [83.67996601894654, 1.6634517618487649e+22, 312.0, 0.24497874908530548, 52.8440765396894], "[160]": [455.22160303891644, 4.304167001054521e+23, 39.714285714285715, 1110.8859116516203, 6.654723927673967], "[180]": [444.9964632241829, 5.0326376993563436e+29, 6.571428571428571, 0.9803249408308677, Infinity], "[200]": [341.4725442273726, 5.500044574152392e+25, 0.0, 13.936014134494787, 0.08935261146683914], "[220]": [247.2770518874169, 1.6445410438604997e-86, 0.0, 0.0, Infinity], "[240]": [163.7972835963863, 3.3519310536370435e+45, 0.0, 0.0, Infinity], "[260]": [78.71814885226851, 4.0907700239717934e+55, 0.0, 0.0, Infinity], "[280]": [18.68737816193675, 3.32111691895547e+82, 0.0, 0.0, Infinity]}