{"[20]": [8.990466019182316, 21306.75682184104, 8.571428571428571, 138.2589372476062, 161.5036536986759, 8.499932538117939, 8.593290249461097, Infinity, 8.18334265068117], "[40]": [153.6177305463307, 421974859.29903954, 173.28571428571428, 89.34848890717495, 93.43200633489238, 152.66298480345176, 142.51947945076444, 159.91157981000026, 120.50686635564756], "[60]": [1897.3652104273865, 1.6870673934182382e+18, 2765.5714285714284, 2450.0203177663125, 1026.8308890090648, 992.5500225485139, 978.1673948883163, 3856500.010091448, 797.845912438248], "[80]": [4364.705863965926, 3.729403789879908e+27, 4240.142857142857, 1132.9213109587472, 1114.6594106778812, 1061.2936722155246, 3480.1140046586024, 7078.108654791249, 28979.264872422802], "[100]": [568.1588762369984, 2.647552091869952e+35, 5375.571428571428, 476.80742526454924, 326.41512997622795, 541.2096284908753, 421.32570392924026, 242007.31186173865, 151133.6667035878], "[120]": [296.9651252763415, 8.308450134770628e+38, 1500.7142857142858, 95.08565478981308, 51.55608221219188, 60.85527205399586, 58.59531035789797, 1325.313156507614, 1087.884402514263], "[140]": [326.6036743009131, 4.976266294395922e+53, 183.0, 14.877172911918656, 21.99187568103583, 22.709702817732065, 21.025833592846055, 549.5500041563731, 553.3774410809197], "[160]": [267.21836914669393, 2.135402919236706e+62, 39.285714285714285, 7.979634135132088, 10.04198999554021, 9.30302039706411, 9.841620702957176, 655.5058482885677, 653.7275428596073], "[180]": [198.8124250518174, 3.104745092395459e+70, 12.571428571428571, 1.25426074662691, 0.7832758997476104, 1.0505441579420678, 0.8098930989099407, 492.30550291431894, 476.9577093715771], "[200]": [160.49372829643949, 2.1119689227880706e+80, 0.0, 0.07222373772499352, 0.0819450415287474, 0.04257313713091506, 0.0908629355021142, 355.90560232724965, 354.44208750726875], "[220]": [139.40327714735145, 1.776360035683665e+88, 0.0, 0.008901689131421083, 0.010116891428182251, 0.004741460205157863, 0.011431022490212836, 287.19403815966166, 285.68625696033683], "[240]": [123.91637600414788, 1.0427345148083256e+97, 0.0, 0.0010971439902999524, 0.0012490222626370217, 0.0005280992170445082, 0.0014380798980468633, 238.31652484919564, 237.29466116264345], "[260]": [111.49978017213448, 4.2491225503989994e+105, 0.0, 0.0001352242813320617, 0.00015420308986324345, 5.8815981492477914e-05, 0.00018091432969967805, 204.866502168669, 204.1089093965993], "[280]": [101.26695167594971, 1.6874702090631743e+114, 0.0, 1.6666550184544644e-05, 1.9037765032653703e-05, 6.550103026586633e-06, 2.2759177757312854e-05, 179.64982222804304, 179.06810908375132]}