{"[20]": [4.0, 3.9998732810558355, 4.0, 3.9999989164443392, 3.9999886477992104, 4.0, 3.999999996586311, Infinity, 4.0], "[40]": [45.34207985957324, 2887179.8196951626, 55.0, 8.496504740000567, 7.758611659655429, 17.286457653886117, 13.469035722301278, Infinity, 6.389529232465861], "[60]": [660.1517637270726, 1538406293664907.5, 1324.0, 868.1600528810967, 467.7918063911559, 464.8127139948808, 467.801258563783, 168.06439331599336, 62.674477357113346], "[80]": [2689.7640494504776, 3.40077629912588e+24, 15379.857142857143, 6380.521940549785, 3024.1228597705885, 910.939288445963, Infinity, 979.7828937050435, 2156.9801623899766], "[100]": [1648.4737509208135, 2.414254885475781e+32, 7635.714285714283, 498.7903972013519, 5720.626514756979, 5257.5364081289445, 5020.57038960174, 25006.85449159182, 21288.636165891017], "[120]": [940.1947620363107, 7.576325486168787e+35, 7948.571428571429, 520.6233172703451, 1128.989744418739, 1239.4294917256502, 1257.1696257481772, 6561.478045186426, 2929.249213850653], "[140]": [744.458005843424, 4.537767621226321e+50, 1319.2857142857142, 31.259370165869996, 55.902392662535135, 90.23876044709777, 127.90452411481601, 289.11472136941666, 220.84041666253324], "[160]": [95.34711640640944, 1.9472354461076123e+59, 219.71428571428572, 17.45770336132638, 2.9621336081274876, 3.983569984768849, 11.617928452132503, 51.34119922769537, 5.50315663562813], "[180]": [151.66917246077355, 2.8311610852975855e+67, 31.57142857142857, 9.53105483311094, 7.04254489075694, 6.049016266894252, 5.492290155015965, 296.4665275714061, 298.9258928628914], "[200]": [136.50356572467717, 1.9258664884755883e+77, 9.428571428571429, 1.3282657875284691, 1.8379100137195312, 1.8653046677034055, 1.382480474067438, 249.66215172061786, 255.98250828606535], "[220]": [103.97584863760221, 1.6198306258292654e+85, 0.4285714285714286, 0.6256914996965184, 0.5676939480665231, 0.5455611880854918, 0.518317845098569, 179.92595761826897, 182.93039018650404], "[240]": [88.38918702225419, 9.5085081810186e+93, 0.0, 0.008660661697530181, 0.009269247847105973, 0.020343133675341657, 0.06476133884946038, 149.03447469657118, 153.63033806042802], "[260]": [78.89136878782392, 3.8746981460246653e+102, 0.0, 0.0010253809111741424, 0.0011148352167998632, 0.0027004038750621353, 0.009448872717637866, 130.6309830285712, 133.71842283751212], "[280]": [72.79589520119953, 1.5387735893052318e+111, 0.0, 0.00012139997705514723, 0.0001340844966017404, 0.0003584290308152362, 0.0013785928547466097, 114.07518181828482, 116.56982075207657]}