{"[20]": [5.0, 382.1862722641289, 4.428571428571429, 72.15064765247202, 69.36927029023362, 4.8419429687935915, 4.962889297904565, Infinity, 4.086057857782258], "[40]": [23.676836943651544, 3669623248.1801276, 25.0, 9.241817021866808, 11.730796735280276, 17.97829313948985, 14.465609349485883, 15.50425620782308, 16.96452144186043], "[60]": [111.32465278008135, 1.687067549889118e+18, 139.42857142857144, 150.31821375372283, 156.03186342532354, 21.885376397265873, 22.3541594566218, 404.1932147504532, 45.89599114476496], "[80]": [775.7137597757207, 3.729403789879908e+27, 885.2857142857142, 862.8958438852021, 858.5594868991836, 252.5907219137365, 233.2214958900538, 109.26316513359643, 23.234943530696], "[100]": [1548.9075031842594, 2.647552091869952e+35, 3951.0, 436.9083402238748, 369.91354230523393, 870.4189960832009, 996.7285563252508, 1642.0968068151333, 1648.7699641413801], "[120]": [2029.0068319223192, 8.308450134770628e+38, 2948.857142857143, 391.9182174078287, 469.6175943133112, 621.8162488599955, 348.0154321445407, 27243.88036475976, 20156.580280457605], "[140]": [254.91350393076755, 4.976266294395922e+53, 4057.0, 134.34669778420812, 594.9048662251853, 1224.4024848797917, 508.57594998041895, 10410.49018707761, 11105.253335636275], "[160]": [373.47402099371993, 2.135402919236706e+62, 2830.0, 92.63720072681303, 162.20304749198704, 91.40675962255591, 143.5066697142213, 8472.015911271958, 7170.52996792897], "[180]": [210.2584843390382, 3.104745092395459e+70, 825.5714285714287, 4.303561237037343, 16.31020528384903, 0.5780320130062364, 10.12093964815432, 327.73734007102826, 462.92305547831734], "[200]": [167.8287743379824, 2.1119689227880706e+80, 189.57142857142856, 15.031023006124471, 11.874069550700668, 16.634878237899372, 13.89811131509154, 294.16339617744916, 287.62634793117445], "[220]": [150.2830144047225, 1.776360035683665e+88, 46.0, 14.821689832145687, 13.462023497184656, 15.340190120244444, 14.105809194157096, 263.19167088418544, 263.28825577898596], "[240]": [78.62672773429176, 1.0427345148083256e+97, 23.285714285714285, 0.4947539139766981, 0.11161263625397577, 0.6435518365943009, 0.08478015322534027, 211.1683542924272, 211.13881896625526], "[260]": [118.30950001955785, 4.2491225503989994e+105, 1.5714285714285712, 2.933676559454404, 2.7530514280071463, 2.9736807167860553, 2.8064382497348577, 229.48685756677054, 229.07892728518394], "[280]": [94.68116323226764, 1.6874702090631743e+114, 0.4285714285714284, 2.64304483794084, 2.5332793112076595, 2.6533635738205694, 2.551675506445232, 183.4343985621285, 181.4013645274547]}