{"[20]": [Infinity, Infinity, 5.285714285714286, 23.956777447283585, 4.111692789250849], "[40]": [Infinity, 54.240343357225484, 35.285714285714285, 87.05854065015407, Infinity], "[60]": [27.38641512377825, 21.92284155213997, 224.42857142857144, 282.6786236783326, 247.0990277549725], "[80]": [114.61803189723503, 220.76540437862252, 26.285714285714278, 312.9397647237854, 95.6822132137288], "[100]": [36.06799513735547, 1.7451989876701245e+21, 2.0, 304.5343891777103, 35.50799527835841], "[120]": [6.783069960041416, 2.4936987155783117e+28, 10.714285714285722, 315.86609288337615, 6.988316159480462], "[140]": [94.26675171588658, 354.7112973154108, 1587.142857142857, 1932.7628471911669, 722.378614470955], "[160]": [1309.4080867358607, 2.282873232624518e+29, 10801.0, 12334.204876226906, 6503.052627646711], "[180]": [5037.773852573049, 749682945611066.8, 1284.0, 12854.06035494085, 59171.831126253324], "[200]": [2178.0800511982716, 3.106237754362419e+32, 8698.0, 1911.5460597237714, 24863.593364274515], "[220]": [346.9421690701655, 9.505528993948815e+62, 2205.5714285714284, 156.02948101546605, 105554.06481989293], "[240]": [79.75577282213932, 8.109467204079959e+37, 409.14285714285717, 58.78331762555361, 46397.32222022411], "[260]": [131.13806872924968, 3.6882590785228394e+84, 56.0, 2.0298225732700783, 27329.70178351699], "[280]": [110.38662500779301, 1.788376324735951e+58, 2.857142857142857, 1238.0070899984603, 432.34796852820955]}