{"[20]": [20.70486989958829, Infinity, 30.580508684874225, 5.674219520243354, 158.58354298426295], "[40]": [57.366140063810846, 41.322537848049436, 613.7982404831924, 251.17805062245571, 45289.62094481902], "[60]": [190.73430252427718, Infinity, 13904.010163557257, 10060.177554629443, Infinity], "[80]": [30460.213027336365, 73312.01370244443, 59108.08175452017, 76222.28301021477, 15795.679079387168], "[100]": [31530.22041705852, 439181.2760508433, 45886.083637389405, Infinity, 56015.24330736498], "[120]": [4156.9737823455725, Infinity, 20473.14301961979, 1810.095172034174, 8393.689520670498], "[140]": [1068.5336496445289, Infinity, 4563.12218850715, 912.8781826662222, 1184.0450177860587], "[160]": [1808.3797629313872, Infinity, 1276.2017729173342, 310.11122721366655, 316.58056039465544], "[180]": [921.42361635101, Infinity, 347.19412459166216, 80.03774720651688, 94.22708118058347], "[200]": [588.207029757122, Infinity, 62.28713636019189, 24.41475367989568, 11.80843692378961], "[220]": [509.71638420058565, Infinity, 22.617387188784555, 11196118.39651684, Infinity], "[240]": [485.7549226241376, Infinity, 3.491541923406654, 0.2554312850314295, Infinity], "[260]": [474.1062617783908, Infinity, 0.09165077117026657, Infinity, Infinity], "[280]": [485.74462847358603, Infinity, 0.0, Infinity, Infinity]}