{"[20]": [1.0, 0.9998732810558355, 1.0, 0.9999989164443391, 0.9999886477992106, 1.0, 0.999999996586311, Infinity, 1.0], "[40]": [12.143293089915353, 587829.3034359644, 26.57142857142857, 20.571140980336743, 19.25451701977247, 11.490416357194285, 12.157747536523772, Infinity, 28.97565723392104], "[60]": [113.21254730115365, 1538406422931747.2, 142.57142857142856, 136.07629261032366, 143.56730054239358, 54.375444694174604, 50.40499560425212, 3186.0036999435015, 71.66203797098194], "[80]": [225.68715539692585, 3.40077629912588e+24, 1225.7142857142858, 688.98472437383, 193.91069809508872, 182.98030022207786, 170.66947952768714, 78.71909823882652, 18.10839000819101], "[100]": [612.7459815541279, 2.414254885475781e+32, 7047.714285714285, 2608.2493612353155, 1023.7260878057805, 549.3170456397002, 512.1044782814442, 616.742955813821, 821.6725005500666], "[120]": [2472.141153888864, 7.576325486168787e+35, 2612.4285714285725, 3254.7567326256103, 2435.9704082367207, 527.5104717185204, 298.6772237913028, 3330.9970157904754, 3855.5829800420106], "[140]": [863.0835799132838, 4.537767621226321e+50, 7266.714285714286, 911.57438092546, 1516.6475929762746, 1343.6790753243313, 1271.2754676051518, 1012.0321621395306, 2066.74945197775], "[160]": [54.60891935813652, 1.9472354461076123e+59, 2971.5714285714284, 123.19872701361601, 361.497529607243, 390.3397729203357, 441.72867471508016, 517.9932738209232, 299.98658501339287], "[180]": [198.20084644164854, 2.8311610852975855e+67, 687.0, 122.19366632709091, 7.445457274653904, 4.002689734716, 13.938682920489782, 162.0540170057384, 185.81093898661743], "[200]": [60.535876584041034, 1.9258664884755883e+77, 174.28571428571428, 66.82257628041731, 32.62824870894744, 35.65105073283482, 46.772567891912956, 114.07467405059685, 119.88044099998558], "[220]": [42.9446474983115, 1.6198306258292654e+85, 41.71428571428571, 34.842067218472465, 23.606370999522078, 27.43778449779103, 36.50901542429609, 62.41204290866477, 77.12350167843567], "[240]": [27.750939195947467, 9.5085081810186e+93, 16.42857142857143, 11.320370013644395, 7.653366896250253, 9.608470581368088, 13.855591236824651, 59.61916496549031, 63.03976240602205], "[260]": [31.82202015374969, 3.8746981460246653e+102, 3.1428571428571423, 6.355492508574146, 5.11836875713736, 5.966774048184368, 7.7401260343476865, 57.66640974739292, 59.80940916551924], "[280]": [26.900535748802213, 1.5387735893052318e+111, 1.1428571428571432, 4.431006419922356, 3.8630181790373603, 4.343903322290494, 5.328299794416065, 47.950350511999105, 49.10120674085755]}