{"[20]": [Infinity, Infinity, 4.1891644723765165, 0.871829959947938, 78.39208643351989], "[40]": [Infinity, 136.82924583437784, 36.96969111788819, 49.490933550702486, Infinity], "[60]": [98.11244667672085, 82.13267628010627, 185.52854314311452, 377.38084864186527, 254.19182659020353], "[80]": [3.0930531729574935, 42.83104679939997, 107.30708143816513, 518.954536923763, 92.93430883480964], "[100]": [2.964559329422635, Infinity, 120.15434931117409, 729.8280568510381, 144.96252042224373], "[120]": [28.286731497849154, Infinity, 131.81670219065228, 821.3599588649405, 90931.36881187373], "[140]": [416.3141268015799, 3397.888632544523, 4075.2658905558005, 5943.7009785077535, 1015.4593372229303], "[160]": [750.2958514378568, Infinity, 202.76478061829465, 8091.308356461445, 4841.2633927115685], "[180]": [114.05429079714794, 5381.307752769045, 3532.696433682842, 1538.8838821776073, 1168744355.6610687], "[200]": [305.45986001291163, Infinity, 886.283632641781, 418.7565082472735, 605428601.271864], "[220]": [132.84223337292306, Infinity, 135.5775277194194, 122.05482409865581, 237089431.5172045], "[240]": [38.691199564695346, Infinity, 40.91719899439546, 23.314153847564718, Infinity], "[260]": [31.79817114894468, Infinity, 5.8167722236397434, 6.084699129663925, Infinity], "[280]": [39.443567695511284, Infinity, 0.6254300399258595, 3119.000656165023, 6677062.852699942]}