{"[20]": [3.0, Infinity, 3.0, Infinity, Infinity], "[40]": [6.432528678613168, 14.553443437596545, 14.611612153034368, 9.32646381034434, 50.62223149600714], "[60]": [6.268126321931304, 52.15607039171796, 13.362199526044858, 13.86385668407007, 483.46130943821464], "[80]": [6.42385813956684, 7.820345393578989, 65.60028371866493, 0.4994407404695633, Infinity], "[100]": [15.839236486189963, 40.25542496769888, 249.21067853826386, 11.305819050933891, 493.27737576785813], "[120]": [18.112286931499497, 585.7133919155185, 799.8199918219209, 430.3120297500163, Infinity], "[140]": [237.71740973660576, 727.5190557281113, 1575.5920347311737, 1665.2399268195254, 1387.4184641508102], "[160]": [264.44346256251987, 59.99338502782229, 1053.967198632013, 2835.756841909898, 536.8732897287902], "[180]": [146.83663378197525, 390.5747036285528, 7.482133150570382, 2204.748111898469, 304.81869772227355], "[200]": [363.2555781926181, 27036509710.336403, 602.3650180653594, 918.3558808557973, 321.1723877386318], "[220]": [289.72763322482353, Infinity, 1186.41224296492, 7114.154602412957, 278.18630601456783], "[240]": [118.02883024046741, Infinity, 904.4587283366071, 5165.940576971878, 154.79401016899774], "[260]": [40.99022451398741, Infinity, 568.8858075538383, 2477.136846226288, 86.59815008805936], "[280]": [11.60806642510303, Infinity, 269.2329102012304, 1093.6321906802893, Infinity]}