{"[20]": [Infinity, 13.998543159490087, 14.0, 13.99999870853535, 13.999985195727048, Infinity, 13.999991206360745, Infinity, Infinity], "[40]": [82.2518616253698, 155.64138537577156, 279.8636286703846, 222.64787954854276, 234.88733320787082, 34.11483890400988, 311.9353785340629, 413.55448468734056, 178.9163783934948], "[60]": [2202.9164285058005, Infinity, 6178.7742931779685, 1483.9810648404934, 835.1632228511043, 779.9041341953098, 2872.046410390933, 746.0604199670961, 237.67788116249628], "[80]": [6535.510036993613, Infinity, 7032.227375620178, 975.3969869122582, 5173.627725826007, 1015.8623598868974, 5650.587026594349, 9628.203703030784, 22393.596259132046], "[100]": [403.8735331799075, Infinity, 11287.600148083171, 790.7349226739866, 1165.6268041719593, 1110.723740961353, 803.0728230436431, 11390.562853499448, 17213.752862192836], "[120]": [762.4177749548309, Infinity, 2153.260740529768, 484.1574765845495, 340.5578118711191, 276.76543417921084, 107.45935118314841, 121.98568406088604, 60.62964589857694], "[140]": [246.57117979691137, Infinity, 471.72864007060804, 249.10862705454255, 189.91625709132686, 198.88271077088473, 197.88883991622188, 663.1041372969809, 574.6734514144549], "[160]": [174.76200251321455, Infinity, 136.9252513661881, 86.28232210037035, 66.75264537909672, 78.30811595074998, 113.33092446013109, 444.5996023775572, 453.20626454841823], "[180]": [128.5775127258763, Infinity, 38.504881072345604, 32.58173140966548, 26.700080686132402, 31.47005318599333, 48.2640687039314, 350.29967427948003, 353.192670766873], "[200]": [122.08390612802013, Infinity, 8.308107514997145, 10.026028546818972, 8.451602599991032, 9.879109971958739, 15.197779524219781, 249.69987707874932, 271.57766735067986], "[220]": [121.77799035429113, Infinity, 4.861103945465897, 1.9840990835374541, 1.3002228345049365, 1.9652743071423457, 4.613086722593579, 261.920925638245, 268.96678075654614], "[240]": [114.7487120574109, Infinity, 0.464246948353194, 0.0003882549222119148, 0.0004284863828116839, 0.0026684677850479822, 0.025229987217265822, 207.04953470505066, 213.98267866722654], "[260]": [105.35622241981096, Infinity, 1.0, 0.9999640078485433, 0.999956969898774, 0.9996713490732931, 0.9950932506255643, 173.75945015963356, 178.56571685110114], "[280]": [100.16308844759497, Infinity, 1.0, 0.30116130450580714, 0.36950364114075, 0.3011960569520273, 0.018017514456396388, 151.2124590309656, 155.58411968935502]}