{"[20]": [6.425095478127559, 10.462460203849085, 6.736050965104962, 10.63117568401338, 31.378440794802902, 4.599150670486095, 8.425155621217513, Infinity, 3.673946578949972], "[40]": [96.49625560034201, 42.5679916885483, 120.19251593747258, 33.87105119301334, 129.80995915138632, 114.37167477438042, 935.6080289156881, 43.54243455932413, 45.28645081705167], "[60]": [13.185258579779555, Infinity, 594.411960193385, 399.6692281450263, 125.07098525739703, 65.79570124434454, 539975.4589040445, 478.2517286443114, 582.923072516646], "[80]": [30.7824866198674, Infinity, 616.720526922652, 1204.8437439774418, 350.6429023604224, 497.7069202997777, 232.04300961905318, 5855.801110649882, 814.4933882721807], "[100]": [459.90365315436304, Infinity, 751.0413262967558, 2146.959133571577, 528.6116813511521, 969.7245711234516, 312.39800357277034, 131.67678196749029, 132.8240172224519], "[120]": [230.3236690121844, Infinity, 506.10705580878147, 2596.3257092390095, 321.45550789859453, 959.7202781625865, 442.9287564879629, 118.46518992918521, 78.08334608567954], "[140]": [365.29786735140266, Infinity, 7772.813908894044, 10727.76928408011, 6473.929802380341, 10112.607834755268, 5286.157488801633, 3815.7510651019074, 3738.6163275617114], "[160]": [816.8281751568999, Infinity, 3771.198446307611, 3473.7809397492088, 6941.177526494191, 3142.9628554780893, 6045.32203675795, 2057.724219591167, 1920.2927598730528], "[180]": [242.48302960625784, Infinity, 4763.169540026804, Infinity, 1770.6020492614357, 1649.5726001833887, 3877.8779457167307, 2607.061651563847, 2004.6699200017763], "[200]": [103.47521102960148, Infinity, 1225.0749169979201, 172.53520513422743, 425.1110010727843, 466.0649144586253, 1686.721437762299, 870.4345697753657, 731.6253583713587], "[220]": [86.57249320675129, Infinity, 305.34118249026784, 50.2586698725866, 72.30438498892515, 97.34546919053854, 409.8773810559053, 57.419028828149926, 54.72155710471292], "[240]": [82.237457718554, Infinity, 124.9266050737233, 11.876431702984513, 33.41337997877665, 32.232249053001055, 105.6322857178264, 148.55993126823532, 151.76939688526937], "[260]": [67.39961992771104, Infinity, 23.20276525811412, 4.9322439057636505, 15.08865257243438, 18.151190547153004, 31.687794576050923, 99.94638567290067, 100.83177641090975], "[280]": [60.78885432006471, Infinity, 6.321069578180214, 1.7845265607674947, 5.022942668879505, 5.925988933899165, 8.843644451470409, 100.0066395699315, 101.20311411980967]}