{"[20]": [10.0, 9.86103575116683, 10.0, 9.999999360263569, 9.999989870788562, 10.0, 9.99999999969174, Infinity, 10.0], "[40]": [120.59409124307689, 150.75852594576526, 128.14285714285714, 105.67480171525258, 140.37135865084838, 126.65753691421283, 135.23428864084323, Infinity, 1.8249933560976785], "[60]": [217.66704473834704, 1.6870674723223562e+18, 887.7142857142858, 891.3188242867274, 920.8427081089416, 307.4821276084947, 315.21907982987295, 1164058.1508976223, 577.0171055737728], "[80]": [210.98086850177356, 3.729403789879908e+27, 824.0, 1363.1885209629675, 439.0205886774595, 605.1498694545637, 427.1519891429575, 10653.55863322513, 11382.768713361878], "[100]": [756.594851480942, 2.647552091869952e+35, 1128.7142857142858, 2562.7513097774913, 841.9468895971195, 1319.3168140800226, 238.7599398774537, 3660.0688370583994, 3059.2477781302105], "[120]": [574.2797021737024, 8.308450134770628e+38, 1800.8571428571427, 4042.1300324858366, 1526.6098864980127, 2344.285504805061, 811.4945410836608, 374.4855685660186, 354.6360906113068], "[140]": [21475.63173413627, 4.976266294395922e+53, 23234.142857142855, 26401.10587156559, 21958.315874028638, 24593.980461382773, 21055.013779339817, 15605.904734214724, 14877.509688656086], "[160]": [22238.26366527313, 2.135402919236706e+62, 16203.0, Infinity, 12643.870918368339, 3241.5048365152325, 44307.2633317563, 8612.170564741442, 5994.25661262287], "[180]": [7268.081977298929, 3.104745092395459e+70, 30552.142857142855, Infinity, 30688.89901500856, 28184.656530727807, 28273.252137607124, 8069.984486640678, 7576.114712529379], "[200]": [3711.334446512108, 2.1119689227880706e+80, 10342.857142857143, Infinity, 5377.444249326381, 7405.1021604931975, 7755.545098479031, 3043.556922321415, 7057.832261045056], "[220]": [813.0063540968331, 1.776360035683665e+88, 2229.8571428571427, Infinity, 1017.7841305158408, 2166.340885796639, 2324.067550433688, 1407.0572929181671, 1260.5277281396584], "[240]": [474.8036859538224, 1.0427345148083256e+97, 743.0, Infinity, 371.0275932232835, 774.7359732862537, 836.4835577579559, 624.7626516891112, 608.7698834182765], "[260]": [814.6598579842448, 4.2491225503989994e+105, 158.14285714285714, Infinity, 89.24858269939608, 270.0732388676098, 296.47010968674215, 1313.2234467889045, 1293.3581280060403], "[280]": [429.001676645119, 1.6874702090631743e+114, 22.0, Infinity, 15.372926618291423, 80.87157902900915, 91.03242275799022, 812.3061345820106, 770.9251954030445]}