{"[20]": [1.2565359550919897, 3.487737069391241, 1.6476337050476033, 7.0849333282313145, 7.031703027251277, 0.5025458699135351, 8.5390664440262, Infinity, 3.460632561643398], "[40]": [18.157403006100857, 8162417.253112455, 65.00678930227858, 3.7581017056366806, 7.463265800555243, 11.73702195777871, 585.7120469120583, 67.92580127399683, 23.28433808957415], "[60]": [763.477370868025, Infinity, 1590.9845826942071, 296.6767953301641, 150.5909023868631, 128.8206025467185, 225431.09747915086, 1282.3924974718036, 291.30393037119796], "[80]": [1131.635736115576, Infinity, 1778.7753092876446, 542.0073006974968, 833.3108874810944, 210.83737675152213, 11880.70626502003, 18392.723088777828, 8169.604940665712], "[100]": [342.31792838409314, Infinity, 2808.644531400172, 258.15579093064446, 179.66837161312145, 270.6009468232053, 216.43961570955634, 969.5139306952885, 3946.221234642508], "[120]": [94.15942308384983, Infinity, 529.1641583678971, 137.3263371240928, 130.1895941382516, 113.80119773834451, 58.765238852506094, 209.49383143177897, 72.9304766586998], "[140]": [113.86568463838769, Infinity, 121.11274259065199, 86.1726940714344, 76.87944076364421, 76.6609120608034, 63.20321424689504, 263.2947314834384, 252.64874236824883], "[160]": [41.62314284750319, Infinity, 27.958774768683888, 45.260163439894065, 41.71005258517959, 43.45784164990652, 49.91576885206801, 56.75588505805813, 70.32136211664998], "[180]": [42.40047685637801, Infinity, 15.525473623324867, 14.73163552633575, 13.055939153621157, 14.445399824109694, 23.26368242255599, 106.76170977334728, 119.4448110723807], "[200]": [35.65251273716303, Infinity, 4.553886838843617, 2.651390333180118, 2.218817297933144, 2.608582042151464, 5.196280777215722, 77.51549237579273, 84.89939103153984], "[220]": [34.295484385436325, Infinity, 0.3244931273439818, 3.490170609310255, 3.2924375607498892, 3.4839773584997227, 4.842330704894763, 72.33393632288691, 74.99606014918096], "[240]": [28.310252454040164, Infinity, 3.032909812001301, 0.9039275370607759, 1.0227396008403702, 0.904768467619655, 0.03262477517539222, 52.80799456030726, 55.554356537414286], "[260]": [27.66470339892754, Infinity, 0.0, 5.1053271898239066e-05, 4.357781486853604e-05, 0.00016853086884599636, 0.0013123371638068823, 51.476361795400564, 53.32515095885628], "[280]": [25.671574852752627, Infinity, 0.0, 5.749377694778852e-06, 4.892831650099426e-06, 2.194364308747339e-05, 0.00021911130509781452, 44.46776338149835, 45.79560069426533]}