{"[20]": [38.09509058355069, 772.9864000985432, 38.62953075437192, 173.28636179138476, 111.69954016253587, 40.33553430462428, 25.31764577743911, Infinity, 26.49100085688135], "[40]": [334.80665173825156, 107.15583488196062, 454.69072205709904, 77.70026777752727, 492.7532884984573, 380.9146068966843, 185.84215489956952, 575.2978883760213, 99.33515664185016], "[60]": [3861.6342553225163, Infinity, 6009.868155436936, 6020.9713830809105, 4272.066841197973, 1703.6119561495505, 1009.9186398261654, 1357.8203481437756, 191.4263229903649], "[80]": [301.21739857539046, Infinity, 18281.20123931999, 2087.149481073022, 1834.634551543563, 1861.5053134012796, 45577.15189454355, 4688.074418114569, 354.41787159272417], "[100]": [570.7069053110955, Infinity, 13801.05526959806, 97.1596341573822, 101.69010398377083, 6748.235201279987, 1209.8296438104385, 178960.59909631507, 135634.45372288665], "[120]": [2508.5423169365295, Infinity, 8185.32362705268, 810.2706188610379, 196.0158912619634, 24.733983901451857, 303.29765442283616, 36821.06761647715, 38398.946380880174], "[140]": [763.4061991814847, Infinity, 1758.6648344249002, 550.6040837294879, 308.1854135945013, 241.09555383365387, 315.105589917818, 1742.5663112367715, 1865.185160761045], "[160]": [331.68981861631664, Infinity, 427.4351545471935, 292.2165986566141, 202.7243085426636, 211.90110515413764, 201.45621745868246, 771.843482773126, 889.8734958875904], "[180]": [339.49650094828274, Infinity, 134.64891096495276, 162.36158827314782, 123.3736092318112, 145.03758735422227, 122.0799804657906, 1234.6481218056692, 1289.2014471011007], "[200]": [315.09619576141375, Infinity, 71.17204646930696, 92.11947666571803, 70.40415020569105, 88.67127890255986, 69.50249549450363, 1033.4657790283395, 1037.8222494517195], "[220]": [275.9956804643279, Infinity, 14.930910511890552, 73.66639389337836, 60.896812469296776, 73.00416807781559, 60.335466332175685, 1092.9871017647413, 1124.4121942579352], "[240]": [234.6955448471117, Infinity, 2.283673902093791, 72.57274436212165, 63.05822947419554, 72.44796032206425, 62.63363522500004, 686.9995961084713, 699.6455795611913], "[260]": [157.42531476169725, Infinity, 5.989278532159808, 78.35588517564096, 68.45020741814214, 78.33263300442587, 68.00679866117491, 424.1573954477796, 445.0459989829952], "[280]": [252.14133255668446, Infinity, 1.4042013327825358, 77.6882939440943, 66.60958779978459, 77.6839908488446, 66.11342297496394, 474.90914175187567, 490.6468666991805]}