{"[20]": [Infinity, Infinity, 6.834510302358468, 0.3865251878240162, 91.67386415205596], "[40]": [Infinity, 13.08823273683837, 82.41448174608198, 53.91239383041178, 92.76660750822278], "[60]": [209.03300434700606, 12.245822236861802, 483.26128346154155, 837.717212228167, 143.3306578098916], "[80]": [24.801120468989485, 34.395126162366495, 373.9714134820569, 1323.76514044636, 97.3391805926819], "[100]": [27.75500033785095, Infinity, 491.89185413901663, 2030.226081484147, 119.53806189855969], "[120]": [16.848363899959946, Infinity, 625.847116428553, 3044.900119193615, 143.41776138602506], "[140]": [107.9222939775652, 2360.684873109104, 15019.990621092893, 21357.22374329887, 5674.510168799756], "[160]": [217.44097595547325, Infinity, 3626.471836321939, 34178.22567195666, 39582175.04476322], "[180]": [2683.3955129372835, Infinity, 15111.58176470429, 7179.457147102616, 1530678.0861485603], "[200]": [1024.721593827749, Infinity, 3914.431501645033, 2198.0382499023212, 464631816.9496176], "[220]": [169.61772254594652, Infinity, 730.5252424313978, 662.1395477241657, 31337.36566295083], "[240]": [112.2551933074709, Infinity, 262.4324967003955, 90.07777165017256, 22811.691562599593], "[260]": [112.2139694589038, Infinity, 34.336569454517374, 14.229854336333888, 3677.0847898985066], "[280]": [140.06550432078095, Infinity, 2.2730362220080815, 13539.47509500855, 16281520.666231785]}