{"[20]": [Infinity, 0.9985431594900871, 1.0, 0.9999987085353498, 0.9999851957270451, Infinity, 0.9999912063607439, Infinity, Infinity], "[40]": [22.27975622728467, 21191720.047853515, 26.608762892834, 6.801002739157709, 9.097662245911792, 11.089357029325454, 140.06099582870868, Infinity, 12.269333375036151], "[60]": [101.86309370885628, Infinity, 197.8138203706951, 188.0511291147922, 191.32064924181216, 134.23900104001717, 118197.2474898932, 1211.3380694022094, 26.336261374361474], "[80]": [420.83487133246996, Infinity, 1410.2651560113259, 1027.3686658325241, 215.50861283158648, 237.35315847836372, 329.74212574436126, 45.449830433900104, 4.973177080719037], "[100]": [976.1632293834624, Infinity, 7265.744289791503, 1971.3925673103183, 627.7030635573793, 569.9236056922495, 16892.42554068963, 2216.6428240366918, 2399.450300906406], "[120]": [1750.2160815668549, Infinity, 9435.21468133347, 10593.621513317115, 213.77122397545241, 843.6855221627173, 265.9825328527085, 86.01280506312392, 1659.4795654056593], "[140]": [142.56741687538064, Infinity, 8454.44626108921, Infinity, 3251.949351467072, 608.3877481070889, 828.2767559149764, 8774.324998522954, 8238.956792743575], "[160]": [566.7451250350861, Infinity, 6543.840982208164, Infinity, 1371.3982349975977, 38.5645922822094, 428.70795260166256, 2648.199824896836, 1494.9314805824877], "[180]": [180.04759507143305, Infinity, 2098.2781886966536, Infinity, 219.6654585314155, 9.708401386232344, 70.4141397676527, 392.9126495928459, 435.20408814046465], "[200]": [194.89901503893907, Infinity, 685.1520165164461, Infinity, 29.908588476368926, 57.59849207237757, 77.88464836143773, 9.048815700238276, 11.755061613232042], "[220]": [244.6975539561603, Infinity, 205.43064106860749, Infinity, 0.8520552846490537, 30.589375879991028, 35.325272005093765, 186.2813882184402, 180.3885765936688], "[240]": [185.88454130545816, Infinity, 65.02340481753886, Infinity, 2.4233039416289373, 7.551599397964007, 8.770373368489045, 61.10852710943701, 71.16792890307502], "[260]": [208.7271664143705, Infinity, 19.430662309510513, Infinity, 1.0680476919307205, 10.943976694656778, 7.466066672457903, 116.55698664199944, 117.50234245348415], "[280]": [168.56662005360587, Infinity, 5.553728224751637, Infinity, 1.9139721038745818, 3.9762072609684798, 3.4079736901322915, 91.30450690391615, 90.79789296999337]}