{"[20]": [Infinity, 1.6615804916722952, 3.0, 2.9999991742219647, 2.999986322904732, Infinity, 2.9999959716016313, Infinity, Infinity], "[40]": [3.335596967918006, 1926246862.4386191, 5.226433044159961, 30.934165462901063, 28.206092555258515, 5.239118652774072, 7.438465238302209, Infinity, 26.217982529188752], "[60]": [83.71732569567902, Infinity, 93.03122860545913, 84.40557002539522, 21.098272135245924, 18.725641648041368, 94.17499335568047, 35.39193405171122, 14.846573116389289], "[80]": [415.65504703378434, Infinity, 725.191312254785, 683.7878020039241, 660.1596822956092, 303.6238772111905, 335.0411139825531, 29.59842619780567, 1.4750330327369858], "[100]": [934.6330772367421, Infinity, 2859.6236884367795, 657.6943998443882, 531.1461869276932, 557.0156292197281, Infinity, 2384.182169949564, 2007.6104089322027], "[120]": [909.8718395919973, Infinity, 159.7496406794826, 304.21281382445824, 555.8064672314139, 46.2621606186391, 884.1042947565119, 13670.109375134924, 11836.047426226052], "[140]": [397.6879420823276, Infinity, 2491.4647971350423, 233.78573228679176, 195.8564001157889, 262.5415155480307, 192.12976883185857, 3994.440529774923, 1724.5041155811437], "[160]": [165.60342660236046, Infinity, 929.7647111918421, 50.99460011932165, 30.719249828820264, 54.10269947518007, 28.334720016267994, 846.0006344379959, 871.5052773558826], "[180]": [115.15970709486746, Infinity, 222.31871785116326, 29.85340718093242, 25.960633078163355, 30.52756214592346, 24.595299426866983, 70.04843743238786, 32.17443501123215], "[200]": [55.15073285126129, Infinity, 22.872442756396016, 10.522069236202453, 10.282473731836614, 9.860407621052232, 6.749089905500074, 112.23294425521358, 123.44162593366177], "[220]": [39.57368339289388, Infinity, 15.116877272565823, 2.9040297689626295, 3.263651572502542, 2.740187550983852, 2.5176934722799347, 140.74487460696645, 146.14182122242642], "[240]": [49.065855958232305, Infinity, 1.0728178895166016, 2.8713508529662857, 2.9920876968167454, 2.8316734648979893, 2.8205908628493055, 157.4364130533216, 160.663372799016], "[260]": [49.771435596384634, Infinity, 3.0, 0.5473557639931571, 0.7130183030491449, 0.5379628234675115, 0.7170700463050806, 137.00997941611024, 142.6886298860345], "[280]": [41.50918372909687, Infinity, 0.16469604875768665, 0.9680227289257574, 0.9625633495233643, 0.9658340684918449, 0.9487791080866171, 108.3337688918662, 110.89859548532037]}