{"[20]": [Infinity, Infinity, 4.928942373961688, 5.0683564397309935, 69.94408962986962], "[40]": [Infinity, Infinity, 37.748265330107515, 26.14723086821305, Infinity], "[60]": [75.29218473646692, 56.800153248802566, 72.8924347866912, 199.2779701775357, 88.49022932896987], "[80]": [14.95968374130785, 38.39621458978886, 1.9477972299467197, 209.23376036141707, 23.83136094556834], "[100]": [30.584168259976412, 2282.2114744386236, 53.669121089473485, 130.23672713460516, 21.425138959199785], "[120]": [10.126810503827942, 57.51999677131207, 0.9789782468571668, 140.17809611561245, 14.60036518580799], "[140]": [8.723157526660305, 645.1509300672989, 742.1755264066426, 1009.9337233492491, Infinity], "[160]": [472.5432642012365, Infinity, 4433.370354752279, 7035.005759741697, 835.4010709698523], "[180]": [1038.267284329236, 5102.454023190849, 1473.2025914912367, 3136.4523981474536, 884.0783903039024], "[200]": [25.675267334228135, Infinity, 2914.5347924477437, 659.305571649678, 9165066.882351203], "[220]": [59.23286214129654, Infinity, 560.8629695230352, 123.1818965912871, 42366.81122990556], "[240]": [24.512130616884814, Infinity, 113.07466899724461, 25.115016285687517, 21014.885812378536], "[260]": [22.59155100622785, Infinity, 13.193590842878237, 5.57908915768194, 2719.9405487898553], "[280]": [71.82866764998721, Infinity, 2.960602365145067, 2595.1508015109976, 2517.311845557336]}