{"[20]": [4.0, 48.88107285594636, 3.2857142857142856, 29.773370775167315, 26.10245929512746, 0.3362684723461262, 5.7737047442500025, Infinity, 3.047943843843072], "[40]": [100.25164243093218, 233.75137749645296, 102.42857142857143, 9.105062100563046, 9.141285028228992, 7.909883198279061, 7.879142697261997, 29.510604856370037, 40.78111251695731], "[60]": [1503.532592540872, 1.6870674602861394e+18, 2102.0, 1955.4648472686936, 1916.2213207419877, 1355.3524668062587, 1270.0193027612277, 3070.08162218927, 156.46443591163734], "[80]": [5615.915668641057, 3.729403789879908e+27, 15786.428571428572, 7417.1713615507215, 3462.442012131196, Infinity, Infinity, 925.980922681505, 4323.148215493886], "[100]": [3169.429547454587, 2.647552091869952e+35, 7541.5714285714275, 3972.631549802991, 6595.612293099606, 6661.85873259549, 6585.453918198578, 5771.863543634278, 122860.32754755097], "[120]": [2129.02539228169, 8.308450134770628e+38, 8465.42857142857, 538.3794759315051, 491.3910017967769, 786.414621430315, 716.7893613127085, 70881.77707315792, 55868.51235564761], "[140]": [809.8518350684799, 4.976266294395922e+53, 1598.1428571428573, 77.61465607960656, 98.31377278592595, 40.51185715610393, 27.83547136682614, 1699.661949852998, 114.83887254486694], "[160]": [635.5411523739758, 2.135402919236706e+62, 314.0, 70.53033292776834, 76.37934827329532, 62.0223313439232, 62.340552686372504, 835.4271532740304, 925.9645113588574], "[180]": [620.485894562622, 3.104745092395459e+70, 94.0, 6.82862791366453, 8.319407681752404, 5.162197521560605, 6.3598056364349524, 1107.919599770073, 1149.2563503542642], "[200]": [379.83267174038883, 2.1119689227880706e+80, 12.428571428571427, 3.8428843734565836, 4.1429259251413875, 3.5461960044100045, 3.838508885328502, 922.2572374183337, 907.4708882641362], "[220]": [340.15284304053694, 1.776360035683665e+88, 4.714285714285714, 0.4176375298161266, 0.34545607577035015, 0.467912907724736, 0.34288469334165333, 697.8503679767325, 706.3417558538682], "[240]": [273.5916474773967, 1.0427345148083256e+97, 0.0, 0.016259702072706498, 0.016168070783909725, 0.02451588824640244, 0.053893620303947655, 570.4443548219755, 573.2446770613155], "[260]": [251.07221579157613, 4.2491225503989994e+105, 0.0, 0.002191811850962081, 0.0021643909000915534, 0.0035159341641377785, 0.008529390194443423, 484.87872744956496, 490.95689074460984], "[280]": [227.40037929133086, 1.6874702090631743e+114, 0.0, 0.00029545669838630884, 0.0002897405475842539, 0.0005044207165544732, 0.0013496047532527012, 423.5126558964327, 428.3728082299697]}