{"[20]": [6.0, Infinity, 6.0, Infinity, Infinity], "[40]": [3.383853993715076, 1.4564677503970933, 0.5601996825976417, 1.5099183743426978, 86.30139527631374], "[60]": [3.996110719937451, 197779508.79273078, 4.164684614803237, 3.1286894663167573, 115.70617792402753], "[80]": [0.47227858386227217, 572198715.9732567, 0.49938427010029646, 3.798835069358552, 140.9620984480642], "[100]": [2.3267395332274177, 917853102.698616, 1.1862186372608987, 12.252908033679901, 236.15820955954527], "[120]": [19.624832906085505, 15.551278664536166, 25.299916025832317, 8.761616290637198, 707.9691527010897], "[140]": [7.976561779512114, 26.492916104313863, 8.272453375165414, 12.813829665242864, 1780.3988568250431], "[160]": [13.106849379195456, Infinity, 5.499554966325712, 9.410445971125295, 5310.514691121613], "[180]": [21.56985571851696, 31.639646410354434, 14.787949419958517, 66.56181106512047, Infinity], "[200]": [84.70434725988015, Infinity, 172.119702018341, 77.86341884598387, 60.95402726860061], "[220]": [50.87442957668315, Infinity, 340.7305637598327, 39.24446498639527, Infinity], "[240]": [2.261318587545704, Infinity, 895.4174932881018, 501.45618835369294, Infinity], "[260]": [308.36736215522444, Infinity, 1201.0726552506785, 1826.7339277413041, 490.70797561616945], "[280]": [235.05340380399716, Infinity, 45.601999465294895, 1245.342328369047, 510.12275310094685]}