{"[20]": [0.0, Infinity, 0.0, Infinity, Infinity], "[40]": [1.6896481762670925, 40.910224294607175, 4.205927553045351, 2.406346192926897, 16.929266494919638], "[60]": [3.197932451560852, 12.473552026668932, 1.9307784260904115, 3.1961806479175783, 140.8021536856901], "[80]": [9.882871352793723, 32.598677829823465, 12.692500216621674, 8.721272548033042, Infinity], "[100]": [2.1832564380149457, 10.72709986089129, 51.36388549360339, 14.098312057691222, Infinity], "[120]": [8.592179189757122, 211.5861577595039, 201.1722558706035, 81.22328471889952, Infinity], "[140]": [109.35249295377466, 17.077626101900677, 516.9110906275239, 438.92638272428997, Infinity], "[160]": [137.77825586584538, 34.59871055302034, 250.35098009427352, 626.5109219824046, Infinity], "[180]": [85.74759875885675, 55.49512835512084, 111.14236028993415, 29.017856428224604, 185.64822045290316], "[200]": [97.20728993250968, Infinity, 197.21630970592034, 1167.7955620928421, 190.73022034019675], "[220]": [110.80622172451511, Infinity, 287.1138597651487, 2682.20726984927, 156.39819932885453], "[240]": [53.51404953628366, Infinity, 218.06718874535983, 1903.435280503565, 99.25608517312159], "[260]": [15.874645717670052, Infinity, 145.90261692976597, 984.6894422664983, 48.654140366402714], "[280]": [11.965526792610094, Infinity, 99.4784968607628, 714.403282844234, Infinity]}