{"[20]": [1.0, Infinity, 1.0, Infinity, Infinity], "[40]": [0.04748489580988924, 0.4070389218525987, 0.0, 0.6806513004205212, 0.14147625156058008], "[60]": [0.4472653317744806, 43865570.668542, 0.7142857142857142, 0.48490502816386893, 1.1284037019021076], "[80]": [0.49680173257033966, 181.54172890542648, 0.5714285714285714, 0.0, 0.0], "[100]": [0.17704025601218984, 1591284056111.4143, 0.0, 0.0, 0.0], "[120]": [0.12919501381449552, 4533002628445.679, 0.0, 0.0, 0.0], "[140]": [0.11440789133470394, 1.2200790716956115e+41, 0.0, 0.0, 0.0], "[160]": [0.08552031365399358, 4.092828541051046e+48, 0.0, 0.0, 0.0], "[180]": [0.03486450274885865, 4.540496743216101e+63, 0.0, 0.0, 0.0], "[200]": [0.014248432244043402, 1.3226422966952824e+69, 0.0, 0.0, 0.0], "[220]": [0.003951192327072223, 1.205699435141411e+68, 0.0, 0.0, 0.0], "[240]": [0.0015378023515320582, 9.148505362091683e+81, 0.0, 0.0, 0.0], "[260]": [0.03449986881863749, 6.084434970324289e+96, 0.0, 0.0, 0.0], "[280]": [0.034055700510318976, 7.804459417317628e+105, 0.0, 0.0, 0.0]}