{"[20]": [17.921479729868793, 17.340631027880136, 18.285714285714285, 18.251386067775325, 18.75753697757295, 18.262023589336962, 18.757539559185016, 18.0078125, 18.324343635583972], "[40]": [318.90230452470485, 15.220982043591277, 375.57142857142856, 31.545809895987873, 395.68593004043845, 328.3450689139062, 343.56625600421614, 210693024.61294097, 119.43874518959404], "[60]": [4787.587342219522, 1.6870671981639667e+18, 6934.428571428572, 6331.3829856779685, 4360.899713454179, 4217.739843348621, 4361.159517961134, 4271.011423055052, 555.7085828392819], "[80]": [7693.409873093442, 3.729403789879908e+27, 10983.142857142857, 3550.3845704276937, 11175.647233423813, 3601.5255555516123, 2500.1244351711102, 303010.66564425884, 221027.3838992958], "[100]": [2038.2727408456412, 2.647552091869952e+35, 13641.0, 835.0428281361892, 778.8766244500603, 1512.1000626175755, 1419.1766371805134, 21362.18676965149, 97680.22417348971], "[120]": [146.6157233970198, 8.308450134770628e+38, 3814.857142857143, 161.70802129062247, 203.7347642539322, 106.27751282256418, 14.638468436841777, 1956.3674882862556, 3937.004592909279], "[140]": [734.5562505613989, 4.976266294395922e+53, 710.4285714285714, 91.98934870442062, 96.49178398202403, 77.05677352162161, 52.61692052096507, 1645.6379003197214, 1669.2255337683757], "[160]": [768.728291038934, 2.135402919236706e+62, 131.28571428571428, 23.75729724579064, 24.4694528037923, 20.97590398183156, 15.72965405130843, 1478.3482726043308, 1596.4060499342418], "[180]": [466.40015993221823, 3.104745092395459e+70, 25.57142857142857, 11.13651403905831, 11.355625150916701, 10.702458990791598, 10.897672402844279, 975.4919806036484, 989.7925248625448], "[200]": [466.59375417978526, 2.1119689227880706e+80, 8.571428571428571, 1.3532989988038153, 1.395364207202884, 1.2896258771837907, 1.3843891284665713, 931.4718604319809, 952.6420200713171], "[220]": [401.0763900543916, 1.776360035683665e+88, 0.5714285714285714, 0.9113124660355423, 0.9173582941986383, 0.9023150949182827, 0.9078034730012678, 709.5281126724411, 734.7912682866802], "[240]": [346.93308052506654, 1.0427345148083256e+97, 0.7142857142857143, 0.0016413243831172185, 0.0016377641790148547, 0.0028804546191343377, 0.013722958703990415, 609.3026882041547, 616.419951038968], "[260]": [310.39114267113064, 4.2491225503989994e+105, 0.7142857142857143, 0.07444091534299493, 0.0683951726424062, 0.07460837663107084, 0.002652550119034072, 525.4164058803619, 531.3113786956167], "[280]": [293.6984849668456, 1.6874702090631743e+114, 0.0, 2.122529584006626e-05, 2.10899255012373e-05, 4.3532231130919724e-05, 0.00030797657637160345, 468.4206029622495, 475.4508824822745]}