{"[20]": [Infinity, Infinity, 7.7739769619283585, 2.759746740714456, 103.83649362438199], "[40]": [Infinity, 15433.019830583284, 49.140778906943225, 17.1789141395378, Infinity], "[60]": [2.3773433317280985, 36.6488122805629, 186.04631800334792, 365.3684487532635, 72.25728470836235], "[80]": [4.8332009377204805, 99.66759417586775, 8.204796123762927, 411.4979315857868, 24.789292759039608], "[100]": [7.740066181708007, 15767.475953578343, 6.417902305616467, 346.17033751251563, 16.217216676063767], "[120]": [5.356809142551818, Infinity, 40.164967137151386, 277.69260458895917, 12.342522067210458], "[140]": [71.64003733954186, 1540.7576493803278, 1248.9546356073824, 1729.188002715997, 258.9419347831322], "[160]": [104.9107002652318, 3398.8819379759366, 8639.983009878939, 13368.548621537799, 24974492.98220938], "[180]": [401.99408198188974, Infinity, 1050.6845471297345, 3816.594852466948, 22877776894.97648], "[200]": [783.4497353573651, Infinity, 6163.449091106217, 1247.8833427665484, 26865582.268153828], "[220]": [88.29515129787778, Infinity, 1403.9799114160337, 283.4493392421734, 89147.23671041118], "[240]": [41.63030675103262, Infinity, 294.13179619280606, 67.70198479349709, 3581150.428451445], "[260]": [42.103346784675594, Infinity, 31.166988106914324, 6.447522838127993, 599724.7713126626], "[280]": [44.4015125679376, Infinity, 3.55902245462032, 9947.250319002767, 2986429.4658616055]}