{"[20]": [2.0, 1.9998732810558355, 2.0, 1.9999989164443392, 1.9999886477992106, 2.0, 1.9999999965863111, Infinity, 2.0], "[40]": [38.80767577482146, 224436.7471647817, 31.285714285714285, 16.038373517749186, 15.249834399237777, 36.2522971770919, 38.018195771189184, Infinity, 93.01029885976894], "[60]": [252.1137062958668, 1538406344883514.5, 575.0, 369.0834548921286, 165.553731877348, 163.67709971353565, 161.47029420110096, 59.1416825304467, 30.70641814977978], "[80]": [514.9513160671013, 3.40077629912588e+24, 4107.571428571428, 173.7741207632307, 208.69396073137978, 15.976878190748721, Infinity, 1334.2668841662753, 4022.391234278586], "[100]": [407.12059952610434, 2.414254885475781e+32, 2862.5714285714284, 607.3395781951922, 497.9712399570408, 783.2510697532998, 704.2259242445343, 13392.266691164286, 13231.869077460298], "[120]": [351.9667763260063, 7.576325486168787e+35, 1553.1428571428573, 185.68404861060935, 123.1166309429043, 175.5949569701786, 193.88404891840446, 1138.8178722144326, 965.9349939535946], "[140]": [85.24452432265275, 4.537767621226321e+50, 239.0, 20.176691633978237, 12.647489078607805, 14.536608039455615, 33.4672187699, 240.37161843473075, 126.390640522549], "[160]": [73.35348329920407, 1.9472354461076123e+59, 29.714285714285715, 2.0489668151834834, 1.0126412450881652, 0.8985251980788327, 5.6503820312851225, 142.07840535010524, 149.19867180011323], "[180]": [60.45971082318374, 2.8311610852975855e+67, 5.571428571428571, 2.1418548765971868, 1.8480392186806518, 1.9420307766490068, 2.6278347660401336, 113.19076343078817, 115.82001648766366], "[200]": [37.850036812487815, 1.9258664884755883e+77, 0.0, 0.17449156341963626, 0.23831998954888065, 0.14219437437839624, 0.4708327673982434, 53.90206301061281, 58.680500640988804], "[220]": [33.552153165495156, 1.6198306258292654e+85, 0.0, 0.02280706883095066, 0.03129019915832273, 0.01781102184201195, 0.0683384151326237, 54.52317001730945, 56.607545578692154], "[240]": [29.719397474797006, 9.5085081810186e+93, 0.0, 0.00298099171189804, 0.004108191923502195, 0.0022312332178015732, 0.00991895833419906, 45.41973560411347, 47.00412985413615], "[260]": [26.693703800907542, 3.8746981460246653e+102, 0.0, 0.0003896292694636566, 0.0005393773971031536, 0.0002794918480236201, 0.0014396780150639295, 38.92115596419675, 40.16701051314105], "[280]": [24.194060566041912, 1.5387735893052318e+111, 0.0, 5.0926322173335244e-05, 7.081588390988775e-05, 3.5011100963354235e-05, 0.00020895267579572945, 34.049369650371474, 35.055031926739716]}