{"[20]": [1.0, Infinity, 1.0, Infinity, Infinity], "[40]": [3.580203123336161, 9.36206220951377, 6.857142857142858, 3.3577250924959534, 1.963487126127415], "[60]": [8.030361726129996, 17.107977384914022, 59.57142857142857, 16.90336827871124, 53.729987471709144], "[80]": [15.670267300262822, 3.3640523104149114e+17, 690.4285714285714, 158.49310553634814, 83.79275710305217], "[100]": [624.045484309333, 2702.396241456614, 3617.285714285714, 2066.9839316372404, 340.545952617098], "[120]": [2563.1395311092415, 8902.503668652036, 437.2857142857147, 4357.505717171406, Infinity], "[140]": [1006.9335691418271, 4.1028102019844276e+20, 2932.4285714285716, 916.314913392044, 502.3810122769146], "[160]": [17.530219646696423, 5.7421842422294634e+23, 811.8571428571429, 4089.657535881279, 62.52232260986199], "[180]": [195.59981050314232, 3.1467003917692663e+24, 134.0, 4029.041287660212, 13.823858606892774], "[200]": [94.30938723755918, 1.3880666478996436e+21, 10.428571428571429, 3965.1945451687156, 0.17887875022575006], "[220]": [41.15180779307321, 4.1544027546928224e+36, 2.5714285714285716, 4042.29116626436, Infinity], "[240]": [28.35276440833625, 1.9162217776599772e+34, 0.0, 0.0, 0.0], "[260]": [42.832773657795876, 4.0907700239717934e+55, 0.0, 0.0, Infinity], "[280]": [77.64191508645291, 3.32111691895547e+82, 0.0, 0.0, Infinity]}