{"[20]": [13.16968964861042, 16630.771587696847, 12.838361499546712, 4.605997686092914, 52.629069850160114, 11.885112359753498, 604.2641198045123, Infinity, 345.153477027127], "[40]": [132.93933213155606, 983.9779510194995, 169.98520155575486, 15.013368815310118, 180.78740608019325, 14.066741589886387, 54.24306080735123, 808.8816789849702, 61.948258214302165], "[60]": [840.2897741484364, Infinity, 1515.3268880608327, 1617.6340483356075, 1175.196348696017, 928.4051040305932, 466.65088626591677, 649195.8637929152, 386.481152855703], "[80]": [5280.926152003687, Infinity, 11681.445046080355, 9352.396222796468, 2256.0763103907016, 2321.0196524471553, 1942.9498893508267, 2390.9024056691937, 1971.665414118112], "[100]": [979.3898840622778, Infinity, 25822.02062327151, 19685.000848742042, 2965.0330034556073, 110.30940160125252, 2273.8044681998626, 29946.577296560103, 31757.90216330594], "[120]": [778.2982746754752, Infinity, 17099.163709871344, Infinity, 9598.785085301133, 1536.3058666055763, 1873.0907711177956, 67622.52973007353, 56430.51675029417], "[140]": [2264.2571783580706, Infinity, 15502.930908624658, Infinity, 2730.2065363723805, 597.5827061860765, 524.5262745242832, 33561.600847988084, 29600.275193450274], "[160]": [652.5204849831279, Infinity, 4109.454953485635, Infinity, 304.4816886956498, 173.14722339888831, 170.88217908085863, 494.1230301501517, 547.4187821275509], "[180]": [648.0243855967178, Infinity, 962.3427457160159, Infinity, 5.236991581872125, 155.0971848684347, 150.8844618561237, 1656.2747061141347, 1764.940712204439], "[200]": [450.2352722403973, Infinity, 241.5623011747155, Infinity, 42.52545190529459, 97.98923981419223, 97.41221039418872, 1406.8432139059942, 1454.3282935386853], "[220]": [391.00805941818913, Infinity, 92.91957068149779, Infinity, 6.721870736669783, 32.48180724370688, 33.109256417875024, 1001.1129352697968, 1001.7827211293362], "[240]": [348.4643262700775, Infinity, 20.754629315472442, Infinity, 10.041864316771575, 18.707161864871626, 19.023171911048664, 775.7610096947502, 775.5100764452076], "[260]": [336.0333558481202, Infinity, 4.599572849538953, Infinity, 6.115923623563716, 9.466972454176679, 9.626577827410784, 724.4111973211648, 722.9852042703104], "[280]": [305.8856877536731, Infinity, 2.4560351444008703, Infinity, 3.4279754800041276, 5.325137711813892, 5.4336994635972715, 593.527509370914, 598.3873513332358]}