{"[20]": [15.344993702516843, Infinity, 17.37990709978136, 11.441616651945544, 8.339417778482971, 14.288936604424805, 38.22362483977076, 56.444298463698715, 15.221764666703798], "[40]": [161.2724079819107, 11.658666393947378, 328.6824607661724, 330.3110356103656, 338.70451794717656, 133.75841611930835, 86.09161545965272, 22.612282219897363, 10.098122069879128], "[60]": [2593.5275275666513, Infinity, 7132.919183844908, 3409.166988733441, 812.0892020907119, 711.2750047956733, 2278.4380331612406, 341.07540954025694, 828.7465859456462], "[80]": [6861.674394849898, Infinity, 10458.86125917479, 3188.492085851801, 2934.588373735903, 86.87224115804295, 1076.2995376714423, 62984.11325315111, 20239.069848061386], "[100]": [774.03526851689, Infinity, 14385.934881985311, 1058.7181521371008, 1822.7712852018803, 1583.8946085167554, 1591.641566542055, 72032.5038100714, 48713.55665809803], "[120]": [399.7050227704049, Infinity, 3152.5463145040703, 463.5206672533992, 125.77027305607952, 71.32802188191314, 73.19144481551002, 2171.0324416494864, 1719.561617301609], "[140]": [172.8918925293894, Infinity, 599.9237139822509, 180.69028188822523, 86.89489772360893, 87.51370736893523, 77.62024973724776, 132.67291813961035, 11.747528252097561], "[160]": [122.8985266381379, Infinity, 114.20678456777398, 51.75688661166734, 30.39809179569613, 36.442445744138816, 35.91279001008304, 383.78612548839135, 409.255614110804], "[180]": [147.08394321251453, Infinity, 37.42680533258524, 2.8902630632204165, 2.370595807403082, 0.6635460684670743, 1.2606405330866657, 461.77061734864384, 456.98151239394184], "[200]": [107.15347901531298, Infinity, 2.0243085952879416, 3.436340348400353, 2.8817376349608317, 3.129417488579343, 3.1272319838614497, 278.1800169473805, 287.6900058351654], "[220]": [99.37755110666357, Infinity, 0.9274318347572763, 4.091398075965209, 3.756370604522364, 4.05033455173005, 4.1424174348455045, 214.98940963270704, 220.12314867702884], "[240]": [93.03765925370882, Infinity, 0.4814287242391353, 4.493754722142249, 3.9351763949439857, 4.488360583241529, 4.68857941572334, 175.38058359680613, 178.1977165960836], "[260]": [93.14285595673685, Infinity, 0.15227164921190192, 0.6988015268353436, 0.5870849951650964, 0.6981012564920362, 0.7383921812393303, 173.5218608205719, 174.93710810196362], "[280]": [87.11761464042488, Infinity, 0.0, 2.154351817604014e-06, 3.870180851540101e-06, 9.281028930304743e-05, 0.0001779760111260539, 149.1693838076343, 150.13012922075146]}