{"[20]": [4.921621689863506, 2.173291326585087, 4.0, 3.238078354267479, 0.607616058131323, 1.6948704032662922, 0.2549947828083097, Infinity, 4.020107336990707], "[40]": [77.7015678179492, 2836762974.6685257, 84.71428571428571, 138.10645327968896, 140.21527019339595, 166.13553255061834, 165.64673166624834, 183.55781933290046, 265.54990574612907], "[60]": [724.9943721735963, 1.687067479009144e+18, 1163.857142857143, 1052.092629415267, 2.984579417625582, 37.22409740131343, 52.28298994808392, 422.06021525766346, 377.55568059070333], "[80]": [1501.1565482210399, 3.729403789879908e+27, 5027.571428571428, 2404.567350089137, 748.6108402546361, 600.9358106004738, 769.0356567146691, 7361.726988378417, 6878.871007323476], "[100]": [863.2935822226727, 2.647552091869952e+35, 2672.5714285714284, 122.77267394714636, 892.6730590934831, 250.7711992716013, 115.25136999833558, 68684.72480107605, 50587.640596750374], "[120]": [650.1729627974373, 8.308450134770628e+38, 2834.8571428571427, 30.294143391919533, 25.12008814283604, 92.62443922091029, 31.229047731033006, 20595.89966742009, 14987.180100756788], "[140]": [100.85138847148323, 4.976266294395922e+53, 628.5714285714286, 94.45783329596381, 74.16362123149818, 67.31551619402023, 81.35010194149464, 386.47712249735685, 351.5781306778582], "[160]": [500.7812096539942, 2.135402919236706e+62, 138.28571428571428, 71.3347492501336, 61.40341859511187, 61.63148484847174, 61.220143157069266, 636.2689632058455, 658.0755553032503], "[180]": [417.75562229299203, 3.104745092395459e+70, 53.14285714285714, 33.536172826774056, 29.10569964473597, 31.280935915513723, 28.756690224283847, 231.13227967344062, 245.11068537286394], "[200]": [424.53530191766686, 2.1119689227880706e+80, 5.0, 33.337898357688026, 30.60094037771103, 32.883579707832716, 30.3199427238428, 394.6414529814525, 379.5669825296287], "[220]": [331.9815787757416, 1.776360035683665e+88, 11.857142857142854, 22.344320735611273, 20.12021653708171, 22.257464635988516, 19.874116749265188, 183.36320666368195, 201.64823789122175], "[240]": [351.24358904811425, 1.0427345148083256e+97, 4.714285714285715, 17.209734073997247, 15.678762565321165, 17.193625781698938, 15.506861913250479, 241.53343658348916, 239.77347859392887], "[260]": [263.99885313339746, 4.2491225503989994e+105, 5.714285714285715, 24.439486688776455, 23.09868991155729, 24.43655967183291, 22.947469157266042, 121.16249880968334, 132.6220604107765], "[280]": [269.24423648482673, 1.6874702090631743e+114, 10.571428571428573, 35.14347457616624, 33.54701622526548, 35.14295052577518, 33.36681957514836, 142.89304150643187, 139.8126607436325]}