{"[20]": [1.0, 0.8610357511668286, 1.0, 0.9999993602635682, 0.9999898707885619, 1.0, 0.9999999996917399, Infinity, 1.0], "[40]": [6.739235000173931, 1989425833.8280761, 6.0, 1.0930152189360864, 1.9054183938339708, 6.799743220192454, 6.612415024622391, Infinity, 6.000229208576881], "[60]": [20.61714573090828, 1.6870675712868388e+18, 22.714285714285715, 26.585758431295652, 27.488201282523086, 25.33721177431735, 26.37976433949894, 5.433593750000064, 5.595389347085373], "[80]": [228.78600925312008, 3.729403789879908e+27, 236.14285714285714, 244.36045962712984, 247.14439087429727, 211.17312663506178, 214.26681816278222, 134.5528892747946, 134.93548812495007], "[100]": [962.1098964062821, 2.647552091869952e+35, 1870.2857142857142, 1128.7631040528922, Infinity, Infinity, Infinity, 1754.8953566405585, 1653.6483411980344], "[120]": [667.8686564295404, 8.308450134770628e+38, 2920.5714285714284, 102.47058637229657, 1483.2162291877003, 745.118482202829, Infinity, 4479.326047621658, 3158.541285750456], "[140]": [1184.1836252052199, 4.976266294395922e+53, 2786.2857142857147, 1396.5426297014174, 1543.450444273315, 1708.9049993515537, 1692.4085083642285, 25.296824311696582, 3573.9926593780256], "[160]": [1.4735891859311323, 2.135402919236706e+62, 1789.4285714285716, 462.7558629756527, 458.5033632996069, 519.4266076831798, 537.0235353600631, 5179.200705895411, 5061.584214370733], "[180]": [227.11880876532405, 3.104745092395459e+70, 378.57142857142856, 142.69599173843784, 149.61132256933288, 153.02104338657546, 172.2495708467614, 238.80200661309487, 162.4810055401071], "[200]": [103.15174949668994, 2.1119689227880706e+80, 56.14285714285714, 38.929700836389685, 42.71451594447926, 41.82798570781072, 50.407291720993804, 120.64005821344222, 142.42032887662393], "[220]": [80.50259917284393, 1.776360035683665e+88, 8.142857142857142, 10.777699303419809, 12.057144959325084, 11.661801375801584, 14.528030054576256, 147.77973695640418, 159.2970007976148], "[240]": [85.17863172663101, 1.0427345148083256e+97, 0.0, 2.335418814550456, 2.705179674186859, 2.5918161237816535, 3.43889540224607, 143.58659887920703, 148.54609412598776], "[260]": [77.10575317175653, 4.2491225503989994e+105, 0.0, 0.5238539179688524, 0.611196296528973, 0.5948142423314869, 0.8144211546839252, 121.14336803602284, 124.69029737855396], "[280]": [69.81559186197137, 1.6874702090631743e+114, 0.0, 0.11749042535296542, 0.13807137423954446, 0.1364788961591716, 0.19286533029117184, 104.89364763646739, 107.73567376669466]}