{"[20]": [3.319090120387584, 2.5759637455935263, 3.7489725430382435, 2.9610133328301926, 2.8210391059023547, 5.058096759344798, 14.09095320649327, 0.5428111718568353, 0.27340389961854866], "[40]": [17.460875285282064, 24.684171378019386, 25.329633383352718, 1.3937150169704025, 24.82619558970921, 1.5972330971988469, Infinity, 9.499593028434086, 4.0707096092490955], "[60]": [53.78617045807277, Infinity, 90.80209168639718, 76.03032105431565, 58.72957858317674, 78.13364723247672, 123.22730080237065, 300.25510903705316, 119.57565535779572], "[80]": [13.419937414401904, Infinity, 5.676761297230734, 141.2859912774621, 1.4836495862289274, 3.9811328606720275, 5.875153464708616, 80.07922809768688, 258.17863458448454], "[100]": [7.1643918061653515, Infinity, 23.353152342937893, 207.74982981845338, 17.60495502785728, 24.783149188083044, 20.58753574448747, 51.354331257687946, 15.714822655529131], "[120]": [18.220072466866753, Infinity, 1.3827220979849972, 214.00198263430715, 9.334478989012371, 16.572239783291984, 9.252668464362406, 11.945176693085214, 11.919254409935206], "[140]": [646.1636601247716, Infinity, 1346.5766305173477, 1696.5812349429534, 1230.0841107939666, 1524.281859031998, 1204.0589612924675, 97.62714082304879, 95.5897890346025], "[160]": [64.63471782801393, Infinity, 6340.1368355917975, 3586.472991694098, 1851.6244203590352, 2411.13195229704, Infinity, 2063.409217324, 2165.422751690944], "[180]": [96.09090920986208, Infinity, 3753.5398593487967, Infinity, 6417.616843621544, 4760.360013869702, 12569.835128018643, 1185.4404260978963, 1681.7358652243377], "[200]": [66.29627774296337, Infinity, 3344.793121631552, Infinity, 2652.4288202901093, 2198.771340853023, 43818.15652805572, 1639.4430544310705, 1656.742613826931], "[220]": [82.40504591346102, Infinity, 664.3636504233298, Infinity, 789.5905279578542, 749.1732506364706, 7769.830658047864, 46.53800914469356, 68.78723404203073], "[240]": [56.886028499183034, Infinity, 126.89656139633088, Infinity, 276.3134116705407, 276.3964110160945, 1845.4615745670146, 93.81789856951093, 93.45186932237525], "[260]": [49.159155938941915, Infinity, 17.17785892779532, Infinity, 93.02060758237864, 100.63657122380988, 536.5538742072268, 80.92383466182326, 80.02203014996786], "[280]": [38.63906564701859, Infinity, 0.4122353495846303, Infinity, 28.254250210916766, 33.82960942991118, 168.86844545699088, 60.62019238001305, 60.31974151312946]}