{"[20]": [Infinity, 9.402378807790233, 11.0, 10.999999174221966, 10.999986322904732, Infinity, 10.999995971601633, Infinity, Infinity], "[40]": [196.0365822545872, 18006648355.7818, 206.65614885295398, 33.507739605688464, 28.584306146676365, 77.37898898189508, 121.71852363485596, Infinity, 50.755073519029814], "[60]": [3400.2924841542263, Infinity, 4477.568318216672, 4112.081503336579, 2383.1010539564, 2339.1634517034086, 373773.3509125242, 491.6410810399727, 182.83103017128775], "[80]": [2987.980395687616, Infinity, 23754.37446437026, 6622.373140130761, 1463.5954033865582, 3687.5635872959456, Infinity, 36308.186211493135, 79105.11120226783], "[100]": [1252.9147096102733, Infinity, 16976.420314299776, 375.24354294084173, 6364.217893144044, 7153.091618655596, 9747.273188660674, 881997.6819807135, 549062.5757389702], "[120]": [2279.2574645465183, Infinity, 9014.375652082814, 117.36745450375585, 640.8706454623891, 763.8632442289633, 1136.8131050485542, 55819.04540110221, 29550.682423351307], "[140]": [1382.4452430909168, Infinity, 1450.2876209326932, 42.725648523611554, 9.67905024389142, 37.6389239871865, 128.65345553712473, 858.466505110575, 649.5952419486836], "[160]": [468.5517468664366, Infinity, 230.80571948925018, 23.818461192139324, 12.03267736154996, 5.7402607001897765, 16.681353916805374, 451.7184572234402, 598.5634218791653], "[180]": [478.2675375801496, Infinity, 34.53627226231681, 8.5276194661907, 6.647425391295328, 5.617447176240407, 2.970051335083492, 1637.5729052861577, 1642.221478631936], "[200]": [426.46675870862765, Infinity, 7.42027616843446, 0.8347415588209981, 0.4824030591603226, 0.3884773214905973, 0.3428918551986986, 1342.352538023424, 1360.3498181573696], "[220]": [380.93286690425697, Infinity, 1.0633432170151766, 0.1291410549867255, 0.16792279008486374, 0.19355951824928247, 0.1334369451035413, 1044.0160682824303, 1051.2444751739301], "[240]": [351.4363759257179, Infinity, 0.0, 0.006508130213092008, 0.007438167287823597, 0.015850339805303842, 0.0195485375990701, 857.9926237456417, 871.7332533325905], "[260]": [329.73556389044177, Infinity, 0.0, 0.0007715563742129815, 0.0008961692138885619, 0.002105950939731466, 0.002872392555999741, 747.5105338658774, 756.745498109458], "[280]": [313.5452726447067, Infinity, 0.0, 9.145606671900307e-05, 0.0001079528758388348, 0.00027975352399580604, 0.00042403905490551484, 653.8795776978075, 661.3993718281844]}