{"[20]": [36.88766755088189, 46.99239214895306, 37.22034603912179, 207.53333055586992, 163.96337635559144, 37.431487578573886, 43.285489984711326, Infinity, 19.785756841815648], "[40]": [233.3482114494586, 48.94521681493032, 332.05647902092153, 19.588581075891526, 366.05197480674326, 156.74055339044887, 106.02951030649183, 83.81843363753144, 10.655697915571922], "[60]": [2084.1900928285604, Infinity, 3386.585949882846, 3563.170499844266, 2591.4746926503835, 1236.1666171980007, 700.692546412865, 146.0594048228325, 227.64552935029738], "[80]": [5086.185920529744, Infinity, 16610.894468695988, 1154.5972263899453, 792.6615162960414, 732.9387192658077, 244668.86154286918, 15364.657806372634, 15505.765582262766], "[100]": [3979.7742433741532, Infinity, 3663.6931743511486, 49.40334697512036, 77.39422955564314, 7222.265381974005, 242.49193741249445, 55933.98327921683, 67908.92652793224], "[120]": [3744.8406627127665, Infinity, 11025.042363600556, 407.3883790454545, 414.36133434219425, 833.4466706250181, 262.61830074533134, 36229.01935824222, 39594.420010675654], "[140]": [751.5422286305645, Infinity, 2677.879970992374, 551.3225763320114, 263.9360366156612, 135.4348099666536, 288.67222117223696, 283.12072916638914, 275.67040734441724], "[160]": [633.605761009709, Infinity, 662.006179489477, 269.1808865119446, 161.06068295475197, 144.80006849965858, 162.6925502682235, 2030.5947931492597, 1906.5670499122075], "[180]": [271.5936663344399, Infinity, 170.29258529928092, 118.33761541841021, 82.32156872817157, 88.31006390810627, 81.98762176581083, 1037.7628636231675, 1064.3028330444818], "[200]": [202.85684660378573, Infinity, 49.408913100618044, 72.49528620725295, 56.8016038956692, 65.9655797796516, 56.38959489169212, 584.1337816107861, 639.1428777836082], "[220]": [192.98006459757582, Infinity, 26.169443678583196, 43.53633828074945, 34.280735098302294, 42.18012034908949, 33.96221970170163, 763.8390521493646, 730.3695652426367], "[240]": [234.65576439562554, Infinity, 18.275342781637224, 22.633161886674944, 16.751340792650907, 22.358432539439196, 16.534876758957584, 750.6758124473264, 755.8351467537324], "[260]": [185.93117243401707, Infinity, 0.35017255348417564, 25.991768564002115, 22.46102688601617, 25.936949595718705, 22.328990498675303, 336.43906267139084, 358.35707545702525], "[280]": [205.7235584283723, Infinity, 0.4935913747877311, 28.474908711315567, 24.028367767250074, 28.464074876606027, 23.86127012656947, 472.11056576079784, 471.38035103459697]}