{"[20]": [0.0, Infinity, 0.0, Infinity, Infinity], "[40]": [12.141604479338515, 4.97634043787264, 3.434098800261078, 6.974175286852825, 389.40058325443954], "[60]": [48.50418048722215, 309.3445295317197, 240.60957116880462, 94.90177253528455, 831505.0673128496], "[80]": [177.42003719760245, 1436.571464729662, 2790.472200704818, 2653.354965314066, Infinity], "[100]": [1884.263902731276, 4413.010129171117, 264.2113585708268, 3139.3464038109405, 797.4317997235481], "[120]": [657.2904505586959, Infinity, 1995.3024146528649, 8006.15717322779, Infinity], "[140]": [49.62102964582914, Infinity, 351.5659299720001, 8124.705924869121, 119.01370020512438], "[160]": [51.344468699357904, Infinity, 50.25070830524105, 263940.6697940995, Infinity], "[180]": [41.157053273941294, Infinity, 3.381753936606486, 1351708.1215923915, Infinity], "[200]": [46.15259195112284, Infinity, 1.3876180925577892, 1472422.3215692893, Infinity], "[220]": [44.18224519719389, Infinity, 0.0, 1344087.2623621586, Infinity], "[240]": [38.35303166206518, 1.1188451729740168e-72, 0.0, Infinity, Infinity], "[260]": [33.72682882465181, Infinity, 0.0, Infinity, Infinity], "[280]": [36.79042322081784, Infinity, 0.0, Infinity, Infinity]}