{"[20]": [22.293999751739044, 18.19537777485157, 21.927652443855887, 16.777477785271174, 13.18554112224262, 27.797762784177028, 143.9984945062939, Infinity, 20.079577245085996], "[40]": [79.62757717632375, 38.76067225019816, 53.82970706982516, 136.7021050899295, 80.92523880123356, 77.55844190751714, 198.36020983938855, 4022.482438075193, 348.99158245342767], "[60]": [45.018409301796815, Infinity, 74.85557537107604, 153.74440180762113, 64.66827789852903, 104.70146643958198, 133.57751986506355, 73.74344913893104, 44.83267017171148], "[80]": [61.951556802504655, Infinity, 146.09262308718618, 292.08125949820425, 127.25213692543352, 119.10396109384183, 48.69073967491779, 9.192941841386745, 5.887656059018179], "[100]": [384.48807672125366, Infinity, 459.46851293472156, 717.2153580572585, 394.3241236045575, 510.70820665427163, 141.37706249647476, 177.25155022185248, 166.77600952976562], "[120]": [422.4732632761715, Infinity, 1356.8900640933114, 1616.2464741666886, 934.595567722174, 1148.2813940329788, 601.7743175593063, 194.2123027607056, 318.94832557542503], "[140]": [271.8927871621859, Infinity, 2117.701775155775, 1890.8192624123776, 726.7728801519507, 983.3455206838219, 2361.890033215095, 421.04503098789917, 424.09179569077224], "[160]": [130.92683483378093, Infinity, 2189.628247311777, 2800.965709651956, 870.8250801034463, 1371.598944274497, 38938.90920709002, 1184.1433179535193, 1311.1384508930284], "[180]": [1150.7158645353848, Infinity, 3695.94228503341, 5553.3076800965255, 2737.28106906285, 3788.0925450570876, 2091.491391988972, 265.09354898457565, 457.5185586325105], "[200]": [964.7954029377194, Infinity, 7820.0085186998385, 15430.712293342429, 6260.298884508196, 9183.095756117727, 3931.412989746742, 317.7464565990417, 257.84981071859846], "[220]": [2367.9762538321993, Infinity, 2337.334825178911, Infinity, 388.19243911942414, 2676.0556753122587, 5526.899450634703, 3336.287868377649, 3505.3700179572525], "[240]": [158.7843112384212, Infinity, 5971.942111721451, Infinity, 6139.744793638742, 2467.2312462471236, 6567.640160980032, 770.4643354968417, 408.9552161834413], "[260]": [181.45027313380143, Infinity, 7350.165695841022, Infinity, 3243.6741156680396, 574.9239552061163, 1785.6914458427693, 4518.120975127218, 4323.70864881548], "[280]": [160.22903810085555, Infinity, 4270.965919086874, Infinity, 1648.79462830831, 751.7596926126115, 852.8984476129924, 813.2074966644841, 797.8153283899949]}