{"[20]": [3.319090120387584, 2.5759637455935263, 3.6362998687628267, 2.9610133328301926, 2.8210391059023547, 5.058096759344798, 14.09095320649327, 0.5428111718568353, 0.27340389961854866], "[40]": [18.460875285282064, 23.858084421497644, 26.035870052625633, 1.0715177682303, 25.82619558970921, 1.351606092325366, Infinity, 8.499593028434086, 3.0707096092490955], "[60]": [74.39544502737644, Infinity, 104.99997460296284, 114.73217104440918, 115.83401172154106, 15.559924868698575, 45.20131138190063, 110.6682519330965, 103.67229758315978], "[80]": [5.05877699124112, Infinity, 3.141517356527972, 122.94301062449799, 11.738804928336604, 53.05583821172872, 7.689961853200938, 305.90631411206255, 146.56451464389596], "[100]": [5.1127668446203645, Infinity, 20.566204279373473, 200.5999038407498, 19.71289292641364, 17.929356013060264, 24.323195307604653, 81.00954522075175, 66.84852924823397], "[120]": [33.296707877580545, Infinity, 33.924356366542824, 231.12315272755578, 37.96216308729761, 35.54226920951078, 38.352830153498324, 68.59055244101148, 63.20355739626419], "[140]": [543.4521530057986, Infinity, 1023.9374655960573, 1337.5702862673195, 946.3472479093908, 1184.876343893839, 945.5199338641977, 312.1336756014906, 325.84314782151773], "[160]": [694.721698206856, Infinity, 6125.713016206444, 3424.0716765321167, 2128.754557691224, 2298.867201053272, Infinity, 1226.3419180948765, 1117.9812022131869], "[180]": [1287.6644485703953, Infinity, 2495.673099675602, Infinity, 5655.547764828412, 4548.839427525167, 7068.637213183188, 4414.383395451395, 4799.828385096923], "[200]": [276.80047055241306, Infinity, 3684.080366732998, Infinity, 3017.4540522201564, 2457.815751804104, 52782.7854161462, 1979.3480837694929, 1897.1090450594], "[220]": [76.84771560877695, Infinity, 764.7614265133291, Infinity, 891.5880663561559, 840.197827217361, 9307.682726416224, 102.46112877276711, 136.9189043720365], "[240]": [38.34380347165488, Infinity, 141.62996686531167, Infinity, 315.52131808156037, 315.06831412896065, 2172.273781590404, 109.27765992129046, 101.77102912454276], "[260]": [93.01667098876268, Infinity, 10.55963776437076, Infinity, 100.1512243273142, 111.68166427909792, 628.2512672342866, 105.89020894307579, 106.27013249963662], "[280]": [93.74485473292766, Infinity, 0.6110303249650748, Infinity, 30.718353208285897, 37.241456323896074, 198.65090181150876, 51.13544288929569, 52.08610264963692]}