{"[20]": [Infinity, 479741.6543741791, 30.76999561497871, 112.7938814622692, 688.4043066648455, 20.652428797779283, 65.29652827681312, Infinity, 28.72226078326325], "[40]": [219.82338326992624, 110.50021078691464, 295.8789739328379, 48.2319716208086, 332.55813421596883, 301.0067150005741, 162.39988813377076, 518.8783312605, 122.35061212017706], "[60]": [214.5525743822346, Infinity, 775.157933391328, 839.9036391002035, 841.3223109201547, 1704.2337727476352, Infinity, 1856.9590424705823, 1877.7828521343288], "[80]": [607.0077472500473, Infinity, 758.9543210278987, 1802.2691657255564, 605.554311486074, 760.2534830604908, 252.64857484541457, 21118.44935896599, 18732.194426103728], "[100]": [183.6004092594298, Infinity, 989.4303596560377, 2769.5561704254355, 824.9084009366263, 1364.4333376976526, 1198.82946545969, 78.74319812967826, 98.27735078223856], "[120]": [1305.6374483370212, Infinity, 2675.2082156923752, 5265.669074863144, 2433.3211686443487, 3464.2995251494103, 2218.2488907289367, 1203.6097618991862, 1212.9774450787847], "[140]": [12118.953462591648, Infinity, 32819.6797630212, 34429.84335830509, 28811.477742146813, 33191.13267223896, 16731.086287293994, 19723.95234581568, 19528.02946423821], "[160]": [8340.577196469865, Infinity, 2960.7591591734254, Infinity, 23461.489384930774, 10940.191108904672, 94082.12830056033, 53791.28933904592, 48204.10761767023], "[180]": [1003.9283701740815, Infinity, 23700.095233406875, Infinity, 18237.94092644318, 10344.598631852523, 14855.826444256592, 2362.2335244930878, 3610.8370646173425], "[200]": [1272.0134389375876, Infinity, 5687.579216613963, Infinity, 3002.197027086211, 2928.154875307729, 2881.129026904368, 877.4057959279412, 1803.8503282005072], "[220]": [626.0448198975512, Infinity, 1154.906539075979, Infinity, 454.00849992119487, 870.5183226912249, 853.5240639593229, 346.1021102262615, 533.1144046432659], "[240]": [613.7416119761161, Infinity, 387.26679767769207, Infinity, 159.5426232549876, 355.1418760489989, 330.70564676902524, 2363.689171058605, 2164.9823364382855], "[260]": [511.0518031470908, Infinity, 46.749910760992364, Infinity, 23.335649955274356, 115.31343313346619, 109.44875650489256, 1282.1120926362137, 1261.004997877565], "[280]": [429.97491605988375, Infinity, 4.541155833291085, Infinity, 5.132956717244696, 34.71174174874484, 33.65006330877511, 911.8220670884695, 950.2113269797443]}