{"[20]": [18.7453076084851, Infinity, 16.428571428571427, 7.999997882084921, 8.887408190157084], "[40]": [5.5823112151935845, 11.938841860321446, 34.57142857142857, 1.9841240780063032, 14.96861448832425], "[60]": [2.3997342816093408, 15.004929880422424, 45.57142857142857, 4.500764596950461, 7.139629723361594], "[80]": [26.81703255184044, 71.52390313584749, 148.42857142857142, 14.736379474564558, 71.82205365451301], "[100]": [12.16953141542308, 603.5289297680487, 517.4285714285714, 25.138725318634442, Infinity], "[120]": [35.268121915133634, 1081.6602817280645, 1375.7142857142858, 289.00831263833834, 25.134735037475366], "[140]": [114.55277679126357, 576.0417794296536, 2289.857142857143, 907.0495595158, 309.442127885829], "[160]": [272.4519879927866, 4998218361546346.0, 1807.2857142857138, 1952.167076748785, 82.97694723642053], "[180]": [147.41776234841018, 4.411005386556671e+16, 2096.4285714285706, 2222.703913300673, 163.09432317967548], "[200]": [1407.6376982850888, 1118.1894629416856, 1577.4285714285725, Infinity, 111.17579899289558], "[220]": [792.8187924407575, 1751318.8112798794, 2692.5714285714275, Infinity, 1137.1812586046617], "[240]": [692.8400608010652, 7.947521424773373e+34, 3344.2857142857138, Infinity, 1340.2895159568452], "[260]": [385.79411169646573, 1.5965707811566846e+42, 2323.7142857142853, Infinity, 996.7193160036304], "[280]": [138.96708221564018, 1.880720480102905e+49, 999.1428571428573, Infinity, 402.8155297513092]}