{"[20]": [Infinity, 6.402378807790232, 8.0, 7.999999174221965, 7.999986322904732, Infinity, 7.999995971601632, Infinity, Infinity], "[40]": [70.16226282261879, 11354211679.64258, 79.48567474730328, 10.50955693261133, 13.348441606019936, 86.2610647500049, 45.15449943237327, Infinity, 32.71086204213292], "[60]": [115.94713054866446, Infinity, 379.6224333678142, 385.35370254546956, 392.3432472533362, 38.755449908485545, 152270.8577208451, 550.1768189846058, 569.8726665736207], "[80]": [13.4821385551365, Infinity, 211.6682109490266, 560.0014870147537, 85.85223007527055, 162.0887098311812, 69.3225878804348, 5807.814169628781, 3312.13617682691], "[100]": [20.105685346590523, Infinity, 115.55665196513202, 753.3595529393314, 78.70172525227284, 190.04114066007796, 24.57801015105144, 11.44038379349996, 531.32857840306], "[120]": [18.771907759095583, Infinity, 227.51149892227733, 1053.618913801704, 190.9313303439889, 383.52865617653816, 93.76500397424985, 133.8525622325354, 119.43835271391876], "[140]": [5629.308962950573, Infinity, 7414.847892719239, 8585.445347198225, 7242.802720535255, 7893.9887530878805, 6528.389785730594, 5801.16106688121, 5955.240155450583], "[160]": [7118.152463335478, Infinity, 33524.47344215922, 31492.39348238796, 13641.781262437833, 11884.388989544876, 290188.97417942155, 10126.696166264173, 8858.410912571724], "[180]": [11349.231191232384, Infinity, 12944.670168628378, Infinity, 26811.891202953757, 11975.309459684708, 43509.94120979531, 84158.62661973061, 85707.40838145804], "[200]": [4218.0135830266545, Infinity, 20231.19837622551, Infinity, 15667.96573545986, 10796.525881335216, 24572.480091915622, 18320.48893274235, 7176.387010543816], "[220]": [751.7921759898716, Infinity, 4195.195709563958, Infinity, 2527.1429592343343, 3160.0876318143755, 3451.02291171617, 1646.590690981524, 2566.634869634682], "[240]": [627.6142965524372, Infinity, 1117.1211038473637, Infinity, Infinity, 1243.2220549016063, 1199.6735118344407, 520.4643883278058, 725.3589873720351], "[260]": [538.0594059900218, Infinity, 196.17412945005853, Infinity, Infinity, 496.823660047666, 464.34772097372615, 1110.817393348901, 1061.8077100141397], "[280]": [395.03952339267386, Infinity, 22.26965363009219, Infinity, Infinity, 175.96863272891179, 165.54265516049867, 708.4473535175175, 701.8673224517421]}