{"[20]": [1.0, 0.8610357511668286, 1.0, 0.9999993602635682, 0.9999898707885619, 1.0, 0.9999999996917399, Infinity, 1.0], "[40]": [18.850361140450932, 60940809.634518065, 22.714285714285715, 52.89703358241546, 53.88884678944221, 59.390084082955255, 59.520773391532146, Infinity, 10.676995129760314], "[60]": [191.5721674460608, 1.687067549889118e+18, 237.71428571428572, 245.30213766403082, 250.4026534429544, 80.94678365425963, 67.01561801969862, 281752727.7109888, 9.443109392195083], "[80]": [1670.0691891542112, 3.729403789879908e+27, 2756.0, 1217.2654485756345, 803.0596935751528, 301.29801017990985, Infinity, 818.8377591886469, 663.3763554869115], "[100]": [10618.49714772174, 2.647552091869952e+35, 14189.285714285714, 7883.23932159813, 4259.12019550444, 3102.2864722521645, Infinity, 12518.160288888103, 13625.557036352377], "[120]": [2021.7474261168973, 8.308450134770628e+38, 637.8571428571413, 3872.9654875333254, 13364.133349671312, 7476.005177302079, 7338.322910069088, 6495.450285558887, 19386.880471355827], "[140]": [284.22235842070586, 4.976266294395922e+53, 12056.285714285714, 46.77298639571927, 2810.6822030088388, 2824.2991293878513, 2729.4380167580966, 42853.4129654213, 35844.0204372143], "[160]": [780.0448295181714, 2.135402919236706e+62, 3717.142857142857, 302.60813969847436, 667.5554346211736, 768.3531527027328, 823.4706176528052, 8245.734116550266, 6303.4224517519915], "[180]": [614.7168563060413, 3.104745092395459e+70, 664.4285714285714, 97.25052139931961, 156.3575179811025, 200.29965787721312, 235.33659940574017, 1632.8390308041874, 1414.2367089158683], "[200]": [527.730087824033, 2.1119689227880706e+80, 104.0, 31.345050461400078, 40.53129212475422, 55.47138373612823, 68.59646662651782, 765.9355401783574, 801.0175701513355], "[220]": [235.7944278534551, 1.776360035683665e+88, 11.857142857142858, 5.476326793725386, 6.729449422732799, 11.03734790556711, 15.035271009708413, 388.8822138300848, 404.863033937457], "[240]": [281.7830286240405, 1.0427345148083256e+97, 2.4285714285714284, 1.6184475448425246, 1.8582679398351307, 2.8759033994545784, 3.8482531053760627, 395.38368273329786, 403.05136270246453], "[260]": [243.55222500478612, 4.2491225503989994e+105, 0.0, 0.2793474366800542, 0.2990353016488682, 0.5594250595322795, 0.8204190684812475, 312.66957226547265, 323.66309636593434], "[280]": [220.16483060491737, 1.6874702090631743e+114, 0.0, 0.0530863238152649, 0.05665486661482435, 0.1147586930657518, 0.17501764109086748, 271.8522260456237, 280.52895917516594]}