{"[20]": [Infinity, Infinity, 10.0, 19.00004187282221, 11.559472198381147], "[40]": [Infinity, 61.36743857353467, 91.28571428571428, 0.7140505072101462, Infinity], "[60]": [253.01873559950656, 66.0643342967187, 298.7142857142857, 567.7433270235258, 185.02313624617625], "[80]": [49.96553281725255, 149.86293447576463, 20.85714285714289, 615.1924378614344, 36.386054915288355], "[100]": [13.72337429540562, 9.602458800162982e+18, 75.14285714285711, 710.067572604966, 61.87995295162568], "[120]": [28.197021943038862, 1.1954173427570887e+27, 60.85714285714289, 692.2297361163044, 45.25539155273077], "[140]": [22.734163855408042, 10602.793270615995, 5264.571428571428, 6844.610376277302, Infinity], "[160]": [734.5373484463998, 9.061171930169e+32, 13748.142857142859, 25603.775987750578, 786231.915975961], "[180]": [1700.1469422417467, 5643.821495378088, 12418.428571428572, 10305.364624775098, 612054.9496385384], "[200]": [52.54068776846361, 2.023670971275188e+28, 5472.0, 1672.8056030737175, 35317.797197157], "[220]": [344.61917725685066, 2.6772732929654737e+70, 994.0, 318.3903220553803, 6826.783224052117], "[240]": [3.223339452688407, 4.5624433464827565e+29, 206.42857142857144, 50.56716821957423, 131.17830685614763], "[260]": [43.807086638662355, 7.885628108156386e+78, 26.714285714285715, 3.6163823607390224, 10333.863376423671], "[280]": [360.43807401188036, 1.0024336226712773e+78, 0.0, 7.4300576129175795, 416153.5888860389]}