{"[20]": [Infinity, Infinity, 10.428571428571429, 46.49399193686882, 11.023837553326551], "[40]": [Infinity, 114.278895131872, 103.28571428571429, 76.10868529382705, Infinity], "[60]": [877.7538050228361, 146.43967074210002, 491.8571428571429, 633.604320776081, 362.31849252258496], "[80]": [174.1679431245302, 326.64456165830234, 194.28571428571433, 831.1725139382904, 152.14954222833808], "[100]": [97.26958192675056, 1.2781795160796035e+20, 73.42857142857144, 891.9341238763011, 98.68862314370608], "[120]": [13.750292374485298, 2.6838328134488955e+30, 144.71428571428567, 1032.1015920455136, 50.049901131468005], "[140]": [1161.522179258127, 1026.9656653136408, 5275.0, 5391.557554036028, 3026.667620606828], "[160]": [926.8583070031673, 8.37248961023154e+33, 22498.857142857145, 29716.33100680488, 11182.488581400965], "[180]": [9224.728335506628, 2.0512857920591226e+30, 10543.571428571428, 7658.531794686789, 654783.5513495735], "[200]": [3109.7826492142194, 4.856050682473521e+44, 14020.285714285714, 3574.21103688961, 315346.728867524], "[220]": [428.2106322788227, 3.601278020520956e+72, 3190.2857142857147, 2165.66942693485, 55975.71250609367], "[240]": [124.25926777135288, 2.5457560906605957e+18, 771.7142857142857, 168.18970269974795, 54445.78574506947], "[260]": [207.30450460419002, 2.7681844072118973e+75, 134.14285714285714, 21.015113890001665, 18422.874892756245], "[280]": [217.31944346503346, 1.4443617909355398e+61, 15.142857142857142, 9790.037121663865, 7715.911173432381]}