{"[20]": [28.579264992777098, 681.962253386407, 28.300672288938134, 357.91250066717316, 363.2064227389263, 14.621666485679441, 25.00179316445372, Infinity, 47.21483797374673], "[40]": [879.8534141335597, 749.1806233399357, 970.9902027272572, 276.92328570692445, 983.2475442901346, 182.51485787461743, 585.7791135933401, 159147.30490494755, 502.20392771304637], "[60]": [11523.636466522501, Infinity, 18815.342862441878, 9314.839402045005, 8618.468847953913, 8765.365665024923, 395422.2124059397, 12832.88911270374, 3151.220746622993], "[80]": [16113.252401053522, Infinity, 1563.020712080752, 882.7863864865927, 15308.904422181424, 5385.367426790621, 1965.6273349030405, 362142.77044073626, 62268.82195745525], "[100]": [2574.0597078075775, Infinity, 16197.555009536038, 338.1766251898932, 59.24882928825873, 330.5150208313555, 585.4374066334382, 708218.7785512147, 407553.4322673446], "[120]": [1339.5512689998686, Infinity, 3150.840800541788, 871.0952795910712, 714.3485924105295, 658.2934160986451, 439.8654715170471, 10903.332780130197, 6719.337586647456], "[140]": [721.4443159791272, Infinity, 738.8951898957376, 449.20677953737015, 384.15864117094986, 396.3235578700104, 347.80347929163463, 912.191379645098, 861.8256881088579], "[160]": [492.6339979080262, Infinity, 254.0669858424154, 189.6588069773147, 164.9299162175067, 181.01789895786422, 187.38964047942827, 2524.509918521737, 2469.5988258772313], "[180]": [446.19897601266604, Infinity, 103.65138079177899, 61.97118313534401, 53.36655574694873, 60.731513195055406, 67.62883282895127, 1594.930427335705, 1650.029448765099], "[200]": [476.91012416288913, Infinity, 34.19251368600179, 17.327787726281095, 14.652826210177075, 17.158355178312252, 19.982708048082525, 983.0960193061691, 969.0119946027269], "[220]": [432.03413721428603, Infinity, 3.326522820512248, 11.957368524314361, 11.19432385122647, 11.934815063637885, 12.837306642211091, 880.7382837729176, 882.7059033861761], "[240]": [396.2799026981294, Infinity, 5.406780466976426, 1.479940578725557, 1.0987463148140926, 1.4769883112258402, 1.9734454486579538, 802.6011715302044, 837.2312920111985], "[260]": [363.2060746588078, Infinity, 0.8882927919616629, 2.5274143642212798e-05, 3.258599578851745e-05, 0.0004040243958926303, 0.0030093883554894525, 707.982236803689, 710.6337668764627], "[280]": [355.0635293667672, Infinity, 0.0, 2.3007783869508383e-06, 3.125609375286262e-06, 5.097321121864425e-05, 0.0004852230089944891, 601.6167973309767, 609.2108901222731]}