{"[20]": [6.464517417548948, Infinity, 5.935154945498949, 6.3300957208345565, 2177.2749681007194, 6.063930180325038, 27262.696476859775, 6.557389308641427, 6.126418433336039], "[40]": [49.264924692979086, 33.509334833382965, 94.38823379319167, 2.449091504540067, 93.19461622416226, 18.95125088499504, 694769.4741939055, 3687.848347214241, 25.425059227417368], "[60]": [614.9532238782427, Infinity, 2077.6769971434255, 1369.4972512997892, 343.37383052199175, 387.5246189628239, 722.1688954802198, 270.68930221717125, 178.93097243012988], "[80]": [1279.2066903128743, Infinity, 9035.849464922783, 600.0448662350435, 1391.9355554823312, 90.07265365391967, 21233.210683011297, 507.18106267603036, 1432.296145431183], "[100]": [709.6057634328474, Infinity, 7637.719089062989, 1283.585014933182, 1220.420564751466, 1213.1250107443495, 1700.9151074052409, 45347.11505285105, 18387.689932923702], "[120]": [144.19267970459313, Infinity, 2264.0951154517966, 87.14575184561157, 1.4333795437415415, 70.154471310496, 109.00833668976948, 6565.265630398537, 5125.4219148400925], "[140]": [Infinity, Infinity, 360.94435095442594, 34.38006745056134, 49.15847575120004, 22.866962756454008, 11.992652790678335, 76.85169666362678, 166.33024513778486], "[160]": [97.1835606041474, Infinity, 58.552499767595236, 14.275090411069561, 17.612152280857927, 12.462671116571034, 7.409986949055223, 252.09388504609515, 295.97421321992385], "[180]": [91.4463365129742, Infinity, 7.667413941905169, 1.9989216924776907, 2.544824781293825, 1.7375993761355837, 0.8940151663728568, 242.5534083128622, 258.73864808528424], "[200]": [66.37253564184795, Infinity, 0.3100635420659225, 1.5296352268496576, 1.5621322484857927, 1.4934313360187854, 1.02384545767946, 160.00806725005216, 168.1726640403199], "[220]": [59.32071012374233, Infinity, 0.0, 0.6795453593776797, 0.722843058201561, 0.6746570690873065, 0.8337816092621683, 127.6700980192833, 132.39396331409088], "[240]": [55.875745049497574, Infinity, 0.0, 0.0021932642214010493, 0.002274877283153217, 0.0026899486745524436, 0.015077313822069047, 103.64191118113911, 108.02279733473866], "[260]": [52.80808216372948, Infinity, 0.0, 0.0002501602009882265, 0.00025701918262103335, 0.0003175342441632107, 0.002140089422829026, 92.11688464485955, 95.076551374887], "[280]": [49.98138040935556, Infinity, 0.0, 2.8532661864083973e-05, 2.903745475161021e-05, 3.7476766135100305e-05, 0.00030360126963275056, 80.54141890318324, 82.91926254502233]}