{"[20]": [Infinity, Infinity, 8.428571428571429, 2.914084597177437, 3.609731093092437], "[40]": [Infinity, 140.68982854493663, 156.42857142857144, 68.53359056088743, 110.95620482430978], "[60]": [319.8504190941246, 291.3120291369337, 670.2857142857143, 1102.1896746096913, 518.4053828210255], "[80]": [24.074911347086072, 80.69066623443359, 718.4285714285716, 2032.5078185845537, 177.84830712195435], "[100]": [11.702490533682976, 332.84800394291506, 948.0, 3325.539737517516, 103.72472389146787], "[120]": [79.68684363616558, 4.0739500881561307e+30, 804.0, 4520.389844509205, 232.01272145863732], "[140]": [3495.7987972036026, 955.3625720975579, 9532.42857142857, 16458.194911132356, 2781.1216528063414], "[160]": [184.22337798235094, 7.297813652514401e+18, 6652.714285714286, 4289.313229832245, 3096.0240487916017], "[180]": [1885.0530208347764, Infinity, 4880.571428571429, 2002.6971500260252, 1752.7419220175962], "[200]": [1092.493496044678, 1.6370838979939263e+40, 1054.8571428571427, 792.779615591176, 530.4165173813551], "[220]": [537.8018056526643, 1.3806932241608868e+66, 298.0, 352.1010088202654, 239.07615777876163], "[240]": [317.0171912112097, 2.538786151434343e+34, 126.85714285714286, 47.28233262469902, 43.70800604978592], "[260]": [223.33300261585103, 1.5482339596826339e+66, 25.285714285714285, 5.760129689791391, 6.738754023461787], "[280]": [51.62244255424447, 1.0448661504610463e+77, 1.5714285714285716, 11028.49010092532, 5.7531235727415595]}