{"[20]": [1296.311051789144, Infinity, 13.652061626978922, 11.446848408274127, 15289.968934703385], "[40]": [18.60100014711767, 31.738506630838803, 209.73666906652417, 66.26040513535999, 331.5534874239664], "[60]": [63.797318034266176, 1206.7506790220957, 5091.858155583697, 1639.167008523413, 8702.796897028536], "[80]": [5325.6682908332095, 6288.8572543446035, 31060.286914943772, 25582.461446069738, 991.8095594267892], "[100]": [1024.8998762462884, 14170.336590670307, 24171.992746518838, 2825.7638434133223, 7502.759769639672], "[120]": [794.805576323882, 461533.86673091433, 8068.137135330896, Infinity, 1851.4926963946727], "[140]": [239.05703392158665, Infinity, 1250.4396083606107, 203496.75748621617, 273.3065155992654], "[160]": [683.7336583146686, Infinity, 228.0993815068342, 43.463147810306864, 47.23118699228679], "[180]": [586.6931971504863, Infinity, 43.39442226553336, 0.6499249185010275, 2.184039019965647], "[200]": [403.88861572262834, Infinity, 7.607256482711595, 341280.1758095427, 0.49740730623130913], "[220]": [290.31796996043624, Infinity, 1.8020103910638519, 7060701.143546544, Infinity], "[240]": [221.96765997987933, Infinity, 2.0, 0.1218147613637709, Infinity], "[260]": [175.71976834357216, 1.751828778713694, 0.581263590825114, 0.03486894864123917, Infinity], "[280]": [153.6360442506831, Infinity, 0.32624984990798206, 0.7584667425545627, Infinity]}