{"[20]": [3.049010478066236, 4.268706521511133, 2.792990707032126, 2.583318214957964, 3.5163832131480506, 4.48460382531324, 24.414309594789575, Infinity, 1.6447468779220953], "[40]": [37.362702669752174, 16.534732368146898, 26.064668970126284, 23.641471208980192, 37.843519556695846, 30.308597197347154, 2776.216074801934, 90.95890055673424, 57.09277863269732], "[60]": [7.425025763636669, Infinity, 23.083300771015235, 70.60590784743677, 18.325070951263392, 27.00735789316745, 61.40302992556501, 187.516366089398, 5.490099175541372], "[80]": [40.36877420203039, Infinity, 64.5420556178546, 147.50052319283625, 60.111856470423824, 64.28107247714183, 107.95868973887441, 27.63197710545424, 28.1214658533625], "[100]": [103.176635804681, Infinity, 134.8493128889462, 249.074398557662, 110.68807769616623, 163.0007888136834, 23.043923501175932, 6.74470146494791, 15.588612708838474], "[120]": [418.75793774914484, Infinity, 537.596048883923, 651.1811130703583, 387.61887852610647, 462.1934018696912, 146.42019226427055, 125.28856614546658, 105.57138635315289], "[140]": [89.45459515194659, Infinity, 852.9787224995582, 619.452509834701, 283.40028378080433, 398.47339604901475, 73.64107322404935, 38.26572142071947, 55.25752351009222], "[160]": [14.832495014646472, Infinity, 1088.7552186331702, 1008.4401962742768, 399.86039807408974, 547.615775522156, 9888.97597622006, 167.69960861829102, 148.92526752662917], "[180]": [178.66212904274494, Infinity, 1766.4401531563456, 2196.8038799844503, 1097.8320085758419, 1508.2282115323014, 690.0373634388128, 4.3929933412137085, 6.327145800045736], "[200]": [516.8874346759519, Infinity, 4093.464223872576, 7494.442893757617, 2796.819573919688, 3935.947581718357, 1641.8261027952994, 360.0188488285825, 318.3437150869473], "[220]": [161.26073038872, Infinity, 3119.451861641687, Infinity, 518.6974177003962, 2755.767896700004, 2366.925738199086, 500.8979561476127, 407.66421620914156], "[240]": [1264.7918761750543, Infinity, 2669.427245927748, Infinity, 3268.8132356806273, 1321.0001200109582, 3035.977269218918, 2193.470648747694, 2102.55872797902], "[260]": [64.02632362350957, Infinity, 4342.243243880202, Infinity, 2163.1430149799453, 787.5473675189803, 1094.4338206048287, 775.2589616409398, 772.2721831825584], "[280]": [170.16882025829432, Infinity, 2935.84722351575, Infinity, 1391.9312517546655, 999.1602213098942, 819.5960448044447, 9.066555164691131, 28.799861813168995]}