{"[20]": [Infinity, Infinity, 43.25192496881931, 29.699400384989215, 215.90365289620289], "[40]": [Infinity, 21623.38193733096, 435.8948503435628, 385.4781008532659, 851.5359647043811], "[60]": [5631.025691670562, 633.5881869432369, 769.5982802794501, 1484.8227604270369, 976.7005422821449], "[80]": [79.4606399190889, 71.51167778076532, 809.2333831419566, 2410.216513578041, 257.46203400212687], "[100]": [84.82905946292796, 855.7688010569804, 835.509791843836, 3251.0327605510574, 178.5528805945996], "[120]": [3107.5864262647324, 1.2503657660756216e+18, 4225.23619640316, 7938.73659394921, 2597.3505809575104], "[140]": [25409.53766626505, 26257.670374922058, 36593.37348914155, 48576.18335268382, 17042.3594051096], "[160]": [37111.473569618065, Infinity, 14033.208691257982, 12441.816230587236, 5832634756.702344], "[180]": [529.7171898426019, 65188.34548129092, 20061.296509031585, 5768.587335933492, 1975446597.9066637], "[200]": [3225.4101347154806, Infinity, 4165.941167523937, 1316.1823296802954, 919209963.7868758], "[220]": [2393.6815110109274, Infinity, 972.8060522111567, 371.25355675077446, 593870951.5067708], "[240]": [404.53339871364585, 1.2150108857322596e+20, 312.13716600610536, 49.34197751382647, 266130464.76423198], "[260]": [385.1795822857613, Infinity, 30.37011683971175, 21.092046615658607, 7251.588612196569], "[280]": [1555.1493282343856, Infinity, 8.597353119796312, 15.45471874935437, 20346968.60737945]}