{"[20]": [1.0, Infinity, 1.0, Infinity, Infinity], "[40]": [2.2201906881861704, 3.53245956380122, 4.714285714285714, 3.2888561422262046, 2.851822403470399], "[60]": [0.6541590046184318, 7.796173694406164, 18.42857142857143, 3.2774067062880476, 3.036158432927323], "[80]": [2.6374655484723633, 86.44043288188362, 169.57142857142856, 35.462338831909136, 31.007577711583878], "[100]": [60.25932940203302, 1748.1923814789614, 1434.857142857143, 562.6278013859433, 229.74389907214845], "[120]": [201.4457681014237, 2628.325766558954, 1254.4285714285716, 4172.8368251965085, 518.9950731398067], "[140]": [264.2366586769058, 587373.5119417151, 1991.7142857142853, 1422.3884678990605, 794.8721360045352], "[160]": [23.421991403244533, 1.1840129261792141e+25, 798.4285714285713, 531.2036698481131, 173.39577405593684], "[180]": [90.61291528407071, 2.535566867288433e+25, 140.71428571428572, 1806.701889895945, 32.01871968733809], "[200]": [63.75248886389235, 1.4803627694981275e+24, 21.428571428571427, 2075.715699443049, 4.899799926647759], "[220]": [41.468417079779684, 4.0966122845000077e+21, 1.0, 1510.2505672927432, Infinity], "[240]": [27.95353178630982, 3.475454174726509e+33, 0.0, 0.0, Infinity], "[260]": [20.025776287902268, 3.7302752886618883e+52, 0.0, 0.0, Infinity], "[280]": [15.083977837992686, 3.0284855948823276e+79, 0.0, 0.0, Infinity]}