{"[20]": [3.7532310886661016, Infinity, 9.428571428571429, 6.596839392122838, 0.04092713590209662], "[40]": [2.3808178256323806, 29.305826619835734, 16.0, 2.2257311235292363, 9.837683096214061], "[60]": [6.7715290096137295, 6.789856294724089, 12.857142857142854, 7.027040485360395, 5.751889747335682], "[80]": [5.676707084944141, 135.96850397339173, 28.714285714285715, 18.131990742955054, 16.37236905281845], "[100]": [11.227364131026462, 143.17984569106864, 70.42857142857143, 52.9349954679914, Infinity], "[120]": [10.919235747417474, 2304.716584448716, 176.0, 21.132540183260858, Infinity], "[140]": [17.1595966218008, 283.473193726825, 230.85714285714283, 150.86574840788165, 6.602097568590125], "[160]": [41.05482269811341, 53.24066920152973, 168.1428571428571, 109.1273467708603, Infinity], "[180]": [165.04093937409357, 207.32071787272866, 525.1428571428571, 105.1961320743992, 77.0804664404343], "[200]": [195.94148887411802, 6.488528082727128e+20, 1510.142857142857, 747.3227453563181, 482.83168001990043], "[220]": [460.64104049968773, 2.4786923832431826e+23, 1937.5714285714284, 595.0589956701588, 211.29064239087256], "[240]": [280.289184064799, 2.294142536916593e+38, 254.28571428571468, 1504.4768268134594, 122.83108007897408], "[260]": [575.3079207053033, 1.0264591149376634e+45, 2240.7142857142853, 1030.2737955651905, 1653.9669104108634], "[280]": [235.2859494136601, 4.606337636364413e+61, 1738.4285714285716, 199.85277957145718, 911.9459870301598]}