{"[20]": [Infinity, 0.00038431969908012077, 0.0, 8.75646669766874e-07, 7.900190661321851e-06, Infinity, 1.5413033922042188e-06, Infinity, Infinity], "[40]": [1.5030243545329913, 2.242696551374372, 2.1952821379564247, 2.1533707059622422, 2.917596629984971, 0.9549043186747801, 215.4215630574656, Infinity, 1.4288512739147634], "[60]": [1.8669281205335406, Infinity, 2.9210932144697277, 0.3902549324195631, 0.25180148143572645, 0.7479436814649748, 0.9359761852707899, 1.7982772337626185, 2.3256219889712737], "[80]": [0.49928680896833016, Infinity, 0.5838050858176558, 2.339992650025885, 2.804191931866076, 2.2734954583980094, 49.230800009299635, 1.1372073171948192, 0.16033945591175955], "[100]": [0.6894895788597395, Infinity, 0.13005690020555888, 3.7920395749808744, 4.983600321259628, 3.7209845741774994, 27580.33319246553, 0.7634119201315489, 0.4409645370868031], "[120]": [1.8287433938700093, Infinity, 2.591004451095972, 0.2047849720265563, 0.9988975637857326, 2.2847027335099286, 1.861942916046153, 2.2416526545109208, 2.122919653450019], "[140]": [0.41901407165281174, Infinity, 0.2093424850548881, 1.0965168375618979, 1.9999356975444686, 0.05651401129575075, 15792.503818164521, 1.8951519675418338, 1.7289657575827049], "[160]": [0.37984567019060866, Infinity, 0.5672223395787429, 1.7953672761337902, 2.9999961554803845, 0.3329902420923362, 6358.921085713173, 0.9096577299922245, 0.8550547100487027], "[180]": [0.7422481360323686, Infinity, 1.6560999298825962, 0.30115808641516467, 5.558052287953773e-08, 1.1908037173760875, 0.5540821239137439, 1.6616036933187852, 1.8847559939842469], "[200]": [0.29455972602236175, Infinity, 1.0, 0.999999998797474, 0.9999999870925249, 0.428378378822624, 0.27008896979290425, 0.46209978605932706, 0.5869066637798109], "[220]": [0.6290811672520644, Infinity, 0.6228251185790641, 1.0965258020703512, 1.9999999992442772, 0.6112647118260218, 0.4048930390846554, 1.5623261869345497, 1.5578533610737655], "[240]": [0.9257660938281582, Infinity, 0.7227710596833521, 2.1930516042606363, 3.999999999953973, 1.2882720521803332, Infinity, 1.1795547040808398, 1.0361765946416592], "[260]": [6.998551269087731, Infinity, 7.3776756696228905, 10.49420967021968, 11.999999999997183, 8.06983199947158, Infinity, 7.726911702725684, 7.81216319352566], "[280]": [8.868867663308157, Infinity, 11.989554846154734, 25.374522548967256, 31.999999999999773, 7.714076661783781, 241.36939155948554, 5.044014681931861, 5.25847372081161]}