{"[20]": [37.98936743404695, 65.79888091834148, 38.285714285714285, 290.5936540944492, 289.6399885870671, 38.26847983303958, 33.85984075202572, Infinity, 35.47433761583872], "[40]": [251.41711751512491, 85.99470516864585, 342.57142857142856, 35.39810939365594, 381.48637424097785, 200.15656678974176, 148.18097005816065, 104.37892253875657, 17.431458155262533], "[60]": [2210.2152605830174, 1.6870672061881085e+18, 3482.142857142857, 3578.325615362676, 2998.4786478398955, 1414.644954118512, 1273.1773002969921, 238.89664674949245, 251.45907547250954], "[80]": [5881.762158583853, 3.729403789879908e+27, 17499.0, 1421.947124820017, 1467.1697165176847, 1350.2842896157235, 1204.28803677209, 15430.901075119858, 15558.759466355637], "[100]": [4975.2048173113435, 2.647552091869952e+35, 4913.857142857141, 86.44064467815406, 119.03126383091148, 8728.260845489454, 385.6615422572104, 56578.72502746212, 68496.36542281641], "[120]": [4987.652299539557, 8.308450134770628e+38, 12278.142857142859, 439.8392253395332, 454.77896675278134, 910.4036511886361, 289.5218446365161, 36852.19752873937, 40138.6469245331], "[140]": [1420.1260785293398, 4.976266294395922e+53, 3195.4285714285716, 558.7816155613491, 269.12489389592383, 142.9927202406286, 293.4697727051562, 302.7988276343358, 292.7005932114255], "[160]": [1211.6820820339908, 2.135402919236706e+62, 772.0, 270.3482704943551, 162.39490378408505, 146.04249628875527, 164.31825948296267, 2037.5213841108975, 1913.0282844844419], "[180]": [353.6142727993347, 3.104745092395459e+70, 203.57142857142856, 118.49102143594101, 82.55976854097244, 88.54278657681216, 82.2688468204866, 1040.5740949881367, 1067.0321865343665], "[200]": [155.84949224480897, 2.1119689227880706e+80, 56.571428571428584, 72.51473803918952, 56.83652643074393, 66.00888652563128, 56.42936723704125, 586.1980021223244, 641.1792722970406], "[220]": [168.35456903908107, 1.776360035683665e+88, 30.42857142857143, 43.53880388635073, 34.28557660154592, 42.18816807071696, 33.96755112659643, 765.2184335974197, 731.7171030041131], "[240]": [344.6259556503701, 1.0427345148083256e+97, 20.0, 22.633475066535958, 16.751995694094674, 22.359929179611214, 16.535574468241627, 751.4705903101599, 756.6547827302481], "[260]": [191.52992802015888, 4.2491225503989994e+105, 0.7142857142857153, 25.99180846979133, 22.461114441974843, 25.937228516071148, 22.32908071492922, 337.1054727424922, 359.02303020297984], "[280]": [273.0760715313754, 1.6874702090631743e+114, 0.42857142857142705, 28.474913808164487, 24.02837941487554, 28.464127002334507, 23.861281726717042, 472.684411651995, 471.95529777116013]}