{"[20]": [8.368030659874208, Infinity, 9.088947198765661, 8.508775542898736, 24.672111432551436], "[40]": [0.4744157016146701, 26.00182367255099, 59.42723052817903, 13.607056627714732, 1429.417052033005], "[60]": [25.44278205146057, 4979.837697694922, 794.987863432817, 197.25509856276716, 7729.286754702334], "[80]": [144.70683230212558, 5650.785287444136, 9822.298127990409, 4823.252201924941, 3225.581554399652], "[100]": [3403.5218782178367, 36012.66937108072, 369.7084492773964, 5105.840179698669, 1430.7480896355928], "[120]": [112.66861122593815, Infinity, 7902.3850489019815, 809.2678399796221, 1594.6458815939734], "[140]": [85.66466232374391, Infinity, 1602.3367822373432, Infinity, 255.7159319019607], "[160]": [168.2755339446693, Infinity, 222.11979475091275, 3811835.544486967, 26.482282334077063], "[180]": [177.1887492114285, Infinity, 30.321842104567924, 10404799.95414276, 1.6662694117764], "[200]": [145.42452012327317, Infinity, 5.668478881850513, 10385568.066012189, Infinity], "[220]": [110.1593834425468, Infinity, 3.1664416610944794, 10024580.723901218, Infinity], "[240]": [85.08449362650215, Infinity, 1.0, 0.9080099865081618, Infinity], "[260]": [65.34726609341499, Infinity, 0.31861068647188623, 0.6682950290055354, Infinity], "[280]": [59.646829267391006, Infinity, 0.3987433022228145, 0.007705670598713625, Infinity]}