{"[20]": [Infinity, 0.9985431594900871, 1.0, 0.9999987085353498, 0.9999851957270451, Infinity, 0.9999912063607439, Infinity, Infinity], "[40]": [4.265011837616506, 9.593725579777837, 7.850790967307511, 7.246244276213946, 7.761394733958614, 4.842189714202356, 55495.57862335117, 1.0979954802189114, 3.274334137095284], "[60]": [107.85993656076914, Infinity, 128.79165264077128, 114.13985317237008, 103.67163560861216, 33.31601101876582, 69.96362832267927, 158.60598280316538, 15.708339685393492], "[80]": [957.4319906378535, Infinity, 1272.9902361836787, 295.6686788121224, 214.58992253741076, 215.94160738872736, 811.3845736711302, 139.70834922809306, 177.69871933898247], "[100]": [916.5685757271106, Infinity, 8084.413689020692, 2246.3894475958746, 1078.6895973968349, 164.97187047296282, Infinity, 576.5345233054537, 825.8345752760564], "[120]": [1284.344670206358, Infinity, 784.9103009148663, 1559.6082094288868, 3833.5744405029445, 1816.6406551768755, 21884.33720159546, 13492.621716289961, 4033.492672526692], "[140]": [590.2686956313747, Infinity, 5960.36201287699, 365.3681794360481, 1773.2557155988382, 1251.4373562544329, 4542.601325797718, 7245.854809958081, 3616.5239020759477], "[160]": [89.08287802252724, Infinity, 1539.987574659431, 175.40032434834492, 458.1381909801063, 429.37777377050486, 581.0395346293269, 39.643065171205144, 72.46247501198951], "[180]": [86.48691967409859, Infinity, 234.39287685148804, 51.258506165472006, 98.82694244400874, 114.01488940285728, 124.64028974816924, 140.30674814191758, 147.61602973755294], "[200]": [63.1692540352462, Infinity, 23.971139814104657, 7.117427367828953, 14.209355187950544, 20.832075023270317, 26.518762668120175, 120.54597265075705, 127.24669146107306], "[220]": [51.141006107352624, Infinity, 4.862837590891259, 0.33562288705703697, 1.2638393045408705, 2.8055598299734927, 4.664484018707109, 109.33406152781107, 111.37104348306315], "[240]": [45.02448231859388, Infinity, 1.2151751653115372, 0.6470272298487663, 0.9910873836469947, 1.3041109357507357, 1.2666832435223652, 90.07217486047739, 91.75431298026619], "[260]": [40.83293370756075, Infinity, 0.16164755998493688, 0.13418191880424213, 0.14751216930788227, 0.2725621898104733, 0.36629816124729225, 72.98498539347847, 73.45143551828444], "[280]": [36.086613524191414, Infinity, 0.5788960177748596, 0.024191789924061246, 0.026425574745275227, 0.05300083825190188, 0.07489989502081511, 48.74404673340667, 50.70340853318622]}