{"[20]": [2.0, 1.9998732810558355, 2.0, 1.9999989164443468, 1.9999886478001392, 2.0, 1.9999999965863133, Infinity, 2.0], "[40]": [23.32263158409898, 1874149.9380892946, 26.142857142857142, 13.31827351935393, 13.199966530983527, 13.299212560128744, 13.185607342807092, 9.507812500000068, 13.264752114107779], "[60]": [362.291758722444, 1538406400981089.0, 626.0, 201.79355772102565, 206.03052329294155, 205.81927665593764, 205.50715486672084, 1266.953511112298, 25.57945546758731], "[80]": [140.26295001086328, 3.40077629912588e+24, 4825.285714285714, 501.60402735375555, 198.41634934025933, 505.59676879024846, Infinity, 13709.91962501542, 2203.9752171563887], "[100]": [776.8994966908831, 2.414254885475781e+32, 3501.0, 882.2154540684724, 733.8166780111169, 1113.5016905443135, 1021.5809126909344, 4150.169841303548, 916.9601329087955], "[120]": [307.0364052081504, 7.576325486168787e+35, 1354.8571428571427, 25.813018749724506, 56.09127821594507, 12.607563109254215, 17.13778650300219, 697.2880562482765, 475.0096141817544], "[140]": [4.600259659663607, 4.537767621226321e+50, 282.1428571428571, 64.81874985955182, 103.3460535298654, 66.67013019035494, 89.39522297431884, 280.4799956747802, 229.7961179913259], "[160]": [136.85806636648294, 1.9472354461076123e+59, 59.85714285714286, 56.10459972938027, 75.39329089776435, 56.20567643224912, 80.81983936139802, 119.35650740692321, 143.33617290029196], "[180]": [210.1513043594498, 2.8311610852975855e+67, 31.0, 19.093240636941896, 28.367982520018952, 19.10313790336231, 33.92147496513441, 97.23477159159665, 112.1643441199206], "[200]": [156.2280436039489, 1.9258664884755883e+77, 13.428571428571427, 9.31268823768964, 13.192333332711627, 9.314200195132901, 15.97774297120597, 83.62109258722734, 90.75771964150266], "[220]": [130.34954499097103, 1.6198306258292654e+85, 1.1428571428571432, 3.473904316871354, 4.25454677910706, 3.4741336279932433, 4.825813736711498, 64.4504556046393, 68.82925924300767], "[240]": [120.70065241371503, 9.5085081810186e+93, 0.2857142857142856, 2.0939222161655993, 2.566176172816128, 2.0939568238706623, 2.93695228660739, 38.41769580219746, 40.01893669546591], "[260]": [110.1927779876803, 3.8746981460246653e+102, 1.1428571428571428, 0.30149190174093987, 0.14381802536214802, 0.30148682847861513, 0.018467286102012606, 45.898211559113896, 48.38019394731322], "[280]": [93.68754700892487, 1.5387735893052318e+111, 0.0, 4.2804930964673006e-05, 6.045134178642092e-05, 4.207149200114564e-05, 0.00031654245713189864, 34.31513676936326, 36.32061731963008]}