{"[20]": [21.0, Infinity, 21.0, Infinity, Infinity], "[40]": [20.609056821213514, 576.9882316738181, 41.0, 22.154692485975545, 25.830666451858633], "[60]": [4.637050077557518, 42.276845157076394, 72.71428571428571, 31.306712405719935, 41.177985014600594], "[80]": [1.6014517007023983, 91.09798224416625, 183.14285714285714, 41.65158399783064, 121.4148925220864], "[100]": [27.938882328125146, 231.5917992256219, 557.8571428571429, 118.94853180800305, Infinity], "[120]": [244.67295614861905, 630.4965699784004, 1324.2857142857142, 532.9442457219527, 101.0957729953293], "[140]": [180.5929796235032, 109.95540322282613, 1860.8571428571427, 1531.9018371397656, 523.9793914576794], "[160]": [262.9911858751484, 9.920907035276839e+18, 1119.0, 2640.7329289060754, 529.6838802894772], "[180]": [127.49358379434307, 9.995904043186046e+20, 1283.4285714285716, 3313.9708669877627, 38.217843978242854], "[200]": [1141.7081193275571, 2626.5054819451943, 953.5714285714284, 2330.0978550477903, 488.0654878860896], "[220]": [552.9978538110481, 928211329.2069753, 2061.4285714285706, Infinity, 747.5335120813606], "[240]": [64.41914377603871, 7.88158956279961e+38, 2346.857142857143, 11356.153250539823, 687.0920181127458], "[260]": [114.37677261522617, 3.076401287009813e+54, 1783.4285714285716, 4575.068911840476, 515.8345776391407], "[280]": [35.95896999426873, 9.188153001831484e+58, 801.2857142857142, 1874.0700877668346, 228.93659033532856]}