{"[20]": [20.418630290731745, 1147.95466721208, 21.714285714285715, 507.8273996019667, 518.4611497047359, 18.744489490748105, 6.638483504806718, Infinity, 421.0544090693922], "[40]": [169.12967410522725, 92.33064809108117, 227.0, 8.083032950025085, 254.40117055540057, 28.355650950793233, 3.6430772157738716, 267.02286547880044, 42.02334471124567], "[60]": [227.99351701585704, 1.687067359984297e+18, 338.85714285714283, 413.8697670701873, 50.9497564213882, 541.3100193165362, 501.8671159186106, 1626.8360792653311, 1787.997072448683], "[80]": [6.968248138384183, 3.729403789879908e+27, 43.571428571428555, 579.2349522327404, 5.494114880885149, 42.726300426846706, 45.79570930426269, 5020.3445994640515, 2757.464443583422], "[100]": [28.03672587921085, 2.647552091869952e+35, 16.571428571428555, 635.4702945319221, 26.25332755916486, 20.10676652166717, 27.845012880998524, 67.5885441792584, 105.08891119806412], "[120]": [671.6540425055016, 8.308450134770628e+38, 701.5714285714286, 1366.3110894692518, 690.9138625175538, 723.3154278243313, 690.6353509565889, 634.9008857874521, 651.1203633537777], "[140]": [8390.507727407956, 4.976266294395922e+53, 14673.571428571428, 15200.938326019126, 13785.975985682499, 15746.445019342027, 13616.444307467431, 1432.5429732080702, 2680.5235328389717], "[160]": [8750.028746714088, 2.135402919236706e+62, 34275.857142857145, Infinity, 12757.679557256371, 16594.294501103213, 3080.0491754910036, 7526.831197495681, 8363.927222376195], "[180]": [9335.373745547924, 3.104745092395459e+70, 31781.428571428572, Infinity, 47356.36216759584, 33910.560997528715, 50416.58621629125, 51362.53655921077, 41145.37027058928], "[200]": [5776.016995959977, 2.1119689227880706e+80, 14936.285714285714, Infinity, 9387.750807910164, 12922.578074478028, 13425.264483432158, 72694.53828307179, 75218.27248769694], "[220]": [1019.72423575026, 1.776360035683665e+88, 2844.4285714285716, Infinity, 1832.1650835200094, 4015.749105534911, 4277.116091428892, 3550.677748315258, 3516.605339545984], "[240]": [764.7281530801465, 1.0427345148083256e+97, 564.7142857142857, Infinity, 475.70829010225475, 1417.7981956291308, 1527.7304957865906, 37.56181680470701, 129.2918566810832], "[260]": [540.1929476728146, 4.2491225503989994e+105, 67.14285714285714, Infinity, 105.66892435275852, 472.46958438186465, 517.2643145822904, 1284.7736122944152, 1196.3190063325922], "[280]": [425.30824606243823, 1.6874702090631743e+114, 8.857142857142858, Infinity, Infinity, 151.50595466108697, 168.5089961227105, 774.8870488684827, 787.244168328009]}