{"[20]": [1.413168584642551, Infinity, 5.285714285714286, 0.18268177975863686, 2.5967502168151295], "[40]": [8.758703666957036, 9.001097956777336, 10.571428571428571, 6.3162625916403705, 8.104763333265954], "[60]": [1.7844990819638227, 25.9994913159357, 15.714285714285715, 15.681404466283418, 9.973334878668929], "[80]": [9.105563145260113, 16.769723848628928, 1.2857142857142847, 26.053834198923177, 4.166099479421902], "[100]": [3.8526488695908654, 33.352501237974224, 20.42857142857143, 44.37327588789104, 6.608216164556538], "[120]": [22.24750422427229, 90.77409104507751, 99.71428571428571, 21.66483525994792, Infinity], "[140]": [14.512646170081553, 33.734649793587664, 152.42857142857142, 95.67746227536145, 78.27409783571466], "[160]": [22.564705050217412, 155.12051063972513, 149.0, 86.38654892577927, 13.105476242653708], "[180]": [16.787414841374925, 88.50872399149898, 249.42857142857144, 140.38217733174235, 41.63350714072476], "[200]": [71.74741806154043, 5.404750232100444e+24, 1021.0, 392.6410938342742, 336.800526004464], "[220]": [89.28508081967175, 1.135039899632488e+24, 2206.1428571428573, 1585.9927786596631, 736.3609682689589], "[240]": [366.65862872754406, 1.2446421380061774e+41, 1847.4285714285716, 3043.3758783152725, 496.81915415028016], "[260]": [252.08152755528408, 3.7198480287530325e+46, 1604.1428571428569, 2466.380185597796, 1596.7217821021222], "[280]": [220.81446017801045, 1.1878583622627091e+42, 2407.0, 690.2730605484251, 911.4592266927184]}