{"[20]": [Infinity, Infinity, 16.002408091155104, 4.761450390946824, 144.4603629409438], "[40]": [Infinity, 35.89663543979237, 197.18505377468765, 71.60749444204455, 1247.7984797484955], "[60]": [12.334648616138615, 531.7921536960571, 959.3626720358632, 1667.9811988943718, 230.19713816589976], "[80]": [50.074782669254034, 262.20036322334914, 381.85565638558444, 2389.0953311090693, 71.59329368762947], "[100]": [7.514827432174797, 39.611374734378366, 365.995190719198, 2529.8979313670175, 80.47501601924087], "[120]": [8.651676728728688, Infinity, 299.75028504046657, 2920.8318444568818, 259228.54677083864], "[140]": [143.98142697211904, 14523.289579266897, 13424.620274343863, 18895.669294416348, 8771295.91158886], "[160]": [159.374829591335, Infinity, 12584.61442488913, 42815.6173128012, 551145528.9590455], "[180]": [1931.8810872522915, 7863114340.629461, 19252.600749516372, 14412.152415367756, 1038094.6144952868], "[200]": [522.4653471445871, Infinity, 6790.337901364213, 2789.1621691350165, 204325.16218092467], "[220]": [122.23322349757302, Infinity, 1340.0310759872937, 635.4583719145387, 170155658.78174984], "[240]": [96.10977589333037, Infinity, 356.65043641444635, 92.40398588635915, 20534.328882639158], "[260]": [92.00760243629564, Infinity, 56.129544232444815, 8.811482994269566, 3413.6310748222736], "[280]": [91.73245193426109, Infinity, 5.53247980452276, 5.828008735023475, 4264649.356940807]}