{"[20]": [1.0, 0.8610357511668286, 1.0, 0.9999993602635626, 0.9999898707876245, 1.0, 0.9999999996917396, Infinity, 1.0], "[40]": [13.735927351155073, 2093125753.426195, 14.0, 5.216203960985101, 5.734620017457839, 5.206897865553103, 5.737141609658568, 10.00000000000008, 10.422965064625933], "[60]": [108.44034201807324, 1.687067568612124e+18, 120.42857142857143, 128.7077810014652, 131.84522288683686, 63.55016888984717, 56.15050368301576, 10.811454305225311, 35.141856248966235], "[80]": [938.5475953297615, 3.729403789879908e+27, 1384.142857142857, 506.8524783622199, 435.9372223397422, 351.44626706117424, 342.8078912899721, 369.0416732563449, 263.0209414291073], "[100]": [1966.6308812246289, 2.647552091869952e+35, 7228.0, 3477.4283564453935, 1973.8867030094534, 212.86391757836464, Infinity, 1809.5855548633444, 1600.3411607800572], "[120]": [1603.2268650775804, 8.308450134770628e+38, 905.2857142857138, 3792.148015616367, 6163.056266987807, 4231.387639313505, 4264.291612839541, 48253.29815200946, 35882.25547863544], "[140]": [1597.2816726304368, 4.976266294395922e+53, 5998.857142857143, 1225.6723321451482, 1242.39341518544, 1518.2601299719086, 1485.3803821164724, 29998.08868874709, 10975.622927093995], "[160]": [165.91669908973245, 2.135402919236706e+62, 1614.142857142857, 357.30113627689593, 353.009961954677, 399.0497560229028, 430.0862788399861, 246.7673812801229, 799.8737615007428], "[180]": [108.23463153817693, 3.104745092395459e+70, 257.7142857142857, 98.76592750891166, 101.38627041087545, 108.59974797325845, 128.67987964467312, 304.3314049583113, 149.78449608956097], "[200]": [226.65804153742374, 2.1119689227880706e+80, 27.142857142857146, 18.74215663562878, 19.759009598594986, 21.435796740436267, 27.96852537896556, 255.12400578104587, 289.129291937289], "[220]": [217.53090271237625, 1.776360035683665e+88, 7.571428571428571, 5.374511276873946, 5.507873790450967, 6.077161613072502, 7.563435105485204, 361.0219817765308, 365.30899228935823], "[240]": [194.1642427351444, 1.0427345148083256e+97, 1.0, 0.050686510147237795, 0.0225254447927814, 0.12268687095518671, 0.5861598503920777, 292.12996916802445, 298.2438164397158], "[260]": [172.46771097953115, 4.2491225503989994e+105, 0.0, 0.7401363717411438, 0.7602665311443305, 0.6989729800636328, 0.6644982586771282, 260.51358266981117, 261.4190854311583], "[280]": [158.66753649986845, 1.6874702090631743e+114, 0.42857142857142855, 0.03628919026917346, 0.039087249767495745, 0.0458057918583463, 0.07002631569316997, 235.51492580912486, 234.4702774302678]}