{"[20]": [8.66855611843037, 1223.0906942294769, 7.527865838010372, 0.785667691221947, 30.777467374811657, 1.000351200099804, 55.63940510662873, Infinity, 6.8793442288094395], "[40]": [7.058514714139565, 6.594202781477789, 8.608583960568405, 7.4388072512317995, 16.030166825881025, 2.1622357518950213, 338.2072093151841, 0.37019471795433884, 0.24493464509036936], "[60]": [7.667973265298933, Infinity, 6.218652472139859, 26.70692269532333, 24.838012217731542, 1.214950213223365, 2.806717856291939, 1.3748664606737662, 0.8427068949929056], "[80]": [16.33282667293378, Infinity, 20.374172072886118, 51.79595784663711, 58.77479515791214, 26.416106970779943, 18.482987435362276, 50.56773338529881, 24.013583671866947], "[100]": [6.013185064787043, Infinity, 22.28527307450644, 64.6038598036891, 16.049968959179875, 16.096796602360037, 4.897327039617015, 4.674499832645332, 5.9685406683348825], "[120]": [46.22800257867221, Infinity, 96.0675188544657, 139.42890972608774, 80.86410537951825, 48.813402762657645, 44.49372898898026, 28.240825465030284, 27.307536583499903], "[140]": [4.154685412559564, Infinity, 155.41331791176367, 142.15617619064375, 8.047193280481851, 17.21197777626634, 43.238773294218326, 71.30225423329901, 76.00770337520179], "[160]": [26.10705159981213, Infinity, 73.58341426930728, 150.3589197343215, 7.020411045742343, 38.772024844890275, 22632.029317093824, 29.974052187800204, 28.579936567115134], "[180]": [175.5391076245848, Infinity, 432.08520315549504, 697.6468014965924, 357.3179351567873, 468.84755836550363, 310.6828788981392, 2.8827734602231145, 5.524113381689044], "[200]": [427.12720860619874, Infinity, 1528.3369906171583, 1241.993538270604, 1015.5225534471383, 1058.3601845160447, 526.1297649995182, 353.9657529786715, 343.7843554897407], "[220]": [194.85786912437382, Infinity, 3703.0586917111445, 3611.762764916624, 1047.4561653599794, 814.1434231708089, 11293.043503569888, 271.92968045623337, 282.62990875624155], "[240]": [154.33313519125576, Infinity, 3793.972345517714, Infinity, 247.0965214712188, 749.4853888478555, 77924.62510939466, 379.7451622801828, 404.9724314304964], "[260]": [69.95092378577603, Infinity, 2699.975731096812, Infinity, 4784.303390435715, 2671.5485916096663, 62070.26019346249, 2474.393352769285, 2459.6374370256935], "[280]": [253.05393377860855, Infinity, 4579.369420326536, Infinity, 3712.049897255934, 2800.6656694113935, 41107.95443331014, 3499.155003955885, 3570.7146893569625]}