{"[20]": [8.087354429974399, 1223.5689550990421, 6.790430876179626, 24.868904938873584, 164.80483977622245, 1.6545509060204473, 153.46330735872314, Infinity, 4.129550710559003], "[40]": [33.707257364945896, 9.30067236039083, 82.14178426143644, 12.200250100233209, 95.42466271538484, 58.22051981285954, 26.232970677334496, 37.47842712656472, 2.1837452333439207], "[60]": [109.64664494691357, Infinity, 492.97175442320156, 322.90639628520915, 193.54233902514272, 304.86490474610486, Infinity, 455.59563836692314, 335.77536358515545], "[80]": [218.53176819056623, Infinity, 374.21250446025925, 949.8951705892614, 270.4599133982198, 347.80002999249075, 112.34816888849487, 2518.487007360171, 2503.9235625523365], "[100]": [34.435624450190936, Infinity, 488.26548523896173, 1556.6818077124337, 363.09792029555416, 726.538399239924, 556.0185555265534, 62.78916030968952, 44.21007867783907], "[120]": [38.49172344353846, Infinity, 623.2894872477075, 2166.561390827664, 447.43780952216565, 1160.4346855197014, 969.3810711727307, 141.8821785473637, 142.68178374757144], "[140]": [3980.9550841892, Infinity, 15346.890468425136, 15449.525939988927, 12378.579371636557, 14517.162433848165, 7372.902368390849, 4997.603666867503, 4853.078971295187], "[160]": [2229.716715480445, Infinity, 3632.326190879586, Infinity, 6035.2777605391175, 7084.993150123092, 39766.55384951776, 8464.270627079366, 7782.449805691402], "[180]": [168.60203596992804, Infinity, 15599.445329000768, Infinity, 11779.290369930226, 8295.473478535218, 23395.11794802625, 758.9664572391711, 981.9515102367388], "[200]": [250.25247703354265, Infinity, 3927.242132868582, Infinity, 2316.692690078361, 2703.2706065669367, 4120.270880482186, 244.32131901786036, 402.82186019235024], "[220]": [163.3173822710685, Infinity, 744.5716305531771, Infinity, 408.6860199613982, 804.1073158055689, 1119.8790952851803, 170.5677257607535, 208.1845590197724], "[240]": [167.06420966659462, Infinity, 265.44059107996355, Infinity, 150.00413580507566, 304.8293789558997, 361.7439457459853, 570.4770464904215, 511.9159456430736], "[260]": [126.51399908794959, Infinity, 32.990095584112304, Infinity, 19.950495276658813, 103.16513092273196, 116.07643116604883, 262.1177865844332, 253.9853376959163], "[280]": [101.42861058881543, Infinity, 2.336103093197806, Infinity, 2.8746819674096504, 29.957398537949228, 34.58489144391234, 156.27750373248492, 166.11339420447842]}