{"[20]": [4.0, 213.46310989659153, 3.5714285714285716, 11.61516205066485, 11.549470227921729, 2.8124839598661673, 3.119375241650178, Infinity, 3.1387077145989717], "[40]": [7.4999572450145715, 412900.5808792676, 9.0, 2.84017589557992, 3.8196028791005965, 3.8948088741976825, 4.012246361689845, 8.693283331521126, 5.504477462704287], "[60]": [8.389272814222807, 1538406460736535.2, 49.857142857142854, 23.803679599026452, 26.647661314208634, 46.506693930427076, 46.5709340897923, 322.2904049051366, 75.14152406007031], "[80]": [7.623773762297901, 3.40077629912588e+24, 28.14285714285714, 19.7164864292046, 16.716778567994993, 8.96573068665053, 3.990369736650962, 215.57566638394246, 156.30368802380775], "[100]": [18.59560497459387, 2.414254885475781e+32, 12.857142857142861, 36.96015060832501, 1.4671611219655318, 24.713069300880264, 1.871856618621024, 17.484807188429443, 12.293063640687322], "[120]": [13.111348747789265, 7.576325486168787e+35, 2.0, 54.04625468909853, 11.539543874353882, 15.761101647188028, 11.140505379175721, 11.625433359696586, 10.597284783738871], "[140]": [135.99338188605464, 4.537767621226321e+50, 247.71428571428572, 330.6866929243828, 205.85557966749255, 269.2418122146925, 205.6196182992201, 92.75642026177371, 97.50376441546939], "[160]": [555.7191645973899, 1.9472354461076123e+59, 2079.4285714285716, 2790.087707400936, 1244.2298096163856, 1285.396184039853, Infinity, 339.890173148774, 330.82984122274274], "[180]": [950.8945376632555, 2.8311610852975855e+67, 171.42857142857156, 4284.852910949747, 2052.141574915957, 2894.847857638073, Infinity, 1479.5144022455606, 1471.7689205136012], "[200]": [222.3175720997051, 1.9258664884755883e+77, 2084.0, 2081.7376078996685, 1740.8352423307542, 2167.226885223953, 2478.834566020313, 775.7352845299515, 594.3121759756746], "[220]": [11.889182584343189, 1.6198306258292654e+85, 508.1428571428571, 705.6094170968961, 652.4524119322944, 754.9388159785772, 1004.9768530366423, 130.1751716314418, 107.83952433996546], "[240]": [3.7414333581932624, 9.5085081810186e+93, 113.14285714285714, 276.02088338694267, 263.790832209196, 300.39196121906764, 416.21940712844236, 54.030532119866905, 33.49354994794021], "[260]": [30.618079207711048, 3.8746981460246653e+102, 6.857142857142858, 93.92209900037793, 89.66777842694233, 105.95078789400056, 153.51149387532084, 21.778530796839995, 27.93206332651817], "[280]": [26.931759509125868, 1.5387735893052318e+111, 1.5714285714285714, 32.79119055108434, 31.309285026851686, 38.35228159386134, 55.8758096697359, 42.28264396462362, 41.779088907986285]}