{"[20]": [62.27305461844061, 42.4909615495846, 72.0, 21.649908237516016, 0.9042110792372, 10.506955882493912, 11.448376534535058, 29.025888060127677, 28.636854157650703], "[40]": [647.076747022784, 436.59449915132586, 902.8571428571429, 958.093911038435, 802.7745406509455, 10.675302827329688, 51.270076874272945, 383040434109.47675, 178.18513695796537], "[60]": [5231.765953994913, 1.687066746137017e+18, 8566.42857142857, 8853.506667026226, 7365.060234301654, 7788.4828085716645, 4265.752331726526, 12026.846907346684, 1405.315778318969], "[80]": [7676.154790626999, 3.729403789879908e+27, 38074.57142857143, 19221.925870755884, 1419.6839872662458, 7235.400129497328, 2294.8477396853195, 34740.99294329839, 31815.90621185655], "[100]": [16400.683315649963, 2.647552091869952e+35, 4779.714285714283, 38515.62983335246, 22711.04594099727, 7544.295670054715, 34636.67329503941, 110595.09925980505, 102290.4802040121], "[120]": [3204.869736796998, 8.308450134770628e+38, 30325.142857142855, Infinity, 4021.173750665428, 6147.661826686886, 908.5400835381079, 197808.48446166478, 109226.36123994802], "[140]": [1655.6744894985313, 4.976266294395922e+53, 9436.142857142857, Infinity, 395.10137327034954, 417.445657682043, 562.2623837314313, 1050.852620249494, 931.1875341001687], "[160]": [1374.4904687352973, 2.135402919236706e+62, 2312.0, Infinity, 68.57261230859058, 96.09457491886451, 315.65887585356415, 2120.3345671227107, 2040.4683660831552], "[180]": [1071.1322053832228, 3.104745092395459e+70, 601.2857142857143, 317.89315710645747, 79.11901124629901, 126.52555514657143, 155.05634712078992, 1751.0949498378532, 1909.1527873603395], "[200]": [457.4948306187689, 2.1119689227880706e+80, 199.14285714285717, Infinity, 35.608496361352934, 70.66012357643376, 62.29895731995306, 1362.3291497640248, 1435.6059478447348], "[220]": [321.56293210915646, 1.776360035683665e+88, 46.71428571428571, Infinity, 40.71687372857269, 60.66754373249209, 51.09568733829001, 1124.2006457156529, 1155.7524827877328], "[240]": [401.4016045323715, 1.0427345148083256e+97, 25.714285714285708, Infinity, 24.312428476469556, 38.322565066297244, 29.987967128129025, 1086.3627856155704, 1067.4312820340515], "[260]": [514.8632718093413, 4.2491225503989994e+105, 3.0, Infinity, 23.45593381069524, 33.6373535658678, 27.182935340816375, 1247.5769660103465, 1241.259671259022], "[280]": [370.4646757206028, 1.6874702090631743e+114, 17.714285714285715, Infinity, 6.021557307637243, 13.79743743702311, 8.769073317396849, 875.3296410732164, 867.0690404319216]}