{"[20]": [4.0, 213.46310989659153, 3.5714285714285716, 11.61516200651448, 11.549469286100823, 2.812356583651911, 3.1195259053709536, Infinity, 3.1387077145989766], "[40]": [7.4999572564844135, 412900.5808792676, 9.0, 2.8401767451634665, 3.8196027796211567, 3.894848607575005, 4.012248116384429, 8.693283331521098, 5.504477462704115], "[60]": [60.51311833170526, 665139062908450.1, 110.71428571428572, 76.90195215744, 78.39164861032482, 3.7000947524775256, 3.7269373192636692, 727.7709345766948, 29.011791907856917], "[80]": [169.0000027851156, 3.40077629912588e+24, 823.7142857142858, 425.7049224244698, 55.017501236006865, 55.83936827096636, 50.001893292117984, 70.38624980721875, 98.02000288107615], "[100]": [214.37718211074844, 2.414254885475781e+32, 2017.2857142857142, 714.8578046674993, 421.2051278376157, 254.75132848152953, 66.42475619439847, 135.04110279702763, 117.86894407813816], "[120]": [162.4519501788218, 7.576325486168787e+35, 1252.0, 49.53412390084941, 572.8310885421924, 905.4132157170961, 265.1584633873099, 2354.8136755507494, 1722.39531841181], "[140]": [156.996396716052, 4.537767621226321e+50, 1259.7142857142858, 37.487546012585426, 138.52699321455475, 46.8311105505702, 75.81047213079819, 308.6274611833269, 34.41367307265705], "[160]": [90.2289005986222, 1.9472354461076123e+59, 343.0, 3.5021730118699566, 24.395804150540243, 9.067664007113422, 6.645313602286592, 82.09975884508651, 42.42511616246236], "[180]": [26.79285985215097, 2.8311610852975855e+67, 75.71428571428572, 9.621376225137794, 4.032047491886992, 12.106188109640591, 8.244385499508866, 2.803619224266569, 2.730466070961455], "[200]": [70.97241939276273, 1.9258664884755883e+77, 7.714285714285715, 16.654080805922966, 13.424348939304899, 17.36537618077721, 14.817703424067105, 25.02948542872057, 30.599145396036455], "[220]": [74.87726006047137, 1.6198306258292654e+85, 11.285714285714286, 1.4999432152520464, 2.5323429547008978, 1.327915275643384, 2.1617361976168192, 43.08669090859304, 46.19154328329371], "[240]": [61.539937180880315, 9.5085081810186e+93, 3.0, 4.955150742898537, 4.5638371584194815, 4.993415493479679, 4.675730863144722, 29.740550873732843, 33.29182608722141], "[260]": [62.19655697825374, 3.8746981460246653e+102, 4.571428571428571, 0.5311042195481193, 1.2700063362458844, 0.523006965087343, 1.1184062202723166, 28.868743954995715, 30.915660057490978], "[280]": [54.402761633478804, 1.5387735893052318e+111, 0.2857142857142857, 0.004532530385670941, 0.0025498581602462524, 0.0028747328637684423, 0.0015292144152988497, 28.39190435168616, 29.58383312780925]}