{"[20]": [4.174043600753924, Infinity, 5.595451945023291, 4.647481263748677, 149.4478417788142], "[40]": [19.71304161421283, 1775.0940391776694, 102.27770053221163, 17.848751467307657, 263.89551738807967], "[60]": [332.61983384837083, 985.412812496668, 2766.9101128739726, 946.2441001589293, 10096.45378716389], "[80]": [2800.0396926215185, 4261.535781285261, 4473.4690272911575, 3703.077424856629, Infinity], "[100]": [389.9556729940893, 5492.232709522277, 5736.822071787403, 3770.40426716785, 1075.7563205814374], "[120]": [665.765926723049, Infinity, 1156.0679272603197, 1478.8826723709283, 357.53829831533267], "[140]": [67.52080063515322, Infinity, 210.3227708289891, 436.3427606118431, 112.68481027197912], "[160]": [266.1225373130201, Infinity, 44.20667787197924, 128.5979085013069, 34.70971441545244], "[180]": [214.39940050662597, Infinity, 33.13058408615397, 3939.6755539979426, 12.944707721666438], "[200]": [129.9839247173762, Infinity, 4.853328997366438, 4914494.30127298, 2.410116427588768], "[220]": [89.50417526190812, Infinity, 0.6048149681679587, 4677922.626248614, Infinity], "[240]": [70.03237154433941, Infinity, 1.3796012625978673, 0.25327397370229254, Infinity], "[260]": [61.34086155055999, Infinity, 0.0, 0.0006362356227164644, Infinity], "[280]": [56.03537764994752, Infinity, 0.6156805465793787, 0.001239423466561014, Infinity]}