{"[20]": [Infinity, 2.4610412883214257, 4.0, 3.9999991742219647, 3.9999863229047325, Infinity, 3.9999959716016313, Infinity, Infinity], "[40]": [96.24772383380561, 23239555874.86008, 101.076053437884, 55.88987310653708, 78.67570764753106, 160.33119253777474, 912.7859918566809, Infinity, 86.98554782667306], "[60]": [121.59991602532556, Infinity, 277.1681290550691, 327.4740637446237, 336.7467543907929, 280.31645135418637, 21695.73673787544, 69764.03586813559, 30.021249962806106], "[80]": [15.030352327967028, Infinity, 13.698971408810424, 312.93446856280747, 18.03842331794821, 230.65743990947004, 29.018620899971744, 2125.169946554336, 1374.3757081057336], "[100]": [14.289618577898176, Infinity, 1.4019519314448479, 395.6531893305801, 1.050983174124471, 1.663354448098458, 10.603557363465018, 75.24846105791443, 138.77247537144012], "[120]": [17.126101093778967, Infinity, 4.67625580882468, 407.0548496308278, 1.3054181661787938, 10.326388372079327, 0.8218957889942032, 77.6442440483116, 31.526581229391923], "[140]": [1627.8246709292532, Infinity, 1933.0411100934853, 2414.702972310358, 1896.3130493682768, 1981.8129140363108, 1895.4976090091782, 1572.0210244952632, 1599.8962803570346], "[160]": [8317.255731920659, Infinity, 16082.893374832482, 12174.499633146688, 8311.629031151962, 6099.9744707889295, Infinity, 1000.4659031193364, 956.8079265216627], "[180]": [10368.258797590093, Infinity, 19728.199896504826, Infinity, 3304.103059710935, 8473.9143374445, 183725.28750919786, 11390.980269850366, 8784.757933552304], "[200]": [2719.376251747256, Infinity, 22697.4537563027, Infinity, 31015.05295181532, 15756.387763023404, 41170.53395057288, 104722.01055726947, 100210.5946417142], "[220]": [3213.6834334736627, Infinity, 11083.2442849192, Infinity, 7461.255980409381, 6030.684685151223, 15843.945129911132, 18169.899683059626, 19242.464172517943], "[240]": [728.9721262789233, Infinity, 3415.8355202266475, Infinity, 2080.6904094340575, 2508.5621743746165, 2786.046529208522, 1641.633288182978, 1369.6471863573884], "[260]": [721.1139780842369, Infinity, 647.864342453662, Infinity, 453.70843608950867, 1117.928281491926, 1046.2775104329066, 536.7275069243659, 420.97390492608343], "[280]": [782.8987390078792, Infinity, 59.335000423805006, Infinity, Infinity, 428.0085921142294, 397.29281473073627, 814.3366976054556, 832.1249193432195]}