{"[20]": [1.0355854012466463, Infinity, 3.428571428571429, 1.0906814696644296, 2.0001759737131257], "[40]": [0.08910131287746736, 46.14782309851459, 28.0, 5.945933832823201, 17.40110220711334], "[60]": [3.313951529301619, 106.28139620534104, 50.0, 7.1408888194365545, 18.962788499404198], "[80]": [6.487255695985937, 64.61416261570139, 135.71428571428572, 4.005895070947304, 51.67149564856322], "[100]": [23.906767718422316, 403.38259156249956, 521.7142857142857, 64.19552497396103, Infinity], "[120]": [14.485279796548639, 981.8202513461097, 1846.7142857142858, 718.4179012025179, 155.53665040993565], "[140]": [189.71191645570434, 1004.38323817942, 2521.7142857142853, 1998.272800691634, 5.235165719950601], "[160]": [20.29791984207077, 42.67092316504568, 102.0, 1317.216842922022, 515.5764893871619], "[180]": [213.5217697599801, 66733368647.95351, 1245.5714285714294, 1173.2647200707634, 356.2569499958954], "[200]": [645.2024601000503, 47369327709.42442, 1096.8571428571431, 3169.0685144729214, 401.4367781127976], "[220]": [473.6284653865441, 2.500356226839224e+18, 1037.0, 2831.724263779728, 356.26035799000283], "[240]": [367.0854146966035, 7.591064687897307e+18, 723.5714285714284, 1938.4122278296109, 327.75497756015966], "[260]": [260.18637253585894, 2.401259354499217e+37, 485.0, 1297.1229946267908, 234.47373424785087], "[280]": [67.55605657577348, 4.0480862734599397e+55, 285.71428571428567, 640.7850706488684, Infinity]}