{"[20]": [58.9596896324754, Infinity, 60.34283564221504, 44.09080071568482, 40.33021670773062, 222.2223193313138, 705.6978371518361, 31378.867874485426, 56.62299667658716], "[40]": [977.9824604162393, 121.24191907205595, 1261.3371748776576, 1324.4692714333323, 1315.21284223217, 963.0604130309791, 490.0277003123427, 152.42890330771027, 14.772293956486674], "[60]": [12668.014522383022, Infinity, 21050.56256537843, 16499.99098736529, 796.2669647386052, 555.002477585997, 6254.763505412564, 7344.632254007152, 8810.9520281754], "[80]": [24891.435887486856, Infinity, 4625.743199674188, 5405.646456203844, 10832.027482525727, 1330.3149433562596, 1407.3744316267944, 1764579.7744213275, 556770.6034786858], "[100]": [1065.3864844046823, Infinity, 22076.92570064446, 1913.8120690972155, 1029.5098092345722, 1060.5264894616532, 993.9896036094032, 796002.8757777388, 578991.793989606], "[120]": [1811.6982506600011, Infinity, 4551.8612281025435, 738.674950041999, 298.7349071812968, 231.8876821005529, 240.49170429567212, 11722.071789072497, 9310.847581354325], "[140]": [590.1035564539278, Infinity, 817.5765721738005, 214.3202414242473, 132.2261876247472, 123.22380662207864, 113.10572380632257, 258.92652476768035, 748.9539464799898], "[160]": [503.92593284521274, Infinity, 147.5470412069554, 66.72119459781369, 50.91794386403159, 53.17050654675114, 51.518559899133194, 2586.2908052450694, 2642.774548987648], "[180]": [601.784778424983, Infinity, 42.99448870583963, 8.05358870779835, 4.438608660586172, 6.17477655049707, 6.222301531720118, 2589.6313421346604, 2551.549610620577], "[200]": [472.054825172392, Infinity, 3.714488523717853, 2.5945790338616517, 2.217928037515082, 2.3423559593211856, 2.3012572401534395, 1745.3331470623657, 1760.5374670491444], "[220]": [434.76517415286236, Infinity, 0.1676791455877189, 3.774184958642061, 3.554380952148855, 3.7409679255670314, 3.780034713752909, 1374.8390802152628, 1378.816608567988], "[240]": [403.11102227814996, Infinity, 2.6588169580184466, 1.6284557883450432, 1.2641206051596856, 1.6241351139099722, 1.7217266324252087, 1133.2556277765607, 1132.7691136588903], "[260]": [396.4084766424119, Infinity, 0.8881871654542993, 0.07427670521014892, 0.14713080982383586, 0.07483436249795022, 0.055108156718796535, 1045.9316976120995, 1043.2849955828572], "[280]": [371.6897153278878, Infinity, 0.0, 2.0130189741131675e-06, 3.295296881886363e-06, 7.347875538111618e-05, 0.00013569403861833, 906.1555248084434, 903.3377214230957]}