{"[20]": [9.842410316148142, 7.9335863865092335, 9.0, 7.040024528620065, 7.645263256759746, 7.162061037601246, 7.677052765757827, Infinity, 9.017717223146533], "[40]": [36.31483726624552, 18.013741715971207, 67.85714285714286, 21.822258276540452, 74.15225055599247, 30.414305618007596, 24.760808711847545, 869.4701810117672, 19.29946800281064], "[60]": [52.649564189904254, 1538406310736977.8, 272.85714285714283, 188.7933841440739, 72.8991366283609, 39.096308334804235, 29.701546775393467, 814.0224746512927, 170.3375652951562], "[80]": [22.771149424357645, 3.40077629912588e+24, 299.28571428571433, 585.0513146941321, 181.50485961630704, 289.8230855912859, 49.13900006946369, 665.8122958262588, 78.3325038970579], "[100]": [47.453267778142845, 2.414254885475781e+32, 426.8571428571429, 992.3689887059253, 294.14380866039824, 529.7988456927176, 138.77762668107698, 227.3470064141302, 153.7908930529652], "[120]": [53.50321109063407, 7.576325486168787e+35, 455.14285714285734, 1277.6697820121544, 316.7162493193946, 730.6407189869851, 134.19370080367344, 70.30290962016852, 44.063592729569336], "[140]": [44.65544126637906, 4.537767621226321e+50, 5544.714285714285, 4765.582830940243, 3622.402971866354, 5437.753923550606, 2772.3434308795077, 735.2772959694976, 441.44669738122684], "[160]": [154.75010562474017, 1.9472354461076123e+59, 3510.142857142857, 1907.5572605640027, 4571.35571497099, 4721.898461542369, 4897.950083591086, 2252.3334625569987, 1807.3395255990908], "[180]": [260.80681595381293, 2.8311610852975855e+67, 2612.7142857142853, 1445.645923734388, 1371.1359551039318, 1446.9001042985178, 1871.2551296318343, 1889.2437816184774, 1734.7639780795635], "[200]": [165.34335836571836, 1.9258664884755883e+77, 578.0, 383.1315214285505, 363.9462354800064, 401.13900732605384, 622.5866438375444, 346.3562198079062, 286.95427045983456], "[220]": [137.302875210833, 1.6198306258292654e+85, 133.71428571428572, 81.01395620412075, 76.53313262694309, 90.3341892166739, 154.6750560782579, 257.34711329806976, 263.90315887513395], "[240]": [56.594128793650725, 9.5085081810186e+93, 43.85714285714286, 17.4956741878934, 16.199046261310656, 21.40146709203698, 41.88647816039084, 81.6546576579965, 81.20362666605678], "[260]": [38.9905728972808, 3.8746981460246653e+102, 18.142857142857142, 9.644851370853775, 9.321896958603002, 11.08776681022377, 16.93168534783571, 100.63111997737059, 102.80435960622685], "[280]": [37.24697128638263, 1.5387735893052318e+111, 2.0, 1.9436062254347926, 1.863423222866487, 2.437589174072764, 4.116652145254259, 53.98022809826278, 55.225564222922785]}