{"[20]": [Infinity, Infinity, 10.0, Infinity, Infinity], "[40]": [Infinity, 24.357202180176458, 128.14285714285714, 120.75694011704661, Infinity], "[60]": [8806.162568362533, 4.041294295233456, 887.7142857142858, 1078.0858447559483, 720.9166294223664], "[80]": [316.5253728047246, 729.3042524470743, 824.0, 1946.7555069005057, 173.20468227455967], "[100]": [199.90300659266086, 1.532030555570089e+20, 1128.7142857142858, 3220.1913842363588, 51.26615176670339], "[120]": [249.30760680684034, 593.5650259920731, 1800.8571428571427, 5046.503591642058, 419.4256775056101], "[140]": [5873.947843167167, 1091.382918588988, 23234.142857142855, 27846.110831246468, 15798.565231571574], "[160]": [19956.954734583676, 6.7824764430178375e+34, 16203.0, 36290.05029043213, 956143.3271363879], "[180]": [9312.210836754119, 12853.306743669917, 30552.142857142855, 2380.8314159495785, 647836.1855129787], "[200]": [2768.9415112367196, 5.514612908663707e+45, 10342.857142857143, 4476.974722046931, 320896.13254924427], "[220]": [568.6800982718628, 1.02986786125164e+69, 2229.8571428571427, 2782.432747118044, 166819.71091858856], "[240]": [280.79342706499943, 4.70759637986924e+23, 743.0, 204.55058278687272, 73136.7889348664], "[260]": [359.6630077219746, 8.708001425154836e+75, 158.14285714285714, 37.2675547673924, 28332.72228078043], "[280]": [254.32107870833957, 1.534504938728901e+74, 22.0, 9315.992234849995, 10702.820536754081]}