{"[20]": [Infinity, 7.402378807790232, 9.0, 8.999999174221955, 8.99998632295333, Infinity, 8.999997510319895, Infinity, Infinity], "[40]": [54.16239610281614, 15772172826.305689, 89.15042684904817, 31.690292197178135, 53.16797241078558, 67.64193954657462, 61.0050221229642, Infinity, 60.84727188197778], "[60]": [991.4541215878268, Infinity, 1231.9811246253078, 1280.2814169484097, 1278.7038791721502, 865.2908327600724, 63188.34809456439, 414.8716825355676, 352.60471660691576], "[80]": [10260.374067414468, Infinity, 18534.442038489306, 10938.581407716683, 8938.048617794399, 4124.938654421881, Infinity, 3266.5979019087454, 4373.140173749987], "[100]": [12588.99942870836, Infinity, 29629.044633215864, 31388.10275278894, 8587.858232206647, 7061.347466417735, 17092.72477839065, 190847.56286850496, 185096.79763692815], "[120]": [1186.5825339151008, Infinity, 34050.03626197955, Infinity, 17816.295656621816, 10307.989955171955, 7393.540198712027, 157201.98500827333, 8223.902914376717], "[140]": [2640.9498465702345, Infinity, 12050.53436057979, Infinity, 2730.4939717613775, 1508.8501378189815, 1186.2970071195064, 9421.478411632863, 10593.095912738983], "[160]": [1043.4972940217904, Infinity, 2338.474263867595, Infinity, 323.326033293897, 161.07226130153208, 157.0447173446722, 720.8735615796727, 603.2691795166081], "[180]": [589.9309750483797, Infinity, 455.81768190579453, Infinity, 38.60186865702209, 22.250226567617936, 28.957720490328406, 1814.8937538498983, 2028.503409650171], "[200]": [597.3613739556431, Infinity, 89.09526062599566, Infinity, 10.663723234224435, 11.066528099339445, 12.230256282436107, 1512.8376830555612, 1586.2865672905086], "[220]": [529.9542887662581, Infinity, 14.788281992453454, Infinity, 4.011542562266354, 5.050558255104275, 5.645116415353805, 1584.8648994691691, 1658.0924515501322], "[240]": [494.5834415628127, Infinity, 0.9730018022285296, Infinity, 0.2845513738519075, 0.9437537431024153, 1.1794390065846059, 1234.6728653048935, 1279.3938250045278], "[260]": [465.85948048713846, Infinity, 0.0, Infinity, 0.01764286280587036, 0.15307748917271996, 0.21319630321672725, 1063.6520469720463, 1098.1825167401846], "[280]": [445.30990327022585, Infinity, 0.0, Infinity, 0.0033557224600073076, 0.026945254510108752, 0.039534057450950746, 939.6250676346002, 966.7125235733397]}