{"[20]": [2.807032386892356, 2.998543159490088, 2.544259228230524, 9.877411461349222, Infinity, Infinity, Infinity, Infinity, 2.142617569416145], "[40]": [43.000570496549685, 24.465159224015853, 53.73220647659633, 3.1676366449241526, 61.54223852740589, 53.16439836634844, 31.906538959603253, 48.42520475304809, 38.29146987708157], "[60]": [6.756054064226719, Infinity, 130.31089774050545, 168.0818313603056, 51.080881305207484, 51.93004693943847, 31962.30904914721, 16.20922373386729, 104.93603905610264], "[80]": [22.816718979565877, Infinity, 18.470120344163174, 166.56222505071287, 11.738988119905832, 13.698349941811879, 8.442264150134372, 1067.3116343164104, 551.8178288817213], "[100]": [15.672173765186344, Infinity, 4.46263379225337, 197.1934228067357, 14.028363809329683, 1.6434216060915061, 18.220055851704092, 25.81280339638181, 27.477276591214746], "[120]": [6.353202221570859, Infinity, 34.16994594356781, 186.9886919157561, 19.51517125653011, 14.214949433840665, 19.507880453301997, 5.972013614014615, 7.674276525871303], "[140]": [336.0071211999991, Infinity, 814.9780172110388, 1160.3733303708088, 732.4732220225278, 917.7943538855396, 731.8815864703586, 176.17907508735757, 202.83169492232707], "[160]": [2253.1744765410376, Infinity, 7884.149800013777, 4801.042018025823, 3961.761090987053, 3154.6857853998617, Infinity, 316.64536127755446, 377.5028622491199], "[180]": [3591.5747416613826, Infinity, 12235.916859510891, Infinity, 1838.0406925488867, 7087.048704936412, 69805.04024660894, 5881.741980115258, 6036.875319199862], "[200]": [197.4629813438398, Infinity, 12398.138932032245, Infinity, 15317.077197941375, 11545.358774462447, 62386.36123314763, 5602.672929846355, 5180.26274516723], "[220]": [181.02219370420283, Infinity, 6281.117135563542, Infinity, 4401.908105057865, 4425.404602603945, 22917.844049309777, 6452.221167891176, 5646.8090773925205], "[240]": [203.93009243921563, Infinity, 1884.5899906651282, Infinity, 1400.023404509962, 1976.3825500552243, 5145.122853732221, 720.8591576686615, 648.7652961147975], "[260]": [107.51221566416724, Infinity, 216.6592526845596, Infinity, Infinity, 795.6585523007108, 1600.8462579389557, 258.202122541017, 274.2543240599184], "[280]": [51.133673015080305, Infinity, 25.366296943483125, Infinity, Infinity, 299.59069663522996, 549.9139535473001, 35.50282758469316, 45.85349286067726]}