{"[20]": [Infinity, Infinity, 8.428571428571429, 3.503538564336269, 5.348591310100565], "[40]": [Infinity, 23.312365505457024, 54.57142857142857, 20.55295769760717, Infinity], "[60]": [4.120663302837102, 69.26262631679481, 230.0, 374.68252836470236, 24.004508510613277], "[80]": [9.14045630028886, 112.394737281527, 12.428571428571445, 411.5088651229579, 17.356762433810218], "[100]": [14.04190623247996, 288.4563575252682, 11.14285714285711, 356.2475189705426, 14.619920028989554], "[120]": [10.062543943881963, 1.6466189233325073e+21, 49.571428571428555, 285.3059023848091, 14.859820406654194], "[140]": [82.11143830490255, 1544.1079647108743, 1350.5714285714284, 1744.5960980221917, 445.84325859580645], "[160]": [128.33079386330064, 3493.9097755438306, 9805.714285714286, 13543.288169803947, 174517.83444353275], "[180]": [461.1277707250774, 5.081958457608783e+23, 1756.5714285714275, 4023.136316617656, 677332.4730554745], "[200]": [920.2596754408414, 4.959155291836098e+34, 7680.285714285714, 254.22016487902238, 55295.744635969466], "[220]": [166.84034183765357, 1.0601435101815674e+61, 1748.7142857142858, 182.9073681288521, 9911.579227851833], "[240]": [12.594294011050408, 9.867201955942961e+26, 371.0, 67.70446240663628, 10799.072119966166], "[260]": [35.830813409699054, 1.2313341953434969e+70, 40.714285714285715, 6.447712024644867, 1774.9142898142313], "[280]": [54.19263013317574, 5.394162994479602e+58, 4.714285714285714, 18587.58738495967, 3668.426518337774]}