{"[20]": [Infinity, Infinity, 8.428571428571429, 61.60775139930617, 2.959410275131992], "[40]": [Infinity, 53.95174399609812, 75.85714285714286, 140.31051918388846, Infinity], "[60]": [244.0803464841068, 388.4833875735251, 157.28571428571428, 284.0373462932985, 18.410868313468598], "[80]": [5.306867087947182, 77.45455656439299, 11.571428571428555, 297.53205133201595, 4.060845437527121], "[100]": [20.83014827251401, 19.167346937874754, 38.571428571428555, 339.1209749452454, 30.475783301691536], "[120]": [81.76045318570482, 1.5347215531203373e+20, 102.0, 437.9325992670665, 92.36058478028713], "[140]": [6.120810174664257, 23472.095981456514, 3970.4285714285716, 4501.247662819271, Infinity], "[160]": [1436.615248283193, 1.9661057847546642e+30, 11135.714285714286, 15002.922431085937, 1018.4804195476245], "[180]": [3771.737189927736, 21441.620209884954, 8533.0, 7717.430842767902, 262404.69076000695], "[200]": [196.76793650754075, 2.0579203742837404e+31, 5645.571428571428, 1320.6574658497173, 63066.01234557076], "[220]": [465.8116412725167, 9.065448907325452e+61, 1071.5714285714287, 250.7578592376051, 84074.22072319662], "[240]": [35.16299826254209, 2.101482970765796e+25, 212.71428571428572, 28.966350443937312, 5203.842519849274], "[260]": [14.055796197864522, 1.5570351380521638e+81, 28.428571428571427, 0.4512148244380989, 628.3391992494542], "[280]": [629.1825760226186, 8.561591905650081e+80, 0.7142857142857143, 0.009871583593404808, 10.479284505800175]}