{"[20]": [22.270379285694677, 364.1862722641289, 22.285714285714285, 188.50509137757626, 238.78991591764367, 22.25150992220952, 14.498076588134133, Infinity, 84.11588278297884], "[40]": [299.8223557064072, 165.1748905496098, 323.0, 56.78292546335035, 350.03640059611524, 337.59912005432193, 347.06118242066617, 51.48146101367621, 47.088436734011225], "[60]": [150.80475418565106, 1.6870672115375365e+18, 1213.857142857143, 1173.9826924251254, 608.7579371245272, 200.75046292348975, 110.35001323622464, 3784.631966428061, 2523.5542662769394], "[80]": [260.2447669454705, 3.729403789879908e+27, 1303.857142857143, 2439.960172186217, 915.3754152847355, 1218.9430854209568, 751.0316513691027, 40608.3945194044, 5780.574165865317], "[100]": [1112.0066971317528, 2.647552091869952e+35, 1385.8571428571427, 3706.8831263929897, 1051.3743927575738, 1776.732623766794, 139.2295318551187, 799.0709976431081, 620.823301879941], "[120]": [2348.9742770668163, 8.308450134770628e+38, 2600.7142857142853, 6000.141826448906, 2331.649953108714, 3370.542901892658, 1341.7735615100582, 1221.441892787212, 1339.8892759075115], "[140]": [327.38538395196156, 4.976266294395922e+53, 13642.714285714286, 18339.224774281476, 11322.000617861358, 16603.485388183497, 10089.31376845763, 18081.809303907, 17809.301707958955], "[160]": [2179.6008098899547, 2.135402919236706e+62, 9574.0, 5942.023696755228, 19961.87119415489, 10633.61836302081, 20970.13393723411, 8554.842687927732, 8573.262968703679], "[180]": [1782.1162850158662, 3.104745092395459e+70, 8062.142857142857, Infinity, 3146.27636031322, 3045.8464299200805, 3103.525279657145, 14778.877620253788, 11675.428952293743], "[200]": [753.8083319894349, 2.1119689227880706e+80, 2130.4285714285716, 48.95798792234905, 696.229909171034, 792.7790503822932, 890.2351415454277, 3993.836093070033, 3469.4676486380986], "[220]": [173.81642823242237, 1.776360035683665e+88, 516.7142857142857, 91.07387266269149, 106.97420372513625, 141.55370970225397, 178.5518424586743, 537.7284896847283, 526.1843647986201], "[240]": [458.68029984755503, 1.0427345148083256e+97, 232.42857142857144, 10.268108965518095, 68.43129036763295, 75.48518763626569, 86.41946771282815, 678.1078037361212, 687.5390406303902], "[260]": [388.1872118387919, 4.2491225503989994e+105, 35.57142857142857, 4.966380038702329, 16.25130024231468, 23.17035477308329, 29.168998741283687, 467.063893848253, 470.4514889054493], "[280]": [345.92487004081795, 1.6874702090631743e+114, 8.285714285714286, 1.8174560949503213, 4.833031629435691, 6.888616239919422, 8.772051169218075, 435.37443632610956, 439.5916147151429]}