{"[20]": [7.2151908192645955, Infinity, 8.201850226478404, 7.623969351517375, 49151.81342381122], "[40]": [18.840759308803804, 48.49087544944975, 90.18560538066963, 28.415330921897134, 7121.742005453305], "[60]": [52.707892685219974, 1031.0657369406044, 1333.1007156490673, 281.51131069699034, 7949.5528026723405], "[80]": [1255.379043290931, 16821.544364326885, 18038.36117572703, 10807.63673825271, 1929.4690696540372], "[100]": [1547.8697187003686, 5352.9242910771345, 2252.428311158378, Infinity, 9563.642571479028], "[120]": [2292.6705776475264, 18988.993820707845, 16961.679724857273, 216990.2393242223, 5967.69851511276], "[140]": [147.3845342670009, Infinity, 3542.000697036556, 258741.2704202785, 942.6353186177823], "[160]": [395.9680705684577, Infinity, 634.999044461779, 8640767.562177565, 175.24354675340578], "[180]": [274.16261018365026, Infinity, 95.69159319952897, 16428207.62497507, 22.1668984092168], "[200]": [170.55283114819716, Infinity, 13.018476432679815, 16252497.537036305, 2.2998746913430246], "[220]": [134.72711035597476, Infinity, 0.9360875686770526, 15095977.145583412, Infinity], "[240]": [122.56721970814704, Infinity, 0.0, Infinity, Infinity], "[260]": [117.00312748384006, Infinity, 0.0, Infinity, Infinity], "[280]": [114.98048619505505, Infinity, 0.0, Infinity, Infinity]}