{"[20]": [Infinity, Infinity, 70.32469526218858, 139.46453541880933, 80.38892782427935], "[40]": [Infinity, 71.41298021277926, 878.8610458270159, 816.8353434033447, 566.9421815175466], "[60]": [5003.883846199899, 132.40876316460026, 982.1610505001869, 2445.1210140646044, 1616.128338726705], "[80]": [139.53076646130677, 56.64281098805426, 345.5380559655055, 2684.837191341222, 275.50877232360386], "[100]": [27.23553187074745, Infinity, 375.0018780783199, 3293.3390551744365, 166.9038729949878], "[120]": [2130.8818306812936, Infinity, 2573.0358794386552, 5916.617983509478, 2058.5438216401853], "[140]": [12148.267649236082, 221333.61772205558, 34859.6434824666, 43772.98625201326, 21574.958396627913], "[160]": [45432.05950719511, Infinity, 3274.2354096051813, 51912.39840645082, 6829315431.270749], "[180]": [11950.704012527403, Infinity, 32638.397860067016, 11754.974462125649, 949475930.4174173], "[200]": [519.7433003535299, Infinity, 8358.243420733785, 2327.587125693357, 340343751.0475385], "[220]": [2195.235995814819, Infinity, 1829.2787907649906, 442.01815990267295, 167038148.72206202], "[240]": [462.8214022385987, Infinity, 344.4660591728152, 65.30976974988427, 78691029.98442678], "[260]": [469.12752284228253, Infinity, 40.94731292611593, 12.891813827794147, 19966249.839862306], "[280]": [2592.0381429897075, Infinity, 10.26154703874981, 3.19688617690886, 4229921.194232074]}