{"[20]": [21.913104320324315, 4758175.194160127, 21.285714285714285, 30.33743357111571, 21.27954036839222, 15.459745940014114, 18.391428261953024, Infinity, 4.103405640826743], "[40]": [245.25564928127454, 64.91507515015067, 253.14285714285714, 18.593860842791855, 279.5184169905532, 237.21594705531822, 206.17142476650218, 312.1618579393961, 72.27727649349097], "[60]": [30.23684141650233, 1.6870673559722245e+18, 716.2857142857142, 813.9327944431864, 429.85916422511525, 89.26979139259356, 89.12514292605238, 121035.62274549891, 1223.4749034560236], "[80]": [309.2208135943415, 3.729403789879908e+27, 462.2857142857142, 1219.0827047188202, 329.44421529570945, 446.538259605064, 295.57044623803563, 16487.015601907846, 3984.849594358332], "[100]": [389.976278030073, 2.647552091869952e+35, 430.57142857142867, 1667.9280475212342, 371.4673301057296, 628.3259273191181, 165.140073463087, 1219.9734840289457, 1043.5634734898558], "[120]": [840.1972329306309, 8.308450134770628e+38, 1234.7142857142858, 2843.9402896675165, 1139.266219170613, 1634.1131266377479, 897.3594939226059, 791.7726421677571, 747.4916329344492], "[140]": [6350.417064388746, 4.976266294395922e+53, 15540.285714285714, 17197.999715659822, 14087.116464677285, 17289.57509510463, 13592.278327337512, 3300.8160386758827, 2999.821776032928], "[160]": [10505.435627084476, 2.135402919236706e+62, 1045.1428571428587, 11858.658395493576, 20137.341797733396, 23108.83076058857, 38566.703050362856, 24161.674564375855, 19410.577192315275], "[180]": [5188.314308988804, 3.104745092395459e+70, 13242.857142857141, Infinity, 8760.590384615267, 9102.242321091117, 9335.637686740913, 12322.248059188834, 12054.725214696315], "[200]": [534.4502923415203, 2.1119689227880706e+80, 3523.2857142857147, Infinity, 1927.3153954741288, 2585.4298214084733, 2850.355918849198, 7574.2040005458075, 6547.4043418885], "[220]": [1227.5145083656562, 1.776360035683665e+88, 672.2857142857143, Infinity, 458.1840944175809, 746.6152279799619, 869.9523177043202, 1271.7240059653748, 1113.9002177468642], "[240]": [1277.308635419192, 1.0427345148083256e+97, 198.71428571428572, Infinity, 145.85452531386383, 250.9774204680088, 297.4566122828863, 877.015460301574, 855.7009347525453], "[260]": [1076.4725809149982, 4.2491225503989994e+105, 37.42857142857143, Infinity, 42.21054516578651, 84.86222068805276, 103.73527584915905, 625.1265647678558, 627.8505250704775], "[280]": [1068.6370557688365, 1.6874702090631743e+114, 4.0, Infinity, 9.925438682291459, 23.610759318170818, 29.910751558641834, 519.1779383523891, 526.4532301955716]}