{"[20]": [Infinity, Infinity, 16.0, 171.8393582855905, 20.533577804987008], "[40]": [Infinity, 239.35305632967726, 280.2857142857143, 97.0333262884493, Infinity], "[60]": [1655.8596930089948, 2184.662607903432, 393.7142857142857, 783.4867239763053, 280.02313624617625], "[80]": [34.538125002010474, 221.11182962881867, 39.85714285714289, 840.4893398869926, 44.1110380027917], "[100]": [7.381553017413239, 1.0530374368230906e+22, 83.14285714285711, 928.2257406140137, 69.87995295162568], "[120]": [628.3948027705926, 1.310933721607585e+30, 694.8571428571429, 1573.6594624628747, 686.6295712960224], "[140]": [2831.1738852450762, 243820.08407508026, 13448.571428571428, 8562.464846965813, Infinity], "[160]": [18140.442307127552, 9.936793534865827e+35, 14480.142857142859, 32614.294760590343, 785499.915975961], "[180]": [11275.566516158347, 17011.699979076155, 20459.428571428572, 9348.771795677778, 620095.9496385384], "[200]": [500.1518163741166, 2.2192217877508956e+31, 7286.0, 1602.4367688026682, 141895.58286284987], "[220]": [1687.4273661917314, 2.935982261421304e+73, 1318.0, 308.20731722931976, 31619.254355968158], "[240]": [78.43153645094004, 5.00332372133463e+32, 292.42857142857144, 26.40908218588458, 217.17830685614763], "[260]": [193.03114819703245, 8.647636396850768e+81, 29.714285714285715, 8.31455532878843, 10336.863376423806], "[280]": [2033.6943624991202, 1.0993019280806418e+81, 3.0, 7.047467735430833, 683809.9345309983]}