{"[20]": [5.24135937212556, Infinity, 16.142857142857142, 7.556894883658277, 8.198242437051006], "[40]": [8.027490240155146, 1.5962670745261676, 27.285714285714285, 6.642273622279589, 8.167995590885624], "[60]": [23.989241204650753, 22.753291319459095, 28.42857142857143, 16.811847882970554, 15.369123155687845], "[80]": [5.090882413239228, 35.59410786894429, 61.428571428571416, 9.556413897749735, 19.636666010865667], "[100]": [35.36274704684854, 1121.0829716525245, 158.0, 55.42258223222461, Infinity], "[120]": [11.80086244047402, 235.7693567891347, 463.1428571428571, 65.31286959520094, Infinity], "[140]": [92.37732158046447, 52.95705074304078, 883.7142857142858, 372.0753089579707, Infinity], "[160]": [50.80570416268347, 2.076288595511918e+17, 947.2857142857142, 471.148269551315, 68.88478328436759], "[180]": [84.28890933985167, 611.5146525333603, 1921.7142857142853, 1055.4428533691043, 163.19568157256344], "[200]": [33.05272958273781, 6.08001031675003e+17, 5524.571428571429, Infinity, 1378.6085158419173], "[220]": [531.5034409948312, 107.20047582959523, 4258.0, Infinity, 1637.746599355094], "[240]": [137.46479338470817, 8523423.295126403, 2799.8571428571413, Infinity, 1058.8697781115843], "[260]": [28.87863388351252, 17081239791699.781, 6230.714285714286, Infinity, 1463.0098185016468], "[280]": [130.43912895926314, 4.298041405401303e+57, 3493.4285714285706, Infinity, 732.6376341774576]}