{"[20]": [Infinity, Infinity, 7.0, Infinity, Infinity], "[40]": [Infinity, 207.63898954567284, 41.9204551520972, 59.67331143554201, Infinity], "[60]": [278.88604396700805, 19.04877545867107, 158.65443796908144, 223.3277960695046, 111.36560576182714], "[80]": [57.34755459496683, 154.21727491677845, 11.679849674634115, 243.00081835132994, 47.7711317238713], "[100]": [2.847236109808034, 4.20349823875274, 3.0445514869659878, 222.34640757756333, 18.993363225084597], "[120]": [3.494740310771093, Infinity, 20.201201464953545, 197.03968967924195, 15.50194114905871], "[140]": [24.41287231565452, 73689227066077.31, 735.2641629110253, 965.510788343226, 188.10203545561134], "[160]": [378.0670044935416, Infinity, 6229.333115258567, 6533.160000389008, Infinity], "[180]": [3563.3426866594655, 15429.329555992326, 1485.79594856254, 11066.15238759871, 649430161.5739526], "[200]": [1980.8791815787015, Infinity, 6525.498884738713, 2901.731743780143, 44321077.246855654], "[220]": [219.99013864373555, Infinity, 1795.987029237768, 518.1064905517961, 14699669.7965422], "[240]": [61.87412366050692, Infinity, 361.82267551453066, 71.0159500313897, 700669794.6260879], "[260]": [73.40421697230053, Infinity, 48.91046946816073, 5.3871749335610986, 155466738.2330048], "[280]": [58.79544989763751, Infinity, 3.5344523808681316, 1.582727115448469, 9449838.86816376]}