{"[20]": [9.847411425075702, Infinity, 22.0, 18.46658239446503, 17229.341295090115], "[40]": [11.676051030236131, 83.12708079498167, 73.5130630954711, 6.524798037522541, 449.3538706945746], "[60]": [35.29318428977954, 68.74535260164727, 136.15043248177997, 45.88360894573128, 2740.410498836636], "[80]": [125.70518204266888, 213.11106369520766, 405.70697851443566, 94.12759059335464, 17089.369300737606], "[100]": [244.1115343174311, 371.4950268773682, 1605.5366457994419, 302.9215199216762, 715.222077298474], "[120]": [64.04491181263843, 2227.4747620114713, 3880.1391125917617, 2732.8317740695975, 1916.8529453193842], "[140]": [257.4418273822729, 6.537958712924524e+20, 2351.9333387730358, 5321.613648842025, 2617.0309258120606], "[160]": [1313.5138893286705, 125320863588.35825, 1979.0061071625548, 3532.2543486455284, 929.6513050899215], "[180]": [173.19381231819986, Infinity, 2010.4671584368352, 1290.1866478566114, 445.2661859517246], "[200]": [1549.085708942932, Infinity, 1592.0379565878934, 75.01129126331254, 388.161963054126], "[220]": [1337.5361352212644, 2.49715726912249e+19, 1112.7172777413443, 170.67383329563972, 340.3928333358566], "[240]": [1006.8714972579088, Infinity, 795.9083765817144, 265.4409514539703, 276.7399734425242], "[260]": [588.6984060172468, Infinity, 475.9069113492232, 398.63627958790306, 158.65148890978688], "[280]": [138.6463896848283, Infinity, 297.059407615439, 233.70200289483736, Infinity]}