{"[20]": [4.918041478110941, 0.7979837231858209, 6.857142857142858, 8.868303828532856, 8.640003809316152, 8.872128740526726, 8.642557597469217, 0.06039711833000183, 0.2218439218134094], "[40]": [23.576916532820675, 39.66289111567312, 60.57142857142857, 2.2929101632764315, 68.98344307287766, 2.3524604432593463, Infinity, 40.8620631435211, 8.010088294673025], "[60]": [24.366427759381395, 1538406310737009.8, 314.7142857142857, 235.6928641716196, 116.84752702335965, 188.6687519008176, 188.2171914635676, 25237.95669343016, 243.3230693539192], "[80]": [5.070747536041949, 3.40077629912588e+24, 49.571428571428555, 359.3333065467689, 2.965338894867955, 39.8719957951314, 20.933133431091278, 3151.215117477529, 470.4259367569375], "[100]": [30.111522805398636, 2.414254885475781e+32, 133.8571428571429, 623.073656199303, 82.11365840566293, 175.39613390968282, 72.0203317434732, 55.763601291412215, 70.19684168246431], "[120]": [52.26925604697226, 7.576325486168787e+35, 6.428571428571331, 589.9358070041054, 3.260360079691509, 131.99847265424512, 28.727074901335072, 32.72633547531245, 34.06641597569978], "[140]": [1477.337350638676, 4.537767621226321e+50, 3834.5714285714284, 4564.376891660591, 3202.9391879325517, 4195.714633282072, 3116.7157887602516, 640.3624378519444, 667.5585506196103], "[160]": [848.3270450365599, 1.9472354461076123e+59, 14402.285714285714, 17185.455830919338, 5143.100431039435, 5978.622947189815, 1202.475835086585, 263.2025453996612, 466.55802685656454], "[180]": [430.0659264583701, 2.8311610852975855e+67, 10129.714285714283, Infinity, 13963.933546026281, 15575.338770785005, 15566.2317438869, 10550.803083155675, 9330.236512704854], "[200]": [897.7537808366105, 1.9258664884755883e+77, 6952.142857142857, Infinity, 4170.851589537215, 6569.144445803264, 8167.9676300664505, 2550.062336558726, 2664.0611413736588], "[220]": [5.907145993638551, 1.6198306258292654e+85, 1391.5714285714284, Infinity, 994.7285812321538, 2270.404185758761, 3097.8279509724953, 274.96484298864107, 264.4585727300089], "[240]": [161.9062254722894, 9.5085081810186e+93, 318.7142857142857, Infinity, 313.0102640720967, 840.3703513830637, 1176.8104643538777, 125.9615375762366, 143.14923575832086], "[260]": [61.2129632838969, 3.8746981460246653e+102, 37.0, Infinity, 82.56382859621881, 290.8021143619356, 422.8719196115374, 146.72732458896851, 135.5494689483208], "[280]": [62.764194914001564, 1.5387735893052318e+111, 1.1428571428571432, Infinity, 20.520601569458705, 91.72047397731659, 137.5866007992059, 71.07532178859456, 78.53087916073824]}