{"[20]": [1.0, Infinity, 1.0, Infinity, Infinity], "[40]": [1.7751064772188336, 2.886623822470338, 4.226825318427386, 3.1663814929387257, 1998.0371500869835], "[60]": [0.34750901136620926, 14.655495260683471, 16.992708040960476, 2.6857254643647464, 11080.507602910953], "[80]": [1.4499930634265121, 45.841555711913905, 156.47010554427055, 33.60673399680966, 158764.41398184275], "[100]": [55.6003611524423, 1564.8810396526947, 1290.623477864002, 557.2931362175176, 1343.9185215854313], "[120]": [185.20506557295536, 2381.446185076672, 893.4270602005718, 65815.86709600103, 275.508680555667], "[140]": [235.02229523247027, 964300694.4866349, 1701.1170371816663, 158808.92015839665, 643.98553260975], "[160]": [14.252014640427179, Infinity, 630.3155034103719, 988793.248043396, 147.53228543544364], "[180]": [57.33463394823409, Infinity, 108.38469630512068, 2205047.6869917368, 29.36229563006706], "[200]": [36.57246805805403, Infinity, 15.98436146810154, 2345782.344771292, 4.646654122646574], "[220]": [22.090794636555145, Infinity, 1.0, 1744723.317719496, Infinity], "[240]": [15.182409250084213, Infinity, 0.0, Infinity, Infinity], "[260]": [12.022161439011553, Infinity, 0.0, Infinity, Infinity], "[280]": [10.307293406406098, Infinity, 0.0, Infinity, Infinity]}