{"[20]": [5.6942058434747125, 27.589497826126397, 4.913223253023643, 20.636978916003873, 13.41844047980616, 6.950631104122429, 82.65113677981225, Infinity, 4.378609734471612], "[40]": [16.671489945245376, 10986206181.218386, 32.784444674180655, 34.45704050383642, 27.258359577291092, 34.65182047426345, 34.009976254463496, 23.354623719291634, 32.41259034146088], "[60]": [318.1778189162678, Infinity, 345.285409773151, 377.3789851415582, 366.5425815102968, 95.01223141601491, 76.9336657207048, 5793.6395070792605, 118.30441427890788], "[80]": [1758.7472802430227, Infinity, 2925.3169368752065, 2496.701951704145, 787.2239543040818, 798.188609434138, 382113.19325639965, 472.052151529246, 337.71358730725035], "[100]": [520.5170337969603, Infinity, 8356.563012906998, 1423.5796451988203, 131.94129707556883, 1416.3642477511573, 59378.703754135226, 64376.72947897159, 21178.169724830415], "[120]": [1056.470638519146, Infinity, 2815.625241817092, 1066.2226269764144, 1992.7039682239322, 462.18587140179056, 1001.1786615993329, 36106.14562013389, 22924.508741952224], "[140]": [1185.11900907027, Infinity, 5952.342983290588, 336.2014151419995, 359.6612783893821, 431.4864745839022, 304.28605486729515, 2949.3337307332486, 10891.982817218255], "[160]": [192.24288168983097, Infinity, 1609.793144848229, 36.366695487596395, 27.59466466867371, 2.4832156360607986, 6.091027821501158, 1718.0535715690294, 1813.4964977954087], "[180]": [337.97020750455243, Infinity, 390.2583029382642, 82.66483790452352, 79.64904059455678, 66.61985681277262, 63.48648881755948, 451.6806852601696, 488.0687950561649], "[200]": [191.58521402387575, Infinity, 102.23288294645182, 46.55728070557246, 45.492910303003, 41.84976541663128, 42.327140281380196, 694.8468086852321, 675.3842822606414], "[220]": [120.81305635329136, Infinity, 50.47503125524625, 14.700809636389398, 14.255282557353155, 13.508812337856586, 15.297107420143233, 321.2559680729414, 330.22120454755327], "[240]": [159.36688299100783, Infinity, 4.803641782151116, 10.795541661561508, 10.669783493531492, 10.513265009586313, 11.131788962388075, 382.9162381971864, 387.92768315352214], "[260]": [133.6478918427321, Infinity, 8.140358264732253, 3.812252402976854, 3.7180458717776017, 3.74780958570703, 4.4853679169774, 344.85783048157344, 343.74822805258987], "[280]": [111.22115068286176, Infinity, 7.4514992658403285, 14.378296266984966, 14.324229985870698, 14.363946290526524, 14.828851875360968, 224.10670144320378, 226.95748450480846]}