{"[20]": [1.0, Infinity, 1.0, Infinity, Infinity], "[40]": [0.04748489580988924, 0.4070389218525987, 0.0, 0.6806513004205212, 0.14147625156058008], "[60]": [0.07329591992429707, 5.9858059650697015e-05, 0.0, 0.36094047521851913, 0.1284056143389103], "[80]": [0.7866204687699515, 0.8968277447805804, 1.0, 0.23175826712122605, 0.9040007314323618], "[100]": [0.3190799515504966, 1.0442237503216347, 0.0, 0.0, 0.0], "[120]": [0.21982123578720894, 3.498882660123773e-41, 0.0, 0.0, 0.0], "[140]": [0.18134236787330313, 1.2200790716956115e+41, 0.0, 0.0, 0.0], "[160]": [0.13446641564045628, 4.092828541051046e+48, 0.0, 0.0, 0.0], "[180]": [0.07091926140232177, 4.540496743216101e+63, 0.0, 0.0, 0.0], "[200]": [0.043563502291776066, 1.3226422966952824e+69, 0.0, 0.0, 0.0], "[220]": [0.028451500616846148, 1.205699435141411e+68, 0.0, 0.0, 0.0], "[240]": [0.019321696931621224, 9.148505362091683e+81, 0.0, 0.0, 0.0], "[260]": [0.057579335937515984, 6.084434970324289e+96, 0.0, 0.0, 0.0], "[280]": [0.05517127029711605, 7.804459417317628e+105, 0.0, 0.0, 0.0]}