{"[20]": [Infinity, Infinity, 3.0, Infinity, Infinity], "[40]": [Infinity, 750.8313530454009, 6.0, 34.77001807883801, Infinity], "[60]": [19.11476244969812, 21.839984424479212, 50.285714285714285, 64.9925440823613, Infinity], "[80]": [17.635325368519986, 79.25369260417497, 1.4285714285714306, 67.28205077467348, 24.072266365785296], "[100]": [15.72454623156699, 2.6226237335761757e+21, 23.0, 46.16356350069226, 21.215113947068687], "[120]": [1.018359928386836, 9.889163591817905e+27, 7.714285714285715, 39.13855797053831, 0.960830908244084], "[140]": [68.94246242593226, 3.1162175275928417e+23, 191.57142857142856, 233.3531426932566, 13.065935591098963], "[160]": [108.2735218339476, 3.712307830981732e+36, 2106.1428571428573, 2438.238415163992, Infinity], "[180]": [1184.1765271489212, 2041997229302560.5, 3280.5714285714284, 6230.3460714228495, 916.498595403621], "[200]": [1629.4245017147887, 5.081724471353227e+39, 3565.2857142857147, 2242.0194294051034, 6581.57344833171], "[220]": [377.355661686905, 1.7464946695716992e+73, 1680.1428571428573, 375.6691967013818, Infinity], "[240]": [47.07362665345874, 2.118402988667739e+34, 323.14285714285717, 52.63845907448026, 578.6418130672766], "[260]": [87.00974203757656, 6.388339163435368e+74, 49.714285714285715, 0.5370200856089964, 64.34614058429287], "[280]": [11.507800318629613, 1.6399413867269809e+81, 1.7142857142857144, 0.7734126613993133, 4.1666692823988205]}