{"[20]": [Infinity, Infinity, 4.06256716634186, 3.5927221919121264, 74.20848306083074], "[40]": [Infinity, 20.746475265146763, 24.231634407039966, 11.48456938343915, Infinity], "[60]": [22.441273227796348, 421.801981246461, 0.961740797437694, 32.039005696485354, 47.605770995137675], "[80]": [9.29810664434507, 25.124663353295812, 5.642815329757629, 30.66038928548687, 6.421848292905705], "[100]": [4.351955221953597, 8.196085096388405, 2.886794619396148, 29.794387255633904, Infinity], "[120]": [3.107767209798745, Infinity, 2.9495233935460528, 23.663231544422977, 3.464392903417239], "[140]": [100.87492439108989, 91188.33603880838, 176.70406104709625, 209.06691055788593, Infinity], "[160]": [86.05446808715942, Infinity, 1568.629131311367, 1891.2058173733153, 863.4578793569045], "[180]": [4336.827271938574, 7474.099143291737, 4913.781515920531, 3472.993140734153, 6479412.664119502], "[200]": [2906.8879380775224, Infinity, 124.69207439727774, 7636.724757085166, 10861237.801599871], "[220]": [921.058263065324, Infinity, 4378.003727283455, 2297.6177441776076, 16295768.74688692], "[240]": [565.2213345825796, Infinity, 1580.9365805718649, 233.11089003251124, 1255801.1091950955], "[260]": [69.77074576979078, Infinity, 178.60279997460313, 27.671222488071102, 622171.1381157364], "[280]": [110.84132461520429, Infinity, 17.21925834723488, 6.1292947007596075, 123047.36604225631]}