{"[20]": [Infinity, 0.00038431969908012077, 0.0, 8.756466713984944e-07, 7.900128624105816e-06, Infinity, 2.5035488720457547e-06, Infinity, Infinity], "[40]": [0.42788659141646196, 868725.9115340218, 0.11097185508602729, 2.3717562190611945, 2.8295716814983423, 0.37801961055174343, 2.1678255595469715, Infinity, 1.2963223780867204], "[60]": [0.7999481393262247, Infinity, 1.0407203270927106, 2.7857163587579756, 2.695567132904755, 1.7292660561210063, 0.6737103038229629, 0.14656796205995978, 0.19948552545288736], "[80]": [0.997153819502441, Infinity, 2.6042639819534883, 0.011487153620065471, 0.3560676596820765, 1.6198245190814633, 32556.197844051032, 5.11329282296751, 5.257237394287789], "[100]": [1.1746381923230809, Infinity, 2.0, 0.6999148422374583, 0.12423630941629767, 1.0350054324373534, 1002.9487440043283, 2.8630943059169063, 2.2672862624416554], "[120]": [0.18897520098520398, Infinity, 0.0, 0.008312042237467317, 0.012086255837512253, 0.06123594866193003, 165.2957021129354, 0.05438778018211756, 0.09234068112643634], "[140]": [0.16403289811906338, Infinity, 0.0, 0.0007042345748674244, 0.0011731576424914522, 0.010449956616345468, 20.783735371757825, 0.7521015613099719, 0.8339540584467977], "[160]": [0.14729858995731626, Infinity, 0.0, 5.961209413386156e-05, 0.00011325886876867148, 0.0018039491347288607, 7.883352724089177, 0.4563298921940461, 0.5062403949921028], "[180]": [0.13463168070801695, Infinity, 0.0, 5.043966721355335e-06, 1.0893772397729832e-05, 0.00031093082874427287, 0.7425305335202523, 0.32765362981169704, 0.360880214767585], "[200]": [0.12467148513397042, Infinity, 0.0, 4.2666965388012097e-07, 1.046071638033081e-06, 5.351948426116627e-05, 0.18730469094995375, 0.2556713167072532, 0.2793858311149679], "[220]": [0.11655428307378866, Infinity, 0.0, 3.6084635636962266e-08, 1.0082605347194778e-07, 9.203751759545553e-06, 0.015455869525029758, 0.2096682145748924, 0.22745796181824107], "[240]": [0.10986233519915349, Infinity, 0.0, 3.0512886342344145e-09, 9.693517111927811e-09, 1.581296512657313e-06, 0.0032529295881501418, 0.1777232948460882, 0.19157011550336606], "[260]": [0.10393016413795853, Infinity, 0.0, 2.5798145245989914e-10, 9.300910892595002e-10, 2.7156673137282694e-07, 0.0009431907941493593, 0.15424268621426548, 0.16533086417771517], "[280]": [0.09897819917180266, Infinity, 0.0, 2.1809624873880793e-11, 8.912192330618238e-11, 4.661430631780978e-08, 9.572094824232402e-05, 0.13625352156051831, 0.14533497389755082]}