{"[20]": [13.172808771417188, 10.240102015635177, 23.0, 0.5242260145671516, 2.297551746511555, 1.7491494422039935, 3.2315098906643094, 4.294753086419725, 5.9042963963074655], "[40]": [188.09601954498504, 25.977795672037416, 364.8571428571429, 353.5635596091456, 278.42934742926843, 81.60856757843118, 80.04149012257267, 3206199.6804988654, 28.31997264837895], "[60]": [892.0100745364152, 1538405680252951.0, 3074.714285714286, 2734.6688835624723, 2121.073330890611, 2388.665613179619, 1124.428343794776, 625.6995682106353, 511.7669438356497], "[80]": [4735.44785914167, 3.40077629912588e+24, 19775.571428571428, 6943.709593804564, 1887.7680052394608, 4073.7813893048733, 1835.2634119130234, 3747.986811034927, 2714.0300102407127], "[100]": [2832.329254626544, 2.414254885475781e+32, 6316.857142857145, 32959.74854364827, 6905.378990470388, 248.32274666513695, 168.27912537447992, 5924.958071924106, 8479.660221500933], "[120]": [679.2721901215373, 7.576325486168787e+35, 20340.428571428572, 11233.686889829125, 3800.5465854328977, 4765.115688198399, 1646.5242625400133, 7597.02617383108, 1848.511213908234], "[140]": [628.4378680730006, 4.537767621226321e+50, 6945.428571428571, 2951.7038602196153, 680.0417823937523, 682.8398091653416, 78.17545620592955, 440.2143893580105, 1027.3497003162538], "[160]": [356.0565891846454, 1.9472354461076123e+59, 1617.7142857142858, Infinity, 35.56711304286796, 26.63053697252576, 162.19775277275107, 583.4891775332026, 579.7883480095716], "[180]": [168.99064417429508, 2.8311610852975855e+67, 411.0, Infinity, 37.12628683719561, 80.75531136416294, 98.59403727743091, 13.776207384916688, 3.029696882717303], "[200]": [157.9535017468461, 1.9258664884755883e+77, 117.85714285714283, Infinity, 18.892811604638865, 53.39073709770571, 40.445431370371665, 436.2492311150422, 444.48050157507055], "[220]": [124.31762569092098, 1.6198306258292654e+85, 31.714285714285708, Infinity, 21.67067845968748, 43.04997258227116, 30.411946455014487, 228.29599860007255, 227.02651113971137], "[240]": [99.44919368029332, 9.5085081810186e+93, 24.0, Infinity, 1.5147674854693705, 9.21474955576218, 2.106294597959792, 201.1689487058564, 207.72076058292268], "[260]": [116.62737163587008, 3.8746981460246653e+102, 7.571428571428573, Infinity, 0.6837879598223893, 5.826104423420104, 1.2664867799727357, 189.05782134808788, 189.95149785386334], "[280]": [85.94516959163593, 1.5387735893052318e+111, 0.5714285714285712, Infinity, 5.67130895967939, 10.359255816820369, 7.002351315079881, 127.99391032384497, 132.06214289114962]}