{"[20]": [7.293958803864639, 23.37801871673304, 6.82258033223903, 31.76252456917018, 18.017497596820967, 27.664968043194325, 144.4502140710595, Infinity, 5.079577245081765], "[40]": [172.8922266992304, 16281049239.197119, 274.2136779408235, 316.2923737372221, 254.6154797845811, 565.2969447877737, 20624.11065596036, 649.1788314444268, 970.8109816662383], "[60]": [4764.78552060812, Infinity, 6133.171234348204, 5730.133190793706, 1079.1029768269111, 1008.1594873985625, 2648.5101868803795, 17559.898612533572, 3020.3960248725243], "[80]": [Infinity, Infinity, 30024.588525602823, 10246.0152588363, 1791.4794574401426, 5821.000660644951, 23326.909071378115, 408209.49282650294, 98737.72532424537], "[100]": [726.3548759275967, Infinity, 21336.09970174726, 5529.206030586951, 7929.3038556113215, 7403.178442414909, 6060.973353804419, 805748.7493653902, 310130.54679824936], "[120]": [860.0974794563028, Infinity, 11224.118270374378, 1168.6182218893673, 486.4516196542597, 312.6083051488857, 336.95318330997657, 18867.02205035742, 15238.771800801247], "[140]": [1105.0530533383833, Infinity, 2164.5317551925414, 598.3462660735244, 260.5164145375162, 323.5327146542265, 177.53415561897518, 412.71048410464454, 1317.5040502248087], "[160]": [582.325496422948, Infinity, 507.5919709692415, 189.27580358525805, 114.70901901184565, 141.82513506533545, 119.38966879590006, 653.9518032419569, 753.8602140167758], "[180]": [539.269011502873, Infinity, 119.31063464212521, 45.39247133851256, 28.87036716394916, 37.84352943059732, 36.32195141656518, 2015.235458900012, 2001.3448525566353], "[200]": [488.92206243745466, Infinity, 33.4689451942122, 8.380215276739596, 4.084912580879068, 7.224661531031467, 8.033601427252751, 2100.459355578162, 2065.2738674160764], "[220]": [453.4329740201095, Infinity, 3.4523816563977734, 3.5055423179962144, 2.908404452885001, 3.332488212251129, 3.3706032887415494, 1499.450387748699, 1498.7436044306594], "[240]": [417.3655421349532, Infinity, 2.2346605931143357, 0.7716238939560394, 0.47878789145823325, 0.7460950940815012, 0.8951242514459894, 1233.322121700745, 1234.4261922668145], "[260]": [389.8320785743413, Infinity, 1.0, 0.07475736646656458, 0.1719892414502606, 0.07851720321917982, 0.014325973344470999, 1069.703604969093, 1071.7664676291988], "[280]": [367.95222538231735, Infinity, 0.0, 5.830657957145349e-05, 8.504152693051737e-05, 0.0005985984516142414, 0.0019408725039084408, 915.7932020142777, 917.4900171109344]}