{"[20]": [Infinity, Infinity, 16.022888263210838, 4.761450390946824, 144.4603629409438], "[40]": [Infinity, 37.13796640118402, 195.2390073414654, 73.77167235844512, 1802.8416145793074], "[60]": [44.93451743898426, 32.207545158567775, 979.2831129305955, 1784.0103588181041, 221.98418141977655], "[80]": [8.313555868095637, 278.2891894266343, 442.0592956971268, 2528.1571983607396, 73.62247811899597], "[100]": [58.94399287245354, Infinity, 297.36695169293733, 2550.408441830281, 76.02062396532877], "[120]": [19.206788036479107, Infinity, 314.6434038994477, 3492.0852352730335, 91.12389151473018], "[140]": [348.52578528402626, 5149.477217773276, 13126.809797737853, 18620.10284198928, 8443317.51236286], "[160]": [488.8865360380833, Infinity, 11541.009828789314, 42253.28962863523, 839058996.1812527], "[180]": [2068.0510489128133, 1962032015.8387072, 18603.442728105456, 5958.003979588432, 912757963.2930479], "[200]": [847.1381153034761, Infinity, 6823.502117260201, 1662.150632326407, 200512.94933087024], "[220]": [149.410556763499, Infinity, 1490.4499468715085, 432.04145550124633, 21667.446190794337], "[240]": [101.66150073868737, Infinity, 409.5753626321144, 136.5382249069549, 90350942.9244888], "[260]": [96.30586367105141, Infinity, 54.49489826219103, 19.70145019077035, 27785819.911679663], "[280]": [106.22371498381086, Infinity, 4.599960926004435, 13909.819484983804, 3344646.6356069185]}