{"[20]": [0.0, 0.00012671894416448786, 0.0, 1.0835556608317027e-06, 1.135220078943924e-05, 1.587101661449283e-42, 3.4136889582377806e-09, Infinity, 0.0], "[40]": [0.7797567220934658, 195014.76522559184, 1.0, 10.885270378158221, 10.862559946033226, 1.8243761243452523, 3.002665520567801, Infinity, 10.705265814080139], "[60]": [27.17350476288651, 1538406480248682.0, 37.285714285714285, 22.3577846153411, 11.688115061409405, 12.789244512408708, 11.670367566150311, 20.24467996239872, 21.363199407247052], "[80]": [0.12797381133620434, 3.40077629912588e+24, 10.57142857142857, 32.236047060035055, 3.650484187042437, 20.686314970804844, 7.470339220171866, 141.9722516601519, 111.5262093238218], "[100]": [18.94438490559567, 2.414254885475781e+32, 22.0, 17.803058860972214, 17.43384121314547, 3.4696157004582346, 16.43707614257073, 56.462133948582135, 42.76834358506909], "[120]": [9.942418359805984, 7.576325486168787e+35, 8.714285714285715, 23.340995252722397, 4.276719073013801, 13.944674850377304, 3.4701128169976414, 7.651679213880755, 8.275589851482515], "[140]": [53.22047003926308, 4.537767621226321e+50, 63.57142857142857, 92.03961166282416, 57.31223697779012, 83.9315061278021, 57.29462017788523, 46.07853865120771, 46.58711640775801], "[160]": [340.19109362986023, 1.9472354461076123e+59, 817.1428571428571, 1034.8203826983665, 674.9995523134215, Infinity, Infinity, 60.55737991527985, 44.72909556335708], "[180]": [217.2634120246612, 2.8311610852975855e+67, 2683.5714285714284, 2363.189259506567, 1028.097398278319, Infinity, Infinity, 198.0557335938238, 190.28409959172404], "[200]": [233.0940747837185, 1.9258664884755883e+77, 1984.2857142857147, 1846.1104000819678, 2700.687585367481, 3369.2255221898913, 3325.000836332176, 942.4525558681662, 1007.7149159890259], "[220]": [242.4384478804884, 1.6198306258292654e+85, 1252.1428571428573, 1403.7900135357277, 1181.1150519433827, 1471.6210452934283, 1789.1610541472255, 1743.1730729899982, 1434.5184265175162], "[240]": [22.399474887220663, 9.5085081810186e+93, 257.14285714285717, 541.7968611364568, 484.48222019929585, 577.8231033460095, 765.0318096755598, 33.54546926098597, 30.207726847301927], "[260]": [57.406379840269324, 3.8746981460246653e+102, 42.714285714285715, 207.21294900169164, 186.29576383027648, 226.0666173589493, 309.3628841675624, 2.655889425120405, 6.217375681422176], "[280]": [65.49232415099414, 1.5387735893052318e+111, 1.7142857142857144, 72.99347491461663, 65.13215884794802, 82.6075836343625, 115.61845900073115, 36.64709297555641, 35.678433436883715]}