{"[20]": [21.0, Infinity, 21.0, Infinity, Infinity], "[40]": [58.66937091845227, 1410.3695500672297, 322.85714285714283, 49.2715599486196, 121.80221549610195], "[60]": [339.3798260388721, 2129.652727696426, 8610.142857142857, 5881.428305454803, Infinity], "[80]": [12566.37109863598, 6879.6814951426495, 54926.57142857143, 61615.985628704766, Infinity], "[100]": [27397.083249189112, 377870.6968332347, 36993.428571428565, Infinity, 51047.85975049452], "[120]": [6827.465183296041, 4.1592760050615085e+17, 20939.0, 5471.511511576182, 8793.925710496997], "[140]": [1175.2791251916278, 7.411123709357805e+19, 3807.0, 1166.6181795112016, 1608.247613151113], "[160]": [3558.4048120039724, 2.4754097530156075e+31, 1082.0, 11800.947318387118, 472.06975663002027], "[180]": [2327.965540672734, 1.5691824664939877e+23, 378.28571428571433, 10644.254532771094, 172.01586934742852], "[200]": [1206.0297167803276, 3.0317807090488935e+26, 125.57142857142858, 10249.81197564329, Infinity], "[220]": [644.6776698416837, 7.436486018043589e+18, 32.57142857142857, 10359.125636128307, Infinity], "[240]": [451.5330016005827, 3.297942792864744e+27, 6.857142857142858, 1.6913412257773248, Infinity], "[260]": [466.78822144053595, 1.5452091688344531e+37, 0.4285714285714284, 3.4999285089403847, Infinity], "[280]": [607.8765201895058, 3.065603020280917e+48, 0.4285714285714284, 2.7786973712387346, Infinity]}