{"[20]": [12.865304470154154, 6.009195912178922, 14.952916208804261, 31.865379488879626, 11.490386431878195, 20.627779521470874, 67.45075702024482, 29.037681180183046, 15.612471731048533], "[40]": [232.74353300994224, 148.29998493143992, 275.4560398327927, 190.67815870375642, 297.89238831541155, 203.9585888337707, 133.84467186868818, 128016.11886928638, 213.9529695953888], "[60]": [1495.5495994184112, Infinity, 2525.232847871572, 2568.9558540911908, 1689.7038772813557, 1191.6766169079235, 891379.8773129674, 945.243373636901, 478.29930512003773], "[80]": [5490.245273653645, Infinity, 14673.012482500777, 11919.817019449643, 2575.395422062583, 2629.73669302637, 2336.298527566847, 3656.700995789378, 4833.297409126777], "[100]": [10960.024962666683, Infinity, 5014.549892133785, 6184.921911746823, 1052.9346168048983, 1578.9423008245592, 6700.174576411563, 98241.69925468347, 38443.5464587644], "[120]": [3046.625748921999, Infinity, 14948.1484610798, 2990.949022144805, 1784.433598479194, 4088.796410180839, 1079.735523727814, 122216.97844080321, 84372.97044060746], "[140]": [746.6808603681791, Infinity, 5659.753514080261, 920.5698892273715, 6.963559898118904, 361.97172883326874, 68.80688553364548, 9365.845304346687, 11645.409890294819], "[160]": [245.82416435807176, Infinity, 1323.6830102401707, 306.3222488120906, 71.78963022541944, 27.15656813468512, 93.49494517189505, 505.5923590155404, 93.7448002850838], "[180]": [418.3406597460795, Infinity, 291.2058477142427, 114.8012926416894, 52.99572802379687, 29.904010844087928, 58.22164041621458, 1591.8447329488479, 1590.3903703019769], "[200]": [324.74884446924113, Infinity, 68.44323496321289, 52.75911296588066, 34.58411976551805, 33.00167143013899, 35.94121147579237, 763.421731857555, 761.7019846125442], "[220]": [168.8546683567808, Infinity, 38.06301663011662, 14.501681043110663, 6.819101834541192, 10.075446996529786, 7.298608165488165, 533.5679905665495, 560.5316703671172], "[240]": [234.45087160083696, Infinity, 3.761928288572986, 12.581828299623972, 9.970709600314652, 11.611482300824132, 10.121396526610013, 583.9101091076224, 585.9105345784999], "[260]": [569.5493229767815, Infinity, 5.753376960056882, 4.171368185880255, 2.5760115008311275, 3.9614287372443426, 2.6620538445359108, 426.15564093417765, 437.9138165502116], "[280]": [548.3249488134574, Infinity, 1.3445965815892615, 3.5527570729274456, 2.682676275552829, 3.5077202892334234, 2.7287102202831175, 369.9668489522256, 371.27965080350185]}