{"[20]": [12.990511346591125, Infinity, 21.83384773091968, 12.470842195493155, 11868.331957002883], "[40]": [22.172414437943015, 290.019648224519, 54.208567852356616, 8.276798247637988, 419.01640248872866], "[60]": [24.733811251075608, 40.5308928351813, 75.16780417631215, 1.5029388076594108, 1981.7299751613768], "[80]": [10.237023067459889, 92.42389079808056, 145.767586139139, 56.03236826040876, 8355.47643257949], "[100]": [4.191228529486254, 225.3693562001101, 461.1208399247104, 186.38788217296513, Infinity], "[120]": [36.41686490905594, 379.74638771529465, 1355.970023599114, 490.1545409035003, 212.51977312415843], "[140]": [284.62816154835224, 2250.6008775438436, 2106.2706746464874, 1447.0500662049865, 486.0835902624817], "[160]": [240.14498938012702, 1533.4669728986698, 2186.648561742549, 2906.1634476887975, 428.2623419966375], "[180]": [18.634003944911864, 5.056867792949927e+20, 3693.6231380354, 5952.896321161787, 332.32172914350326], "[200]": [411.11812735742876, Infinity, 7834.09754353088, Infinity, 1718.7071781357201], "[220]": [1377.943660922539, 1169.69838940837, 2322.7916892440635, Infinity, 1320.8349879608522], "[240]": [1198.690817148941, 6.79048065875459e+30, 5988.42705603958, 51429.12337681138, 3286.037369290207], "[260]": [175.99236286104093, Infinity, 7275.7068868643455, 16947.007427574612, 1365.0662781986882], "[280]": [179.19563319230957, Infinity, 4165.341243254561, 4248.762561368443, 845.9913260045477]}