{"[20]": [11.0, 10.86103575116683, 11.0, 10.999999360263569, 10.999989870788562, 11.0, 10.99999999969174, Infinity, 11.0], "[40]": [164.59743380555452, 50.109534235026615, 172.14285714285714, 21.943951033384025, 183.77515575826888, 164.87555609795356, 143.54020183767128, Infinity, 13.81632180254445], "[60]": [3153.0309953912742, 1.6870674442378499e+18, 3346.285714285714, 3222.1346236283484, 3212.6723371392327, 1140.5642877607843, 1118.0538480554228, 4230.19636121577, 816.755745533922], "[80]": [1399.9259826373673, 3.729403789879908e+27, 11290.428571428572, 907.0342914062112, 3843.618394061057, 815.995207125141, 1226.2026623535203, 43586.81958192851, 36831.02730615462], "[100]": [2330.426359791658, 2.647552091869952e+35, 9313.428571428572, 1052.5701905583992, 1260.0638131431442, 2056.140476639397, 2033.4087278474817, 72842.87801458254, 25816.917373221346], "[120]": [221.51207225385133, 8.308450134770628e+38, 4515.571428571428, 260.2131088326521, 177.2152926762376, 294.895286211502, 330.58915561700087, 16734.59136788261, 10576.226951803685], "[140]": [955.9189955499273, 4.976266294395922e+53, 654.8571428571429, 2.7923734911511815, 13.55368829245998, 1.1588172845812323, 14.789638712199519, 166.19918016920997, 462.13307380746437], "[160]": [396.4313515787421, 2.135402919236706e+62, 114.14285714285714, 0.5972240699062432, 2.311499074146383, 0.25233371063132637, 3.6778072051934387, 861.5723502026242, 871.7106058734785], "[180]": [315.94083160557466, 3.104745092395459e+70, 13.857142857142858, 2.456713886581168, 3.066327330516289, 2.5148048448142095, 2.0476089059443185, 977.4854418745836, 957.157079950605], "[200]": [304.87469462031595, 2.1119689227880706e+80, 3.428571428571429, 1.2734345914251008, 1.4992136045644169, 1.2826542061164359, 1.4214692104832882, 626.1040260150864, 638.4487714030519], "[220]": [221.2065124768601, 1.776360035683665e+88, 1.5714285714285714, 0.110044906250259, 0.07168390363543684, 0.10863755169406722, 0.08286943180705127, 523.2080197801556, 520.8037839522925], "[240]": [207.2190346741113, 1.0427345148083256e+97, 0.0, 0.0045579377142366375, 0.0046124417251811115, 0.00434903656948188, 0.011042258877259478, 429.5989280018162, 432.03173467771705], "[260]": [184.6473047667091, 4.2491225503989994e+105, 0.0, 0.0005804528935241446, 0.0005814733232078379, 0.0005501435196040843, 0.0015673279079426274, 368.71126961111634, 368.6325394796545], "[280]": [166.9520422240371, 1.6874702090631743e+114, 0.0, 7.392060823009704e-05, 7.330439304022832e-05, 6.958338757903198e-05, 0.0002224539365242319, 322.4857173326381, 322.3507997827292]}