{"[20]": [30.97878918736626, 18.3788813143802, 31.285714285714285, 66.64260183287168, 58.269039264615316, 24.547242270292976, 10.967589782817146, Infinity, 21.05451262565539], "[40]": [572.3169933457136, 232.61707197315724, 624.4285714285714, 198.12533361537163, 660.7678358771157, 505.6290062107496, 458.1003113471394, 229.23555177649013, 271.706637052165], "[60]": [10025.266963531958, 1.687066940053917e+18, 14195.142857142857, 12581.400973562779, 7510.201702285834, 7348.050741116784, 7533.911499970744, 2118.996618447558, 423.7287208974867], "[80]": [4722.242044349594, 3.729403789879908e+27, 64074.57142857143, 54533.98098195109, 68.45396634282952, 369.437233161545, 12483.562535881705, 101469.15705174499, 195787.49962818832], "[100]": [9813.880582623206, 2.647552091869952e+35, 46641.28571428571, Infinity, 32510.418701169532, 15378.955417908088, 14504.012488113724, 1375003.4645523466, 74986.18065580959], "[120]": [8202.673768438075, 8.308450134770628e+38, 24264.857142857145, Infinity, 3951.800534270238, 489.22059143728256, 256.89014833568035, 38753.94230019167, 64822.48080034117], "[140]": [1331.8757252592877, 4.976266294395922e+53, 5255.142857142857, Infinity, 168.2379631341364, 1095.2385794013735, 1039.0850022060804, 8336.360530182272, 8548.259389110415], "[160]": [1657.7398355998375, 2.135402919236706e+62, 1462.2857142857142, Infinity, 23.81896131317012, 415.0981836651277, 414.22077898171887, 3563.172814929424, 3674.4859552481303], "[180]": [1806.5865631259985, 3.104745092395459e+70, 409.28571428571433, Infinity, 18.271218928402504, 111.32144157640246, 114.7007341819666, 3862.4483916412573, 3853.0961311099163], "[200]": [1469.6304992558344, 2.1119689227880706e+80, 81.71428571428571, Infinity, 4.245348084203364, 30.823004421989353, 31.632331540583507, 3388.2185050650364, 3527.0526711786088], "[220]": [868.8965011525052, 1.776360035683665e+88, 26.142857142857146, Infinity, 1.7430628149508838, 6.510507126922999, 6.967349948865772, 1988.109290580139, 2067.0089703929225], "[240]": [833.3219218934191, 1.0427345148083256e+97, 4.857142857142857, Infinity, 0.5904844418850954, 0.6327749213538436, 0.691742863802858, 1992.3462556742438, 2039.9680576015571], "[260]": [753.0081122971806, 4.2491225503989994e+105, 0.14285714285714285, Infinity, 0.00023316808778011102, 0.0101701654615975, 0.020219436269740293, 1696.0910875795362, 1725.9980303157545], "[280]": [697.7037970404708, 1.6874702090631743e+114, 0.0, Infinity, 2.3542948383294425e-05, 0.0014731437962731367, 0.003170517773892365, 1464.5816904188337, 1489.2398859488835]}