{"[20]": [10.501005445815384, 4.286278120993213, 11.353459388409659, 9.16309160109002, 11.37760144811357, 5.861560258910329, 17.397222864217447, Infinity, 1.8190118662683366], "[40]": [40.97411661860804, 12.861798588747137, 110.02088878483166, 2.812420219459903, 116.30229335215589, 20.695393913667093, 34.09119604417106, 2.3522579321550494, 2.2302622439266795], "[60]": [331.93626616086385, Infinity, 1058.127180166354, 984.2442505022418, 628.7971136455828, 219.20785191222066, 152.4030450306617, 114.8918292026603, 2.866139595034068], "[80]": [1645.1860539743952, Infinity, 8201.218510132838, 1118.7362457931065, 443.846101490985, 444.1838616323791, 15314.593954858588, 2075.2454210897963, 1963.61256771873], "[100]": [1505.6311519954368, Infinity, 445.95011750855394, 185.23736219326543, 263.6278194191869, 1612.9867794439194, 199.8390278831642, 2540.326643058594, 3788.65000065267], "[120]": [1074.4264008043822, Infinity, 6936.52180980742, 35.03466151917728, 770.5389279558285, 881.9057377375348, 649.1516953438941, 3919.1467242573576, 4995.987574391563], "[140]": [185.93209104110176, Infinity, 1825.979876689949, 393.7217998028108, 93.02946823255044, 5.988453698481383, 113.15230246273343, 50.637560729014695, 5.6773663733002], "[160]": [183.97745381110545, Infinity, 437.6756964171147, 243.8980211941655, 111.01177942678572, 110.64639432692395, 111.97316538474661, 473.1865045704173, 446.74840720589424], "[180]": [77.51775989102512, Infinity, 121.07388011083205, 97.66495565193473, 50.41692044365764, 64.38775196992897, 49.936521012428756, 186.0756718775397, 194.5058058973989], "[200]": [58.69522663808341, Infinity, 32.8216356955418, 61.39237003951527, 40.10515993485062, 54.033017699520116, 39.64256690120824, 79.37520123376608, 93.23039843715533], "[220]": [50.40052299052137, Infinity, 18.740490265578725, 35.37071617931173, 22.66896033725667, 33.82787081311631, 22.323141949486295, 142.04772517476115, 131.3348404829415], "[240]": [62.00859231283754, Infinity, 10.423775909082737, 20.415177719275878, 12.321141314927468, 20.10091825972436, 12.08768431320845, 163.5056537131164, 163.34418599798937], "[260]": [46.89177652510911, Infinity, 1.4608824645229366, 16.86440094676285, 12.002884278364906, 16.801482338339607, 11.860690116445431, 50.06885752287967, 55.584293760391276], "[280]": [54.40353631050125, Infinity, 0.8864657164327034, 18.760052142495606, 12.636625757060113, 18.747591299379128, 12.456748605890652, 96.57060245881566, 95.83494550247501]}