{"[20]": [1.0, 0.9998732810558355, 1.0, 0.9999989164443391, 0.9999886477992106, 1.0, 0.999999996586311, Infinity, 1.0], "[40]": [2.4888997178599577, 166287.92851517838, 2.4285714285714284, 1.3684590597682682, 0.6590843821511623, 2.7983698724896593, 1.9119052290221736, Infinity, 0.07773536083422883], "[60]": [2.782993718798524, 1538406480248640.0, 2.7142857142857135, 5.575004083184427, 6.566635216297587, 1.3868445345042701, 1.6703257286545998, 2.826936027611719, 3.0627062242646304], "[80]": [5.057090249500121, 3.40077629912588e+24, 6.0, 1.0478989811310306, 2.5939367227070926, 2.960198943907338, 3.2328187719192982, 6.88033777592063, 1.3006146175786304], "[100]": [2.7160368537567408, 2.414254885475781e+32, 3.571428571428571, 1.5503737428731452, 3.2643677188834768, 0.28012323583616583, 1.0969452628566305, 9.87446648330717, 5.681727285210503], "[120]": [4.7858711331652035, 7.576325486168787e+35, 5.428571428571429, 0.5538667061760187, 2.9142530007710814, 0.7784081081079464, 0.6910480243865789, 4.067201060777902, 4.143700987020258], "[140]": [0.1510603479172552, 4.537767621226321e+50, 0.7142857142857143, 0.6955287138815046, 0.991490017333183, 0.21584408233599905, 0.15996965323782975, 0.12188664485574696, 0.3195478640404996], "[160]": [0.43849196161826853, 1.9472354461076123e+59, 3.7142857142857144, 6.192758699696158, 7.999167228133911, 6.01056621222182, 7.677964249160035, 0.26050869895292017, 0.1251244849317832], "[180]": [9.528459875630602, 2.8311610852975855e+67, 16.285714285714285, 26.073338602736047, 32.999918527229, 25.91970936334679, 32.46442137889168, 4.446438078610932, 6.249465612386956], "[200]": [9.13465268017498, 1.9258664884755883e+77, 63.28571428571429, 110.69113951607753, 138.999992027027, Infinity, Infinity, 13.573440032014105, 11.812868313159072], "[220]": [177.08081533704865, 1.6198306258292654e+85, 236.71428571428572, 406.42478642879087, 503.9999992058224, Infinity, Infinity, 0.5244569119301445, 0.6881802150217027], "[240]": [41.493391893369676, 9.5085081810186e+93, 144.8571428571429, 354.78008928548826, 567.9999999221774, Infinity, Infinity, 699.2553664465697, 650.220308881903], "[260]": [46.40986904495537, 3.8746981460246653e+102, 169.85714285714283, 120.78772851811337, 227.99999999237582, Infinity, 239.43457377974244, 52.78256120995064, 43.08867382950001], "[280]": [15.29531547847688, 1.5387735893052318e+111, 135.0, 248.67186100652586, 307.9999999992533, Infinity, 96.44250921020472, 1.021398685804968, 5.9373808110591995]}