{"[20]": [0.0, 0.00012671894416448786, 0.0, 1.0835556531333084e-06, 1.135219986086261e-05, 1.5870633693340166e-42, 3.413686555848105e-09, Infinity, 0.0], "[40]": [1.3539106523667213, 1814119.922595847, 1.0, 0.5706478478407511, 0.22154911746344563, 1.471498688402129, 1.3621532736694868, Infinity, 1.000155489066862], "[60]": [9.1982598563736, 1538406480248650.0, 11.857142857142858, 7.110291140043415, 7.699466342952352, 2.5284746953574917, 3.2210395140782495, 2.9999999999999396, 1.7456570652835772], "[80]": [85.70024070221262, 3.40077629912588e+24, 147.57142857142856, 30.478667950850138, 20.49424534653312, Infinity, 15.805878613545275, 13.151656743282217, 16.08102129086194], "[100]": [233.25367120159171, 2.414254885475781e+32, 1565.7142857142858, 789.3832781887627, Infinity, Infinity, Infinity, 94.87194953748212, 229.3751022493666], "[120]": [79.09426950582747, 7.576325486168787e+35, 4419.285714285715, 1470.8294012306524, 155.24349877269378, 202.772365404855, Infinity, 2151.7981989637246, 997.89719127834], "[140]": [439.6646231187624, 4.537767621226321e+50, 2814.857142857143, 2084.995813752197, 2177.954589346389, 2184.8635670038475, 2251.46209378644, 9135.496873963755, 7561.040293615279], "[160]": [132.96305148026704, 1.9472354461076123e+59, 2755.7142857142853, 968.9947027942653, 963.9942590220871, 1070.6184296419196, 1293.6382557350353, 2515.3321785071885, 2506.0222977857547], "[180]": [135.70929130257264, 2.8311610852975855e+67, 574.4285714285714, 317.74188137793067, 329.88367045778307, 348.466266835321, 499.825698188336, 22.597046516151295, 17.460558068921387], "[200]": [11.743782530575118, 1.9258664884755883e+77, 89.14285714285714, 82.03874270147386, 87.2999453154138, 92.43561773915468, 147.85833980904923, 22.4609803852113, 17.112428714275296], "[220]": [58.50684618516652, 1.6198306258292654e+85, 8.428571428571429, 20.2740976317848, 21.721034233251356, 23.614238220571295, 39.67277537705515, 61.68647998635031, 66.72037655283957], "[240]": [39.03578875403218, 9.5085081810186e+93, 0.0, 4.392908625488916, 4.787281356766729, 5.380109216937123, 9.922947712666524, 58.30294516450195, 60.58330576684543], "[260]": [33.83504417841095, 3.8746981460246653e+102, 0.0, 1.1235543344014214, 1.219044888544858, 1.3991019514494303, 2.576961105454156, 45.50810413203645, 47.29332154709842], "[280]": [30.280238332083627, 1.5387735893052318e+111, 0.0, 0.24788282084426713, 0.2692134219928066, 0.3218757742850334, 0.6116571548646093, 39.01245642560736, 39.921908120046815]}