{"[20]": [1.0, Infinity, 1.0, Infinity, Infinity], "[40]": [1.0593139574527015, 7.493402731967387, 4.8791040899183855, 3.4509301128117698, 32.84571525877764], "[60]": [1.5732434130777675, 1.2993827431644627, 0.43513437796105914, 1.4368067898018666, 96.07580396578233], "[80]": [6.285153332598203, 2.6343419599008375, 8.227122464909016, 5.572004689414096, 125.0115808227085], "[100]": [0.672234777577066, 6.517175879366962, 4.886212678183943, 1.1883968360061392, 439.14404008055897], "[120]": [12.603993023912956, 9.071313705851088, 3.981635446127726, 15.194017068473197, 908.8776487439488], "[140]": [2.3593289758794462, 1428.50243186843, 3.583132413419736, 0.9278246214199996, Infinity], "[160]": [0.8543453797790673, 3.571274796629344e+18, 0.8330655621959571, 0.8242792706053869, Infinity], "[180]": [1.6435808086659223, Infinity, 7.343851565362973, 3.378689289763948, Infinity], "[200]": [14.126779084021464, 1.649968292848671e+24, 33.20967787938728, 57.49564542659936, Infinity], "[220]": [1.1686971711096512, Infinity, 119.49472053649329, 8.011218729494969, Infinity], "[240]": [4.528064328843809, Infinity, 291.45695296467153, 55.3866273941427, 29.921371699458724], "[260]": [16.470681203540927, Infinity, 402.9467222344481, 253.78174140716902, 71.05945437623653], "[280]": [16.820581453096878, Infinity, 251.95850081220567, 301.02198879977607, 60.323386117845004]}