{"[20]": [5.0, Infinity, 5.0, Infinity, Infinity], "[40]": [10.965104061060414, 34.664977204192084, 21.68466335194587, 1.2418260341450071, 207.4516166454807], "[60]": [11.446098610437696, 52.757493274226086, 22.708476611524656, 11.056019948556328, 1318.4514152675363], "[80]": [2.295710039088298, 72.7416410314713, 85.39997800813657, 1.6364622886156601, 4168.023045164262], "[100]": [2.2927219179303067, 11.435630030596244, 220.34969776951687, 23.736741209972784, Infinity], "[120]": [2.4808561228962427, 227.1582810287382, 670.1476524070468, 222.17782360467498, 203.4668967690239], "[140]": [73.59599195093527, 376.850621043083, 904.1292862435309, 531.3975377192976, 360.49070349685644], "[160]": [7.4186825002883685, Infinity, 578.2590437361052, 903.3409025247311, 377.31518605727376], "[180]": [152.6488027629237, Infinity, 529.6311876276778, 266.16955652942664, 399.3044119298431], "[200]": [180.826356632579, 409.46899395508444, 827.8530967756313, 5048.123893650232, 635.3841054702905], "[220]": [254.6899450627566, 5263042634.591303, 889.4528443436958, Infinity, 471.50692483060567], "[240]": [47.45454092080015, Infinity, 1157.4160858519915, 11242.659419268455, 294.3510578436005], "[260]": [17.14449869322728, Infinity, 952.7068948262302, 4923.400690618082, 231.68560305394266], "[280]": [12.615646197171644, Infinity, 429.50593774271675, 1994.024648963161, 112.65115319416459]}