{"[20]": [11.25475428371442, Infinity, 14.857142857142858, 12.36389459575188, 17.346963009629796], "[40]": [33.60119120128064, 147.53637128187873, 47.0, 36.058801656129845, 40.61763025091626], "[60]": [37.34297782786426, 1.390557005623208, 10.57142857142857, 25.326207833426665, 5.308312331194884], "[80]": [16.449490572388044, 21.810047505408875, 78.85714285714286, 27.962490320867204, 48.60392433197869], "[100]": [79.07097085031472, 20.442718102871197, 202.0, 59.796167257731554, Infinity], "[120]": [8.769557728071959, 2070.0708001271178, 459.42857142857144, 87.40739709613945, Infinity], "[140]": [66.51914545966292, 27.3261188079382, 581.2857142857143, 369.01789914405026, Infinity], "[160]": [58.843298998045384, 40.080137634099174, 482.42857142857133, 370.8409979799005, 32.41161523986602], "[180]": [162.15398020066004, 607.1973291565214, 1296.7142857142858, 625.6955988870336, 53.77169082980754], "[200]": [121.0485223769765, 5.961957293364998e+24, 3833.0, 2018.932831948694, 1411.9837437075803], "[220]": [530.5723177280797, 2.7918661558237514e+28, 3535.2857142857138, Infinity, 214.58797450227758], "[240]": [177.65408398691034, 7.808956605230046e+26, 1158.4285714285706, Infinity, 812.6219931286778], "[260]": [960.0262054754239, 8.969464243602088e+23, 4655.857142857143, 1032.1062102690967, 2915.380865510724], "[280]": [333.74620155361004, 2.085324066955287e+62, 2959.857142857143, 241.80855170785117, 1403.5809227127447]}