{"[20]": [33.686327211159586, 9.933292170224144, 46.97496107279701, 62.38467440776238, 24.89277433857447, 191.66553876155507, 1111.6284542021078, 17199.62078247087, 43.304348745908165], "[40]": [21.074819920613802, 154.38266435993856, 54.082392807064025, 114.06657848087829, 101.70182637583979, 8.634563563443384, 354.9417883817672, 94.46927364748137, 139.61142413170094], "[60]": [53.952438114529976, Infinity, 43.60600402095421, 155.35728882735646, 36.03432369107345, 46.949827108777356, 326.32259156487333, 1821.9010032180734, 42.20542068092866], "[80]": [129.75011785307763, Infinity, 171.25302172910685, 351.77310219140446, 162.80678759270708, 225.56984022604485, 73.28066534525477, 86.70686408850479, 71.88478681567238], "[100]": [313.12626594746536, Infinity, 548.1881891241309, 823.1055870801005, 473.2726894758839, 586.5104877396225, 350.2296905995326, 413.8037463328524, 378.5141820819346], "[120]": [266.9948584117545, Infinity, 1083.219317529446, 1360.8406312795441, 569.8536085826664, 761.9453508736523, 1484.8349325029008, 228.20384082461834, 259.79486871906255], "[140]": [110.23746577609963, Infinity, 1533.8541529711056, 2091.2250503976115, 703.1811643777463, 1057.2401204467874, 11654.411358388501, 1216.8668132440446, 1212.2310497702756], "[160]": [483.3627937106281, Infinity, 1842.0203667192845, 3173.241152170702, 1150.3713606583667, 1603.9133441235674, 24229.3946739081, 1267.4626103732337, 1150.8176527222095], "[180]": [2061.0668929603753, Infinity, 4705.757777863859, 7150.192381503899, 4016.20024736301, 5243.297641251908, 3279.788767919722, 1143.601923723402, 1252.6554331633097], "[200]": [118.34963145327572, Infinity, 7828.43989371347, 15059.300019651533, 5143.581728273485, 7904.461035509365, 4527.593818430872, 1957.451752225753, 2151.321357927572], "[220]": [Infinity, Infinity, 1956.8067936663606, Infinity, 5052.775325724521, 1627.1345933601801, 5785.440359651324, 663.1979171812567, 1070.7588800802848], "[240]": [224.3992730664646, Infinity, 6539.816898095386, Infinity, 5192.016034916391, 782.3276406678734, 4438.235940668895, 394.99913071165616, 226.10745927924685], "[260]": [1324.5941318264697, Infinity, 7839.970855017186, Infinity, 3850.177648163651, 2005.0636740420266, 1925.7215636542562, 3658.5563835886423, 3693.8639496687956], "[280]": [456.20443234627527, Infinity, 3436.191368244389, Infinity, 1665.8708716645433, 1534.9482167337248, 1014.6136663139674, 291.60761661162496, 421.7420358144723]}