{"[20]": [4.0, 3.8610357511668285, 4.0, 3.9999993602635624, 3.9999898707876245, 4.0, 3.9999999996917395, Infinity, 4.0], "[40]": [28.6738583742398, 644669239.725359, 41.57142857142857, 171.4351114344855, 140.98748534301455, 45.7388383087834, 60.94128768992644, Infinity, 223.03266564892795], "[60]": [359.5767966672836, 1.6870675070936522e+18, 386.57142857142856, 412.22684179995633, 421.03878151938966, 203.58920497716144, 181.72322988034136, 108501.01107925233, 201.8633522779752], "[80]": [1560.3701086599835, 3.729403789879908e+27, 3156.714285714286, 2595.6769837256934, 374.2605969264587, 247.60414334991765, 196.77786335039718, 34.76126870749522, 209.83688551755085], "[100]": [2488.2327881691454, 2.647552091869952e+35, 13493.714285714286, 6012.565219904658, 829.7870129596013, 936.0942207715816, 1274.0538380351463, 2056.711271814831, 3972.8408614313703], "[120]": [7501.623278007824, 8.308450134770628e+38, 401.57142857142753, 4004.3681181459033, 6689.323573434391, 1465.4510226627535, 970.3939435946922, 54918.48428149037, 61976.60510584002], "[140]": [3181.9419420927957, 4.976266294395922e+53, 11292.714285714286, 955.4681159325146, 1670.2627696204236, 1461.4947738130977, 1356.2767079352452, 9852.354313641787, 17979.10883625609], "[160]": [105.10941725040448, 2.135402919236706e+62, 4012.5714285714284, 270.1281446712337, 192.7963201900177, 219.34311380266104, 232.75333563858703, 1894.0744181887565, 836.2754118332924], "[180]": [956.9070193027474, 3.104745092395459e+70, 948.0, 147.97730396806475, 46.1410966409083, 31.201801151652603, 20.685879216247315, 1062.4012936158845, 1134.2665230610571], "[200]": [217.86086130670628, 2.1119689227880706e+80, 256.2857142857143, 64.46509013442676, 36.997500802094095, 35.93140408947275, 35.47356368551284, 527.7319084152703, 547.2649603531445], "[220]": [214.58450688681205, 1.776360035683665e+88, 68.71428571428571, 32.42813391427771, 24.10957072403726, 25.69473452076079, 27.14527985084319, 344.84996532145476, 389.7583998334886], "[240]": [158.47477993003577, 1.0427345148083256e+97, 24.42857142857143, 11.039826721334192, 8.456816035930615, 9.490190253107686, 10.40012249686017, 320.5204703040014, 329.9430965017833], "[260]": [169.06104689693893, 4.2491225503989994e+105, 4.142857142857142, 7.895567963871638, 7.051074867957025, 7.544907247392118, 7.981705273403087, 306.70480191579145, 311.45232690747594], "[280]": [152.95885822774653, 1.6874702090631743e+114, 1.8571428571428568, 8.573933214213827, 8.195450096601776, 8.495569331529865, 8.769370510006407, 267.3447024887457, 269.5944838996263]}