{"[20]": [Infinity, Infinity, 2.0, Infinity, Infinity], "[40]": [Infinity, 2.083365170611465, 2.0, 4.329102609274193, 3.483145015456225], "[60]": [2.1357947548221583, 3.4014563241334663, 0.4285714285714288, 4.513181179761596, 2.8987704733842468], "[80]": [1.3492398670479613, 2.68213402709563, 2.5714285714285716, 0.16295678659848187, Infinity], "[100]": [0.25066686389301895, 1.1038516321974683e+20, 0.0, 0.0017512032517453368, Infinity], "[120]": [0.2810875610607516, 3.846796098617371e+26, 0.0, 0.0, 0.0], "[140]": [0.5493376065378125, 8.603693521824629e+24, 0.0, 0.0, 0.0], "[160]": [0.37783363956659355, 1.4302048789757483e+43, 0.0, 0.0, 0.0], "[180]": [0.16373168829837148, 1.4560316379221524e+60, 0.0, 0.0, 0.0], "[200]": [0.13953428392440523, 5.09768685663095e+59, 0.0, 0.0, 0.0], "[220]": [0.12156766610809619, 9.960071891938891e+79, 0.0, 0.0, 0.0], "[240]": [0.20194310312268401, 4.635718837469752e+80, 0.0, 0.0, 0.0], "[260]": [0.15631322888206123, 9.434373011736774e+84, 0.0, 0.0, 0.0], "[280]": [0.19654266598211345, 9.50935968089109e+102, 0.0, 0.0, 0.0]}