{"[20]": [Infinity, 4.402378807790231, 6.0, 5.9999991742219665, 5.999986322904732, Infinity, 5.999995971601631, Infinity, Infinity], "[40]": [127.37419152485593, 89.00082569202961, 133.1862660935672, 15.063767737840987, 17.528093623300812, 55.66342559439002, 195.53065872795509, Infinity, 7.822294764210461], "[60]": [1822.0729857364586, Infinity, 2424.891946306911, 2302.6696940457596, 344.6104972190277, 278.87077974118966, 1430.789819707698, 431.5347196192694, 180.0969983228028], "[80]": [241.55833399883429, Infinity, 11640.907825285072, 1657.9479473594565, 865.3644872534867, 2676.04045055575, Infinity, 23796.38631844945, 29092.806558740027], "[100]": [371.4859962507979, Infinity, 8757.826089443528, 1896.21882644891, 1470.2804141537176, 2778.2527494327064, 5897.231368485766, 533902.7537813303, 119271.87086184518], "[120]": [Infinity, Infinity, 4257.853760931634, 385.4413987257091, 213.52347104343255, 396.93154354206774, 256.1006866397552, 14813.955933362584, 23566.224634003633], "[140]": [Infinity, Infinity, 625.5226344494309, 36.036492968857544, 9.799822933010361, 29.906654773775404, 43.38046196938143, 1507.7836397282533, 1062.618982960827], "[160]": [675.377184955533, Infinity, 93.76605318362823, 1.6606225280103748, 1.6121203462198836, 0.7071566172711831, 3.8217344334231167, 1065.8278773683712, 1056.0650090797149], "[180]": [600.6775190126707, Infinity, 14.820474466733886, 1.5891099466530991, 2.356792748560125, 1.6244984559387061, 1.1211694006636892, 906.135981867051, 936.5549224272185], "[200]": [503.067523814439, Infinity, 2.2353761997259762, 0.46452932070712055, 0.40911238603842354, 0.44158711017567603, 0.6689008638125943, 688.9326724361683, 700.8686199031027], "[220]": [431.9216236336146, Infinity, 0.0, 0.05105513113624777, 0.04945670423544521, 0.04769469591323934, 0.09542733947335656, 587.2445595968286, 588.9889244820254], "[240]": [404.9843117324355, Infinity, 0.0, 0.006678781989992309, 0.006355709772430072, 0.006191922060621542, 0.01362262775040267, 480.44685872946974, 483.8528198614141], "[260]": [358.3665702567719, Infinity, 0.0, 0.0008736731023485758, 0.0008166473046347587, 0.000803836190369411, 0.0019448506579233574, 412.29955026885386, 414.9457030244097], "[280]": [327.91610826787615, Infinity, 0.0, 0.00011428676858844795, 0.00010491993328303751, 0.0001043408248369709, 0.0002775683067875846, 361.0828620470885, 363.1895244733847]}