{"[20]": [8.0, Infinity, 8.0, Infinity, Infinity], "[40]": [2.0149007358801927, 9.280235006617177, 6.641923487401067, 0.8901030765550232, 128.11458232576382], "[60]": [2.7740342937148212, 598888355.8637391, 5.416500765875291, 2.1746291394424455, 246.92340208070635], "[80]": [5.801811525729356, 20.814811813051417, 3.633370598701763, 11.869732484157373, 626.654206455766], "[100]": [12.521215136059094, 38.1714361659829, 33.118345008508875, 14.127082894955734, 2197.6080701531064], "[120]": [2.2321653664050287, 128.63939856594027, 45.55803211934434, 2.8250370797126605, 5711.82624977649], "[140]": [22.230956693394056, 9.639953053372265, 88.46830908677266, 62.493799293884415, Infinity], "[160]": [12.320181868811218, 64.15335531817652, 26.0241659298537, 5.965717959531926, Infinity], "[180]": [29.992911228321212, 115.35297353325878, 141.90256090598578, 116.41873549490865, 77.61298678398002], "[200]": [6.730658699229495, Infinity, 539.1554631819974, 181.0619713619041, 132.53977607853784], "[220]": [6.0600612621862995, Infinity, 1284.5417742336454, 868.2857356593438, 280.5385478385961], "[240]": [42.103406695478895, Infinity, 1506.5794196706565, 2005.1491836238467, 2374.6077064212873], "[260]": [442.97535541383587, Infinity, 790.8974245875162, 1596.169568111453, 515.7980238986848], "[280]": [227.9960698110014, Infinity, 1485.617026971835, 252.88523101643105, 209.98851029543926]}