{"[20]": [6.0, 5.8610357511668285, 6.0, 5.999999360263563, 5.9999898707876245, 6.0, 5.99999999969174, Infinity, 6.0], "[40]": [26.0, 183282287.35282698, 19.857142857142858, 1.1400224029967099, 7.128399472687505, 24.753451890193194, 10.440968826170414, Infinity, 42.48821268697902], "[60]": [12.450166809598329, 1.6870675512264753e+18, 38.714285714285715, 25.78963369009589, 30.96393691835867, 183.0222972455732, 183.03731709006252, 14.507896223973106, 81.74218209184019], "[80]": [7.315021789378122, 3.729403789879908e+27, 1.5714285714285694, 57.45645596122301, 9.981787444075053, 48.23026275342018, 18.61400318701147, 1124.3732337172996, 101.99228083938124], "[100]": [16.147666938881258, 2.647552091869952e+35, 10.0, 53.24883848506774, 1.1380586843249603, 32.89555431038478, 1.8733376846036123, 75.15837470749132, 65.71085528287422], "[120]": [25.48935419544509, 8.308450134770628e+38, 1.142857142857146, 50.50400333389746, 8.657093790497093, 32.6834585528268, 8.801272440278112, 11.541102168775652, 13.261366471131552], "[140]": [419.8033927534142, 4.976266294395922e+53, 484.57142857142856, 549.4216851066886, 470.7778417566743, 530.310600651393, 470.3318669448431, 378.2290467732395, 390.1531797592687], "[160]": [1208.3684155750439, 2.135402919236706e+62, 3379.5714285714284, 2921.67387531083, 2418.819793623162, Infinity, Infinity, 1230.7463639031603, 1214.2436010884912], "[180]": [2879.2991082831886, 3.104745092395459e+70, 806.4285714285716, 277.5736710368683, 3025.1172159406524, 4327.067231968305, Infinity, 16256.652898276243, 16016.327020640902], "[200]": [1041.7439227930247, 2.1119689227880706e+80, 3428.857142857143, 3442.0888487976717, 3269.2275833545627, 3707.063127780729, 3781.246564025644, 493.1930136710371, 2539.3455038470297], "[220]": [294.0, 1.776360035683665e+88, 1065.4285714285713, 1050.0594805202206, 992.5798296474657, 1130.1782031791788, 1221.7598187089036, 868.1660538193919, 430.11128827846255], "[240]": [123.6212579281671, 1.0427345148083256e+97, 193.0, 385.28639736579595, 370.75521694732, 419.24814380952114, 470.6181345247693, 119.20774549892542, 128.31185501327127], "[260]": [272.6759613685608, 4.2491225503989994e+105, 17.857142857142858, 131.89050925728654, 126.75934319296283, 147.9823480807938, 170.37883160996515, 129.95293774895754, 124.83067692476573], "[280]": [235.9925900317587, 1.6874702090631743e+114, 1.7142857142857144, 44.76252490576831, 42.87155714514572, 52.295768532248715, 61.196744901569446, 138.74504682203272, 141.30463543501372]}