{"[20]": [Infinity, Infinity, 7.7112828727189315, 43.85942545983601, 182.18075348129958], "[40]": [Infinity, 2764.5079755257216, 72.16034366290125, 119.1091951467829, Infinity], "[60]": [230.70068878854244, 327.6902188179135, 129.27555311758042, 284.0367247746583, 111.77631524812807], "[80]": [3.5071925598886566, 70.09405204443603, 6.079935852867228, 297.53042639634083, 37.95205102733411], "[100]": [12.217778766081304, 10.921790918877269, 33.61239052568118, 339.11878924623073, 35.995686425233586], "[120]": [71.32020553680805, Infinity, 97.2105031008146, 437.9298847400844, 50.873538442254], "[140]": [7.323169740165636, 14836.71089360348, 3873.1161797220475, 4493.738696729445, Infinity], "[160]": [1317.4094429682548, Infinity, 10036.912802158931, 12519.167096220417, 3250.2667777659626], "[180]": [3538.1133907234084, 21226.191133920634, 8385.173707102344, 7547.940312930037, 18591228.576701343], "[200]": [119.79266942834617, Infinity, 4743.134889861156, 1286.666215439363, 42096694.711983085], "[220]": [255.96976440588605, Infinity, 875.5972669232998, 244.60773726768045, 4485451969.822393], "[240]": [82.96574264080643, Infinity, 170.10205629490386, 28.461984719482214, 3885487.1023570467], "[260]": [78.76458145768875, Infinity, 21.739972189599644, 0.40726146104062766, 634684.2613514003], "[280]": [384.69887765461897, Infinity, 0.4223795080028125, 0.005307180534170011, 15471.670114427225]}