{"[20]": [3.6668501834789224, 8.06083555394599, 3.428571428571429, 4.827810373517014, 3.803629431172615, 3.0418764735040895, 2.8922910078345385, Infinity, 2.9957194788178394], "[40]": [42.8283401290904, 25.102176319390153, 30.285714285714285, 35.66102340032171, 43.20185684136577, 32.528412389729226, 38.67908378832913, 169.95040319288762, 77.67066442862387], "[60]": [20.10468526260081, 1538406403419473.5, 38.0, 83.25036129396234, 32.320052184871756, 43.05725685952224, 14.590644701691133, 125.98671435262537, 15.664450689127108], "[80]": [34.1267208694112, 3.40077629912588e+24, 85.14285714285714, 164.15251048675228, 67.05103035293814, 60.71787833431648, 41.22785941422899, 5.725586886779638, 5.558969636229108], "[100]": [114.90386383242594, 2.414254885475781e+32, 192.28571428571428, 302.46140020034045, 128.7629062558682, 216.3015982560081, 32.39735673396467, 28.428382268085556, 22.75406819811974], "[120]": [103.98045355253316, 7.576325486168787e+35, 681.2857142857142, 658.0961793803715, 428.2489100876676, 617.3856088952348, 175.2247248239421, 112.79523636988688, 145.3962682177803], "[140]": [1.0436748559554871, 4.537767621226321e+50, 1146.4285714285716, 676.341133621931, 414.92149579872967, 746.997802011651, 274.7447358490408, 288.1987631206721, 284.2888164765036], "[160]": [134.3085673769665, 1.9472354461076123e+59, 1452.8571428571431, 1331.6421003488167, 623.3725290461753, 1213.1768928718084, 285.71228532050554, 22.95530526316361, 94.86753082569703], "[180]": [389.29596251307885, 2.8311610852975855e+67, 1977.4285714285706, 2527.1108987881707, 1200.330001853792, 2161.997774559344, 863.7514902225357, 152.12712472215753, 214.0134115013734], "[200]": [626.4069881907162, 1.9258664884755883e+77, 4800.0, 9981.05863996136, 3304.005779927482, 5846.528620044815, 2462.143007054454, 279.4342757436716, 318.17907409987674], "[220]": [660.2285505318869, 1.6198306258292654e+85, 2876.8571428571413, Infinity, 702.6744689845, 4023.2051664827122, 88.41097626785995, 462.1956828028415, 525.7633207217877], "[240]": [70.16008819909621, 9.5085081810186e+93, 3144.5714285714275, Infinity, 3107.337138583429, 1990.9154054065402, 4258.589736730497, 177.65576487848375, 84.56417236465495], "[260]": [254.33602397920185, 3.8746981460246653e+102, 4714.4285714285725, Infinity, 2081.2907885069344, 657.5594459567437, 1868.540330754302, 1304.9838038206617, 1255.9550860018298], "[280]": [204.87181519392107, 1.5387735893052318e+111, 3226.0, Infinity, 1173.877598622661, 1004.9417061037811, 1176.2432856216756, 105.30111422257596, 104.05342103437306]}