{"[20]": [13.625225596359366, 32.00660529200516, 12.207095709961473, 5.1302268486442655, 7.655404066330142, 12.934113265729247, 10.433504605164876, Infinity, 2.5034742596923674], "[40]": [73.66858004818415, 52.401171040227425, 108.05687831685792, 33.5814387475429, 120.76894549683861, 89.45263233631607, 930.0950962382562, 517.8598701955606, 45.548086806892336], "[60]": [1251.3106951261157, Infinity, 2135.833275780318, 1362.0684822755536, 208.16383697828505, 195.87194594404133, 2907.0378979991815, 446.84504666639464, 365.7423320778075], "[80]": [Infinity, Infinity, 22621.09445545884, 7755.50728095038, 3922.6728908537048, 2137.5339359673367, 16531.17113283546, 2933.3742239572443, 1126.4718752927206], "[100]": [1605.5573698810583, Infinity, 6410.973022182067, Infinity, 12808.405470948024, 4995.618760525816, 4739.911457483585, 35887.08046941728, 18152.624020514835], "[120]": [302.847236339413, Infinity, 13793.493828997962, Infinity, 3783.323008806466, 1684.0380070612416, 1387.8573452114138, 29649.05004613151, 22541.9312499822], "[140]": [328.164300850746, Infinity, 2486.522670415378, Infinity, 477.9904454229507, 131.8627365340818, 145.80303415647512, 692.2808240607776, 652.0215617815228], "[160]": [235.84809451500942, Infinity, 389.4227854236013, Infinity, 41.113842214103585, 4.940410789875801, 9.011001770123643, 357.84660697701, 474.4275528103369], "[180]": [201.99455384686414, Infinity, 67.25634534114874, Infinity, 3.7766861881044607, 9.313888183072091, 6.677774988920715, 328.5522395877156, 335.09432749239147], "[200]": [175.04952714202417, Infinity, 16.72607325158734, Infinity, 1.0068008964889648, 4.587752249702889, 5.5852571160501325, 365.2502812013338, 380.560608756784], "[220]": [152.1278184142742, Infinity, 2.4056825725654924, Infinity, 0.9064260849462554, 2.4135045081565822, 2.7872202213473263, 267.45598837632036, 287.55763354133876], "[240]": [139.13007505949474, Infinity, 1.1642115279147145, Infinity, 0.5669133251781434, 0.3594533531273111, 0.29715668614971835, 216.485387744226, 228.22104179828187], "[260]": [129.87493367364138, Infinity, 0.0, Infinity, 0.42946768959330484, 0.6897614038970511, 0.8014893114884959, 182.16159356107306, 191.72971650160443], "[280]": [124.14721879671166, Infinity, 0.0, Infinity, 7.061789757957041e-05, 0.001117407779862343, 0.0026748704563427177, 158.72396324865704, 164.2685344385185]}