{"[20]": [4.0, Infinity, 4.0, Infinity, Infinity], "[40]": [203.51283175804542, 19355.83182752515, 165.8001540370222, 29.136456937599306, 5410.394606792705], "[60]": [369.3381330595315, Infinity, 4027.000195219464, 3331.1204188306538, Infinity], "[80]": [8577.218636362504, 42962.82421711181, 10722.273693689896, 15162.511248875831, Infinity], "[100]": [4478.377174342404, 2557.3630424814023, 10706.250496441882, 523.7115978447266, 7902.536835592111], "[120]": [671.2150005362106, 8.26393654332128e+21, 2954.6796606674475, 1065.7234822181379, 721.9079433688162], "[140]": [156.50921965720093, Infinity, 605.1698664650265, 200049.86591640656, 203.0991211231687], "[160]": [350.62547198615573, Infinity, 179.70538834157966, 130.07681268561046, 73.1064356657407], "[180]": [213.37258230532225, Infinity, 72.76719145886153, 3478.1798252023223, 29.57483153043667], "[200]": [137.78825858523504, Infinity, 31.07129750735097, 11.438528515844498, Infinity], "[220]": [115.86360791813598, 5.790719692864592e+19, 1.1493151270799478, 2903075.5064049424, Infinity], "[240]": [107.18929059702836, Infinity, 5.982668970991398, 2.8674796914198253, Infinity], "[260]": [105.16782689320792, Infinity, 0.27240479497765885, 1.835117485182707, Infinity], "[280]": [109.13396848880247, Infinity, 0.09710821095529373, 1.893022841806177, Infinity]}