{"[20]": [Infinity, Infinity, 16.567111986348454, 11.535488036299109, 58.62179067765626], "[40]": [Infinity, 95.51484535164344, 142.40647528433112, 63.01000258680761, 112.30980053041762], "[60]": [1157.7346418390866, 4045.2662508506746, 135.42486037084598, 363.872222266516, 61.69573159689442], "[80]": [14.995167156261928, 83.75537967647632, 31.539676985129034, 322.07494586856274, 20.192641184058754], "[100]": [36.42318201313928, Infinity, 5.06462636202267, 318.93687455954057, 31.895275665129475], "[120]": [80.65405930466407, 3069373181.2645726, 44.95861333042714, 345.9463353650645, 53.933898309289546], "[140]": [170.23923738422053, 40897580.364979155, 2637.6068287066955, 3120.0805444492967, 888.5297410476367], "[160]": [3217.8467685598894, Infinity, 19974.654498776665, 20008.872064978572, Infinity], "[180]": [22036.430919869796, Infinity, 11597.681051698513, 15699.603180054732, 205373658.46799204], "[200]": [1478.213523603097, Infinity, 22403.15086698339, 7407.607365959139, 152049744.5153804], "[220]": [335.4592583334828, Infinity, 9711.733423810312, 5910.30118580941, 192872.501739835], "[240]": [334.3229230404166, Infinity, 2606.711796871249, 444.33408964914474, 491165.6263508948], "[260]": [195.5931544415227, Infinity, 302.21692502237465, 65.38082993259525, 3873398.7869080724], "[280]": [792.3546189691843, Infinity, 26.422286370161224, 9876.534623824007, 933585.2315808525]}