{"[20]": [1.0, Infinity, 1.0, Infinity, Infinity], "[40]": [5.645424686833542, Infinity, 6.0, 4.434887367503329, 3.8342339362925344], "[60]": [26.450536736942585, Infinity, 35.40324550716527, 19.41593882565686, 175.78388520111912], "[80]": [46.134248929310594, 128889.53544968394, 464.8644761558288, 138.52243164506987, 30604.026672504224], "[100]": [1257.0718335167633, 11266.584800176852, 3703.4381651651815, 2621.646234959107, 5326.226705287141], "[120]": [1350.280498678473, 6588.159897170255, 5193.1383197542655, 21725.030084699898, 1562.1042607239408], "[140]": [2669.265133709309, 11241.95037158288, 5469.131963846913, 231168.58212384625, 5982.4269147140085], "[160]": [95.53429816770424, Infinity, 3233.112424356994, 6070845.630175317, 1426.6768567437912], "[180]": [853.9843604639152, Infinity, 584.0145244455088, 5248965.603024278, 188.08744395205497], "[200]": [549.1477227667496, Infinity, 99.25385555803571, 4892669.085332206, Infinity], "[220]": [288.1079110441931, Infinity, 13.221103426855468, 4781876.266273574, Infinity], "[240]": [168.28810831929763, 1.0704559782061576e+22, 1.0, 0.07886595828586498, Infinity], "[260]": [108.36247149807593, Infinity, 0.0, Infinity, Infinity], "[280]": [75.51612264914607, Infinity, 0.0, Infinity, Infinity]}