{"[20]": [2.0, 1.9998732810558355, 2.0, 1.9999989164443392, 1.9999886477992106, 2.0, 1.9999999965863111, Infinity, 2.0], "[40]": [2.587954693607486, 2499074.627512222, 4.0, 9.000184181730425, 7.699264312233922, 6.051531800160244, 1.5126787421595953, Infinity, 8.869808918492883], "[60]": [4.44373965632129, 1538406480248641.0, 4.571428571428571, 9.589551604122928, 11.587749069223058, 8.622298713971752, 4.130924964703659, 10.222746613073639, 11.10691470310152], "[80]": [2.574548321404892, 3.40077629912588e+24, 1.8571428571428577, 5.049238493967261, 6.008734251694021, 1.2189733810155854, 0.6416687397696155, 0.3919734604001057, 0.5522960477201799], "[100]": [0.7955938835191478, 2.414254885475781e+32, 1.7142857142857135, 8.641660587309566, 12.081609009355368, 5.67525278600963, 6.980089029246612, 1.935329288578533, 1.8635538541461507], "[120]": [16.458932896638913, 7.576325486168787e+35, 16.142857142857142, 23.62294180842447, 25.770999798482563, 18.773455294014582, 15.942473571873611, 15.646207886967973, 16.110909378762873], "[140]": [1.0481618591088449, 4.537767621226321e+50, 4.142857142857146, 0.16204634892142877, 0.4807251239829, 0.05646975476451388, 2.099819580588239, 6.927842034964115, 7.074386219149545], "[160]": [9.561079403310202, 1.9472354461076123e+59, 20.285714285714285, 31.27714954286779, 36.37132350392153, 5.727713620706837, 4.14040370096248, 4.2354037606110495, 3.7790271829417748], "[180]": [3.1807572123074124, 2.8311610852975855e+67, 7.857142857142861, 22.70600757964683, 27.9088625492807, 6.997212687415882, 6.948719859530826, 29.30031580665647, 27.865668816356617], "[200]": [64.88312327388579, 1.9258664884755883e+77, 77.57142857142857, 106.11107354513669, 116.23269587748035, 72.76919038405381, 70.57458216709139, 45.2316134823493, 48.47127554366371], "[220]": [17.904128200502612, 1.6198306258292654e+85, 154.85714285714283, 95.76313560678886, 50.73759861605873, 82.09367552660967, 57.18675608583146, 14.605835734435118, 12.598328089965662], "[240]": [151.57946970248054, 9.5085081810186e+93, 519.2857142857143, 414.7057727777718, Infinity, 186.45722436188066, Infinity, 85.09563405671884, 84.59509548940196], "[260]": [79.2609971115935, 3.8746981460246653e+102, 844.4285714285713, 834.3969790573935, Infinity, Infinity, Infinity, 269.7295566555349, 264.3441984424435], "[280]": [40.59933658284035, 1.5387735893052318e+111, 154.0, 555.3469396593646, Infinity, Infinity, 497.48849010325284, 166.84816250490985, 197.96616792486657]}