{"[20]": [31.90223365167956, 18.184591393438332, 32.86282737186501, 84.18442876938603, 51.85209182330583, 25.72012692367553, 21.22610135860573, Infinity, 9.702821848089773], "[40]": [595.4955254953999, 291.15136142849394, 740.6358866531018, 40.55124992787667, 776.2466414665098, 699.3654067338966, 368.5597287554679, 332.8694212908392, 269.11003390551264], "[60]": [6474.541718970903, Infinity, 12262.716268927286, 2520.1960456205366, 530.6398812005982, 1251.6847137558973, 9477.502730070246, 6691.4736890965405, 6108.652558335016], "[80]": [2833.8612444583896, Infinity, 2710.376463067442, 1498.1845579022086, 2241.5353546535193, 2634.438485783327, 1008.4189971927079, 115762.24653147596, 202235.5073596889], "[100]": [2146.555540185734, Infinity, 6461.398423049145, 245.27723434936888, 278.5340688471297, 157.5785006116599, 26.733897373498735, 14458.867967688777, 12024.693868090491], "[120]": [567.172254597727, Infinity, 1129.0488544334323, 396.5304069743652, 364.0464787818947, 343.4292720011074, 246.82080028459376, 3524.412269015502, 2510.722338509919], "[140]": [344.45899312782564, Infinity, 276.25414212712343, 209.39541590949872, 192.7475720034741, 195.823439086441, 183.26011164611558, 569.3788972097342, 781.0093361411491], "[160]": [353.7034823597569, Infinity, 99.84518810685273, 78.00938091562998, 71.70519619405535, 75.81723712179631, 80.15294152756583, 1181.6186374094618, 1284.715006808766], "[180]": [283.013598536932, Infinity, 40.741611954276586, 31.172824554283387, 28.44266795944144, 30.859891783230136, 34.95973179072665, 822.1821843276424, 916.6299641296173], "[200]": [235.64590810084036, Infinity, 23.919358516241825, 6.67982425208902, 5.564515577060331, 6.637177159285232, 8.675541104780676, 708.8752153005394, 742.6748389898064], "[220]": [229.63086124337818, Infinity, 2.6387576593732835, 3.47839989206295, 3.226491456954839, 3.4727461720619384, 3.948388924490091, 655.3067860031675, 672.9719966688149], "[240]": [226.02926916568464, Infinity, 1.4893314178868053, 4.702801812297634, 4.558831655241479, 4.7020662929704224, 4.991771331828759, 573.972109606393, 590.4857846305674], "[260]": [193.17824779252908, Infinity, 3.3745034916174936, 0.7029649097641074, 0.55899068241291, 0.7028705090958959, 0.9986692282041362, 438.621802859885, 446.7930238511068], "[280]": [185.745342717623, Infinity, 1.0, 0.07425605435306068, 0.11024956625600371, 0.07426796460943592, 0.00019580236568595783, 385.3287188638679, 394.58830256737724]}