{"[20]": [9.529743226689435, Infinity, 7.279066800605218, 1.4377460611995965, 48.31999570328415], "[40]": [20.46732753450661, 2798.5876006992867, 236.56429037552715, 84.17663253953324, 8371.24165482275], "[60]": [302.08346718499985, 1424.057419698327, 6335.546811355374, 3053.423888204131, 8197.6789212948], "[80]": [59.14179387636223, 11254.437944420482, 7031.705448951413, 5835.447463610317, 3435.016600777962], "[100]": [2116.696468339326, 14487.771516763562, 10909.515565955233, 256166.78237307144, 2781.586803821215], "[120]": [997.6974099814827, Infinity, 2197.958211642988, 138611.09004060243, 755.044685774642], "[140]": [136.2642469145513, Infinity, 465.96482173552687, 375687.7808078147, 289.54613767491753], "[160]": [212.12233428093066, Infinity, 155.7252660094322, 7894063.974009342, 119.9346977038319], "[180]": [185.21539517321244, Infinity, 52.519052350504715, 184.56144720421352, 44.96604386220045], "[200]": [131.20198374158903, Infinity, 18.1241057467205, 9744148.985353522, 16.195345198262327], "[220]": [110.00696546812777, Infinity, 2.4381716510477753, 8935973.871365247, Infinity], "[240]": [102.12550868380514, Infinity, 4.332524869309143, 0.33577122728256903, Infinity], "[260]": [101.6790685181347, Infinity, 0.9329188715169493, 0.02675011246451073, Infinity], "[280]": [111.9573688212092, Infinity, 0.0, 0.01657476493878593, Infinity]}