{"[20]": [8.614225644751897, Infinity, 3.2857142857142856, 1.7868004626625487, 3.998494651342987], "[40]": [1.0204541285638697, 3390.2685907038667, 86.71428571428571, 33.45652805702941, 30.01116851946687], "[60]": [101.78570638490646, 97.71115510575646, 1914.7142857142858, 1115.3090840941327, Infinity], "[80]": [1747.3680102308135, 4498.717075705059, 15663.428571428572, 16749.277847795012, Infinity], "[100]": [10268.172710139617, 129025.07028671238, 6908.142857142859, 9406.849638540156, 11250.723765866307], "[120]": [2202.6452911939286, 9.645145480723212e+17, 8639.142857142857, 2122.2519566740184, 4016.1920414264087], "[140]": [494.935756632429, 8.62531810780946e+19, 1654.7142857142858, 65.0044805131443, 469.2156497422683], "[160]": [1014.246347285893, 1.077374201415296e+28, 311.7142857142857, 14.465144527908535, 82.51220117003837], "[180]": [586.8693188668872, 6.926878869201339e+20, 51.28571428571429, 5838.974962603471, Infinity], "[200]": [263.3015895714065, 2.4233413530715314e+24, 11.857142857142858, 5593.295727277943, Infinity], "[220]": [129.39689518578834, 2.6462411067320877e+19, 1.0, 5615.539364653616, Infinity], "[240]": [89.26361065267574, 2.1132161690951579e+40, 0.0, 0.0, Infinity], "[260]": [96.9301320846921, 4.0907700239717934e+55, 0.0, 0.0, Infinity], "[280]": [132.3082013706861, 3.32111691895547e+82, 0.0, 0.0, Infinity]}