{"[20]": [Infinity, Infinity, 17.0, 6.572240736881447, 16.746901543951758], "[40]": [Infinity, 69.76380749403813, 212.28571428571428, 84.95360045878209, 170.2418697411209], "[60]": [59.75788022556526, 51.5435557597375, 1146.5714285714287, 1784.0350579874826, 371.34081923664394], "[80]": [7.885969123985888, 311.4673193534836, 509.7142857142858, 2528.256280342585, 26.639864866918288], "[100]": [88.7398954240698, 5.625464284832172e+23, 354.7142857142858, 2629.1763701392447, 11.493688345362898], "[120]": [35.98438399638508, 1.94471935127064e+28, 408.7142857142853, 3492.338956905161, 85.17888712517833], "[140]": [402.631803658649, 7572.13219716445, 14283.142857142857, 18832.762270874093, 321662.6891401026], "[160]": [628.7348456544423, 6.912399095029663e+35, 16134.571428571428, 43905.95590740684, 833700.6490172294], "[180]": [2358.7608589423908, 10667834.962284662, 21726.714285714283, 6129.628772513392, 585383.1203719208], "[200]": [1216.4232139945107, 7.404358558820881e+40, 8801.285714285714, 52.32226701865693, 67851.62154331812], "[220]": [255.05730875775203, 8.785266900679931e+70, 1911.7142857142858, 82.69377656569827, 17251.127557797245], "[240]": [38.93398204934647, 2.2809730687977464e+19, 531.4285714285714, 136.54430180208593, 46924.77027397301], "[260]": [7.544602365450771, 4.0499571309287645e+77, 73.57142857142857, 19.702196520126975, 14545.382678752992], "[280]": [124.52080858611541, 6.673612360537009e+49, 6.571428571428571, 24542.817814908507, 2255.520796600993]}