{"[20]": [Infinity, Infinity, 0.0, 5.5958181849045685, 0.65657191494385], "[40]": [Infinity, 38.7325176382885, 30.714285714285715, 3.092663549494034, Infinity], "[60]": [23.658968785602212, 255.12573164944786, 132.14285714285714, 212.19077643400817, 60.83133498153026], "[80]": [10.24805879731798, 58.486446696766734, 117.71428571428572, 362.50248524202, 24.091707572781218], "[100]": [10.055640870311322, 196.32601201655382, 156.57142857142856, 592.5473460129037, 1.381428281701119], "[120]": [131.3603469285615, 5.054338298034212e+22, 287.71428571428567, 954.3292556118531, 137.21960595819496], "[140]": [776.245152231053, 793.7284378455297, 2769.1428571428573, 4367.188251147095, 883.7123444507461], "[160]": [244.88457049097997, 2.9750145960287797e+41, 1676.7142857142853, 2919.566234223131, 905225.896177553], "[180]": [381.22848442032864, 9.296063561749792e+17, 1472.5714285714284, 589.790554970034, 474.57815551551425], "[200]": [270.348388253141, 4.977194323327026e+30, 314.8571428571429, 143.51805688487912, 240025.42214039626], "[220]": [133.33527338569655, 1.2981019773620696e+70, 72.71428571428572, 50.54474079001048, 134340.87198933543], "[240]": [18.67700783367777, 2.283851094501777e+46, 29.285714285714285, 12.820193823605752, 63287.31993414645], "[260]": [1.7533858836570992, 7.61778179561086e+75, 3.7142857142857135, 3.199429765683947, 1.0149454999813328], "[280]": [21.615872666377, 5.112076256500309e+59, 1.2857142857142856, 0.7442028590151297, 0.5997887789159053]}