{"[20]": [Infinity, Infinity, 14.585895193256409, 5.6274527323995525, 96.49736510110553], "[40]": [Infinity, 809.7649059205747, 60.91393958813082, 149.47897105840707, 256.55721041844936], "[60]": [116.01201733109424, 29.868999133996393, 143.8313309384512, 278.1159870095804, 125.36210111517377], "[80]": [7.36898323982465, 90.49567262149363, 14.699688937164195, 285.4971072503755, 25.40121873078806], "[100]": [13.620140967630693, 615621.6896056305, 7.318474689752475, 306.10340119846785, 19.80392860961825], "[120]": [94.36414640666293, Infinity, 104.09389090046625, 409.86513876737365, 63.46241001760412], "[140]": [227.1298348302882, 189565.05908568896, 3684.4044645522326, 1207.0201112152722, Infinity], "[160]": [2789.7961083301266, Infinity, 17572.741931318527, 24007.055456542566, 164747045.08533365], "[180]": [8167.603121023701, 20429.83007865071, 7795.032211802015, 4472.8128023133495, 58942156.98076267], "[200]": [299.49474930925015, Infinity, 9742.482807798388, 3822.1596125712013, 64950736.040544264], "[220]": [410.7805472999993, Infinity, 1909.886979820747, 1512.7324970101247, Infinity], "[240]": [147.20852135405931, Infinity, 415.1865898771446, 51.292229989051705, 100465.66356960357], "[260]": [127.96403722305375, Infinity, 37.489546602502685, 2.2525059503116425, 1262364.514675908], "[280]": [586.868275419369, Infinity, 1.9714030661444855, 5157.172738776228, 112890481.65643643]}