{"[20]": [1.0, Infinity, 1.0, Infinity, Infinity], "[40]": [0.07850699667870764, 0.2190206906076874, 0.0, 0.6392187890679228, 2299.4431711869465], "[60]": [0.23930178436746, 33195204.60101383, 0.39508012508229806, 0.4503110980812873, 8430.577417607186], "[80]": [0.2664616248336536, 121.3083747653365, 0.29681840548191474, Infinity, Infinity], "[100]": [0.15957868314593773, 25801332678016.35, 0.0, Infinity, Infinity], "[120]": [0.14295995957029795, 1187008210566317.5, 0.0, Infinity, Infinity], "[140]": [0.1327081556662985, Infinity, 0.0, Infinity, Infinity], "[160]": [0.12226745954316368, Infinity, 0.0, Infinity, Infinity], "[180]": [0.11226095727672897, Infinity, 0.0, Infinity, Infinity], "[200]": [0.10549655800657999, Infinity, 0.0, Infinity, Infinity], "[220]": [0.09998940319914348, Infinity, 0.0, Infinity, Infinity], "[240]": [0.09549194965229567, Infinity, 0.0, Infinity, Infinity], "[260]": [0.09312220640675323, Infinity, 0.0, Infinity, Infinity], "[280]": [0.08980367518700139, Infinity, 0.0, Infinity, Infinity]}