{"[20]": [Infinity, 236.29972936129184, 11.054659138660812, 42.71295096276822, 35.39233257223698, 11.441272092239904, 9.842291173394132, Infinity, 10.251948609678912], "[40]": [38.28391516804362, 20142237453.47818, 89.00167957653038, 41.33963540242745, 102.37347687100375, 66.68048770895608, 38.592206564667755, 2652.8045622802833, 31.111900260319704], "[60]": [483.3169225174843, Infinity, 776.3398780739641, 852.0557016672582, 638.6199451652012, 431.0936508238057, 235.87779391566966, 78.74683866925926, 187.42183116887244], "[80]": [1686.8260721296206, Infinity, 4698.812741118002, 4100.468763014893, 1037.0045078154817, 1019.0717295949261, 276738.62562241533, 1386.047941049387, 1542.936692913057], "[100]": [2442.974054268931, Infinity, 3539.81251574764, 1719.709277057135, 160.46947598738558, 35.09533988841235, 31284.670547167305, 2309.434468046948, 14463.5828361759], "[120]": [404.6606253820418, Infinity, 5771.569984044625, 96.29134392152936, 1379.5677601448667, 2322.397909467534, 598.7904137126907, 14760.729696887785, 11156.534843066547], "[140]": [332.2349119601872, Infinity, 2694.634771564105, 23.472957843558135, 154.52143525858637, 164.38587599845118, 51.92324748824667, 6241.301838744574, 5336.462186297363], "[160]": [237.08608516946666, Infinity, 598.7660336005694, 35.46641489941714, 2.5627436758232323, 12.924648211094134, 16.992070390459055, 434.5289363391205, 570.7037384465991], "[180]": [406.19923886835954, Infinity, 128.94798540363362, 19.75620423154763, 8.028456766928672, 5.016663366144517, 14.105138844754922, 552.0609318446868, 542.5420993518475], "[200]": [293.7330302251353, Infinity, 28.10372118039634, 9.594762621838715, 6.480593715633493, 5.9981504247350905, 7.892435289868884, 251.12488490133478, 282.88309958965255], "[220]": [299.11478167749715, Infinity, 10.566631942895995, 2.220087621087668, 0.9456545299908813, 1.4074441448795374, 1.3366948683160007, 206.11498232879947, 209.9395129571126], "[240]": [256.3285178795527, Infinity, 1.5486006069227456, 0.7279175758728887, 0.5513734899360281, 0.5514602806894555, 0.6157021068530453, 211.59122943295782, 210.0357042999677], "[260]": [226.51063133354202, Infinity, 1.0, 1.9051199837335087, 1.8065765982491606, 1.8677912447661051, 1.8292716394089161, 162.21761998880658, 162.77499131563235], "[280]": [214.39943628431732, Infinity, 1.1817203852476519, 0.07768591912690788, 0.18062589591025605, 0.08520838016041923, 0.1627310835715201, 135.11403855231495, 135.36425652353088]}