{"[20]": [10.703583759601797, Infinity, 13.019402836307, 10.795738214233054, 296.48700857440076], "[40]": [4.193440380903536, 1.0769639138273281, 11.72756746469502, 6.805409211639501, 170.8592546237562], "[60]": [6.449549115150623, 27.3366117969799, 3.671685529372779, 9.923938002115495, 557.907304463538], "[80]": [18.966807771936306, 26.345240925150925, 23.38181742418308, 2.440237352503892, 644.3500677089542], "[100]": [32.698405080916835, 4.855936200074355, 51.930635799788845, 2.8713993614637396, Infinity], "[120]": [84.89625626655152, 296.69379969540387, 11.32682980400273, 24.032614331962296, Infinity], "[140]": [27.217445155653298, 4.9202906937174335e+19, 12.191334631025267, 5.650661528781939, Infinity], "[160]": [7.251335020673903, 166.0568891976621, 3.5064454678933528, 3.244747707908712, Infinity], "[180]": [57.21490824862165, 1.109490270596806e+16, 130.95725128577917, 68.70305150471019, Infinity], "[200]": [64.40687736803062, 1.1744856755264494e+20, 532.1686812079793, 361.12946904311974, Infinity], "[220]": [113.48732311429906, Infinity, 1273.1144964033456, 241.41296253200585, 492.91228906326063], "[240]": [212.45360543982363, Infinity, 2697.282377839185, 1039.8354643816006, 181.01009507878322], "[260]": [328.0005453582615, Infinity, 2154.975672139357, 5547.430027308524, 557.6700509394276], "[280]": [909.8397565988436, Infinity, 143.71445909701544, 3152.0687703436656, 179.13461695859317]}