{"[20]": [Infinity, 2.998543159490088, 3.0, 2.999998708535363, 2.9999851957909396, Infinity, 2.999994585106969, Infinity, Infinity], "[40]": [16.31128781402324, 11.169246179591912, 29.924956371888587, 11.169497476609521, 34.78372171861754, 20.218847135395265, 366.24081213382726, Infinity, 4.938218949096307], "[60]": [20.00705416144567, Infinity, 27.802343194126955, 65.33782320225723, 19.89819667847647, 34.52803191670655, 14.413164487648253, 23.31041934542669, 29.695628903854914], "[80]": [32.25963553288227, Infinity, 102.6175797950576, 171.79564963144966, 78.72196687988715, 60.59221588482057, 31.831974784977824, 5.079787006695532, 5.347787627873289], "[100]": [19.4943275509662, Infinity, 221.7481781736841, 319.6932899451677, 137.0887883339902, 175.95436729387603, 13.065955330380882, 68.34444926230964, 34.08971118841546], "[120]": [187.57379985090756, Infinity, 1028.449937463892, 871.5777374454547, 547.1859314919627, 514.22730627043, 161.36954481591144, 72.35040750359968, 51.37319815978069], "[140]": [180.76737241761163, Infinity, 1962.875087486296, 408.6303763525334, 82.52774104932011, 99.97095412926495, 5796.260728275774, 234.77432861443052, 180.15698059089814], "[160]": [21.657683473195558, Infinity, 2157.182848824065, 1301.347053419302, 647.6742469769367, 953.3905683656748, 241.44416529775853, 268.97695421282936, 137.7253496850263], "[180]": [64.62544113528499, Infinity, 1310.1699353028876, 4489.767441279744, 455.5081878072255, 1069.6212040391483, 317.6940681484139, 42.53604897708823, 90.74383829962927], "[200]": [390.1510560898772, Infinity, 1465.2199886621318, 8768.2541713448, 864.1522720708372, 2676.957247145701, 368.88962075380556, 1518.780776850099, 1444.1833434027915], "[220]": [191.46271487973607, Infinity, 1744.5409633145186, Infinity, 1576.0967244619858, 216.6322360370321, 1149.4864396725854, 95.19623658537402, 73.82979267636959], "[240]": [110.73412582216456, Infinity, 2793.8978952335615, Infinity, 2043.017129009436, 3402.2470487546934, 1505.386356443111, 635.632346711474, 624.1032540861859], "[260]": [55.271717919024795, Infinity, 1894.1795400364272, Infinity, 890.0247372753847, 3145.1657640968833, 755.7274781609838, 275.2031643187325, 265.2845098393799], "[280]": [67.03061781724922, Infinity, 1118.742216675699, Infinity, 425.7528072117526, 1915.6757964688077, 324.3185013400101, 202.0819940007938, 181.1783412593384]}