{"[20]": [13.725593040351322, 21301.75682184104, 13.428571428571429, 8.335659881015978, 0.4051224855251423, 1.878051339354533, 8.272301512206646, Infinity, 512.0084904983207], "[40]": [142.8064589120999, 1340.9709430851933, 175.71428571428572, 26.95459280516397, 189.58267190614106, 26.468146544840295, 31.71187165002854, 1020.5903561379741, 65.54507918950998], "[60]": [895.8373231262614, 1.687067444237848e+18, 1564.2857142857142, 1623.5828464155877, 1333.706096306688, 992.812342316575, 877.6371102230945, 1008520.8912255466, 397.99575313301693], "[80]": [5680.8538484081455, 3.729403789879908e+27, 12097.142857142857, 9571.361213791093, 2710.0348723758725, 2720.7930717309064, 2513.831618883334, 2435.2727679242344, 1997.5290616495622], "[100]": [1832.9231989773543, 2.647552091869952e+35, 28111.428571428572, 23827.286854086233, 3251.973456147607, 45.66478689786891, 2007.9704349321837, 30668.20030490354, 32493.574414115174], "[120]": [1350.8020458325555, 8.308450134770628e+38, 17532.857142857145, Infinity, 10256.04650958076, 1626.6189789193159, 2118.026877431039, 71100.89406381786, 58921.50584806467], "[140]": [3795.9989412254236, 4.976266294395922e+53, 17918.714285714286, Infinity, 2854.4283171581537, 621.068737313486, 561.708902973216, 33901.96163482286, 29921.28812525746], "[160]": [1010.2132646700702, 2.135402919236706e+62, 4853.285714285715, Infinity, 337.69028613702585, 178.49900249616076, 182.41459429372617, 522.4311589292784, 573.1321933213608], "[180]": [1151.2290198022256, 3.104745092395459e+70, 1149.5714285714287, Infinity, 9.7755436574555, 156.54050326173467, 154.95498572603378, 1661.251928803379, 1770.2203404724814], "[200]": [683.2054845255079, 2.1119689227880706e+80, 282.57142857142856, Infinity, 45.00720063178835, 98.3006173982946, 98.36657518800666, 1410.0381356685343, 1457.5188776492798], "[220]": [581.168448398399, 1.776360035683665e+88, 105.71428571428572, Infinity, 7.2679710493620675, 32.54116437663134, 33.296640645593676, 1003.070943497213, 1003.7353005641792], "[240]": [481.5572548349246, 1.0427345148083256e+97, 24.285714285714285, Infinity, 10.153466394277759, 18.718196159630203, 19.058707649465482, 776.9568896196284, 776.7470765953184], "[260]": [471.86249212529856, 4.2491225503989994e+105, 7.142857142857142, Infinity, 6.13773576824537, 9.46901859251972, 9.633289997964507, 725.3811952241601, 723.9816338774348], "[280]": [393.9477698137216, 1.6874702090631743e+114, 3.2857142857142865, Infinity, 3.4321181680438873, 5.32551790144427, 5.434969606046282, 594.3013679233543, 599.184548880222]}