{"[20]": [Infinity, Infinity, 2.0, Infinity, Infinity], "[40]": [Infinity, 753.8074091409144, 22.609370606003107, 8.781137503339167, Infinity], "[60]": [227.2165866127164, 102.74331203591528, 103.17260455106705, 177.52546108544055, 119.37283885920316], "[80]": [1.4391837476734346, 8.384914850980905, 0.5213650426650756, 167.7066183602613, 20.908856981991725], "[100]": [1.6303673581100155, 152.60337861359696, 0.8682053572653013, 142.6525702139813, 17.02875977409436], "[120]": [8.94093345365631, Infinity, 3.606739515365379, 146.54434037376598, 13.462384946894081], "[140]": [69.44319129046076, 196.4500706801362, 662.0345918816347, 847.316380238785, 134.38782277622857], "[160]": [80.49511929737643, Infinity, 4635.991384847873, 7067.322371327115, 1030.2091950970282], "[180]": [11.018478269977534, 7935.091954076691, 743.6038561376292, 7551.315058789333, 43272817.321082], "[200]": [331.55418744969467, Infinity, 3150.8131510861813, 1443.9360617612588, 16271745.476801628], "[220]": [46.93850351047576, Infinity, 644.1263811041805, 216.13390854445345, 4574353.79903877], "[240]": [21.895258486604245, Infinity, 108.66075960159687, 19.635831860497575, 1100061.0272242085], "[260]": [22.07701864784541, Infinity, 12.109682092833875, 2.0882847181930884, 2380.855468411463], "[280]": [20.842715548570364, Infinity, 0.7946243976700104, 0.004476217384829534, 17047731.82410652]}