{"[20]": [8.512057059156277, Infinity, 60.27101524164721, 39.3173006230881, 90980.64584407325], "[40]": [89.20830272719014, 868.6998712012015, 1249.7276329024714, 513.2578545106803, 3596.033927680302], "[60]": [4522.372186268076, 19524.69325577245, 21120.566318910023, 13255.338193998063, 15988.243909449671], "[80]": [78929.1416447972, 57511.53702566554, 4685.860541730304, 24343.151319324206, 7998.762910306694], "[100]": [3453.4676256927823, 29118.1950672201, 21751.68324115881, Infinity, 3553.262240738922], "[120]": [1528.7055625186963, Infinity, 4521.095852503049, 19.083902118720893, 389.70784776019946], "[140]": [438.5440179934548, Infinity, 794.7636856816817, 17.01295844869097, 65.87676499217031], "[160]": [3049.6435003019956, Infinity, 137.27716828105127, 12.104893065407145, 8.322552023770426], "[180]": [3123.3527985809806, Infinity, 29.611032646467102, 8305646.1204519905, 0.34902730447639757], "[200]": [2175.7817941266553, Infinity, 8.359665641078397, 1.9372452026884164, 0.10583452610784165], "[220]": [1420.135253948575, Infinity, 0.4866956508167662, 1.5500061811615267, Infinity], "[240]": [850.5136281742023, Infinity, 1.1885826757529185, 0.07804818940168333, Infinity], "[260]": [438.8827907539457, Infinity, 0.0, 0.008387163867138064, Infinity], "[280]": [308.68662792275944, Infinity, 1.0, 0.9877024836765625, Infinity]}