{"[20]": [0.8231232556369913, Infinity, 6.898254496572468, 2.3927822913109664, 2040.792886194936], "[40]": [340.4015264389459, 2254.7021998268347, 275.3576248226426, 22.094507172262148, 1356.282693884362], "[60]": [433.18168392595425, 8685.06507959264, 6215.662433538492, 4320.276695573292, Infinity], "[80]": [12797.125026875061, 37434.250053803, 30375.97403046233, 37344.671406353336, Infinity], "[100]": [17487.924002212985, 332721.9930147877, 20837.502388127527, Infinity, 24662.06726302852], "[120]": [2598.4055905277987, Infinity, 11572.700865549474, 70.54083442144666, 5102.676818000732], "[140]": [509.5301696183558, Infinity, 2367.352657093924, 68.95436613727092, 677.2080005264892], "[160]": [990.5090440039669, Infinity, 617.630643470125, 20.347340635326983, 182.75476655435767], "[180]": [518.3065720884435, Infinity, 114.97110398974904, 25.472883802193664, 24.208796890103308], "[200]": [301.90223944445535, Infinity, 29.024400580480638, 953584.7215663634, Infinity], "[220]": [256.05523928481966, Infinity, 7.321770863709664, 3833683.3254437065, Infinity], "[240]": [243.783987435574, Infinity, 1.0, 0.08733726416290376, Infinity], "[260]": [239.06296183227468, Infinity, 0.0, 0.0037229735540665644, Infinity], "[280]": [247.1914380472965, Infinity, 0.0, Infinity, Infinity]}