{"[20]": [0.0, Infinity, 0.0, Infinity, Infinity], "[40]": [0.2799180065197143, 27.925544514740345, 18.67833261854434, 4.0511518940177424, 142.36659116220508], "[60]": [13.26495465432163, Infinity, 463.00678089358166, 105.72750532721773, 4428.81045360423], "[80]": [8.7768871145367, 5218.161039154712, 8203.67858910464, 6825.587886045143, Infinity], "[100]": [7761.750484263285, 24452.28283236225, 3154.85702342937, 187139.71772371695, 1475.1666733812071], "[120]": [3751.465338357039, 37338.13940800507, 9878.185447621667, 75068.02111882872, 5772.51071429196], "[140]": [188.46635124763066, Infinity, 1951.8202843600066, 98527.4932704004, 729.377942957085], "[160]": [347.71967604268013, Infinity, 351.87699100431354, 2620625.9577062232, 121.71623207370058], "[180]": [195.5535991683045, Infinity, 66.85222576779297, 6779497.9785654005, Infinity], "[200]": [154.78997183952362, Infinity, 9.913921809218854, 6866650.143247677, Infinity], "[220]": [150.66788266194777, 2.0476150563435832e+18, 4.130608261123109, 6570016.248028013, Infinity], "[240]": [143.0945080221204, Infinity, 0.23735212938007405, 0.004112684261147305, Infinity], "[260]": [137.4854557907559, Infinity, 0.0, Infinity, Infinity], "[280]": [153.82974524899367, Infinity, 0.0, Infinity, Infinity]}