{"[20]": [3.134868021711155, Infinity, 2.622708203568179, 0.3639076844230299, 46.86953938521459], "[40]": [3.56852215498741, 156.95862962551593, 114.39557966998932, 24.71205634453464, 532.5211164810778], "[60]": [25.018167520218046, 10776.122291183858, 3036.6939405140065, 1504.6761221218271, Infinity], "[80]": [428.65228877079346, 7541.238455820851, 4052.955448209971, 3350.460667887554, Infinity], "[100]": [948.694867033537, 3968.1068029413973, 5681.157168577727, 115334.77487861899, 1302.3505681698327], "[120]": [549.2132913648395, Infinity, 1230.1485337355905, 63277.0573033215, 442.4788193249007], "[140]": [64.24076975404634, Infinity, 259.0707434033473, 740.0046836299402, 159.09968465916535], "[160]": [89.95194068966572, Infinity, 101.75217880933397, 3907479.4390064212, 72.50382074362037], "[180]": [93.62805993029164, Infinity, 22.07741789942296, 5238866.997300503, 22.566166401439244], "[200]": [64.17174363633849, Infinity, 14.923299056113889, 5096389.281526047, Infinity], "[220]": [53.415786663246216, Infinity, 7.232980256308249, 4856342.270085094, Infinity], "[240]": [50.33127386281126, Infinity, 1.0, 0.17249414081646347, Infinity], "[260]": [50.05060988722033, Infinity, 0.08712274605516906, 0.6547039602669988, Infinity], "[280]": [54.377218816685755, Infinity, 0.0, 0.003367322984733998, Infinity]}