{"[20]": [Infinity, Infinity, 2.0, Infinity, Infinity], "[40]": [Infinity, Infinity, 6.373168084628466, 4.301416522505952, 27.029412966204667], "[60]": [0.6431732838089327, 21.956757360449174, 2.861040197062691, 7.6005834361690345, Infinity], "[80]": [2.014019958401748, 5.818823664089626, 0.6831857418605288, 5.6286574811571795, 2.575129160918352], "[100]": [1.6932346064857375, Infinity, 3.133334479523013, 0.6793773408141024, 0.6005118396103843], "[120]": [0.9316223685124823, Infinity, 1.9194277222409546, 2.999979083363957, 1.4716016483231449], "[140]": [3.774214104162302, 117.53424639455912, 12.223648353744244, 16.320230920181086, 5.570136927449624], "[160]": [9.753796457757424, Infinity, 107.59278741213767, 132.84903687124944, 161.4147296849286], "[180]": [31.997057940073606, Infinity, 337.87335841949977, 35.506721262983504, Infinity], "[200]": [115.9291902758793, Infinity, 1025.378832947397, 70.41830623465349, 401739.0627188345], "[220]": [1081.4392210267088, Infinity, 1072.1131014942457, 3059.093869261752, 1398016.286442668], "[240]": [706.3724011583384, Infinity, 1684.8853625845697, 993.1537227859973, 1001040.4984666044], "[260]": [97.2877193818297, Infinity, 564.9042470506572, 248.51174639965103, Infinity], "[280]": [22.67767875136643, Infinity, 244.61517163485243, 528.8594949051513, 435740.8170740482]}