{"[20]": [4.0, Infinity, 4.0, Infinity, Infinity], "[40]": [0.10326800142597037, 164.4888282794187, 5.571428571428571, 1.851475817346964, 3.3661819167135123], "[60]": [1.5833045996486454, 1.6890000283921047, 0.14285714285714235, 3.428301237108613, 2.3591336025926566], "[80]": [7.459079949601453, 5.658253077224138, 11.142857142857142, 2.451546420270059, 9.906797282522675], "[100]": [2.2420977302520058, 12.610354553405934, 9.714285714285715, 5.692317990780808, 2.5705068530030033], "[120]": [12.155022617137398, 7.706722954383302, 5.857142857142854, 16.928618860019277, 0.018606184352542243], "[140]": [15.223057048142458, 66351665.48678832, 2.2857142857142847, 5.912539359219089, Infinity], "[160]": [5.046550378115306, 1.9485719922256806e+19, 9.57142857142857, 9.700940271740691, Infinity], "[180]": [7.889508206098782, 8.061832461177488e+24, 29.42857142857143, 19.821032668622763, Infinity], "[200]": [9.276566278657384, 3.6607752835080673e+24, 103.42857142857143, 151.16576221811061, Infinity], "[220]": [34.43724912973255, 4.458731388902845e+30, 251.28571428571428, 6.0787470625551805, Infinity], "[240]": [38.38351125607937, 1.256596260064518e+36, 721.4285714285714, 219.50448201417748, 216.53092572884748], "[260]": [172.7487219317104, 2.118264778230791e+41, 791.1428571428571, 537.762048934914, 226.58081986873322], "[280]": [53.19435277810817, 1.7104405064154496e+46, 511.14285714285734, 792.24750218178, 55.867608548001044]}