{"[20]": [8.992449377539062, 8.999873281055836, 8.714285714285714, 0.8855893881648722, Infinity, Infinity, Infinity, Infinity, 8.818181818181818], "[40]": [61.63440835716898, 43.854501565352436, 95.28571428571428, 26.900888989088116, 108.7695881698983, 77.92234603808342, 68.75585410319255, 66.76086934905092, 45.73797876423312], "[60]": [662.9270599022373, 1538406215616330.8, 1432.5714285714284, 1035.6334975089962, 327.0454257731544, 312.0560652125341, 310.18252586748986, 207.3304946023427, 37.738667302440945], "[80]": [5257.321624326676, 3.40077629912588e+24, 19582.428571428572, 9887.345483748668, 6020.302547514741, 2851.889036602817, 2865.7825653014806, 12107.677419388581, 2930.7448078376765], "[100]": [5591.07550002994, 2.414254885475781e+32, 4245.285714285717, 28587.454562155333, 13933.227690037093, 7558.181768281851, 6928.521771804109, 13468.654990185547, 16254.225107553386], "[120]": [2213.140500655296, 7.576325486168787e+35, 20640.714285714283, Infinity, 5874.003533764913, 3985.1116567213576, 3952.2260699730978, 33418.93459072219, 5793.345903175337], "[140]": [1314.7029602169914, 4.537767621226321e+50, 4723.571428571428, Infinity, 874.5358906888714, 527.0390561283111, 613.344834927243, 1856.8695166823372, 1551.6990142487102], "[160]": [217.3532747237332, 1.9472354461076123e+59, 814.7142857142858, Infinity, 145.18188111184998, 93.59899349011982, 126.77062739912333, 85.42322123396002, 159.68242400894906], "[180]": [163.6519463805962, 2.8311610852975855e+67, 124.0, Infinity, 16.685849119896787, 10.714090781226858, 19.855668236857966, 333.6769703716009, 356.0989920221908], "[200]": [125.55044585999713, 1.9258664884755883e+77, 17.714285714285715, Infinity, 2.14025728247211, 2.1326485390749035, 4.4358246289570555, 360.8475827384868, 379.89289340478297], "[220]": [137.096807285443, 1.6198306258292654e+85, 1.4285714285714286, Infinity, 0.7133360389234893, 1.2490057922543305, 1.908116853931754, 320.73024638836665, 330.809475202568], "[240]": [113.80070637538847, 9.5085081810186e+93, 0.0, Infinity, 0.015954035214604208, 0.14013592292775348, 0.27177149868497924, 256.2065993586566, 261.94868540406037], "[260]": [101.11276529351017, 3.8746981460246653e+102, 0.0, Infinity, 0.001944094798148791, 0.020719383792551834, 0.04286001991576284, 219.9814733239182, 224.4716031597414], "[280]": [91.5435955343637, 1.5387735893052318e+111, 0.0, Infinity, 0.00023690039503178637, 0.0030631334360767, 0.00675944010582881, 191.4278103080637, 195.06210357601142]}