{"[20]": [Infinity, 0.9917785513114643, 2.0, 1.9999991742219547, 1.9999863229533286, Infinity, 1.9999975103198937, Infinity, Infinity], "[40]": [5.586692071441424, 1777816869.3830109, 6.365302427071369, 3.1121796892353215, 1.8924446858296549, 2.1251430282670376, 7.590073832676198, 2.9699987145537343, 0.24890984055419896], "[60]": [19.0912940952758, Infinity, 18.525522244746263, 27.569685663610564, 25.894148152585277, 9.300076793674348, 8.792158162236865, 83.44109059949723, 6.017114172484361], "[80]": [35.726823164200596, Infinity, 40.445419890954646, 56.901480237093104, 52.0532928585889, 6.399877346063852, Infinity, 6.239369531463072, 2.6989388868926376], "[100]": [140.92280243998587, Infinity, 171.45954965089655, 213.831836449118, 216.14075059392272, 22.03370537761375, 29.576286946158085, 14.41778897598396, 18.010460537198764], "[120]": [346.2259922132455, Infinity, 620.7760040424848, 607.9966384706369, 104.02000738597725, 101.84705215450434, 235.78734375640997, 71.38271069694935, 80.41714626033621], "[140]": [321.3598475955753, Infinity, 1550.8009365081289, 104.0208480316965, 81.61438421671426, 153.26849421857986, 1234.0433199178342, 390.64037069590466, 387.34190954136443], "[160]": [73.62525230467021, Infinity, 1791.6567355666352, 86.78465338297322, 128.39705967372424, 137.32057571983, 159957.13923214073, 4244.424366891528, 3974.561841407946], "[180]": [48.66438444870356, Infinity, 447.56678424520516, 111.2057138272696, 61.433961821303576, 591.9138905737565, 148.89113927705256, 2244.063219324157, 2302.857817306867], "[200]": [80.24876628615019, Infinity, 1883.4146463885074, 202.0749010160949, 204.832145342383, 173.64414685019693, 116.17975646893309, 3917.314135022579, 3738.7674882632273], "[220]": [329.58391799245896, Infinity, 1094.1586133116368, 58.93799205134352, 57.943317615384714, 44.65344098878069, 38.66154500180345, 842.7398907612817, 849.4171479464147], "[240]": [58.752501046267255, Infinity, 428.69644556001504, 18.350567264876492, 16.769581985445992, 13.750918362294017, 12.446000138482969, 206.0900058979395, 185.20422956042282], "[260]": [46.3666837814572, Infinity, 148.3580077445052, 5.207711579657606, 4.338281292879489, 3.7217489168431213, 4.06840129673882, 81.76550557059568, 69.66217382356695], "[280]": [46.33948031453181, Infinity, 51.572102461811944, 7.918977747328973, 7.735075370498521, 7.920938264859134, 4.994128240797897, 76.70424742768, 80.99775377302316]}