{"[20]": [5.4867872664206665, 6.080732624601637, 22.0, 17.80384592151082, 15.121167043504428, 9.018695706516723, 10.193280993634929, 26.15249775020309, 9.800924266633203], "[40]": [313.4148585786867, 62.51771134197219, 399.8571428571429, 385.278878892311, 305.24298329136536, 109.44119521896181, Infinity, 1623.382655516735, 83.99704380163007], "[60]": [2855.199578486334, 1538405250991375.5, 8854.571428571428, 5476.506163617322, 2203.3594511499687, 2130.7209611923918, 1975.1284435193302, 515.0328946977952, 159.60027715380238], "[80]": [5265.515746893972, 3.40077629912588e+24, 42023.28571428572, 41100.4094008286, 6484.693832450517, 389.12294379391824, 736.263892692863, 8577.457955544349, 12507.014062314076], "[100]": [3172.6216121986654, 2.414254885475781e+32, 33600.0, Infinity, 12858.160614001536, 5620.498131103137, 5364.97873283927, 152453.2900086035, 66823.10147131019], "[120]": [839.24447991337, 7.576325486168787e+35, 12082.0, Infinity, 1960.8896899248703, 200.5075477812643, 43.70042391046445, 2096.594645073121, 1222.5098778708634], "[140]": [1279.4853477115284, 4.537767621226321e+50, 2565.7142857142853, Infinity, 216.33048274414932, 456.0560722611251, 448.0849127077188, 954.4583507728348, 1121.0663660193368], "[160]": [455.15367565613997, 1.9472354461076123e+59, 591.8571428571429, Infinity, 25.41263815372656, 198.5245480925454, 217.110898941988, 852.1842728947377, 741.8312507975015], "[180]": [365.799891588631, 2.8311610852975855e+67, 140.57142857142856, Infinity, 1.0269351633840813, 59.72161640140442, 67.83882360861223, 821.0317585824337, 819.4141893112405], "[200]": [210.61839825409515, 1.9258664884755883e+77, 37.0, Infinity, 2.533755021759788, 10.3909298065724, 12.32915179147076, 485.59172265400093, 514.0545705143733], "[220]": [203.07570881598804, 1.6198306258292654e+85, 5.2857142857142865, Infinity, 0.8019541292008294, 0.9017050686263577, 1.0731151616069654, 481.5592146612684, 481.89446096337343], "[240]": [181.18501231098344, 9.5085081810186e+93, 0.7142857142857143, Infinity, 0.0004484826063734917, 0.04126536349622811, 0.10688873190745858, 359.7275537449634, 363.65844132588745], "[260]": [163.07204133099185, 3.8746981460246653e+102, 0.0, Infinity, 3.9775495989447475e-05, 0.005844703476005026, 0.016833371394313318, 301.43333152697016, 304.25466904453094], "[280]": [151.53244561613974, 1.5387735893052318e+111, 0.0, Infinity, 3.527570246491858e-06, 0.0008278203183280125, 0.0026509992670979096, 259.55705107032315, 262.00924799953714]}