{"[20]": [Infinity, Infinity, 45.0207223799694, 72.89027285373162, 39.26698538969751], "[40]": [Infinity, 54.443781190658804, 639.0444472269804, 556.7485097619889, 1396.8285573449714], "[60]": [3589.091721638098, 3527.354509935611, 1569.4626961026797, 2717.4875807596914, 569.4075595310097], "[80]": [54.953381253660794, 299.6514082904236, 737.5230125188169, 3516.2288161493866, 134.4150252010493], "[100]": [129.46889853552074, Infinity, 449.4123135939131, 3812.124186630516, 114.46699214515021], "[120]": [1382.1454758425211, Infinity, 1880.352042608944, 6118.107664952416, 1160.7423644728594], "[140]": [6093.399111595301, 29699.534874883804, 31329.82393833073, 39783.4748153565, 34218467.035890184], "[160]": [14293.85771383828, Infinity, 6879.307093407478, 52862.98870747396, 1838594173.9247766], "[180]": [2613.802614311073, 773312255594.8442, 30891.363237253103, 6760.5380702312195, 1978292178.804366], "[200]": [901.9847354010265, Infinity, 9975.784268332582, 4361.658746832508, 335234.8810835524], "[220]": [1356.1528644671127, Infinity, 2157.180635178708, 1725.1749285083336, 1102876.7285008586], "[240]": [306.5366593842756, Infinity, 584.3922019785923, 112.80646813887915, 196878588.45777503], "[260]": [304.36765681914267, Infinity, 77.6963415810055, 13.762327878660534, 60864366.14929615], "[280]": [1274.8780714221584, Infinity, 7.544699400202427, 6914.21616919058, 7232005.828996533]}