{"[20]": [3.639334587157682, 12.171236621859283, 3.0444910528046676, 2.4325809790218766, 3.708472324507963, 3.183850046665367, 6.239457651538663, Infinity, 2.1850318635115524], "[40]": [17.299029347204197, 8.003632059334826, 23.87034234761695, 19.87929988172977, 30.800659278035166, 19.60755554400747, 7.060843888749178, 46.16266574863289, 4.244815805878627], "[60]": [7.218463124271135, Infinity, 41.71259307911008, 81.48923362529847, 26.58277255456735, 36.18780999018488, 13.624441626051409, 468.1568159701851, 7.882895125536577], "[80]": [30.954549566579654, Infinity, 120.14615034980281, 202.34003041598277, 92.39873723542848, 80.57028993409531, 45.07256704564917, 18.96895391365703, 46.481737937424775], "[100]": [127.80083061856664, Infinity, 475.0362311815238, 509.60039310004873, 290.9653354742949, 294.63868507987917, 100.47495647899939, 36.99602506290758, 38.77372556187897], "[120]": [320.49795700022133, Infinity, 1608.637992552221, 630.5983512729764, 118.89009568799418, 147.0077009646937, 528.9872991522814, 184.11012095351958, 217.849510846666], "[140]": [155.84558922928767, Infinity, 2128.632944554298, 507.4787066496651, 102.18595730966881, 95.62308884110834, 12638.459738458074, 841.160770153892, 741.8548190105819], "[160]": [95.5694434103237, Infinity, 56.882614701806276, 642.3671833877087, 578.8379928701685, 190.35004748607096, 115.33597272214816, 223.56635022672677, 338.96522860719375], "[180]": [348.6127671465972, Infinity, 1035.6579194708193, 1362.5772724958297, 7.671011136084376, 368.57047843377524, 215.05858725058008, 1256.217067547973, 979.444896579312], "[200]": [78.09036428143999, Infinity, 910.3339551996298, 2015.2384471192286, 12.953508926907652, 178.531081764032, 65.44184233825055, 97.28801327925551, 105.296733724585], "[220]": [31.779980732292387, Infinity, 864.9723266905927, 1678.0990923822799, 185.76423532072758, 353.2260423514064, 170.744671991262, 43.67926772341701, 46.75469683447613], "[240]": [38.875557382660425, Infinity, 616.3100414413493, 1089.546021837658, 173.71710540949164, 424.0257744360511, 166.85242056204868, 14.07696370843795, 36.67229934829101], "[260]": [44.877987363191174, Infinity, 398.1426512625769, 590.6805289220503, 146.51553790585524, 411.9097993437053, 142.3051335511228, 34.60443123867244, 47.657915487697714], "[280]": [33.28988427352444, Infinity, 238.58709323522675, 274.8711236831451, 88.12624442564163, 353.8336578505916, 75.00633867023679, 4.377985503890741, 1.090549353298866]}