{"[20]": [24.191379527209904, Infinity, 14.571428571428571, 3.3439499769233656, 0.25826627430094007], "[40]": [43.73556138192072, 1028.523813188682, 354.57142857142856, 129.22214029786608, 138.3057455748131], "[60]": [997.8367623093745, 5682.388794646084, 9453.571428571428, 3886.7599954316975, 2038.8956904136521], "[80]": [7185.83796016825, 14783.769459078292, 4096.714285714286, 499.3861940689021, 4397.024867206281], "[100]": [2075.3499510202073, 1340.4587529016426, 12077.428571428572, 11120.439762574453, 3612.76521534554], "[120]": [2708.5973199254713, 1.960980896231577e+16, 2166.857142857143, 4256.5623007799995, 1534.403609311688], "[140]": [164.70368588030442, 3.5478607791735267e+19, 515.0, 1543.666138482778, 621.9025021870898], "[160]": [1154.3761163563604, 1.7358709395170637e+20, 226.71428571428567, 615.408382025075, 285.1363744866187], "[180]": [1103.4957406982062, 3.5487984083158684e+16, 71.0, 212.59112354181156, 106.1175118033463], "[200]": [764.9313711209336, 3.9621493562904984e+21, 23.142857142857146, 60.89139760338544, 30.778810239222878], "[220]": [489.57534671153917, 6.3892966572353e+21, 18.285714285714285, 48905.32417934075, 13.811482281962281], "[240]": [337.4538360139462, 4.8011044930260916e+27, 2.7142857142857144, 0.5473403792877407, Infinity], "[260]": [261.54509551530185, 3.324800922927828e+24, 1.2857142857142858, 2.2696883175967915, Infinity], "[280]": [224.45682064300354, 5.445910453196789e+53, 1.5714285714285714, 1.8957198724350666, Infinity]}