{"[20]": [0.33161696493782067, Infinity, 3.428571428571429, 0.5678499101371459, 0.14781516689836227], "[40]": [9.919169353158473, 16.71246241230672, 30.285714285714285, 12.618867814085355, 21.686724997337855], "[60]": [1.72552443683702, 26.72273897499055, 25.714285714285708, 2.358959366072483, 9.905551699765667], "[80]": [24.48979641652511, 8.782848379487405, 68.85714285714286, 4.683422037422105, 31.66844804997828], "[100]": [8.284976833409985, 85.80227176291487, 152.0, 57.75113106194033, Infinity], "[120]": [96.09312022293352, 451.8428287817801, 605.5714285714286, 175.33833291860537, 188.7473880296293], "[140]": [48.331071272156805, 1856.8366673557812, 1002.1428571428573, 402.9398469035664, 43.64636170011363], "[160]": [83.07112642429456, 658.2894115652234, 1290.2857142857147, 915.088601800061, 5.553042420327074], "[180]": [114.96538951500406, 7.986174244916642e+18, 2034.2857142857147, 1423.903188372019, 16.692767991342407], "[200]": [165.57269666222783, 8.773484165681296e+31, 4761.428571428571, Infinity, 1042.2428321984098], "[220]": [649.7952721324255, 7.785868141787605e+16, 3984.0, Infinity, 445.33493265724974], "[240]": [1316.8079628510714, 1.668485097302487e+40, 2822.8571428571413, 15665.005929163606, 12951.669538070411], "[260]": [498.9054993947957, 1.2392932069254343e+36, 5172.5714285714275, 8933.467737865249, 1489.1002876536404], "[280]": [419.8528738879304, 2.6556609330549365e+50, 3590.4285714285706, 3475.4836121732087, 939.8332599885671]}