{"[20]": [3.9006743163077986, Infinity, 12.822017702821446, 3.3857620236551424, 28286.819371965274], "[40]": [18.016230860588077, 11.551626888414008, 33.05419553565343, 19.89806585213967, 161.66816459355724], "[60]": [8.982408449886973, 35.65062538510362, 3.2959308187310685, 11.403482421116887, 984.670968991763], "[80]": [3.4992826444791727, 6.537369872872148, 31.987696207921953, 9.324414867101616, 1697.4628877720677], "[100]": [16.074507167929998, 10.514366385895315, 64.81266322269765, 74.71345571266896, 4381.475698456116], "[120]": [37.05550652985364, 113.82897142618604, 235.00959834782287, 35.63574807171602, 21421.04744592672], "[140]": [46.228532662236276, 494.19648692474505, 315.05217404601865, 217.5008521316831, Infinity], "[160]": [11.457610003203134, 135.41532721463733, 391.81832759631027, 190.225275197597, 329.9158204983447], "[180]": [31.934151705116758, 47.52796963186865, 809.2214288769447, 98.59552856086646, 244.37479655195975], "[200]": [29.298978279287677, Infinity, 2860.600613938297, 1457.5809506468086, 524.7001875996378], "[220]": [301.36334058587136, Infinity, 4740.116412149056, Infinity, 769.3851859784533], "[240]": [689.5238644610512, Infinity, 1300.1620120490381, 3399.997700873508, 1086.3808426035062], "[260]": [484.1016374820259, Infinity, 4611.9001783013555, 2835.6306486394283, 2438.327285448039], "[280]": [269.306018184355, Infinity, 3972.4486897422544, 757.679421722848, 1254.0194270193406]}