{"[20]": [4.352341572567781, Infinity, 13.428571428571429, 5.5938708441068545, 5.416567738007618], "[40]": [19.553408083445277, 14.413190342706997, 33.57142857142857, 20.883901194219387, 31.62827272802663], "[60]": [16.270286900370962, 20.587885982031167, 2.857142857142854, 17.23260595998289, 10.72730683612933], "[80]": [23.99345224559802, 37.97242063909471, 44.714285714285715, 1.3736981674273494, 31.484612977637937], "[100]": [2.794042628139124, 65.2570402077368, 73.28571428571429, 75.25384606193853, 49.43591184194591], "[120]": [51.6811856479049, 1263.0102756925126, 230.0, 0.6908755279537786, Infinity], "[140]": [20.777872287926016, 399.6229613737337, 362.14285714285717, 196.12075543911078, 196.39723866833765], "[160]": [123.00410375913225, 475.60737710097237, 461.0, 277.2005588982215, 63.86285611775088], "[180]": [64.23848148261504, 1.1997899067805564e+21, 820.8571428571429, 110.84861593237247, 41.1447940973253], "[200]": [298.04064165694217, 1.0025997153242663e+20, 3002.8571428571427, 1512.5299675654305, 1084.130767864238], "[220]": [410.43581272364827, 2.4340523286777184e+21, 5073.428571428572, 881.3117210600412, 1184.709342051614], "[240]": [739.808879082304, 1.0611486774230614e+22, 1670.7142857142862, Infinity, 1824.3039530593505], "[260]": [161.51142615485696, 1.272987852700571e+59, 4427.0, 3295.1346984205647, 2478.104840806609], "[280]": [326.3219794486363, 5.617112062283882e+47, 4475.571428571428, 867.1728097913988, 1390.848129825289]}