{"[20]": [Infinity, 15.40237880779023, 17.0, 16.999999174221966, 16.999986322904732, Infinity, 16.999995971601635, Infinity, Infinity], "[40]": [1.7995070560260578, 12.63884337479944, 17.41834042668781, 132.7505565384289, 35.094873793803096, 33.53558394959679, 218.56210949538692, Infinity, 120.42884979303315], "[60]": [4.079678301154888, Infinity, 4.695021493407654, 39.86346709041338, 36.79996247443209, 31.19220948674107, 2.775897888479945, 233.0522173044419, 31.186971163351654], "[80]": [3.74685921908933, Infinity, 10.652722827394593, 53.15378528147595, 49.71393592055269, 35.51269484765579, 5.108201059826283, 3.3696942846508446, 5.708555671493587], "[100]": [62.324754633205856, Infinity, 68.569883541765, 119.25289282948874, 66.34060996496454, 79.26514121624325, 59.13856888623534, 63.412433907088236, 63.37951979868158], "[120]": [19.862975430614995, Infinity, 109.06585147096585, 176.60877554030847, 170.6168518598978, 48.401410955912525, 45.88519486788303, 18.340769207981783, 2.968913934831655], "[140]": [7.35706460067345, Infinity, 91.84939406584154, 187.74107772542115, 45.538234660205546, 34.535089256479495, 179.8058445848893, 74.57616314182677, 83.57454730022863], "[160]": [73.23780820127593, Infinity, 142.78428663074905, 325.1720325225228, 99.96800474171377, 28.15377479554839, 28141.615624782153, 18.06633052193346, 29.769737703852066], "[180]": [381.864027318887, Infinity, 486.6765697163947, 768.7265922673779, 452.3041618876456, 415.83906920640993, 273.14257397289714, 383.2661731553782, 381.53907997359113], "[200]": [459.535432045748, Infinity, 1516.1531020781345, 1407.0798095304174, 1220.9677813359965, 1016.5990598475478, 562.6316532711782, 21.67053112451774, 82.89409594614322], "[220]": [668.0100107987935, Infinity, 3349.171078174624, 2258.932938387028, 665.2350702673559, 569.2056453410138, 5193.612865591752, 643.3508509905112, 642.4893052997273], "[240]": [739.6471967020027, Infinity, 2415.5665819169917, 3829.468162397129, 698.4852579615952, 1886.311369961839, 242015.83249675718, 1864.9464460148283, 1722.4135112183371], "[260]": [509.09210344336685, Infinity, 3018.449431725812, Infinity, 4664.310656168221, 2417.1327203671376, 46611.76935860473, 2491.379427914971, 2459.1445730302426], "[280]": [97.86760083826083, Infinity, 2986.071021357412, Infinity, 2194.0626690528093, 1479.8126893095034, 17290.62415223544, 5834.849906548262, 5447.376381455485]}