{"[20]": [4.0, Infinity, 4.0, Infinity, Infinity], "[40]": [4.174673967531824, 28.23708393753002, 9.768523061844423, 7.6244652908515755, 55.8847567044996], "[60]": [5.9323372728593275, 17.348959434325565, 6.609292485709615, 7.55046096130912, 194.8645954239262], "[80]": [33.002641409666374, 26.953329520532467, 17.743486223732116, 1.0058616310599633, Infinity], "[100]": [3.7981682374309598, 24.89036476576182, 31.744648730341712, 9.697707090124368, 2434.292824753782], "[120]": [21.737067164143163, 81.5264438409715, 115.43147077372052, 35.15931592978012, Infinity], "[140]": [17.386799641049972, 27.087396865351444, 207.37950159354003, 92.34070223720316, Infinity], "[160]": [20.415520889051287, 47.22804578625746, 219.69991176469085, 62.75899125015904, 117.92567656986269], "[180]": [2.71929530694316, 63.95239258510295, 512.7333102358091, 19.91328249057205, 72.43078800784147], "[200]": [95.02028524877015, Infinity, 1666.2658493799117, 152.17374988881795, 225.41602010495487], "[220]": [206.02103438678233, 1.689119480909623e+19, 4349.799447403395, Infinity, 605.347352172287], "[240]": [372.33657341258987, Infinity, 3317.416188324656, Infinity, 505.8981936172147], "[260]": [679.0314965640608, Infinity, 2871.1302411109405, 61005.218135602765, 1766.035980597924], "[280]": [1028.4799574683746, Infinity, 4538.924193557141, 28434.02101136415, 1842.7827486924928]}