{"[20]": [Infinity, Infinity, 11.300056403112547, 0.6373718749226888, 81.58649904921914], "[40]": [Infinity, 12924.174612741603, 110.23671821652565, 59.2940373436546, 353.6852784736298], "[60]": [255.69175240537098, 26.993274077177354, 338.1694562664893, 756.031413724959, 286.3202624697121], "[80]": [4.402853483399927, Infinity, 210.14964413170847, 959.2340912937851, 146.27698028919477], "[100]": [26.109625932716312, 828.2679412346737, 225.6921783425712, 1326.664067100659, 182.97601958201466], "[120]": [80.60437981531867, 127.70481860238132, 353.5403062863078, 1906.0756650969126, 225.05236974701066], "[140]": [1385.4151793685292, 6251.9897208012935, 8634.722260326582, 1537.3951318243878, 2113.3375687265675], "[160]": [1693.5133495131333, Infinity, 395.9984442733475, 15178.644990598132, 2997388024.621306], "[180]": [469.93878558026296, Infinity, 6663.834659893345, 3422.1620766840806, 1851697867.5760179], "[200]": [675.2977113509398, Infinity, 1532.9413818813096, 1029.8578548802748, 1005843829.2567744], "[220]": [218.5517703240605, Infinity, 279.43210222001227, 304.7833850588588, 359633483.81352323], "[240]": [66.81040485318583, Infinity, 98.33940247933215, 47.19429671676294, 15976746.549050815], "[260]": [64.29694665133803, Infinity, 17.740547980415585, 5.7714396969692645, 8389765.349840974], "[280]": [78.48491561988679, Infinity, 2.6770210911179175, 8502.57446398332, 11619282.462801648]}