{"[20]": [17.418831222166062, 3.4675807152626597, 17.857142857142858, 55.93163927793327, 53.394481899534526, 56.027454757723135, 53.45085149456101, 5.698297615169549, 4.596538601488195], "[40]": [134.47342316118494, 157.15727080617887, 184.57142857142856, 3.8000117282869894, 208.62806814940024, 4.335793311038259, Infinity, 177.55635197751565, 2.294113566538215], "[60]": [1164.3015629740844, 1.6870673840567342e+18, 1757.5714285714284, 1782.1834601074765, 1828.67820239646, 130.08197403791746, 122.64989088767106, 990763.3710424819, 58.373318322220484], "[80]": [7201.415291917954, 3.729403789879908e+27, 12035.857142857143, 8370.81680476954, 318.4514399102354, 463.72597032760495, 1524.6585834816797, 4883.6456687659265, 3923.8982430713477], "[100]": [8813.221488638846, 2.647552091869952e+35, 12594.714285714286, 7887.287301584656, 373.8853349267738, 1175.909293585184, 1303.1290036451537, 96128.57147571255, 73882.0180007159], "[120]": [4103.547108102084, 8.308450134770628e+38, 15366.142857142859, 5500.255992048484, 893.0813187795975, 5608.164778379549, 1751.0566761955633, 1854.7619023820662, 22602.236262088532], "[140]": [1333.0730361831838, 4.976266294395922e+53, 8649.42857142857, 1370.629353698535, 102.14269405234245, 535.2970394430076, 118.00285415025519, 8023.386126258976, 3914.3986885647337], "[160]": [890.786538488971, 2.135402919236706e+62, 2064.5714285714284, 513.7216502004999, 176.1776866830097, 56.6054208548361, 177.69798522310782, 1663.4943711030728, 1738.746358434336], "[180]": [1397.2340809771995, 3.104745092395459e+70, 515.4285714285714, 170.68715540539523, 87.06721047173946, 56.85466695833034, 87.58151929128056, 396.3024179246552, 431.55907747654317], "[200]": [1568.70327853649, 2.1119689227880706e+80, 136.0, 62.977334150415004, 38.63314641005739, 36.40643525637661, 38.728980494169186, 873.4878174449747, 901.486298454844], "[220]": [1444.1652990231714, 1.776360035683665e+88, 34.71428571428571, 32.7390841776911, 23.594803556476805, 26.754216757850102, 23.604868838694458, 865.1095964255209, 875.9666100943543], "[240]": [1249.3178488803105, 1.0427345148083256e+97, 22.42857142857143, 8.618636787702835, 4.8031735973812975, 7.297740127926125, 4.800738470400243, 502.2747823852578, 510.5680539827538], "[260]": [1107.9721836483131, 4.2491225503989994e+105, 7.857142857142858, 2.3078113035419596, 1.1673492496970543, 2.020017548898376, 1.1659831778856684, 367.2670967943998, 379.7005106619155], "[280]": [1024.554357881725, 1.6874702090631743e+114, 0.8571428571428572, 2.847775838447854, 2.59463703526468, 2.785612097174539, 2.5942907884041326, 342.2311810639878, 353.7926034068315]}