{"[20]": [1.0, 0.8610357511668286, 1.0, 0.9999993602635682, 0.9999898707885619, 1.0, 0.9999999996917399, Infinity, 1.0], "[40]": [6.739235000173931, 1989425833.8280761, 6.0, 1.0930152189360864, 1.9054183938339708, 6.799743220192454, 6.612415024622391, Infinity, 6.000229208576881], "[60]": [34.76550969491154, 1.6870675699494812e+18, 36.85714285714286, 35.99301352116924, 37.719199517043094, 28.447197547675156, 31.558328288267287, 5.000000000000128, 9.805999560710795], "[80]": [397.36586239166604, 3.729403789879908e+27, 481.57142857142856, 181.74648038934424, 150.1917744367206, Infinity, 112.83505968470786, 125.15754848715062, 122.09540088970954], "[100]": [1575.040482578887, 2.647552091869952e+35, 3845.714285714286, 2396.2223220905607, Infinity, Infinity, Infinity, 999.1093944439699, 1599.3859132781208], "[120]": [1253.406035688071, 8.308450134770628e+38, 5916.285714285715, 1225.197588469573, 2989.242830414969, 2247.7946368680095, Infinity, 5997.233487870108, 13929.5471824575], "[140]": [235.2999380128049, 4.976266294395922e+53, 5608.857142857143, 2998.37507424306, 3523.9128821140694, 3559.727482737224, 3532.3697410920176, 73996.10294335191, 60224.31401881081], "[160]": [371.94630040177753, 2.135402919236706e+62, 3845.7142857142853, 1013.6006976315352, 1015.2845959483184, 1153.4724841408351, 1188.6051522475304, 11185.707825347108, 11433.999625571116], "[180]": [569.3715594621563, 3.104745092395459e+70, 744.4285714285714, 287.72543445592567, 291.4705089525742, 321.0348885690373, 365.2774238301499, 363.06498202218427, 360.340787630951], "[200]": [174.77530136381029, 2.1119689227880706e+80, 122.14285714285714, 82.78284368212465, 84.82247683132925, 93.21291972787772, 111.69264981740349, 272.1950142147714, 257.8838944204322], "[220]": [228.31011622184224, 1.776360035683665e+88, 14.428571428571429, 20.750663102408232, 21.349366609905587, 23.9937131543874, 29.76202557053327, 296.175301009765, 309.3000497842907], "[240]": [172.65216964444699, 1.0427345148083256e+97, 1.0, 4.646445243879506, 4.818002801990403, 5.588643770764528, 7.297184478043438, 262.00468808072134, 267.95923097454124], "[260]": [152.10235897068742, 4.2491225503989994e+105, 0.0, 1.00884275707849, 1.051373037227596, 1.269075631949961, 1.731690815465142, 208.7177882842578, 213.27599928282714], "[280]": [136.06138821526247, 1.6874702090631743e+114, 0.0, 0.2225715717760303, 0.2321838999605005, 0.2919547346104948, 0.41101672147677354, 180.24953492101668, 182.42102378520894]}