{"[20]": [50.787591309449724, 49.40237880779023, 50.61883994514975, 24.80936900539024, Infinity, Infinity, Infinity, Infinity, 50.70505037691591], "[40]": [677.5132748268629, 157.454021037115, 834.3863044737969, 889.0091389657637, 880.8470971158376, 701.3754422869413, 348.52236353441543, 55753556.995464094, 221.12803686985382], "[60]": [20739.987234704815, Infinity, 22603.570423795947, 10563.16444110451, 4330.781784185952, 2413.6991112014184, 31736.9076693704, 6021.373574280137, 10425.974791100754], "[80]": [27656.114662905587, Infinity, 29123.033062973824, 33262.65298398845, 33728.83977374011, 13902.92540723834, 8632.455882283462, 304352.4409208704, 388548.5155157873], "[100]": [7019.573683078235, Infinity, 40405.5303696003, Infinity, 9964.265042520026, 4852.693022965334, 3569.5556061756797, 3006082.3658840805, 275969.6247919755], "[120]": [4443.457505857227, Infinity, 9286.57936349489, 2303.7607252190787, 265.575773477849, 738.6662791196463, 569.0081309967516, 35233.96195507657, 29411.871549564803], "[140]": [1302.6210958091383, Infinity, 1839.637093257969, 909.9530018919475, 289.4559810981334, 682.8005105339693, 670.4186793223715, 5689.5205686247355, 5694.803146776516], "[160]": [800.650003986057, Infinity, 557.7104155547505, 302.582146312322, 116.3219302610172, 271.2631012572654, 288.9048222519284, 3536.9659768255938, 3675.813871632859], "[180]": [733.0731243327107, Infinity, 171.420713612713, 103.20279800565068, 45.17329163575413, 99.10749882953294, 109.27167774905824, 2603.0798198471425, 2869.4244408738723], "[200]": [763.629005925413, Infinity, 69.67886211483803, 19.247013146046026, 0.08217376874288537, 18.722261024578245, 22.988171383139637, 2704.4373859137095, 2814.1578443364892], "[220]": [728.0568521031936, Infinity, 19.007918778467978, 1.3405933209338585, 5.146107524486391, 1.4082097265408087, 0.5114821541332885, 2307.328459280469, 2311.79818867244], "[240]": [661.1513590242284, Infinity, 0.8870295362070657, 1.9251287237578887, 1.7107726277397233, 1.9167798285320148, 1.9544056914069763, 1651.4245148849188, 1665.5115120415558], "[260]": [635.0865647827243, Infinity, 1.0521740572973688, 0.07429120364582915, 0.28612075614949867, 0.07533583400993929, 0.021753457850137468, 1496.2025543445084, 1505.7723906877532], "[280]": [593.2542537814298, Infinity, 1.0, 0.9999945428873825, 0.9999495450294998, 0.9998648260361338, 0.9994527971455073, 1264.0152869420735, 1268.9862745565836]}