{"[20]": [Infinity, Infinity, 4.0, Infinity, Infinity], "[40]": [Infinity, 17.515133779370643, 10.714285714285715, 10.854839060251674, 10.432993017217942], "[60]": [11.829617095502972, 149.72259379063092, 1.8571428571428577, 18.069130392809814, Infinity], "[80]": [0.7452782112410183, 2.551076829275921, 9.857142857142858, 6.73720672603927, 0.5097559057767587], "[100]": [0.539279178248584, 3.150145646293801e+18, 4.285714285714286, 0.7029642014593909, Infinity], "[120]": [0.10668139703257332, 5.693280039220779e+23, 1.7142857142857142, 0.07425894956735493, 0.4269770927225581], "[140]": [0.36503821282959326, 6.647626313888384e+26, 1.0, 12009.24350230838, 0.7467221764330957], "[160]": [3.3634141059935105, 2.772879017077168e+34, 3.857142857142857, 4.823195772673361, 3.710124697723628], "[180]": [15.806961795361563, 4.466530837337559e+31, 21.0, 10.297296683893464, 16.177334401164373], "[200]": [9.695983908625294, 2.0078038298399714e+39, 35.42857142857143, 61.616695752274055, 19.514390285981705], "[220]": [44.64045521664207, 3.9148886979290236e+71, 118.0, 189.1371032515998, 94.50603889842398], "[240]": [7.975268591029547, 337112386453307.75, 79.28571428571428, 97.8849995767432, 104.64141027366838], "[260]": [38.42183992648442, 3.385892831216312e+79, 5.857142857142861, 89.54697807601573, 15.831578368479484], "[280]": [72.52767633524184, 6.221218552191595e+61, 280.2857142857143, 384.8575818815903, Infinity]}