{"[20]": [7.750262752121231, 2.1532249845210454, 8.549512514446842, 2.4376286024203035, 4.158723090177198, 4.006884201285229, 33.142848357648056, Infinity, 1.6826702826823141], "[40]": [125.79064511048355, 26.000738385099684, 162.588763127183, 37.882714575395944, 168.37278470458662, 77.14864495512161, 49.09567547965707, 91.64686901099853, 45.76604617736742], "[60]": [1437.1904992972445, Infinity, 3900.924738104974, 1059.1161445387004, 745.3166896593004, 711.0536134713865, 1600.4881420716279, 138.9216147095346, 295.2508143826337], "[80]": [845.1302778732808, Infinity, 36355.87955436021, 16666.70809101878, 4038.572747026066, 2968.8129972872634, 7042.468049751091, 7979.193104351838, 14927.923825939733], "[100]": [576.4331908428657, Infinity, 21441.376277205192, Infinity, 17852.158068414614, 6310.139803029235, 5074.22786953213, 151905.74445003175, 13791.26241046925], "[120]": [475.27131245306936, Infinity, 14326.71580688036, Infinity, 3872.6177189307714, 498.1705931630598, 604.0308683230531, 9818.13241368419, 13656.186757824287], "[140]": [395.7248173812705, Infinity, 3045.529009580564, Infinity, 326.334285207078, 732.7581682895211, 583.229964393733, 520.9710053132432, 603.1836272981261], "[160]": [319.3390888553101, Infinity, 776.2372212251724, 521.1487191160576, 11.143583711126437, 399.64543810134194, 399.11985196920506, 312.53457736344876, 278.9173066516374], "[180]": [269.96646148044874, Infinity, 210.98045111576005, Infinity, 6.427441336420771, 115.49812094301181, 123.50969862375456, 612.137503372013, 609.8347383624325], "[200]": [215.52412263067424, Infinity, 57.34362624242264, Infinity, 3.790975676124623, 31.85217890605702, 35.75987266480598, 559.6539581434477, 580.3873565286357], "[220]": [201.8776924450937, Infinity, 5.511304734091885, Infinity, 5.408089341824534, 13.863380783857595, 14.85531856626588, 422.7159203205287, 432.97141384886055], "[240]": [184.69768368895396, Infinity, 2.207842869811582, Infinity, 1.0223732075728156, 3.10539394867255, 3.383803973508429, 368.28330530018604, 379.1610483734319], "[260]": [168.09129102727601, Infinity, 1.4120330656789135, Infinity, 0.6385219411638537, 0.3130727909157545, 0.2625819462972053, 285.25090162262165, 294.60345796103917], "[280]": [158.82265570752762, Infinity, 0.3106199643766998, Infinity, 0.3016527766762649, 0.39585917431817014, 0.5174462250591181, 254.6619394605634, 260.90773223451]}