{"[20]": [2.9737733508538025, Infinity, 8.56913809239924, 2.412866318038954, 89.88578339860524], "[40]": [3.0812977955021226, 54.90231571135922, 163.3379034630445, 45.9831016200755, 3043.0532574776594], "[60]": [161.55093418015568, 266.12527876516435, 3948.7176760990837, 1703.2537741706594, Infinity], "[80]": [6473.872207157365, 6992.075172596406, 36446.60092425207, 37696.43001034147, 9394.83666207483], "[100]": [19629.45292482262, 37191.773796074864, 21455.555012062097, Infinity, 26511.148069855626], "[120]": [3416.4843589019692, Infinity, 13897.319755901337, 2720.453559131382, 6731.6709609814025], "[140]": [490.48638456993723, Infinity, 3039.1681548323713, Infinity, 1072.1225145675705], "[160]": [448.1426698765626, Infinity, 795.3003829283111, 21.81811550022274, 225.32106859138844], "[180]": [480.72701681971745, Infinity, 207.3244759135519, 5.986865714437855, 66.43947709968431], "[200]": [521.8686630739055, Infinity, 55.71218616619906, 793747.4169958403, 18.232502601885475], "[220]": [479.6339714632799, Infinity, 5.3125433164639295, 19228154.73327716, Infinity], "[240]": [408.1185402890597, Infinity, 2.1958422162545803, 7342.027001549048, Infinity], "[260]": [351.2316535875635, Infinity, 1.4413338534054019, 0.9343818133340046, Infinity], "[280]": [381.03180821546755, Infinity, 0.3170681692482597, 0.012319794635520931, Infinity]}