{"[20]": [16.542099389791076, 16.27442674301892, 18.142857142857142, 12.40559724162253, 12.883572224121954, 12.40520482137719, 12.883063425948194, 76.21093750000638, 16.23811641202402], "[40]": [176.81135554004896, 21.85710043830875, 356.57142857142856, 333.62022437573876, 361.4094570985331, 158.55617178560794, 145.43183664196943, 42.126682570028834, 17.267116331498812], "[60]": [2314.831305878047, 1538405352209620.8, 7713.428571428572, 4189.212830683377, 1318.0429917233414, 1185.1801888286518, 1063.4546221192268, 283.34666980143265, 515.903979199571], "[80]": [5353.689461623915, 3.40077629912588e+24, 14841.571428571428, 6515.486447714473, 2890.2854376288087, 169.41493908456323, 1200.1849113408025, 1197.1678832164835, 24487.066743366842], "[100]": [19.485649276772165, 2.414254885475781e+32, 17004.142857142855, 1897.2066756127897, 1758.8763693468645, 1384.5832786757128, 1334.3629306790426, 18316.374962629205, 14300.750532979839], "[120]": [803.5877119432171, 7.576325486168787e+35, 4268.0, 592.5964533579986, 14.768241782604946, 33.80459685822643, 71.6272573666729, 2923.1484647086863, 3534.8503540484608], "[140]": [13.402147491149663, 4.537767621226321e+50, 719.7142857142858, 185.61586566895477, 80.79546582560494, 77.58611803607977, 61.8117170144281, 205.26469965616525, 164.1602059695099], "[160]": [65.07835768090808, 1.9472354461076123e+59, 134.85714285714286, 34.102371729869304, 15.721783512374813, 18.293003948611215, 15.981778570909569, 390.88670001213865, 393.36465533408506], "[180]": [75.54063623963702, 2.8311610852975855e+67, 22.714285714285715, 15.460944447646245, 11.040836999577557, 13.29698081328244, 14.08763514318435, 309.70119406282396, 315.9660481822185], "[200]": [117.39835820514509, 1.9258664884755883e+77, 8.428571428571429, 1.0408684225232334, 0.3813459347934671, 0.7540994541604329, 1.4483478826730152, 268.5399272731803, 285.9092170880377], "[220]": [106.28286878794461, 1.6198306258292654e+85, 0.8571428571428572, 1.0925829194025378, 0.7653388506566514, 1.0553279757059095, 1.2469686264680133, 237.7528458121058, 244.67548192930334], "[240]": [87.26792081867916, 9.5085081810186e+93, 0.5714285714285714, 0.6984892276797441, 0.589608176431359, 0.6937118874676065, 0.7687205736152757, 166.14793914088534, 171.80229394157874], "[260]": [73.62012054356364, 3.8746981460246653e+102, 0.0, 3.155093711024206e-05, 4.1547763788034806e-05, 0.0006388036098821747, 0.001981891907675409, 138.65778356783807, 144.18419249310233], "[280]": [66.36546159090722, 1.5387735893052318e+111, 1.0, 0.9999971777013487, 0.9999961465463697, 0.999920454787932, 0.9997234762375158, 120.76001927458351, 125.14550635447543]}