{"[20]": [Infinity, Infinity, 1.9293230070194647, 1.4482160999041696, 48.140233178366216], "[40]": [Infinity, 45.87559377592555, 11.234819974396729, 14.825937053185692, Infinity], "[60]": [4.346027098899688, 38.4097420547214, 93.42548070919008, 138.0630820917924, 168.49032354556067], "[80]": [49.126869043825934, 98.46939470956896, 20.856058340135384, 241.41216999142733, 33.682690689814756], "[100]": [16.478321865638208, Infinity, 1.6236072078519797, 215.09713495881016, 21.322742976376976], "[120]": [14.04576506083239, Infinity, 31.325783310638055, 251.02548859391703, 19.867141379679282], "[140]": [3.043941779826524, 669.460479454406, 417.62628931424587, 676.7942672883755, 119.408776590834], "[160]": [816.5481700384752, Infinity, 4868.237520301594, 3098.415211434676, 1376.4953538352308], "[180]": [2469.779689348191, 306283046479211.4, 1189.1057812070367, 11871.060536278004, 53832507.027097695], "[200]": [1836.5933325530882, Infinity, 4924.307456344247, 1491.2621085663357, 18642117.75211711], "[220]": [112.0197624721425, Infinity, 1299.8938314768402, 226.6526432031541, 3284854875.578956], "[240]": [60.193400713416175, Infinity, 220.2283579995606, 103.55837637436835, 303412672.74800164], "[260]": [63.514544872089424, Infinity, 28.53360028527045, 8.953510467259783, 336768666.4832478], "[280]": [198.13965348579072, Infinity, 3.140345999357935, 3376.1321716708703, 10735566.0101968]}