{"[20]": [14.387639681996438, 128.3908863639181, 13.097246404015568, 61.78997810896208, 39.99373556966882, 14.496165769346968, 12.607428321896746, Infinity, 10.976532359554122], "[40]": [10.337560895098482, 4753508207.803359, 11.958729411052756, 41.85214886107025, 25.93818278978162, 22.918608972340824, 280.2556012881241, 680.1249812067294, 26.45527363763671], "[60]": [2.147970347482816, Infinity, 3.604512335692375, 19.817365567877026, 13.09063537999842, 6.141272654411785, 19.663654357730472, 27124.040030246415, 8.928189031526257], "[80]": [20.759531898462026, Infinity, 23.381072531494905, 48.087842404742695, 46.950941400969064, 40.028035700731095, 88.13286998551862, 46.145825049639086, 40.549970728336696], "[100]": [50.69978568280228, Infinity, 51.81095516639354, 88.86328762258223, 77.26181343999819, 50.92822022916385, 51.68438473722778, 50.917412883302006, 52.0398502976309], "[120]": [40.14631957881549, Infinity, 12.111986404093985, 40.75730989619839, 22.09251188722319, 15.994058889933381, 71.47754715412646, 137.66296900580446, 149.8022777604087], "[140]": [9.265044191088846, Infinity, 12.080156257740443, 97.47191853594217, 95.22074726754288, 15.721308777485062, 341.5007710959711, 57.03766939949807, 60.73714862135073], "[160]": [5.779648969066684, Infinity, 3.5018742618606296, 130.09845613200318, 129.9858834380081, 23.777378655867214, 1207.605541141271, 2.57934218756724, 9.343616958861663], "[180]": [109.71043850979824, Infinity, 131.68172061140868, 278.6895041065263, 268.2686868363612, 168.40661306412525, 123.18797465527813, 85.71562891073306, 90.50415314817741], "[200]": [168.3086058123515, Infinity, 529.0486666792935, 717.2580917453423, 411.2852161745201, 523.1071861946531, 395.7886705283907, 214.84335650656715, 215.04967147630398], "[220]": [742.7326916573483, Infinity, 1281.0582555691249, 640.9002159705609, 353.3989611114635, 363.7893457711396, 2195.1558600482326, 688.0539315770532, 700.65735417154], "[240]": [651.9361471812114, Infinity, 2704.324105550073, 1813.1722029218192, 851.3503554262991, 410.17331624773055, Infinity, 330.14124172002414, 334.3922135529533], "[260]": [747.8972057234877, Infinity, 2178.5417284222867, 3082.0416640832786, 250.61356406040008, Infinity, Infinity, 1210.143883596147, 1238.3822248590764], "[280]": [478.7017295572884, Infinity, 146.58722617169155, Infinity, 2235.2683490760105, 867.1884014141287, 22786.704462228914, 1950.8133945309485, 1913.0056837648817]}