{"[20]": [Infinity, Infinity, 1.0, Infinity, Infinity], "[40]": [Infinity, 11.47916349287692, 26.305853314602004, 7.2627029335923625, Infinity], "[60]": [136.28998268511637, 29.1319419586639, 168.31236585028486, 265.38270000639363, 53.057689614995425], "[80]": [54.39057269539529, 73.1773837600532, 20.139260530327665, 297.4508389630119, 48.82730100166017], "[100]": [3.51820119840248, Infinity, 16.116030452266113, 317.24421104837757, 16.018141816405524], "[120]": [15.935376483677928, Infinity, 8.756596221755439, 332.2068783523589, 13.144228427018769], "[140]": [83.99150734318623, 1936380903046.482, 571.3306128165317, 3500.355597495923, Infinity], "[160]": [507.3103731717624, Infinity, 6177.304952393506, 1393.591512671903, Infinity], "[180]": [2886.7272875404187, Infinity, 15410.671561008825, 32465.71908864025, 15701070.527635416], "[200]": [7032.611375251254, Infinity, 11695.825238634437, 5687.382018139302, 81393533.08282243], "[220]": [1682.372702051363, Infinity, 7157.428341569, 2137.1077825242883, 52381458.27918906], "[240]": [223.5015357394251, Infinity, 2231.3140611366975, 1084.823629938819, 318219.3136799676], "[260]": [180.90733990433856, Infinity, 452.8552466347513, 123.41815263337685, 9640152.256544048], "[280]": [312.17603651848583, Infinity, 43.845104927852354, 20602.177864246565, 1919945.6479218958]}