{"[20]": [0.0, Infinity, 0.0, Infinity, Infinity], "[40]": [5.743423304351829, 29.06469637677696, 22.0, 3.96549493707273, 7.841031560306465], "[60]": [36.754796836833975, 30.478375395497153, 373.57142857142856, 87.17710443227043, Infinity], "[80]": [491.1482393120423, 2006.5497071498603, 5522.0, 4572.013664515018, Infinity], "[100]": [4260.338539860128, 411845822401116.5, 123.28571428571377, 10541.211167235026, 2620.854907997724], "[120]": [1787.378065383973, 391752951940477.75, 5310.857142857143, 1888.5294076947253, 2569.6434117315475], "[140]": [74.48922007114083, 1506384695583580.5, 1032.4285714285713, 249.7215333707249, 341.9638583123684], "[160]": [204.2667508828888, 1.697762382756566e+25, 166.71428571428572, 424.16392678873524, Infinity], "[180]": [15.127705519588801, 3.2575470843569963e+25, 21.42857142857143, 1791.077203174342, Infinity], "[200]": [82.3932412800082, 7.354262059419327e+30, 3.571428571428571, 2087.8849413241833, Infinity], "[220]": [96.13091691810902, 9.295342746130938e+28, 2.2857142857142856, 2057.7625915294875, Infinity], "[240]": [61.72843871719208, 1.0360916565296125e+20, 0.0, 0.0, Infinity], "[260]": [1.1783344414032797, 3.7302752886618883e+52, 0.0, 0.0, Infinity], "[280]": [91.59649372651192, 3.0284855948823276e+79, 0.0, 0.0, Infinity]}