{"[20]": [25.15861098380266, 18.462532656220198, 36.22553534026033, 15.837472739756763, 6.782632853694045, 22.327148476780774, 77.93278740783072, 11.165784609794411, 15.997081499630514], "[40]": [6.457176590626447, 12.579059633953277, 45.66218405924877, 136.84455659177934, 84.22990914606373, 43.154259239455484, 1021.7472424152168, 154.47271630539063, 3.715912749092483], "[60]": [25.578352035888223, Infinity, 36.52988392788116, 131.4073327472482, 34.10171987717524, 75.12349339100801, 249.6660508827519, 98.26887752884866, 15.511959118548964], "[80]": [123.09433968031071, Infinity, 153.9485305337249, 304.41836572271035, 133.15815122573352, 198.0374405174962, 915.3279381591663, 24.796839169730852, 44.28405022515073], "[100]": [362.17587832543074, Infinity, 401.39526560803415, 634.523173825945, 341.97553697603854, 450.095302898109, 192.7413085022152, 230.87564483328464, 202.8837974307638], "[120]": [456.68792972232075, Infinity, 1100.723383403807, 1342.6103830645054, 706.8044762264215, 923.8349671983603, 987.8550169539926, 103.98724362785974, 112.25847265829165], "[140]": [90.26670580315702, Infinity, 1512.191942964609, 1723.3735342723228, 576.3068300748547, 799.9068500414186, 13218.261754558462, 1001.0102734570863, 701.7575936526248], "[160]": [355.62372936265035, Infinity, 1900.7672769883866, 2982.0763148794763, 1144.5376147214217, 1588.3604372208802, 36799.16071957264, 450.0680138920299, 497.38376958722563], "[180]": [1759.9045950266607, Infinity, 4260.63081504034, 6245.970823523795, 3470.3500907616476, 4564.9938426142835, 2658.2823665345977, 1345.6462275239162, 1311.6765035694464], "[200]": [165.21676130681564, Infinity, 8876.545363750181, 15400.407593977896, 6197.075689620053, 8867.16136273219, 4302.172495563451, 3029.870178163241, 3056.392051952186], "[220]": [2101.5727147554585, Infinity, 2718.6819733904167, Infinity, 5078.640645961953, 1629.7642592842496, 5399.184974577, 2017.0167914551653, 2049.509865901312], "[240]": [140.21013161791825, Infinity, 6793.429061235284, Infinity, 5833.3432256755505, 1152.6242159521346, 4955.904925014578, 805.7887917531904, 1073.5432243613266], "[260]": [1653.0407844009285, Infinity, 8234.230427830278, Infinity, 4325.332261932885, 2221.350665777575, 1905.1216373530121, 4213.046235687728, 3826.2708388473866], "[280]": [149.02513058103057, Infinity, 3971.940245683038, Infinity, 1934.6220853382758, 1752.8922736707607, 1220.9772701931936, 452.585441911526, 314.44330765230194]}