{"[20]": [1.0, Infinity, 1.0, Infinity, Infinity], "[40]": [0.028834400965387808, 0.27942966480296283, 0.0, 0.6306785047227296, 0.16217569443810498], "[60]": [0.08134579219480065, 5.9858059650697015e-05, 0.0, 0.37361180010967765, 0.06231552871910162], "[80]": [0.8924814254820179, 1.161825907615015, 0.2857142857142857, 0.7404327930727401, 0.3634701232066703], "[100]": [0.6039817308866767, 1.7037036567425785, 0.8571428571428571, 0.21332699586908835, 0.5201798920017582], "[120]": [0.6901846857152183, 0.059167920223444526, 0.14285714285714285, 0.5099839068023183, 0.6940747144805823], "[140]": [0.613493846170765, 1.7017863382249692e+36, 0.0, 0.4826078868051014, 0.3777777047075549], "[160]": [0.31994904760635745, 3.1865716215632824e+33, 0.0, 0.0, 0.0], "[180]": [0.2005391231743251, 3.171556638378085e+51, 0.0, 0.0, 0.0], "[200]": [0.14287888567336304, 1.3226422966952824e+69, 0.0, 0.0, 0.0], "[220]": [0.10854834243068445, 1.205699435141411e+68, 0.0, 0.0, 0.0], "[240]": [0.08621118614095016, 9.148505362091683e+81, 0.0, 0.0, 0.0], "[260]": [0.10339317834753874, 6.084434970324289e+96, 0.0, 0.0, 0.0], "[280]": [0.09305391867673896, 7.804459417317628e+105, 0.0, 0.0, 0.0]}