{"[20]": [3.6668501834789224, 8.06083555394599, 3.428571428571429, 4.827810373517014, 3.803629431172615, 3.0418764735040895, 2.8922910078345385, Infinity, 2.9957194788178394], "[40]": [42.8283401290904, 25.102176319390153, 30.285714285714285, 35.66102340032171, 43.20185684136577, 32.528412389729226, 38.67908378832913, 169.95040319288762, 77.67066442862387], "[60]": [7.850220552278174, 1538406403419456.5, 21.714285714285708, 67.30649733236771, 17.3628380856227, 28.33899130163256, 0.2470041001215577, 209.38091658737756, 5.797139692640513], "[80]": [75.87928227861156, 3.40077629912588e+24, 101.42857142857142, 176.57266853651106, 76.54836367025547, 87.82303522769507, 69.00639282836696, 22.07678917193425, 7.3055500017878785], "[100]": [196.35920333396132, 2.414254885475781e+32, 249.14285714285717, 332.44205579896584, 184.35351657435717, 255.33520659276525, 71.07335959126169, 91.73766294937491, 86.6056347147271], "[120]": [88.81932656306321, 7.576325486168787e+35, 633.0, 622.2977173209977, 376.51217993452497, 546.4700685430068, 71.5215849357869, 36.27751115196929, 47.90455725399033], "[140]": [137.0323313752756, 4.537767621226321e+50, 1237.5714285714284, 1051.6127144008565, 642.0278172339622, 996.7926248899698, 38.560868943914556, 171.3943993476605, 148.89077324677783], "[160]": [243.914653049379, 1.9472354461076123e+59, 1280.1428571428569, 1268.9001793614016, 574.8613313086098, 1094.3270847701442, 156.05394712870293, 682.6200961328641, 677.6956440956055], "[180]": [1360.623564547128, 2.8311610852975855e+67, 2029.0, 2677.270237560343, 1259.4505300369892, 2269.423988977569, 878.125779420192, 414.3317708570594, 353.48072353660973], "[200]": [349.77954759473505, 1.9258664884755883e+77, 4938.142857142857, 9928.978160265584, 3248.195321163639, 5913.089354750266, 2199.577154823064, 518.3516418721883, 488.2570972345966], "[220]": [717.7676402767684, 1.6198306258292654e+85, 3044.7142857142862, Infinity, 532.5731591763397, 3744.0045162076494, 10.617477830299322, 1273.3762811616944, 1120.799167467063], "[240]": [508.9803515859894, 9.5085081810186e+93, 3053.0, Infinity, 3187.960957506075, 2189.3897101237417, 4212.331648247971, 996.5235314953861, 1069.0234551024769], "[260]": [301.9368588058096, 3.8746981460246653e+102, 4849.5714285714275, Infinity, 2016.0469375154007, 885.2042582589656, 1802.281180562386, 106.59373094594775, 60.613291024888895], "[280]": [39.49695935422187, 1.5387735893052318e+111, 3254.7142857142862, Infinity, 1273.444498837407, 1140.3024356582428, 1258.743289579831, 53.15813640239321, 37.61192834301801]}