{"[20]": [Infinity, 0.00038431969908012077, 0.0, 8.75646669766874e-07, 7.900190661321851e-06, Infinity, 1.5413033922042188e-06, Infinity, Infinity], "[40]": [0.19156456047422193, 10742697.527797775, 0.0, 0.893300566875655, 0.7154718723198614, 0.41160639702659924, 6.486123025962772, Infinity, 0.15956612909668538], "[60]": [0.6552095939037129, Infinity, 1.0, 1.3653014105014467, 0.6345527736854958, 1.0748234345519443, 1.8124190306176018, Infinity, 0.9997638330857153], "[80]": [0.6275110016010157, Infinity, 1.0, 0.31263067838273345, 0.02145874622113305, 0.4135841992100487, 489.4604805584044, 0.6310709084990741, 0.9173082246430858], "[100]": [0.06813728396594608, Infinity, 0.0, 0.0007126187003701482, 0.0015441541749750573, 0.012749408619680831, 42.12913760386232, 0.04140581986209137, 0.06433345717530306], "[120]": [0.09488910793191006, Infinity, 0.0, 3.745956827876546e-05, 9.678660555646767e-05, 0.0015773914520569297, 4.539240623162147, 0.19581990261773177, 0.26396961701474053], "[140]": [0.06553547018645603, Infinity, 0.0, 1.9665163734066475e-06, 6.077131603171687e-06, 0.00019555460661075473, 0.8686641027149044, 0.0966288865531197, 0.12646537054257265], "[160]": [0.05177814599710162, Infinity, 0.0, 1.0314180119276644e-07, 3.84825185177533e-07, 2.413437480664535e-05, 0.1346325897092676, 0.0642360524010812, 0.0811965818561328], "[180]": [0.04657078078491538, Infinity, 0.0, 5.406209400475404e-09, 2.4448803641251543e-08, 2.969973921994788e-06, 0.015575293939056479, 0.04814515009525912, 0.059129295761972546], "[200]": [0.0427600675133737, Infinity, 0.0, 2.8323437315568974e-10, 1.5523358530127704e-09, 3.647478256668207e-07, 0.002538590341758453, 0.0385171168904122, 0.04621930066725538], "[220]": [0.039774027536764615, Infinity, 0.0, 1.4833454684060184e-11, 9.851719770532927e-11, 4.4726539763194793e-08, 0.000369088204740567, 0.03210648699712144, 0.03780804079196085], "[240]": [0.03732940836373288, Infinity, 0.0, 7.766335947795253e-13, 6.290743174544466e-12, 5.478048532539964e-09, 6.464583496482649e-05, 0.02753000876641443, 0.031920756385236115], "[260]": [0.03528449132357096, Infinity, 0.0, 4.065294183917239e-14, 4.014103174985756e-13, 6.703282780002522e-10, 1.0715176792861478e-05, 0.024098310145577173, 0.02758354925267268], "[280]": [0.03352161670410561, Infinity, 0.0, 2.127589706732815e-15, 2.5589279230927634e-14, 8.196369414442073e-11, 1.4107151091326318e-06, 0.02142919111426318, 0.024262616464845375]}