{"[20]": [8.566819103778652, 25.506275579882043, 8.428571428571429, 44.68540393529328, 43.7791465796614, 44.80241811531838, 43.83951127065663, 3.000000000000009, 1.5056341183014457], "[40]": [83.06064821588038, 205.67615061403438, 89.85714285714286, 1.1178077664448125, 102.02040701421923, 1.3053989702974746, Infinity, 18.163127844807477, 19.548734344917648], "[60]": [408.46977427451105, 1.6870674763344284e+18, 734.4285714285714, 752.7735417480525, 776.2393496579526, 43.20792998287129, 43.8944837242899, 159.04641176939504, 254.791917737042], "[80]": [2380.934412061804, 3.729403789879908e+27, 5001.571428571428, 4411.412539160052, 837.4504199468383, 836.7625726557235, 762.3446678587088, 1333.2555540907488, 815.8087741578374], "[100]": [2109.223040422643, 2.647552091869952e+35, 7321.571428571428, 2682.33116464287, 1208.9893116110252, 1276.6011133563334, 896.622817960746, 41675.521332654855, 36237.70496142596], "[120]": [645.0175137805436, 8.308450134770628e+38, 6539.714285714286, 368.4584731316336, 881.886593550953, 2449.6209375370854, 460.8228151124076, 35004.84665471619, 39970.28722074893], "[140]": [277.8626391254479, 4.976266294395922e+53, 5047.571428571428, 13.7952282199617, 358.4375667142176, 578.5620211498417, 283.65189298271935, 1192.216209099237, 103.55156460879834], "[160]": [675.0466250496438, 2.135402919236706e+62, 1196.4285714285713, 107.61244914411344, 29.99581963396787, 17.45167404989718, 50.07486090213217, 1120.1664185445206, 1089.7997906635076], "[180]": [48.29240820490077, 3.104745092395459e+70, 285.85714285714283, 53.40055573654149, 30.828839250512644, 16.084729038459912, 35.658588469713024, 43.45788928567629, 116.03444599166568], "[200]": [171.06066152217772, 2.1119689227880706e+80, 65.14285714285714, 28.01908905581707, 19.980797145433, 18.205953662950872, 21.08244241446716, 422.84820938765864, 431.6811129373075], "[220]": [91.39083561392863, 1.776360035683665e+88, 15.0, 20.21134149794805, 17.275628397053143, 17.814832361274743, 17.510844640157394, 197.53321066067042, 223.0542957226078], "[240]": [72.15281205589918, 1.0427345148083256e+97, 12.714285714285715, 8.246462102276979, 6.089836805103291, 7.687345684885859, 6.138203727765905, 254.57304284673614, 251.32120314874766], "[260]": [120.67857778844382, 4.2491225503989994e+105, 7.142857142857142, 1.3598013543615284, 0.4811517001991936, 1.2329749999872166, 0.49082352069360446, 218.4132082442574, 221.66165667895592], "[280]": [90.89840522109807, 1.6874702090631743e+114, 2.142857142857143, 3.843552823379373, 3.6229574482823823, 3.815334044611118, 3.6248343441762754, 181.8334336104715, 184.4580956443082]}