{"[20]": [0.0, Infinity, 0.0, Infinity, Infinity], "[40]": [5.276454242174131, 29.00445318260405, 20.455073244144902, 2.9315332767721047, 275.35275996677365], "[60]": [34.95360281319144, 25.244614972526378, 348.8155306057916, 84.29149590308229, Infinity], "[80]": [471.6198471687195, 1488.076374338976, 5081.5175359522045, 4523.549900790716, Infinity], "[100]": [4139.326597451559, Infinity, 240.68123112749913, 73020.45700194708, 1385.8150151593588], "[120]": [1469.9280548931733, Infinity, 4273.316302409578, 23093.289725406226, 2305.141050160473], "[140]": [95.71192343293778, Infinity, 787.0141129273354, 27548.267733481967, 288.8250813155199], "[160]": [120.41054413788586, Infinity, 136.3735764576701, 809728.2396157803, Infinity], "[180]": [80.45671396645936, Infinity, 15.29485261199511, 2877886.0136727407, Infinity], "[200]": [82.62102305978625, Infinity, 2.292931100166858, 3192140.3702292205, Infinity], "[220]": [82.00834649281502, Infinity, 1.9431721526117105, 2996588.6800378663, Infinity], "[240]": [73.73498459557263, Infinity, 0.0, Infinity, Infinity], "[260]": [66.54169549879578, Infinity, 0.0, Infinity, Infinity], "[280]": [74.0370874811087, Infinity, 0.0, Infinity, Infinity]}