{"[20]": [Infinity, 0.00038431969908012077, 0.0, 8.75646669766874e-07, 7.900190661321851e-06, Infinity, 1.5413033922042188e-06, Infinity, Infinity], "[40]": [2.4106523381892266, 2.317530024992211, 3.1038081443255066, 3.186530419898713, 4.34451387352383, 3.426749187552943, 567.5200255910254, Infinity, 1.2780564175154199], "[60]": [3.954538311171008, Infinity, 3.7509598300185765, 9.480559953673975, 8.792107561753793, 6.030214489381765, 24.045047798170167, 75.28765399811564, 5.243224061391004], "[80]": [0.6572367985590967, Infinity, 1.6709546671601792, 8.554440449658117, 9.335391176937629, 5.424827036806986, 2.2631814584323786, 11.326510798606403, 11.457351745425878], "[100]": [0.8339942879212145, Infinity, 0.2886766364742507, 8.86091056549447, 9.662293862479283, 3.4807408142406935, 0.8961092889192939, 0.991525445555704, 0.1979782833701402], "[120]": [2.437944115012215, Infinity, 3.4814360443915557, 14.147625872748423, 17.37209416994052, 7.712087653213751, 3.9464235430496193, 3.388926774795264, 4.484019126590958], "[140]": [0.6149899324452959, Infinity, 1.344339892782362, 5.542680861844349, 4.383507551467175, 0.4510151429505406, 0.7468846760194308, 2.4386521248590736, 1.7392819299719107], "[160]": [1.3418483090077271, Infinity, 1.5948722084815465, 6.272551543178114, 7.971144866767628, 0.17861287656365035, 2.95927762015303, 3.25200551758708, 2.4604678477261683], "[180]": [1.1586410941691303, Infinity, 3.661272939758718, 20.32499492278942, 26.304728198741824, 9.910141976028603, 1.9568807210206232, 1.2873341421976634, 2.087167306898939], "[200]": [8.176981724255869, Infinity, 9.031601586280122, 17.301375020600823, 10.793742477751717, 8.471209019627034, 9.912347715805538, 11.150659121195412, 10.30995319526276], "[220]": [32.115715453512365, Infinity, 44.89131731051807, 48.17644270056146, 26.445369030094774, 44.149372122726625, 34.46041931205162, 20.35169424346149, 21.501688170059452], "[240]": [4.153538229519415, Infinity, 52.5330663875066, 19.04252655430525, 8.726651757805715, 22.10509477697161, 1022.0957250317992, 38.6557858941714, 37.728887351689686], "[260]": [25.713415476581215, Infinity, 135.13554451849194, 73.5362118406738, Infinity, Infinity, Infinity, 70.30826266290921, 73.31485733253425], "[280]": [5.760095112144926, Infinity, 123.66472715712966, 62.15836486446472, Infinity, Infinity, Infinity, 64.44253540743004, 51.51191844495578]}