{"[20]": [4.0, Infinity, 4.0, Infinity, Infinity], "[40]": [210.67704327215972, 722.2258166904078, 48.268575745760906, 32.71960200621198, 176.1537178056754], "[60]": [35.11097540778905, 18.641825766614048, 31.361460497598927, 36.705708429717916, 1609.9133747094215], "[80]": [51.01009531477315, 83.06729217359793, 143.2890691550621, 37.85223867643238, Infinity], "[100]": [26.74987917138022, 13.76883763923378, 416.72343892029113, 63.251981021282774, Infinity], "[120]": [113.60858912214103, 662.73937718197, 1229.8569213078233, 672.3060207437289, 550.0100090739386], "[140]": [186.22190560920464, 7432.506096194979, 1812.6673353061271, 1753.8648920566193, 943.2359076433592], "[160]": [37.60676971157501, 464.2224996438901, 1303.460332597491, 3282.2027190154495, 550.1824164535832], "[180]": [285.4741559616169, Infinity, 686.7029860337614, 3374.240914944504, 353.8589095725693], "[200]": [322.27022264590687, 651.6387669888397, 934.8521099560002, 565.9960598519189, 511.23455877409725], "[220]": [483.7972122642212, 1934.792116120119, 1228.92025117691, 10852.616710902445, 475.6543996709162], "[240]": [128.68718510131816, Infinity, 1853.826423754196, 9409.541954934723, 353.51243663980034], "[260]": [50.00416924680117, Infinity, 1701.86364068604, 3974.4317123632413, 382.5417021461466], "[280]": [35.98635373793377, Infinity, 1001.1196501948999, 1792.2565860742245, 299.6897896304512]}