{"[20]": [1.0, Infinity, 1.0, Infinity, Infinity], "[40]": [0.3574209314341579, 19.21016201186119, 13.7103363452163, 13.49784083924301, 39.063755454939816], "[60]": [10.427302505194394, 9.095767600493744, 13.922232356993746, 13.714721496088147, 196.92946782840517], "[80]": [2.7078188039978017, 3.625630422569894, 0.3736958236420775, 0.5725423866491546, Infinity], "[100]": [2.3210902451103563, 782641.5760129761, 1.1064087044931943, 6.82730584652311, Infinity], "[120]": [10.013178199847165, 643.725514697052, 15.271530670960265, 8.65365496429132, Infinity], "[140]": [3.0647548593974925, 51.85233627361777, 34.862456241289166, 25.284931260043738, Infinity], "[160]": [34.14277334142681, 37.63619019971341, 10.520370408725935, 3.5683209970164493, Infinity], "[180]": [10.727607757783497, Infinity, 69.1429847020061, 34.88250906805514, Infinity], "[200]": [17.60723504595023, 31.70219407630206, 167.01343930410553, 118.33538867963671, Infinity], "[220]": [79.88679434715584, Infinity, 550.247523325174, 125.68810658973493, 132.27697966398836], "[240]": [63.02831346291021, Infinity, 1263.9291084966833, 502.4287277247547, 126.67855019190065], "[260]": [104.74038233800871, Infinity, 2067.837090952819, 2339.7888703043163, 174.2332656402125], "[280]": [216.8393217904149, Infinity, 881.9720126086883, 2273.2881538266824, Infinity]}