{"[20]": [3.0, 2.9998732810558355, 3.0, 2.9999989164443392, 2.9999886477992104, 3.0, 2.999999996586311, Infinity, 3.0], "[40]": [10.19179613494504, 11.57882407400757, 15.428571428571429, 3.3981425836956483, 3.8480658607909497, 13.934958097850991, 11.195080635268196, 781.7968750002673, 8.024900515927577], "[60]": [44.90099384570726, 1538406420492724.8, 133.57142857142856, 111.20542201186325, 119.57468004515758, 36.4858113215364, 38.66808155936755, 60.95959898661317, 23.041470059390264], "[80]": [204.38141837923922, 3.40077629912588e+24, 788.1428571428571, 566.7182471391044, 183.11772101172164, 180.6081367874981, 168.97861361677428, 22.974439629120297, 8.953777024441024], "[100]": [477.2148969138616, 2.414254885475781e+32, 4127.142857142857, 630.3999550062981, 78.45262273555181, 2.2141333950085027, 96.93435844141368, 784.6259585808821, 772.769959717456], "[120]": [897.4615001759412, 7.576325486168787e+35, 5014.0, 1660.2043861428938, 450.0325615279871, 542.5547305531545, 431.46509228480863, 8051.693302737833, 7705.452459107393], "[140]": [78.13469334534602, 4.537767621226321e+50, 4659.714285714286, 1093.6787679297086, 489.0655121454147, 265.18169983286316, 435.847753011798, 1559.1299685051636, 1102.5573104497635], "[160]": [175.9941938196771, 1.9472354461076123e+59, 3909.2857142857138, 156.16010326492415, 372.59905032062306, 231.583040122714, 372.695450534904, 406.02865096470214, 657.7585900613699], "[180]": [194.4982557576459, 2.8311610852975855e+67, 1142.0, 129.0131199384175, 3.4220802649656434, 42.170814871572475, 3.1863775347565024, 293.4689356132527, 332.17598088628483], "[200]": [119.19032190877533, 1.9258664884755883e+77, 322.57142857142856, 20.974897590961916, 16.314801623643973, 1.845825446264314, 16.326513301516457, 148.45606459725343, 119.41268663125891], "[220]": [75.00923528714975, 1.6198306258292654e+85, 54.28571428571428, 21.215931790509217, 11.79476776902085, 17.071715488037903, 11.785998341003221, 102.24489181807883, 121.15518385111196], "[240]": [37.756427323278785, 9.5085081810186e+93, 23.42857142857143, 6.628044819561129, 3.1854123096367637, 5.73411296613256, 3.184665135115363, 77.18200971077725, 78.19230670728966], "[260]": [41.36472355005981, 3.8746981460246653e+102, 8.285714285714285, 2.539671061340762, 0.9183749208078336, 2.347166043568147, 0.9196341350354711, 78.95992913485212, 83.89878108564434], "[280]": [33.600622932995066, 1.5387735893052318e+111, 0.4285714285714284, 1.9002736814420842, 1.5791187877125545, 1.8588630796733496, 1.5792761944311207, 59.940615899693114, 61.74698878615078]}