{"[20]": [Infinity, Infinity, 3.0, Infinity, Infinity], "[40]": [Infinity, 13.416596546676534, 3.3759900467343362, 10.384610824521967, Infinity], "[60]": [0.5866391745919206, 160.42151385179574, 24.182903413337893, 53.33655112165997, 89.50198719275294], "[80]": [0.8015709902573723, 1.0286752973082216, 0.4890812053470446, 53.505776198715544, 11.925000006819971], "[100]": [1.208741437699947, 49404.462793825536, 3.2964379120841927, 48.614432825043274, 166.3640668289624], "[120]": [0.8533541934210696, Infinity, 4.445846489140621, 33.42060188274084, 4.112098497739454], "[140]": [22.466271921276405, 2386661846193391.0, 157.42805973760946, 341.6103557267977, Infinity], "[160]": [92.86986166775704, Infinity, 1349.7490122475265, 535.661541458894, 229.4893780851388], "[180]": [204.53411647294814, Infinity, 1120.7403437480036, 1482.3717429700096, 5112713.756643318], "[200]": [270.61611015648225, Infinity, 1941.5788227151463, 455.07169782943447, 3038247.6673788433], "[220]": [68.31647069151164, Infinity, 634.0702986127865, 76.52406039935939, 2055325.760127394], "[240]": [11.65363430927764, Infinity, 118.70251971547468, 17.524378811809463, 483077.2256074527], "[260]": [12.903707710505165, Infinity, 12.902215431399705, 0.8802527716529451, 22430.84974392026], "[280]": [10.721156900267488, Infinity, 0.3906412027840995, 1824.281440784656, 1529.8548965836585]}