{"[20]": [2.338531804418474, Infinity, 13.00788443662444, 4.731763781735638, 102397.87972417832], "[40]": [4.346696501608439, 127.63851216173892, 5.7477528448500115, 0.1559872188180808, 153.5434998230126], "[60]": [13.265762818035839, 12.832738273296078, 14.380993617960875, 3.8026908001544197, 374.15816892608115], "[80]": [5.579230960717744, 106.37173147966794, 6.570170429710031, 20.41921628375909, 1025.903490961629], "[100]": [35.72002589456085, Infinity, 78.86681372880406, 2.7024114497789493, 2749.6765936883808], "[120]": [40.77056934674417, 2474.4139685405307, 104.32475838049018, 10.396630838557257, 17981.133663797198], "[140]": [2.2992982079186843, 17.954034733118945, 139.60896105958633, 67.1453797254388, Infinity], "[160]": [5.729021108363957, 13.517920714625998, 109.63641769405878, 28.05064914564381, 127.20658386323905], "[180]": [114.74467844071613, 48.60796157006179, 505.69783785693426, 7.1514728590283365, 257.11657850682496], "[200]": [163.01140291112355, 4.497041782823754e+24, 1553.544566536238, 781.2970365706184, 363.45949599195484], "[220]": [232.09761933838098, Infinity, 1906.1416773401436, 1074.8670562638567, 410.03788955262263], "[240]": [444.7988250980096, Infinity, 113.68922725752833, 1357.576905842917, 1843.2646912645591], "[260]": [1426.0653048232464, Infinity, 2252.619195561726, 652.0623481736528, 387.5398937571159], "[280]": [485.98127853197303, Infinity, 1514.2728514672215, 30.904633684873765, 112.27358959040819]}