{"[20]": [1.2297030077668012, Infinity, 7.428571428571429, 4.433629917336404, 8.997764959086755], "[40]": [347.06374777633437, 1612.4374868213777, 284.2857142857143, 40.176589724955136, 141.8420846104618], "[60]": [406.23465678803495, 5412.600693010048, 6243.285714285715, 4256.091859596458, Infinity], "[80]": [18096.170740497328, 32006.06334793463, 32291.285714285714, 37442.824421000754, Infinity], "[100]": [16981.05789294099, 246654.2089464207, 21734.142857142855, 12489.852472596744, 27224.004694407216], "[120]": [3266.1144967877144, 1.1463070357485679e+19, 13423.142857142859, 326.8655620506688, 5419.097724592677], "[140]": [1032.580176752381, 1.7945544663388699e+19, 2575.1428571428573, Infinity, 684.8185371155082], "[160]": [1633.961001455471, 1.800051142007473e+27, 614.0, 96.13953015117886, 135.67774583348444], "[180]": [809.6473226317024, 1.1357719754799662e+24, 150.57142857142858, 36660.72649681229, 30.213187663491652], "[200]": [281.133483826318, 5.992809034266018e+23, 38.42857142857143, 26506.274405415017, Infinity], "[220]": [103.90178385040377, 1.2625740150397302e+23, 5.2857142857142865, 15151.76011059111, Infinity], "[240]": [76.16380479439334, 2.8286998937480646e+20, 2.5714285714285716, 0.7388254395513587, Infinity], "[260]": [133.2537196119879, 8.182379920162408e+36, 1.0, 0.08103664615299969, Infinity], "[280]": [241.72762934614946, 3.241959786882611e+48, 0.0, 0.0, Infinity]}