{"[20]": [Infinity, 11.40237880779023, 13.0, 12.999999174221957, 12.999986322953328, Infinity, 12.999997510319895, Infinity, Infinity], "[40]": [8.413570721563742, 14749112364.857529, 12.949617365122505, 30.51464347552038, 16.580000187350926, 24.630365358101194, 105.4896218428809, Infinity, 49.40318953460547], "[60]": [15.408981625771048, Infinity, 23.618472990230632, 49.22349990988839, 41.665414379321895, 14.34159393005457, 17.649729524966766, 3.570750843674186, 2.5929489312928284], "[80]": [51.7845679063263, Infinity, 61.33079189075591, 113.108721614969, 101.39043619975179, 35.13448678554786, 14.947092222881995, 5.605852769229832, 8.595605769000029], "[100]": [163.72077107795678, Infinity, 170.99031245401284, 263.97449122147157, 154.3110436110862, 115.92917179241289, 102.49494111446583, 35.76635037114409, 30.67242126921526], "[120]": [168.04769321208366, Infinity, 552.3003175911634, 664.0083528547575, 399.79042494411624, 148.94920436528773, 112.13044202501537, 56.293244664452885, 8.747641878938857], "[140]": [33.46584177982413, Infinity, 733.3604536536138, 641.1219893100719, 196.96575153978958, 290.362276461793, 720.3812723387479, 509.4583632718002, 501.1007338584383], "[160]": [24.146704416548108, Infinity, 503.3373428105331, 933.5494933862116, 131.9360444134849, 291.615271784948, 96246.53950408266, 30.916381497294427, 8.121767133731373], "[180]": [657.7361139702018, Infinity, 830.8767889720539, 1979.7395296106772, 616.6764052975628, 987.2866691167283, 502.8914313212279, 962.7138937716088, 1016.5362779090814], "[200]": [171.69443652388662, Infinity, 631.0711795914614, 2255.334964572993, 408.71541806616415, 1150.7989972259343, 145.537625102611, 436.3124090331203, 453.69335335949074], "[220]": [425.9509125574496, Infinity, 773.5314182972437, 973.3035773491182, 758.8099371309872, 81.8660835648428, 977.1197800065376, 249.23911100010153, 238.73243508008517], "[240]": [177.9249237682524, Infinity, 1196.9015078992618, 234.57159019804527, 1060.8608440607525, 1546.573547769824, 3172.901723912283, 509.2879447644013, 503.1123310157553], "[260]": [80.28251916727973, Infinity, 858.2147290404812, 36.36720047158342, 409.3538139995437, 1147.986151613814, 1978.7285468215996, 112.92838574898704, 146.13119056585106], "[280]": [62.892369255861745, Infinity, 425.3734353954064, 40.85248225269288, 139.93733369393476, 494.393452521222, 1172.9210815892766, 77.63727591336736, 98.97781233159029]}