{"[20]": [3.0, 2.8610357511668285, 3.0, 2.9999993602635624, 2.9999898707876245, 3.0, 2.9999999996917395, Infinity, 3.0], "[40]": [13.462888834495557, 19671143.800623026, 15.142857142857142, 43.27157558906806, 41.710794828132485, 14.492779146494364, 9.692473567486761, Infinity, 58.97690583883306], "[60]": [1.6721519843507124, 1.6870675686121236e+18, 2.0, 17.015551992557086, 19.083330750847413, 2.667088082857564, 9.234995440474052, 590.3122751417932, 6.608369270589783], "[80]": [2.03793335807606, 3.729403789879908e+27, 1.0, 20.62799986081478, 22.22157589526718, 13.788712645283535, 2.2792805126809874, 74.91206002935182, 60.516704713983174], "[100]": [14.18203898176057, 2.647552091869952e+35, 14.428571428571427, 35.80276742118352, 37.22018837433928, 27.47283675521772, 13.899836881648021, 15.495985653897105, 15.723498557307497], "[120]": [50.71993799370644, 8.308450134770628e+38, 55.0, 86.39853942926204, 87.48259642910223, 62.16870030522997, 49.9935754006373, 39.04389924071861, 40.69971329448811], "[140]": [70.11657672820908, 4.976266294395922e+53, 84.57142857142857, 87.16872244150863, 62.82416708674896, 33.916133264699056, 28.260897235517035, 25.48667993995474, 31.060206124711954], "[160]": [31.44151188547204, 2.135402919236706e+62, 48.85714285714286, 86.24851409444287, 101.55434530830269, 104.42668346572776, 103.96441021197296, 95.81615434350772, 96.8254590902095], "[180]": [110.81673409566872, 3.104745092395459e+70, 135.28571428571428, 238.60556609986236, 138.43131708196267, 135.72425217519577, 138.43049133030144, 21.140017059799447, 5.935570309978516], "[200]": [413.7787083496238, 2.1119689227880706e+80, 445.85714285714283, 614.4253335682595, 383.23258829722084, 380.6146944305337, 337.77065117772065, 249.4840471941302, 255.40178235752592], "[220]": [320.57793656486115, 1.776360035683665e+88, 1198.4285714285713, 821.9370444678532, 567.7831982770708, 723.4695813602777, 578.9696028798464, 269.60985683676563, 255.2473419552416], "[240]": [4097.360719963344, 1.0427345148083256e+97, 1879.4285714285716, 1596.8556756682633, 327.76265789730905, 189.9276763961061, 381.7525787157101, 738.6633979674843, 725.8234290687687], "[260]": [1101.2753059581628, 4.2491225503989994e+105, 99.71428571428532, 862.6606716993792, 2118.76923448659, Infinity, 1851.3580649623873, 871.3084301376966, 807.9405608319894], "[280]": [604.5695629246543, 1.6874702090631743e+114, 1879.1428571428569, 688.1747450385787, 1782.2351460729724, Infinity, 1859.2217336560152, 1843.1171352613665, 1796.9324859291883]}