{"[20]": [Infinity, Infinity, 14.170819824371758, 3.6036317039929746, 147.9368060509335], "[40]": [Infinity, 38.16862078721242, 150.56752451452056, 235.23897527489444, Infinity], "[60]": [961.0957982462148, 152.3397690397332, 314.16874440140975, 580.1910967342427, 253.35517527741519], "[80]": [5.2224647922631995, 45.46286582463785, 161.42572737718152, 738.1675722094847, 141.46261819434451], "[100]": [79.76245184555046, Infinity, 131.4679574022164, 946.3994971078594, 224.14390163485768], "[120]": [661.5378617762013, Infinity, 880.0413455772538, 1832.497744505806, 196974.81550408216], "[140]": [5044.810649130253, 644.5102051323482, 8289.231004152438, 11042.00083386514, 2872.2404627401443], "[160]": [7662.694989354531, Infinity, 2089.3245012759057, 8567.64124730738, 7053.8484553041935], "[180]": [620.6460296767849, 103476.55929170719, 5365.553093650788, 2205.501791390278, 2538297995.198507], "[200]": [583.0580474070176, Infinity, 1218.8127344522663, 1158.9539383164429, 1317383616.9115853], "[220]": [636.2094686205487, Infinity, 239.7316827579354, 465.48574718187274, 502892695.1127923], "[240]": [113.6455223902981, Infinity, 63.2013580144161, 17.653084898658193, Infinity], "[260]": [99.25607819789342, Infinity, 9.720629919272724, 5.03463387120186, Infinity], "[280]": [406.4194088277028, Infinity, 2.5885540117529517, 1647.090917727415, 13721070.417197261]}