{"[20]": [7.083935946329526, 5.285954155080333, 7.428571428571429, 0.35742560818918, 1.262427186398675, 0.8847140587087257, 1.4434595660199818, 114.94641113281334, 0.7589949835316485], "[40]": [29.612617129546024, 1979803.0387434168, 49.285714285714285, 17.15602622263996, 55.862982603344015, 17.136757401612023, Infinity, 37.06592568184985, 30.77514328514151], "[60]": [216.67915386856106, 1538406387566382.5, 483.1428571428571, 431.537571345717, 342.4052026808303, 162.30822309275914, 162.442720685881, 1121.5946754156005, 42.0081457596026], "[80]": [873.0352104393978, 3.40077629912588e+24, 3541.285714285714, 1728.5104705971225, 599.2434985349937, 593.1488633721983, 589.6106373434432, 200.10516098034532, 581.8911207127376], "[100]": [1197.882591327554, 2.414254885475781e+32, 4003.7142857142862, 981.4308076267898, 520.7137373535461, 680.5504405845841, 337.1837514518011, 3327.864746752479, 2477.470398096035], "[120]": [472.9421363726742, 7.576325486168787e+35, 4945.142857142857, 99.30346263769025, 853.2232283885387, 1248.9724204378108, 481.80234416938583, 8638.911174224853, 6216.503265179038], "[140]": [97.12874651357197, 4.537767621226321e+50, 2390.857142857143, 109.55049652858997, 186.56273854800565, 307.22272018418744, 117.22196770700066, 147.68252616420523, 197.60555927164478], "[160]": [105.9274812302092, 1.9472354461076123e+59, 561.0, 70.31775734006044, 16.47137546685076, 58.538718370493825, 0.8428379620279998, 48.27048360892206, 121.17330742182514], "[180]": [46.51343384260235, 2.8311610852975855e+67, 117.42857142857142, 39.02116801752126, 12.184850160029171, 3.1410648174585987, 15.658781329761254, 23.552362773863848, 36.97322268522595], "[200]": [52.154192535639595, 1.9258664884755883e+77, 26.85714285714286, 21.647555403950342, 11.622016396390976, 12.64726164997045, 12.384333589711773, 109.57496884421118, 109.80739026510508], "[220]": [2.0570492051078872, 1.6198306258292654e+85, 7.142857142857142, 9.95417734318576, 6.741737755596837, 7.831640680435159, 6.904054047579084, 27.459688968471013, 29.535049908214646], "[240]": [41.817846867378194, 9.5085081810186e+93, 3.2857142857142865, 4.288018609600998, 1.99612299670068, 3.80509336496878, 2.049679066053338, 68.66760174117653, 68.68362404981609], "[260]": [31.295255307705702, 3.8746981460246653e+102, 0.2857142857142856, 2.0811325637792875, 1.5038726164326504, 1.9736801813516545, 1.5157424540754225, 53.92862633723834, 54.12970420277666], "[280]": [17.77695945516598, 1.5387735893052318e+111, 2.2857142857142856, 1.792951952465204, 1.0145000243030393, 1.769395381694512, 1.0261703528709256, 30.953863593256273, 30.43707830912198]}