{"[20]": [Infinity, 0.00038431969908012077, 0.0, 8.756466713984944e-07, 7.900128624105816e-06, Infinity, 2.5035488720457547e-06, Infinity, Infinity], "[40]": [1.272740478054187, 868725.9550122827, 0.8510512937613184, 1.6449664243536204, 2.6101871551564675, 1.302727762058959, 2.2542891901361086, Infinity, 2.1376317084973806], "[60]": [0.23277956587085583, Infinity, 1.4077687508115568, 3.45611175462773, 2.808986263960216, 0.6663124552793672, 17518.870021454455, 0.23167411800143067, 2.2911913751568895], "[80]": [13.100175848322895, Infinity, 17.903009131939076, 15.358986212871494, 10.50304418086506, 3.370761398915007, 31.93428804831658, 6.4681119639435884, 7.864471636389462], "[100]": [43.32972065621817, Infinity, 51.33156251452318, 70.45017741854298, 69.51330299025149, 48.665978644484234, 38.12798622894095, 1.0849967849209683, 0.7696491485063417], "[120]": [9.933954251268528, Infinity, 158.20065579563942, 99.63719228622814, 18.2839863146625, 20.83748995401398, 113.66336604656226, 98.80600023313563, 81.58120785731035], "[140]": [12.420018341835675, Infinity, 498.2833539872881, 58.32738343996139, 25.770870248857854, 30.19469907079821, 530.4921098736456, 11.14176682641498, 17.921980645930763], "[160]": [152.96168412871853, Infinity, 1023.6910508856499, 149.31048624853932, 50.94187500842311, 48.70628987530399, 23475.466745369307, 10.765799497641785, 10.653063650883539], "[180]": [276.7595298285998, Infinity, 521.5908403051553, 105.5919837984245, 112.4714248694182, 239.02313346380214, 123.06937606624666, 25.310319316915717, 73.09232994879325], "[200]": [18.265079258693003, Infinity, 794.6101090447481, 294.7737557709589, 280.62865730153527, 122.6758206253498, 4958.21223960215, 18.63543907470655, 5.844207385458023], "[220]": [115.0767123716016, Infinity, 892.09103420592, 228.4588406047935, 213.32635539330286, 151.8464214707605, 599.787407710197, 14.506956651800882, 2.85067953443554], "[240]": [22.34218698436958, Infinity, 466.68614030361323, 111.64072833144955, 104.8608817659908, 85.76229130562746, 138.64306021813024, 11.578731716628553, 12.828827156201], "[260]": [36.55228605428753, Infinity, 121.8501604478793, 19.189929066114427, 13.46383421570186, 11.847411763226955, 39.392967108804854, 147.59847507209457, 143.60689701252005], "[280]": [24.896690836192295, Infinity, 62.10207263337243, 3.318243088903102, 2.4544685502006085, 2.2273458443521577, 11.907847038154639, 7.236142905524954, 8.783620000947078]}