{"[20]": [Infinity, 236.29972936129184, 11.0094541176289, 42.71295460046236, 35.39235247271421, 11.441178338675865, 9.846298082703452, Infinity, 10.251948609680268], "[40]": [38.131566261049336, 20142237453.47818, 89.14461894266768, 41.33963625674545, 102.37345460705689, 66.68075392056721, 38.59214503443521, 2652.8045622802597, 31.111900260396848], "[60]": [26.233533409009258, Infinity, 71.054920090139, 153.24559425277147, 139.96224522009857, 3.3639386195932843, 1464373.6946403435, 821.72765223751, 219.01783403586117], "[80]": [8.34654839414826, Infinity, 1.966273993390513, 182.27663529469172, 2.8747286760175688, 5.949567985830922, 1.4404306949962844, 1712.3083626518267, 295.5387188196062], "[100]": [5.840649063105935, Infinity, 31.722858887848805, 163.68881862404305, 30.816361715271274, 28.619579038680023, 25.728828203546552, 15.242503659191975, 30.965728918994056], "[120]": [97.23874827182368, Infinity, 66.63913818213413, 250.44827824027007, 89.27031957710524, 70.0930166768334, 95.31719955633525, 113.19508093894191, 97.44601675341009], "[140]": [1636.8014101713673, Infinity, 2470.1112322499566, 2871.398900341155, 2391.6651883985433, 2653.225964018163, 2391.2196950749, 887.1688965840142, 844.4109970721429], "[160]": [126.23935091322443, Infinity, 8722.192533103207, 4617.007335549708, 2620.3868610250706, 2852.5132754272868, Infinity, 6923.147223886276, 6997.756765066356], "[180]": [995.5152347622259, Infinity, 6156.475201059221, 1297.6714738500661, 11574.804456795768, 7797.002851048682, 12760.888745183702, 26938.26047506599, 31398.42856457046], "[200]": [Infinity, Infinity, 3972.5426584216666, 1792.7094499915358, 2849.1518577158495, 2200.1095538931377, 30903.08746409181, 43225.79149177149, 42342.979480590315], "[220]": [200.7598672234078, Infinity, 730.2424951358217, 964.4756642457888, 872.0203245898741, 701.1627181440746, 4169.622964418552, 1961.074299543829, 1704.9812321250415], "[240]": [278.44207256864416, Infinity, 109.24764462305923, 334.76207463519825, 270.86593405429545, 249.4261594592031, 926.3103093803655, 444.5619910543353, 452.9654879445679], "[260]": [224.19310485056587, Infinity, 23.671481662664068, 116.37772670125065, 90.28140413646213, 91.49904722822315, 269.50522362218254, 236.86375359417718, 248.8772099331704], "[280]": [258.757830481608, Infinity, 1.5998702734709405, 38.591446476269134, 28.815661326784216, 31.995769697474163, 85.58316727412182, 247.52496605049257, 251.01692086617624]}