{"[20]": [Infinity, Infinity, 9.234856132328495, 0.889737390467892, 72.54851802334652], "[40]": [Infinity, 19.266688015340748, 73.76060411511202, 11.261727889326597, Infinity], "[60]": [73.4960764934742, 300.3620996923177, 206.73530865660095, 467.56461396581307, 2931.3883823684832], "[80]": [12.425940037028118, 34.25266500601748, 5.9301102378957316, 415.87592654460326, 26.762772908226204], "[100]": [24.719918003278114, 140736.36740004647, 61.083332892011406, 298.76570493643703, 21.745384372689614], "[120]": [8.3307894138184, Infinity, 20.44272315135743, 301.541501080011, 15.756996145095524], "[140]": [80.08437046991621, 1565.9661650271398, 1691.5247664856224, 7405.120478245828, 299.05303264307724], "[160]": [941.1920773141821, 10439.204418248635, 9331.787575535058, 1917.0510615922767, 1441.0180829525327], "[180]": [2167.427900789487, 12877.986394579058, 4433.176019377729, 3689.145854524206, 70247216.2265661], "[200]": [70.38497486342841, Infinity, 4978.95971338838, 1268.7382495166944, 17790450.795337856], "[220]": [126.45196762263944, Infinity, 1084.2691988768993, 270.5427722644996, 3826061.9339259476], "[240]": [47.68273652744509, Infinity, 211.3686456113828, 51.84183586323189, 1880364.1271376468], "[260]": [45.412016325420005, Infinity, 27.744743325361064, 10.748648365492048, 307470.75587570673], "[280]": [139.65616315286456, Infinity, 3.864276268259253, 10089.313000466285, 4208.985655333502]}