{"[20]": [2.9942423401509113, 2.9998732810558355, 2.857142857142857, 1.943569356632131, Infinity, Infinity, Infinity, Infinity, 2.909090909090909], "[40]": [9.887748667761073, 6.398385657534426, 13.428571428571429, 15.547426139947568, 19.26307106871572, 11.18054968919294, 13.243185764785425, 156.90652359220434, 18.831959483611477], "[60]": [15.62135419941768, 1538406458297443.8, 6.142857142857146, 12.733054459887537, 18.20953267174507, 5.4914297307291875, 11.221138274101826, 1553.793737023595, 8.462703738055154], "[80]": [11.264185207118087, 3.40077629912588e+24, 1.571428571428573, 14.899504951869288, 19.281235223529254, 10.704663968575586, 8.27550269940365, 27.496218707338322, 38.42577956626595], "[100]": [6.14805023412282, 2.414254885475781e+32, 5.571428571428573, 24.292340796686915, 34.628359491031254, 20.52174246027065, 3.139594854035579, 4.198957971741812, 3.727203786052087], "[120]": [0.8049170054932375, 7.576325486168787e+35, 1.5714285714285694, 32.83313388128161, 46.970045969330165, 9.023865896067676, 5.881215869862899e-07, 2.816442931886435, 2.7458982543313724], "[140]": [6.627486663531968, 4.537767621226321e+50, 5.428571428571431, 49.725034325523495, 68.99773409959575, 23.277479614161017, 4.999999145849415, 3.5426156502616095, 4.260326405090211], "[160]": [11.627134312957836, 1.9472354461076123e+59, 0.2857142857142918, 53.82235226802099, 73.99983020678837, 23.195410707296553, 0.05269682365975825, 8.42182293169445, 7.718052314017228], "[180]": [20.447442580900344, 2.8311610852975855e+67, 20.42857142857143, 70.71429925987178, 92.99998728862907, 36.62223294126031, 14.350448641075246, 17.63016771136722, 18.502664773005577], "[200]": [42.68610679663027, 1.9258664884755883e+77, 63.71428571428571, 143.63323824236315, 186.99999904762467, 103.93958297223763, 42.18627982605315, 25.842940870803886, 25.50253265278741], "[220]": [162.7567035624037, 1.6198306258292654e+85, 226.28571428571428, 425.7761478425988, 535.9999999287319, 203.33076620642322, 162.6196667463024, 2.7211452481199103, 5.275532659219948], "[240]": [113.92666200353665, 9.5085081810186e+93, 445.1428571428571, 960.5716374298712, 1227.999999994658, 105.11475280225795, 93.20345761757426, 47.898469391993785, 52.538936652076245], "[260]": [15.356334147587859, 3.8746981460246653e+102, 920.5714285714287, 2188.7418323030442, 323.3178538239549, 128.02997908979205, Infinity, 147.54005668392938, 154.63435498780154], "[280]": [4.342593164558821, 1.5387735893052318e+111, 936.0, 3490.9005683504133, 87.16509321632566, 80.0375003494064, Infinity, 100.96812682242489, 73.03892094212551]}