{"[20]": [10.41507397346283, 4.079925390161855, 10.709605999435968, 12.077373526500766, 6.868081518875516, 16.812388176336565, 61.665657256531674, 7689.588394463651, 3.478758938791616], "[40]": [111.7933716207457, 13354386451.347942, 138.30519564409002, 49.99919752143422, 152.3667580096321, 30.25474199116491, Infinity, 63.73992479560783, 76.01019993882194], "[60]": [691.8632308767241, Infinity, 1244.611165486613, 1310.8168531993379, 906.2905584468512, 401.52900119023434, 255.51955608529406, 119.58274025296359, 154.81701077788114], "[80]": [2872.189148181814, Infinity, 7101.483974058337, 4933.134283719804, 1027.4791867250449, 1498.4212267417984, 1592.2201117248435, 4433.142717747389, 4263.3515654245475], "[100]": [5576.444202008794, Infinity, 2268.473626939386, 1651.635450647051, 2166.2625674001515, 793.8622327883201, 542.4486328119691, 70327.93605875132, 61300.260436054115], "[120]": [1582.2216106165965, Infinity, 7454.271543884362, 149.4564671194025, 1027.6447613233938, 1632.595712017006, 381.9047199101369, 425747.99026466074, 91443.5973753321], "[140]": [453.61430248621656, Infinity, 2670.821549273734, 163.6369817879119, 31.04751114234863, 115.1050737192835, 36.930184208961215, 7954.388633553114, 6129.6980118116535], "[160]": [303.99481815851783, Infinity, 598.0198749484533, 101.31484524770485, 42.45135444179402, 20.230016300625028, 63.507801055036346, 280.14525494196255, 192.59285776464208], "[180]": [412.65761635847434, Infinity, 135.50069152600238, 33.66957318940674, 17.971938776040062, 11.922878057180917, 22.526056138178202, 597.4052362723452, 631.3516700663425], "[200]": [308.29890546758946, Infinity, 27.37611283623878, 16.226277989707945, 11.64423050273408, 11.11177441558919, 12.6526729402561, 699.454207333496, 678.5553474797043], "[220]": [252.6636938290432, Infinity, 15.149065173295558, 0.6276220261663642, 2.1993596296805324, 1.7327143329686978, 1.9683991337750544, 550.7613613825642, 541.8341497885276], "[240]": [225.70135694358342, Infinity, 1.2048670172198022, 0.22924113700990786, 0.4349449226517787, 0.4664927773158778, 0.39832762605180533, 394.6993998021997, 399.55083982201035], "[260]": [316.46451178796485, Infinity, 0.24159778199430268, 0.9130131404755358, 0.8017709004364006, 0.8622097008605006, 0.8133814276545945, 323.58616558960296, 327.24044051906264], "[280]": [263.80273510830335, Infinity, 0.5615944711205659, 0.7752369163324024, 0.4320540613579373, 0.7647677851812338, 0.45553468035593175, 294.3932584588836, 295.90485445946194]}