{"[20]": [0.6439409901634141, Infinity, 4.428571428571429, 0.552680658549046, 0.7452289503016454], "[40]": [4.062344328794815, 12.504713851833479, 13.0, 4.677711708714558, 6.846299014687187], "[60]": [0.10101040002763995, 0.9382945397684352, 4.857142857142854, 1.5591411073856989, 2.2337834719623046], "[80]": [0.810172695553959, 12.902867582525715, 17.714285714285715, 2.9131748956617116, 5.372569291822458], "[100]": [0.6255827298463998, 22.277891845269536, 25.42857142857143, 25.038999192756165, Infinity], "[120]": [11.999466659823725, 184.9872012348522, 95.0, 12.066918786608824, Infinity], "[140]": [11.463124410596492, 63.83469250221697, 123.85714285714283, 61.20185604147491, 1.23686344254196], "[160]": [21.953458674690637, 27.40957568465683, 114.14285714285711, 79.1990638399709, Infinity], "[180]": [62.63389071433471, 21.56340457868896, 250.1428571428571, 41.860991073203195, 51.469881421435275], "[200]": [10.607911116153446, 5.916758996787658e+17, 799.1428571428571, 118.63112708649396, 197.525348597454], "[220]": [94.1038644147884, 2.260277499767708e+20, 1225.5714285714284, 596.7249205853086, 128.63496220147135], "[240]": [66.17589729846259, 2.09198750406378e+35, 460.2857142857147, 94.72716390497135, 77.79874762363215], "[260]": [26.434369388600317, 9.359895048902784e+41, 1277.7142857142853, 110.36840163135093, 977.6002995885383], "[280]": [22.70963621095825, 4.200439510462773e+58, 1115.4285714285716, 61.18760728115558, 585.5109215320722]}