{"[20]": [3.0, 2.8610357511668285, 3.0, 2.999999360263568, 2.999989870788562, 3.0, 2.99999999969174, Infinity, 3.0], "[40]": [8.003962895077596, 841264775.0154871, 9.428571428571429, 17.64684532313567, 15.941984329590113, 17.69908087639884, 15.966673736698358, Infinity, 8.89100876246684], "[60]": [21.963888170426376, 1.6870675686121236e+18, 20.857142857142858, 31.435871569526984, 32.3366054611198, 30.082241921517223, 30.780159271595096, 8.242550163842203, 26.155483953852965], "[80]": [60.99499944031643, 3.729403789879908e+27, 67.28571428571428, 91.68474271973179, 94.17715077450511, 57.32344226802893, 46.158835471343, 34.3935535482766, 25.91320596146248], "[100]": [188.09563448171986, 2.647552091869952e+35, 207.57142857142856, 244.32667613541747, 247.67785566192805, 40.08433501993909, Infinity, 10.545342349616703, 18.453071414985857], "[120]": [155.07146762482625, 8.308450134770628e+38, 735.0, 569.1615756424559, 76.03053723245262, 82.34699941151325, 66.09668390172806, 276.4675108133408, 262.78322602235176], "[140]": [261.459571599079, 4.976266294395922e+53, 911.5714285714287, 568.7809452789597, 262.85356177031645, 241.42762009578564, 263.1730030454221, 1110.8054816331637, 1129.7323265399723], "[160]": [204.82502921349715, 2.135402919236706e+62, 58.71428571428578, 537.3876383422421, 268.111924180756, 62.547973796693896, 35.52973103682507, 1411.742146486868, 1194.792681820114], "[180]": [64.88716624692893, 3.104745092395459e+70, 328.57142857142844, 800.7092491468718, 36.67956753076214, 253.91391664496632, 82.62813971573974, 380.84681839695304, 329.5977896984341], "[200]": [210.28883216860595, 2.1119689227880706e+80, 363.8571428571429, 886.2419370578278, 51.61222040507619, 137.81364569029188, 23.969979447818787, 360.03751928734346, 362.0852083502], "[220]": [0.4357147082607753, 1.776360035683665e+88, 484.57142857142867, 619.7076676327812, 179.53228897039708, 317.73828358931246, 170.37461642755738, 17.439767239118282, 2.178645274129849], "[240]": [136.66020399106912, 1.0427345148083256e+97, 415.42857142857144, 338.88807360715896, 192.88240468698757, 356.8483842404994, 183.1029344545858, 145.41229131726732, 146.96135921476878], "[260]": [65.46074813071118, 4.2491225503989994e+105, 216.42857142857144, 201.35769984287322, 79.94952432429437, 251.0520848086909, 70.32825149035148, 101.24255663847748, 101.92311019710974], "[280]": [4.071721025035799, 1.6874702090631743e+114, 123.42857142857142, 82.93032113920377, 44.43228574192591, 202.39519687594833, 38.6475727920473, 4.103890062937353, 2.141164362167302]}