{"[20]": [2.0, Infinity, 2.0, Infinity, Infinity], "[40]": [11.257055136131362, 13.039461421703766, 45.51176048279803, 1.2179783484987248, 645.3359659293085], "[60]": [137.6805788213068, 709.5354171030232, 821.8833838669933, 480.63977422560004, 2501681.4453465063], "[80]": [1191.2666961851774, 9804.908149281884, 5617.508615976658, 6375.638037118074, Infinity], "[100]": [3867.041391969872, 316.6055388087641, 2554.2295779721867, 3447.0430175245583, 2285.187400762081], "[120]": [698.3071784742356, Infinity, 2890.418808863498, 1997.4270768445842, Infinity], "[140]": [112.0279031721869, Infinity, 462.8174816283249, 4260.546094854349, 119.84742950567552], "[160]": [209.320093053655, Infinity, 66.45438329398671, 1857089.9783474735, Infinity], "[180]": [100.09965926169035, Infinity, 5.40702129617153, 1578502.6264636286, Infinity], "[200]": [55.90468903937166, Infinity, 1.4068964793939185, 1399111.7461180903, Infinity], "[220]": [47.419198505881425, Infinity, 0.0, 1362014.7386150954, Infinity], "[240]": [45.14964594263806, 1.2641862165254947e-69, 0.0, Infinity, Infinity], "[260]": [44.2378092571064, Infinity, 0.0, Infinity, Infinity], "[280]": [45.811870856398734, Infinity, 0.0, Infinity, Infinity]}