{"[20]": [1.1063532464513421, Infinity, 25.302962222166876, 10.822054749218319, 20939.387448816884], "[40]": [8.573834098764861, 3.800833274457999, 16.171080194258046, 1.5058282919276211, 324.81126710237515], "[60]": [10.95137173866536, 2.4166100762403913, 11.578901484597987, 4.410087198934831, 669.4378731282192], "[80]": [9.360346142628615, 27.667638524514725, 43.923012512674774, 19.35469782433924, 1418.6149642195162], "[100]": [19.28366274454855, 4.9595299073104, 108.15699205876945, 44.89718711561237, Infinity], "[120]": [33.34539089461078, 63.18729294704674, 303.0706301950187, 39.62966028162572, Infinity], "[140]": [89.99063853997454, 595.6459518061538, 354.742500748942, 138.33063561931064, 81411.19057236693], "[160]": [72.3929205456831, 187.4855660773719, 487.7558865435189, 242.25854168409396, 206.00185276441326], "[180]": [396.72107232008904, 741.1339090498461, 1423.1030315838811, 503.33255982090407, 334.71237174328706], "[200]": [561.779605837297, 2639.9661814829365, 3403.212114206557, 2038.8333263415982, 616.5317172138401], "[220]": [1083.1889391900884, Infinity, 4238.078493507633, Infinity, 566.8401968713745], "[240]": [701.6489502932985, Infinity, 585.810925601012, 498.36602100777094, 1466.1087134479844], "[260]": [1764.0415739326409, 1.0118236076691373e+22, 4982.352905272509, 249.89809939247365, 683.7860489170064], "[280]": [417.50661855849324, Infinity, 2682.971362914214, 61.56607120905382, 1122.0748331075238]}