{"[20]": [1.0, Infinity, 1.0, Infinity, Infinity], "[40]": [27.563405984212437, 2.0249755844978665, 34.57142857142857, 26.610731195381685, 25.81758943193786], "[60]": [13.981416268650705, 41.470217005710936, 30.57142857142857, 2.7023174289406313, 8.41679521567228], "[80]": [24.58007805979426, 19.014988838564022, 71.0, 14.842786730271257, Infinity], "[100]": [22.549717508440835, 187.74157844297082, 220.85714285714283, 2.4690152900378735, Infinity], "[120]": [77.30812202693096, 257.9580061802651, 633.5714285714286, 228.40053436117978, 147.45076273263953], "[140]": [18.00726278330967, 1274.447200480863, 1135.2857142857142, 702.5059650119588, 71.12070574383642], "[160]": [38.03683981289123, 230.51361605560032, 1049.0, 1495.7548790266183, 42.53804384442083], "[180]": [131.00464709056723, 2.087466002740801e+17, 548.8571428571431, 900.8074458610727, 150.77697940875896], "[200]": [160.1040892449273, 75.43505571640799, 572.8571428571431, 4874.147696701832, 84.59461305524565], "[220]": [271.33713928958423, 475.52175782717495, 527.7142857142862, 15613.172904090115, 205.84010625715473], "[240]": [193.52058443073838, 4.846654702649749e+31, 1283.4285714285716, 12244.172623450282, 480.3029866917914], "[260]": [67.56339186359901, 7.371468493619142e+42, 1128.8571428571431, 5602.93578128907, 394.2303892256282], "[280]": [95.01098756961505, 5.649544863622179e+53, 784.1428571428571, 2461.691933664406, 307.1445663951322]}