{"[20]": [5.806715239527905, 44.257834820172214, 7.613411762997112, 9.039105136585604, 8.178228100372888, 8.01539262573895, 181.69167413849613, Infinity, 4.353949012531021], "[40]": [60.0378694308182, 23.361716322987466, 142.1906128975595, 5.102167853280536, 151.57210582762417, 61.88457867565686, 53.031558650749965, 43.364825486044104, 29.75394122741222], "[60]": [134.8874597854338, Infinity, 556.1072064398838, 489.23980141453325, 128.6002917717362, 23.54261425971082, 995672.6970266191, 390.601315181498, 760.9830911105605], "[80]": [171.1216457139456, Infinity, 606.6848729428385, 1378.631010664998, 398.5650640387278, 593.744311813245, 288.3502278047774, 1456.8977219787348, 743.6988158642478], "[100]": [18.499962653837013, Infinity, 811.911117419895, 2287.727740967731, 565.2892480114011, 1094.480644647408, 587.8083887537917, 42.14251367141444, 4.437033327086683], "[120]": [202.0790877759767, Infinity, 713.7683236518336, 2871.2959153448605, 536.3494472690836, 1136.9370820999916, 872.5590936939494, 243.158440928404, 262.9776317968153], "[140]": [120.07637098255817, Infinity, 8249.21507453149, 10292.267292609886, 6367.7727741536255, 10727.471106039187, 6948.325840284868, 3148.0509200621627, 2660.3768869681285], "[160]": [338.23635029687205, Infinity, 6138.527711075388, 2447.1581494255574, 7949.060984466238, 3571.6798855300017, 7926.979289074631, 1370.0506503775364, 1308.5401207021828], "[180]": [240.7027017533407, Infinity, 3996.637301446094, Infinity, 1447.7459401929227, 1366.3036196699024, 3995.308560037421, 3492.578362837943, 2866.7467322675193], "[200]": [332.50311723499266, Infinity, 827.6409369264766, 129.35911635011811, 278.8555127213526, 333.11082725158315, 1263.1849813607275, 837.6454737501833, 801.5716161305005], "[220]": [106.52837541812602, Infinity, 242.72044420010516, 39.17822737863882, 45.140770109665766, 63.418943058400856, 293.20498281930423, 325.8649587656607, 286.0790062419757], "[240]": [86.61251909099066, Infinity, 103.14270296502168, 8.031923432924167, 27.930447684995155, 25.016635745650177, 75.52161376268303, 139.27377736089963, 149.06147713250974], "[260]": [68.59454307299133, Infinity, 21.63689511080024, 3.2485753849926904, 11.25088856332734, 11.875731999749211, 21.616030608847424, 117.98536145614672, 122.10888825031834], "[280]": [63.71655959443579, Infinity, 0.9874628899809167, 0.5844082161260198, 0.2155147226274559, 1.4931193082970617, 5.478392126373295, 93.62113067876484, 98.18275486708247]}