{"[20]": [0.0, Infinity, 0.0, Infinity, Infinity], "[40]": [23.884837353799288, 3.481110665971986, 44.20391453916598, 2.240526375634966, 640.3562021497161], "[60]": [34.10868550750851, 4939.681410204874, 1632.1840247521332, 710.0573402186637, Infinity], "[80]": [2432.8710381219585, 6993.267790599447, 15373.323839036439, 15286.47806172618, Infinity], "[100]": [8151.332063397748, 34697.394944247775, 10089.22237276965, 171127.64028250915, 10498.094802364327], "[120]": [1521.2617361040739, Infinity, 5536.981932751049, 107326.04360609301, 2370.2590478512216], "[140]": [199.6548101850649, Infinity, 979.6929665928081, 209483.75037870317, 361.91660985410266], "[160]": [187.17314721020756, Infinity, 278.6995970243221, 4351002.151125869, 108.02204467329956], "[180]": [191.79732041494682, Infinity, 74.73942949387013, 6199733.654271193, 27.378878255832674], "[200]": [205.8120316924748, Infinity, 22.809765867532796, 5433531.595015895, Infinity], "[220]": [193.92532773484285, Infinity, 6.9771360979448005, 5121198.322595255, Infinity], "[240]": [166.99339810677003, Infinity, 1.6144662214844971, 0.14713754570670873, Infinity], "[260]": [146.34527516792195, Infinity, 0.5613027267436186, 0.011646628576992902, Infinity], "[280]": [164.33538697486335, Infinity, 0.0, Infinity, Infinity]}