{"[20]": [2.0, Infinity, 2.0, Infinity, Infinity], "[40]": [3.9796999198827967, 4343.236080839387, 9.166879418181297, 4.2914264101140756, 36.32923279832136], "[60]": [4.016600713095907, 32.074789100450076, 18.093930629094338, 0.6305118884167864, 308.7890384543362], "[80]": [18.708452144446735, 18.152050708422976, 33.704460144718134, 23.580188910466568, Infinity], "[100]": [5.627626293307107, 68.12285166914677, 139.53316779035313, 15.728502284408957, Infinity], "[120]": [48.71312308173768, 485.50536380387246, 418.3575066434172, 252.32794254801212, Infinity], "[140]": [247.75914774655777, 240.4837609975632, 966.464455014927, 1113.306170388768, Infinity], "[160]": [216.92407199146035, 26.645949277901003, 358.70139068765076, 1497.1501049437063, Infinity], "[180]": [46.13113127159236, 245.63919462756948, 148.4213068845642, 939.2230259978045, 322.8696157383129], "[200]": [229.8196077983852, Infinity, 448.1544357066054, 426.82534073916173, 308.6404120326345], "[220]": [182.36971074846224, Infinity, 484.42117228694934, 2335.4938762545107, 230.78099464016537], "[240]": [87.69103423042971, Infinity, 363.3786484456286, 1771.2937831510008, 141.4722710230137], "[260]": [32.74066002346219, Infinity, 252.21303581298415, 908.0206174931562, 69.04165104869864], "[280]": [8.313235918286912, Infinity, 126.62742103473434, 182.63431963164186, Infinity]}