{"[20]": [0.8179010381252961, Infinity, 3.8991218844908873, 0.9394652979006441, 331.96375197965665], "[40]": [7.265287513202986, 24.221744131079166, 12.973121441439293, 7.219537443764388, 72.64248847360034], "[60]": [8.976182535562454, 18.976375712037235, 2.065065044841904, 0.25959809444001203, 449.4543208702955], "[80]": [3.67991311005599, 20.946428527443505, 7.254127031591899, 6.789436807696165, 773.0330809296894], "[100]": [0.9802522215602931, 15.435081947249815, 35.36347583892676, 18.27124308640589, 1999.3364080964852], "[120]": [8.774566982089393, 35.99335838001962, 102.6390360491508, 1.4413011390001553, 9784.69014074322], "[140]": [5.544876640912243, 82.32700513330109, 196.7524044816169, 137.57617400902168, Infinity], "[160]": [2.664634887381542, 54.3297673540806, 190.65805828413858, 83.92201536272827, 195.20014245076186], "[180]": [64.72717664914076, 54.0519603069602, 328.81088718016076, 42.493664340159114, 113.2135809852647], "[200]": [5.775125360867829, Infinity, 1253.5822428178224, 53.061818349799985, 182.85818639649534], "[220]": [44.01886378206813, Infinity, 2731.7267977107635, Infinity, 409.9571419098259], "[240]": [296.83868436957533, Infinity, 1386.3628288281898, 323.1628123637599, 406.56940034216797], "[260]": [523.6039180512819, Infinity, 2169.144818541058, 269.9449330495478, 1105.559310580726], "[280]": [435.5441232090272, Infinity, 2461.1477674619964, 57.00810005682036, 867.9949044140154]}