{"[20]": [Infinity, 0.00038431969908012077, 0.0, 8.75646669766874e-07, 7.900190661321851e-06, Infinity, 1.5413033922042188e-06, Infinity, Infinity], "[40]": [0.19156456047422193, 10742697.527797775, 0.0, 0.893300566875655, 0.7154718723198614, 0.41160639702659924, 6.486123025962772, Infinity, 0.15956612909668538], "[60]": [0.09933251366042581, Infinity, 0.17141071395199634, 0.9776589456332111, 0.3243192004145806, 0.15682254720224606, 1.0115010230643036, 6.970366313127037e-15, 0.0003690252147454431], "[80]": [0.17282538735302533, Infinity, 0.29479191146730543, 0.11499899308841076, 0.1352377071913537, 0.15231740530443882, 285.8035181944456, 1.8449735900255635, 2.4148084227077824], "[100]": [0.11925608836657409, Infinity, 0.0, 0.007211230480223358, 0.010212033880492698, 0.007289789572804447, 1.5194556743255645, 0.10107349678157461, 0.2846491069314336], "[120]": [0.0895646073279207, Infinity, 0.0, 0.0004821437180301501, 0.0007904407701715371, 0.000512287325290591, 0.09621668421462584, 0.2677313650637859, 0.3263017700928668], "[140]": [0.09869862012094929, Infinity, 0.0, 3.21938118685352e-05, 6.123937185837981e-05, 3.601725262839093e-05, 0.006594251211755843, 0.1590552780275616, 0.18938299223079155], "[160]": [0.07414153463426128, Infinity, 0.0, 2.148301228897402e-06, 4.720293398447479e-06, 2.5201267234581155e-06, 0.0004478382906275347, 0.11323463438367845, 0.13191055088679787], "[180]": [0.06942643186231781, Infinity, 0.0, 1.4329983748416725e-07, 3.625763822415215e-07, 1.7566788558482767e-07, 3.108870291643723e-05, 0.08795088829718063, 0.10064309715576049], "[200]": [0.06936736322789563, Infinity, 0.0, 9.555876747238882e-09, 2.7944348367489688e-08, 1.221841923633368e-08, 2.185548771532333e-06, 0.07191677345832803, 0.08111434262560065], "[220]": [0.06524713265004105, Infinity, 0.0, 6.370881558258317e-10, 2.150644211138054e-09, 8.478115039794447e-10, 1.4905211943781303e-07, 0.06083792233771562, 0.06781302714984451], "[240]": [0.05855565911299967, Infinity, 0.0, 4.246718187729927e-11, 1.6511795014079947e-10, 5.875640823860576e-11, 1.0494560893756214e-08, 0.05272295860055145, 0.05819558153553607], "[260]": [0.05994555086343147, Infinity, 0.0, 2.830396053252336e-12, 1.2653144770478986e-11, 4.067083312223546e-12, 7.572085774266781e-10, 0.04652190316072812, 0.05093080774135715], "[280]": [0.051318631390903355, Infinity, 0.0, 1.8862181825652706e-13, 9.729117245070944e-13, 2.8130604454391015e-13, 5.301415945180095e-11, 0.04162855433416119, 0.04525660967754587]}