{"[20]": [22.0, 752.3704037208535, 20.857142857142858, 132.26177754568766, 126.71769563093895, 21.68392237922388, 21.92586467232713, Infinity, 20.172115222346356], "[40]": [116.86259004633418, 76.27828246629825, 117.0, 6.09526699159278, 139.72744175206304, 134.36771040199775, 138.3391629046437, 1153.616677695562, 693.1704527304682], "[60]": [77.97411214682018, 1.6870674188280292e+18, 170.71428571428572, 249.87717947573216, 72.18061768277988, 137.6856258959877, 120.20226052175803, 2024.9676944272915, 591.6069394278513], "[80]": [18.18166540916559, 3.729403789879908e+27, 14.428571428571445, 265.9683493310523, 28.993160267884605, 0.5155247934720819, 59.77626892044657, 3364.5751754443095, 1262.242641199869], "[100]": [88.34540049151212, 2.647552091869952e+35, 17.857142857142833, 320.37585402282565, 27.404702279089065, 13.961487418257889, 49.401105045031215, 3.8534832286463825, 2.5844326375968194], "[120]": [271.0509510608578, 8.308450134770628e+38, 243.28571428571428, 576.3644459080452, 243.55106417567816, 255.2903327843627, 247.46415914604182, 227.14674397523765, 232.93531017290894], "[140]": [3287.8423710289303, 4.976266294395922e+53, 5409.428571428572, 5695.973738350275, 5084.994849583381, 5807.294200260487, 5015.74894375105, 1277.7671894508376, 1335.102710172463], "[160]": [1392.8878602086552, 2.135402919236706e+62, 18222.571428571428, 18214.30217013426, 8770.286246272422, 8255.402800869615, Infinity, 10677.607324911689, 10840.014941626046], "[180]": [2115.968573327562, 3.104745092395459e+70, 13104.285714285714, Infinity, 26357.453457808428, 26299.741432655166, 27994.044780495053, 13108.91130710836, 12049.49039128684], "[200]": [252.45389992080027, 2.1119689227880706e+80, 9022.285714285714, Infinity, 6072.922855093755, 7767.806929862987, 8182.9122791772825, 24278.99083440969, 22367.984799301878], "[220]": [1895.612034008036, 1.776360035683665e+88, 1669.5714285714284, Infinity, 1457.9790032384303, 2379.252842103722, 2661.230475505196, 3219.632477401588, 3391.2439710431363], "[240]": [628.7901056160481, 1.0427345148083256e+97, 316.85714285714283, Infinity, 453.1023647887953, 843.193539259469, 968.9747133140474, 971.7138855205956, 1012.1155941975612], "[260]": [148.91804469288763, 4.2491225503989994e+105, 40.42857142857143, Infinity, 135.34577541473433, 291.3884755236705, 343.02738975403435, 426.96084053648417, 398.76810993584115], "[280]": [208.551104697171, 1.6874702090631743e+114, 1.2857142857142856, Infinity, 37.31209040415585, 92.85134703239464, 111.75143013219845, 367.1475035848631, 372.6709264867323]}