{"[20]": [10.302777292359787, Infinity, 22.30137791830042, 7.583104290454887, 5193.348920176454], "[40]": [112.1852663088594, 205.7541297412954, 582.028468715636, 100.20374755424328, 1057.282217306047], "[60]": [622.4218047643226, Infinity, 13212.004650995017, 4971.7210878431015, 6776.474870147737], "[80]": [14964.106912343996, 280.5880011340829, 24733.630228507398, 27664.548469018824, 2257.738923917742], "[100]": [288.29505606791713, Infinity, 28913.29347539887, 5475.478998865955, 7391.129253957455], "[120]": [825.585041706527, 995379.2238227485, 6524.703230705193, 1691.359834622942, 1275.324587231153], "[140]": [346.67172879061894, Infinity, 1252.445608052005, 242.16158632208254, 223.38457627588298], "[160]": [1012.6282788924104, Infinity, 285.9188971882415, 20.908178368911933, 35.244666852814106], "[180]": [860.6363282597347, Infinity, 71.0921751660717, 1.8012838699395264, 7.284277486600109], "[200]": [594.8168310335524, Infinity, 9.880025742338995, 308600.3443275228, 1.4609122387297517], "[220]": [427.15042590131816, Infinity, 4.36345499800878, 5182149.711741804, Infinity], "[240]": [313.5397477508875, Infinity, 1.3897359277477659, 13848.041559219537, Infinity], "[260]": [236.99318854848894, Infinity, 1.3033612454115326, Infinity, Infinity], "[280]": [205.99001363826684, Infinity, 1.095745466305669, 2.3055524602370396, Infinity]}