{"[20]": [0.6439409901634141, Infinity, 4.428571428571429, 0.552680658549046, 0.7452289503016454], "[40]": [4.062344328794815, 12.504713851833479, 13.0, 4.677711708714558, 6.846299014687187], "[60]": [0.10101040002763995, 0.9382945397684352, 4.857142857142854, 1.5591411073856989, 2.2337834719623046], "[80]": [4.663800479417432, 24.242469992930175, 10.857142857142854, 7.615518113275414, 0.2980957507132018], "[100]": [7.906709459747319, 39.15427195386321, 23.14285714285714, 10.225188450165419, 7.988088622111974], "[120]": [28.78941922135803, 28.29097703803194, 75.85714285714286, 16.48336080345055, 35.232659512895765], "[140]": [37.59431258643133, 73.22768558091553, 77.0, 52.69308684370259, 18.94498798939094], "[160]": [48.99688888692549, 1.2175119245657697, 25.714285714285722, 11.010824651931898, 48.373018802066156], "[180]": [5.7777657073442015, 328.7901324826679, 178.1428571428571, 32.701893482764376, 6.506761288673147], "[200]": [16.19103378037994, 1.300475772680387e+19, 636.7142857142858, 76.19333674422728, 143.22909569066496], "[220]": [29.656980067758013, 2.973389004595028e+27, 1323.4285714285716, 348.48001489229455, 220.7025845429289], "[240]": [183.56738213727022, 5.597202218284527e+34, 795.2857142857147, 380.204472538092, 230.90317076046813], "[260]": [233.15851780593766, 7.229119079320248e+33, 1074.2857142857147, 411.3678296374983, 285.17932284992185], "[280]": [21.30635086824168, 1.4696257991882775e+38, 1325.8571428571427, 133.73098147810515, 292.839748952666]}