{"[20]": [7.851208824696608, 0.6713101394309984, 10.0, 3.711145839012133, 1.3817281278846423, 2.682379066654402, 1.0196539855165554, 4.35931722500003, 2.1680304734474554], "[40]": [34.642041659021686, 33.68941375977725, 71.0, 35.46607171646997, 87.27204513159745, 40.416425067164404, 36.29782462373727, 2794.6072653094325, 41.02158422075564], "[60]": [7.238952671234301, 1538406283907771.8, 270.0, 197.7279000398837, 52.81362117202377, 35.0723940838717, 59.45705732040949, 225.78748607639864, 197.8572583958503], "[80]": [41.273759336880175, 3.40077629912588e+24, 40.571428571428555, 381.0069246047921, 9.249303304568798, 40.8107395165365, 4.662377712763828, 1369.4414952417792, 334.4557743052115], "[100]": [11.275527380340236, 2.414254885475781e+32, 52.714285714285666, 427.96515885531386, 45.05090095837045, 19.307878631188373, 47.953532414814504, 90.45780166944883, 49.783111574404074], "[120]": [59.24292317889967, 7.576325486168787e+35, 28.571428571428555, 559.1077768527114, 6.072302545377056, 66.20366057295632, 6.439808403535039, 68.91109060630049, 64.65504188076125], "[140]": [1929.0162459314233, 4.537767621226321e+50, 4699.428571428572, 4958.168169972747, 3927.981058644906, 5308.928037899918, 3845.5874047998823, 2007.187668839998, 1883.3465957384724], "[160]": [2003.8591069545582, 1.9472354461076123e+59, 14479.571428571428, 19019.523650169132, 4102.748407845087, 5296.539644340701, 551.3898890050841, 1301.374153449393, 1097.8176320871207], "[180]": [236.02002627040565, 2.8311610852975855e+67, 12434.714285714283, Infinity, 13791.077153316379, 16116.485206759004, 16713.01649048837, 1795.7595334568468, 2176.6516228966902], "[200]": [1009.0874761193936, 1.9258664884755883e+77, 5828.857142857143, Infinity, 3560.809944618597, 5956.587508062803, 7556.599447613005, 3692.7998621504703, 3434.8497174241666], "[220]": [316.4303755122437, 1.6198306258292654e+85, 1032.857142857143, Infinity, 853.6949115484488, 2028.3501316740071, 2799.869702405066, 296.5271512319996, 228.10462866583566], "[240]": [133.85958822962766, 9.5085081810186e+93, 200.0, Infinity, 250.1962165568716, 711.2552152961905, 1011.4740619006536, 294.60160499005224, 271.2566655776036], "[260]": [134.05795596954977, 3.8746981460246653e+102, 28.857142857142854, Infinity, 66.70923610676402, 234.3188440221031, 343.97855530110246, 97.58116339876071, 101.54786808492577], "[280]": [82.47877620262261, 1.5387735893052318e+111, 5.857142857142858, Infinity, 19.551893964801835, 76.35544629354028, 114.06439788216697, 139.09032176967466, 134.11251462622965]}