{"[20]": [0.0, Infinity, 0.0, Infinity, Infinity], "[40]": [0.6503325155855082, 1.6401380035439945, 1.7142857142857142, 1.9429113420331323, 0.0916870816215436], "[60]": [2.849593475594328, 5.11099596656004, 3.0, 1.4185091750042575, 3.247054394916953], "[80]": [0.07934177887981132, 4.538166555399971, 0.14285714285714285, 0.0, 0.0], "[100]": [0.019944732447681024, 1.1082728641077054e+16, 0.0, 0.0, 0.0], "[120]": [0.01879030999752604, 2.2812355533287408e+20, 0.0, 0.0, 0.0], "[140]": [0.06773975153719641, 1.1125679475753002e+38, 0.0, 0.0, 0.0], "[160]": [0.046766093404787976, 3.732176933183355e+45, 0.0, 0.0, 0.0], "[180]": [0.08484758870407055, 4.1403967112689745e+60, 0.0, 0.0, 0.0], "[200]": [0.11000916715819578, 1.2060936922635934e+66, 0.0, 0.0, 0.0], "[220]": [0.10792341254719129, 1.0994556244773586e+65, 0.0, 0.0, 0.0], "[240]": [0.0990585293044301, 8.342358640230597e+78, 0.0, 0.0, 0.0], "[260]": [0.0003831093070799235, 5.548286879071344e+93, 0.0, 0.0, 0.0], "[280]": [0.006612730697743943, 7.116745107729867e+102, 0.0, 0.0, 0.0]}