{"[20]": [12.0, Infinity, 11.714285714285714, 8.335021431657957, Infinity, 7.4442783220346564, 6.226316339358135, Infinity, 11.384756799774834], "[40]": [11.730394214708102, 2818456.607907543, 8.714285714285715, 8.280139105499806, 20.910837323577205, 4.253706735993465, 9.674302027699612, 2541.400305994887, 9.528709926211002], "[60]": [4.575952789031977, 1538406475370613.0, 3.1428571428571423, 18.605908231969174, 23.010004308131116, 4.525166270934697, 2.727719406092117, 55.29882175008436, 1.432613170752873], "[80]": [20.88990319227736, 3.40077629912588e+24, 25.285714285714285, 47.307726805530685, 55.03566647836993, 26.96643217063467, 20.844909403809233, 20.56886710049028, 19.217183988344622], "[100]": [35.055233076502645, 2.414254885475781e+32, 85.85714285714286, 98.78463705154114, 105.64629609801493, 46.975092910700255, 42.737903626311436, 15.638010780440368, 16.434763718719324], "[120]": [9.169192429418786, 7.576325486168787e+35, 214.85714285714283, 178.58094392284312, 25.017352661787186, 30.093757187462188, 24.405485048858623, 51.91836520959589, 42.81643541326093], "[140]": [217.59105297719407, 4.537767621226321e+50, 366.71428571428567, 214.1930049923185, 126.12751173275683, 114.47928033480275, 112.90937129967688, 179.05479172921537, 183.97053792934116], "[160]": [214.5665789363179, 1.9472354461076123e+59, 355.2857142857142, 406.85896194582324, 121.27469211274752, 281.68047147744005, 118.15564107617456, 25.214680046335843, 3.889708954555317], "[180]": [19.516143794035997, 2.8311610852975855e+67, 651.5714285714284, 1009.7917381089801, 394.82177131879234, 719.4410700941694, 316.81853868644885, 275.85506275355874, 226.961071407115], "[200]": [605.9596646808232, 1.9258664884755883e+77, 1018.2857142857142, 1394.0099579952116, 610.7433710419973, 1352.6308975563097, 295.8674185632135, 200.27778262064203, 176.3677825156019], "[220]": [157.5671393788507, 1.6198306258292654e+85, 419.8571428571431, 79.23660467646641, 502.3258954262674, 188.85477410354088, 758.1558575458876, 325.13961786260734, 304.732771879957], "[240]": [82.62923372943624, 9.5085081810186e+93, 1089.2857142857142, 273.1006573937152, 632.6298833574497, 1046.2196665228053, 687.6111393485567, 198.1646851639739, 157.8590728604854], "[260]": [62.07767216070329, 3.8746981460246653e+102, 764.8571428571429, 256.6370706510652, 413.6814075817356, 407.52188714609406, 474.7320069269126, 40.00136089300304, 37.73555893773323], "[280]": [32.90602773478213, 1.5387735893052318e+111, 323.1428571428571, 134.50922153979502, 208.8422185168472, 195.75532079632399, 255.68710404162584, 26.321032876054005, 24.288719301298045]}