{"[20]": [0.9704646918868897, 0.8610357511668286, 0.8571428571428572, 3.5430557475449387, Infinity, Infinity, Infinity, Infinity, 0.9090909090909091], "[40]": [27.624951788476157, 1915987371.3395617, 27.0, 25.492870727888235, 26.39416290224075, 25.799275108741178, 26.416149166761354, 27.0, 27.0], "[60]": [270.7969726450072, 1.6870675498891182e+18, 376.2857142857143, 328.9719034977326, 324.38013048429366, 170.88387171451635, 147.04632575355328, 109.35902150030017, 239.423182851609], "[80]": [1970.1705885339722, 3.729403789879908e+27, 3273.285714285714, 2242.7414057741103, 2072.4475235331074, 2011.4447209254672, 2080.1905922457217, 22.11441337096403, 206.86327117057817], "[100]": [3155.761977488897, 2.647552091869952e+35, 2311.4285714285716, 1776.2622450399613, 2975.1364641089494, 600.4206559466093, 430.7645200057641, 96488.62053208682, 62711.35325337607], "[120]": [450.80352007003967, 8.308450134770628e+38, 3977.0, 350.7490065323145, 246.66227777808263, 524.6299832863097, 433.96767555776296, 7083.039555275979, 3895.74583476487], "[140]": [149.52542240524213, 4.976266294395922e+53, 1564.1428571428573, 68.95743667365161, 36.326320438912376, 92.272780395435, 104.6107333048966, 6444.568874432023, 3274.3623834599853], "[160]": [313.5377888398393, 2.135402919236706e+62, 269.2857142857143, 59.411246795059185, 68.23451206338495, 55.307845438208076, 50.36132112943706, 1014.6024221962589, 998.3793165744671], "[180]": [592.6307275765016, 3.104745092395459e+70, 71.85714285714286, 47.656101672461496, 51.806293066429305, 46.35197321445811, 47.60564760350269, 677.2759438677024, 671.9109081473505], "[200]": [391.4979317873176, 2.1119689227880706e+80, 23.285714285714285, 28.91984433266705, 31.0665314247686, 28.611500812145078, 30.704677793482944, 428.2014279459952, 418.78544438682445], "[220]": [84.45191213673115, 1.776360035683665e+88, 8.42857142857143, 24.030753467200334, 25.60927710767009, 23.96509945429873, 26.162670768119934, 94.95423466995535, 116.95679219759626], "[240]": [119.63509187946102, 1.0427345148083256e+97, 2.2857142857142847, 22.933329989180915, 24.178707411881533, 22.919982824879224, 24.822727352193308, 180.71606342650193, 177.98605255283772], "[260]": [143.72006764716662, 4.2491225503989994e+105, 4.714285714285715, 17.207583598738037, 18.320402961460537, 17.204947368720635, 18.948978480379733, 95.46218258951846, 116.63673945644186], "[280]": [231.74906732087015, 1.6874702090631743e+114, 5.285714285714285, 23.290430663679086, 24.358067618611773, 23.289920281271762, 24.973280301120713, 255.9257229131074, 252.697105750074]}