{"[20]": [12.906163783786308, 8.713447849672368, 17.0, 2.7990628286100545, 4.738802923515589, 4.27051517654645, 5.349058702739443, 6.209216589648612, 8.573876704724473], "[40]": [103.63480712507413, 19.615551375129314, 212.28571428571428, 210.11637627119163, 229.55161103552422, 57.7003907009946, 45.09029983999645, 39.3658185821123, 2.9499326720280123], "[60]": [115.89418198559042, 1538405944884842.5, 1146.5714285714287, 797.9039857664227, 401.8825254637338, 112.62739339106929, 88.50219024851822, 1750.2909448161809, 530.8025149959794], "[80]": [35.46185087661115, 3.40077629912588e+24, 509.7142857142858, 1588.2280193247022, 281.3720099769962, 462.0715588014523, 136.1652444468068, 106.15384746809013, 1210.2401141840505], "[100]": [110.47399705531825, 2.414254885475781e+32, 354.7142857142858, 2239.2822317338305, 214.1223862398083, 600.3352502879206, 103.04790151119232, 381.7324093289426, 555.3899873484115], "[120]": [157.12803749421346, 7.576325486168787e+35, 408.7142857142853, 2722.391361847438, 227.38589631503964, 844.9568767630171, 134.86345183245794, 131.46185531522679, 158.84400572497907], "[140]": [4704.008579035697, 4.537767621226321e+50, 14283.142857142857, 16620.791639819865, 11714.361042212708, 16201.600655326423, 11312.581784872735, 620.9758342211062, 237.28048901386865], "[160]": [4517.739714247175, 1.9472354461076123e+59, 16134.571428571428, Infinity, 2842.158771752933, 6165.1641415156555, 18593.634234962505, 4353.48228000036, 4556.835323683517], "[180]": [134.42901046456245, 2.8311610852975855e+67, 21726.714285714283, Infinity, 17855.06258647645, 19415.445851078934, 19514.472889258206, 587.640529420838, 169.31425353942905], "[200]": [420.80710575240664, 1.9258664884755883e+77, 8801.285714285714, Infinity, 4372.408256121142, 7541.89974740823, 7703.5004809415495, 1464.9420640309872, 807.469077096961], "[220]": [165.82469705220865, 1.6198306258292654e+85, 1911.7142857142858, Infinity, 907.620736694586, 2596.6945373934695, 2550.4039169749913, 664.3691968614112, 470.7316127659269], "[240]": [2.6700604487832607, 9.5085081810186e+93, 531.4285714285714, Infinity, 276.4563504956503, 979.724655990067, 940.4009445640365, 91.11897775671787, 70.4758283593701], "[260]": [110.19003164884816, 3.8746981460246653e+102, 73.57142857142857, Infinity, 49.19578110521668, 336.4572270574204, 317.96729062667725, 180.34595387392199, 176.6498904547911], "[280]": [111.9873347399116, 1.5387735893052318e+111, 6.571428571428571, Infinity, 9.269021744554585, 108.92991183454194, 101.6996765077001, 179.39665378955988, 182.57973635983893]}