{"[20]": [13.172808771417188, 10.240102015635177, 23.0, 0.5242260145671516, 2.297551746511555, 1.7491494422039935, 3.2315098906643094, 4.294753086419725, 5.9042963963074655], "[40]": [188.09601954498504, 25.977795672037416, 364.8571428571429, 353.5635596091456, 278.42934742926843, 81.60856757843118, 80.04149012257267, 3206199.6804988654, 28.31997264837895], "[60]": [4.88531544901798, 1538405677811682.5, 886.2857142857142, 811.917218248368, 239.40454320865, 401.67158730778783, 41.820257296466025, 5018.470908589709, 487.5945484298618], "[80]": [60.442097799890234, 3.40077629912588e+24, 225.71428571428578, 1429.2863584080108, 78.98575214264383, 237.46070715518908, 49.846899752099034, 10402.288743648292, 57.104176543449285], "[100]": [242.08195322688653, 2.414254885475781e+32, 256.14285714285734, 1970.701556513507, 212.51804215787297, 445.7038897112743, 176.19528800211174, 111.50323102657967, 194.5940151172772], "[120]": [479.90563888091674, 7.576325486168787e+35, 219.42857142857156, 2228.297550567143, 242.6512671862879, 601.9296350245891, 206.8658077970481, 336.2561324118865, 316.02479883260366], "[140]": [3354.8854515388593, 4.537767621226321e+50, 16536.857142857145, 17503.72764302507, 13334.833830230638, 18984.381561141407, 12997.24780740507, 988.958042441518, 870.3484056690431], "[160]": [6741.5987794290995, 1.9472354461076123e+59, 14827.428571428572, Infinity, 4761.273344702713, 6533.575192129676, 20833.180305205504, 3639.919585448719, 3918.37917833589], "[180]": [1345.8249627748955, 2.8311610852975855e+67, 23695.571428571428, Infinity, 18524.364101863866, 21249.504736639654, 21334.097064068483, 10119.744542510074, 10213.017338611375], "[200]": [575.8301957466983, 1.9258664884755883e+77, 7431.714285714286, Infinity, 3804.888553739913, 7525.745321673208, 7632.920373789642, 694.3430702747864, 975.7453724897405], "[220]": [92.3021543172672, 1.6198306258292654e+85, 1574.1428571428573, Infinity, 828.8264892059801, 2633.5735287051743, 2570.805635430567, 190.95392024172725, 51.859014001380274], "[240]": [221.15563864604337, 9.5085081810186e+93, 336.0, Infinity, 201.01909165452554, 948.5079460620234, 904.3436761983469, 264.25028487127406, 277.7155510533083], "[260]": [Infinity, 3.8746981460246653e+102, 36.85714285714286, Infinity, 28.864471983586576, 304.7376136980553, 285.36742817192146, 246.23443245610918, 256.36593320981314], "[280]": [68.08424944213584, 1.5387735893052318e+111, 6.428571428571427, Infinity, 7.743910579590988, 97.00833253796691, 89.69471334254682, 164.01626035781445, 167.11078977670257]}