{"[20]": [43.78563092020683, 14.847348973323953, 44.285714285714285, 122.01994191469873, 109.35727989033842, 33.91133562437026, 13.100142477780615, Infinity, 4.525739231905931], "[40]": [422.51486255948487, 82.75835536481242, 448.42857142857144, 24.517824995035653, 500.78169979627387, 387.2155052569123, 329.6472073530151, 429.8610149289034, 132.4262323039187], "[60]": [3267.7939880673835, 1.6870671259466565e+18, 4952.142857142857, 4989.131627289419, 4218.790204665485, 1145.4580290597141, 980.6649635308222, 5299.751157010731, 75.70272510427458], "[80]": [9375.647065231424, 3.729403789879908e+27, 31708.857142857145, 13443.324768718147, 1607.5836409438343, 2178.181075317676, 2097.733654300071, 26222.55529856516, 22758.294413009957], "[100]": [20555.953775072572, 2.647552091869952e+35, 1523.4285714285725, 30482.554977480177, 10572.185277193392, 1023.4527674967685, 275.7726434708675, 127531.21684786049, 159574.1947716299], "[120]": [10977.484831442913, 8.308450134770628e+38, 28000.571428571428, Infinity, 4734.8174503051705, 354.23153980639836, 858.9656885802888, 398780.4671825157, 178084.17595804486], "[140]": [622.1288924698165, 4.976266294395922e+53, 8135.857142857143, 2087.3375110907264, 312.2690094529976, 456.7464097540915, 495.28850611915504, 90.62902114198278, 3038.979525849776], "[160]": [3045.7215515474636, 2.135402919236706e+62, 1758.8571428571427, 756.3868742717253, 210.4574952911853, 414.0516146701083, 435.396928601632, 792.6559377960036, 1223.9893332206848], "[180]": [Infinity, 3.104745092395459e+70, 472.42857142857144, 311.5873388318123, 146.70715543904976, 245.47731980668283, 242.81174327765356, 1725.0411238758015, 1704.0928758905702], "[200]": [2957.8014380567784, 2.1119689227880706e+80, 147.14285714285717, 170.20318971849957, 98.80527813926696, 158.0380737066288, 152.449487683788, 2099.683007507084, 2080.7967046217686], "[220]": [2484.864041316162, 1.776360035683665e+88, 67.0, 97.08152004917012, 61.511440312755276, 94.88359614664589, 90.91157920491759, 1348.276440614583, 1386.0440213105196], "[240]": [2299.93728426305, 1.0427345148083256e+97, 16.14285714285714, 73.51519955585374, 53.963020806319534, 73.12162521117682, 70.6481282126998, 1278.9933378882902, 1225.758520369196], "[260]": [2107.6728558779214, 4.2491225503989994e+105, 2.0, 74.20489843043175, 56.682801391724944, 74.13481157024695, 71.80291861635614, 1250.9965642518482, 1246.7603211751016], "[280]": [1923.2699857439784, 1.6874702090631743e+114, 14.142857142857139, 59.1334799648022, 41.38776941500809, 59.121047738497104, 56.73358687083572, 872.0963851233911, 846.4011596002769]}