{"[20]": [3.0, Infinity, 3.0, Infinity, Infinity], "[40]": [11.736474698744487, 298.2350275305091, 79.14285714285714, 36.79819649038298, 36.64912739806004], "[60]": [41.15483384478193, Infinity, 2152.0, 1773.346167504832, Infinity], "[80]": [4541.320036630825, 26280.652410455332, 5875.285714285714, Infinity, Infinity], "[100]": [2498.7292031129073, 4181.815347166464, 5701.0, 346.10678839563116, 5715.9066525206745], "[120]": [504.87169318367796, 3.6043161836091484e+18, 1768.8571428571427, 534.1889980452968, 642.2783047796902], "[140]": [119.9810360397338, Infinity, 351.1428571428571, 259.96638259540333, 165.78513384608823], "[160]": [320.14848810676466, 5.085505031491951e+19, 88.85714285714286, 87.5080258080792, 56.69580907818394], "[180]": [194.4078541628555, 5.7554496596512485e+28, 34.0, 4987.253752744331, 19.459509889155434], "[200]": [88.7122610589511, 1.8122803258432044e+22, 21.428571428571427, 10.414799902167083, Infinity], "[220]": [48.06381692987617, 1.52971796378887e+21, 4.142857142857143, 2632.2473175962837, Infinity], "[240]": [37.09894803990498, 1.79755777201286e+20, 0.7142857142857144, 1.760626764864204, Infinity], "[260]": [44.12115581861676, 5.250457663720441e+36, 1.1428571428571428, 0.07570083801349874, Infinity], "[280]": [66.41443009888951, 7.787007382838467e+53, 0.0, 0.00032142588827353087, Infinity]}