{"[20]": [0.0, Infinity, 0.0, Infinity, Infinity], "[40]": [11.265039615335992, 10.491490858890973, 16.336458856571234, 1.8446810695567406, 75.09231116986642], "[60]": [10.860450305880759, 192.45659189882596, 238.5630071550612, 59.509322058987536, 32098.683259013767], "[80]": [552.7455970821667, 458.7159021621945, 3751.800336595941, 2256.068470580093, Infinity], "[100]": [4245.704053966551, 33982.854454686065, 10542.110219844486, Infinity, 2493.423584853288], "[120]": [5146.482147756365, 10125.187439432619, 9686.940471826158, 3465.544353078048, 8443.778143808251], "[140]": [437.76315378282703, Infinity, 3724.1518068709847, 107393.19873803669, 1639.5911994651663], "[160]": [516.6802258630504, Infinity, 608.2259378900632, 4527763.676378412, 211.91322266970764], "[180]": [324.0940094505926, Infinity, 107.99119039540936, 8193609.430829681, Infinity], "[200]": [168.34364376877372, Infinity, 18.226286388538146, 8192315.120595923, Infinity], "[220]": [128.9684041681864, 1.814815923444321e+24, 2.0177920645685163, 7764315.610901378, Infinity], "[240]": [119.45924703504858, 80427734523657.3, 0.0, Infinity, Infinity], "[260]": [120.37900183761855, Infinity, 0.0, Infinity, Infinity], "[280]": [138.2701523826104, Infinity, 0.0, Infinity, Infinity]}