{"[20]": [5.0, 212.46310989659153, 4.571428571428571, 10.61516205066485, 10.549470227921729, 3.8124839598661673, 4.119375241650178, Infinity, 4.138707714598972], "[40]": [17.292814048167997, 105.84242970661009, 43.42857142857143, 53.43558483870122, 34.153744322842265, 53.869541251370464, 53.87963737784705, 48.58216758071872, 47.263453038418234], "[60]": [453.7905670404376, 1538406366834893.5, 648.7142857142858, 481.9979161398559, 479.779031135626, 91.05537678870758, 87.91636693819441, 19457.60798631422, 106.12050525351867], "[80]": [3198.145869041022, 3.40077629912588e+24, 4451.142857142857, 2027.1408215090723, 823.01898819904, 803.5504399050988, 714.8207365559529, 2606.1880225698424, 1050.406937743448], "[100]": [392.5213719494186, 2.414254885475781e+32, 451.0, 274.59562557264326, 1808.7890237691227, 1522.0115939788648, 223.07900389766291, 5450.417767114492, 4540.7902656346105], "[120]": [5.874358475872214, 7.576325486168787e+35, 4165.714285714286, 14.03634886414875, 359.4695289299598, 7.018104725437297, 190.85840872366316, 7457.009481289811, 6733.935490477052], "[140]": [241.44190206195526, 4.537767621226321e+50, 1176.1428571428573, 165.27830009725096, 38.721438613662485, 1.720213458081389, 65.39548267938312, 131.99837639633824, 140.47612658640583], "[160]": [182.42935475415698, 1.9472354461076123e+59, 285.42857142857144, 114.79013671074352, 59.0483415043102, 60.077133861164725, 61.54551233747344, 37.40437085486599, 21.814469540081404], "[180]": [239.37811775865657, 2.8311610852975855e+67, 87.57142857142858, 40.48767482964001, 17.2406234806799, 26.56013684167901, 16.538994920107285, 238.42822547741525, 235.6839062711732], "[200]": [179.62258983170477, 1.9258664884755883e+77, 6.285714285714292, 41.31751959310023, 31.63500387911007, 38.18984060564736, 31.000375282532016, 74.40688910430413, 77.19922487641878], "[220]": [218.65813104007884, 1.6198306258292654e+85, 11.57142857142857, 18.763073115835873, 12.134214264584081, 18.098245340922468, 11.568349366302723, 121.93428118752706, 123.52322519922876], "[240]": [164.06092075875677, 9.5085081810186e+93, 6.571428571428573, 15.841039511513554, 11.323824769204561, 15.704087150401746, 10.915929039629512, 33.572887678538805, 36.635942214103814], "[260]": [150.82823470449284, 3.8746981460246653e+102, 0.571428571428573, 11.77976365459875, 9.433071140615272, 11.752103922376865, 9.218646737217483, 50.19750671065634, 50.272482384740286], "[280]": [141.57229515849235, 1.5387735893052318e+111, 1.4285714285714288, 6.783202521625963, 4.435007805586664, 6.777690416955848, 4.2195081672807335, 67.00986472431907, 68.01066517707604]}