{"[20]": [58.9596896324754, Infinity, 60.43947433760884, 44.09080071568482, 40.33021670773062, 222.2223193313138, 705.6978371518361, 31378.867874485426, 56.62299667658716], "[40]": [977.9824604162393, 121.24191907205595, 1262.7853364488735, 1324.4692714333323, 1315.21284223217, 963.0604130309791, 490.0277003123427, 152.42890330771027, 14.772293956486674], "[60]": [12847.629829083862, Infinity, 21060.653785076727, 17614.697655673957, 864.4477044604146, 447.73756178434917, 5100.879258064798, 7750.936641159895, 7469.263842497671], "[80]": [19632.998643246247, Infinity, 4793.586778466874, 5221.237080784266, 11427.925109122516, 917.2520491510732, 641.9179703242128, 620648.6576398063, 164976.153333622], "[100]": [4012.0790119057137, Infinity, 21547.771478546136, 2257.627593228146, 689.9464371220356, 864.418852641157, 766.2191485987113, 896040.1344149493, 516896.7468808473], "[120]": [2356.2360189215883, Infinity, 4766.476019479612, 830.7143056188664, 330.0652700247848, 226.07517305887004, 230.0583495903688, 682.1797175200827, 1515.9366868150144], "[140]": [918.9636725761419, Infinity, 904.1636583191668, 248.39460372611254, 142.41708998995176, 137.2665315883857, 124.42054665750582, 2173.649692958259, 2260.5477084309723], "[160]": [578.5491652927045, Infinity, 192.97001507078966, 65.00538000946914, 42.81322363274314, 47.62136338581028, 45.392195290126644, 2795.152707868136, 2786.720926596823], "[180]": [645.220462464487, Infinity, 42.67081173102817, 11.600248063787808, 6.936116729358134, 9.075702708772043, 8.9891906060777, 2575.1966390351877, 2611.4141309371757], "[200]": [497.7786069773629, Infinity, 2.942573996323404, 8.99976571050134, 7.8934708167296606, 8.644610752710106, 8.742619021999696, 1702.1037867356945, 1725.605619616195], "[220]": [471.1413425385067, Infinity, 1.4178058622175345, 3.625599520097789, 3.203855901385227, 3.5765239897917955, 3.6719033203557028, 1484.0403559506617, 1496.6210680628305], "[240]": [435.0879965927243, Infinity, 1.3795202266893218, 0.8512110629314578, 0.6829363440638754, 0.8445049523232631, 0.8926985070181988, 1189.5394764412092, 1196.9997924293473], "[260]": [399.8778256473005, Infinity, 0.5944282944916769, 2.311254276542077e-05, 3.746277735485306e-05, 0.0009324605414683731, 0.0018879278864175674, 970.9069618995516, 987.3173480800442], "[280]": [387.32594257945186, Infinity, 0.0, 2.0783307682930678e-06, 3.5259611548241064e-06, 0.00012480461628296355, 0.000273589757890369, 896.6215274318005, 903.2325524805719]}