{"[20]": [0.3361747515227478, Infinity, 2.428571428571429, 0.14030322029026676, 1.159259201657111], "[40]": [3.8443299825638952, 13.838892512169899, 12.285714285714285, 7.130124537079842, 8.859343290668834], "[60]": [0.44410594988413976, 41.15993314331632, 16.571428571428573, 0.6975737991730284, 5.7929599562100265], "[80]": [2.931282710671141, 50.833082774934056, 58.14285714285714, 4.4424592288736875, Infinity], "[100]": [25.084694746566242, 148.67641836734379, 164.28571428571428, 19.07055133980606, Infinity], "[120]": [14.919508152593835, 278.89556844693743, 613.2857142857143, 197.93559432483926, 36.75331257041262], "[140]": [96.40785729741447, 211.47153100677906, 1137.2857142857142, 705.4310685343207, 209.7146927978597], "[160]": [43.47361896788516, 91.94521598774554, 523.1428571428569, 931.5483783425266, 88.77370769242953], "[180]": [212.8653498095, 74.09794328838689, 286.57142857142844, 375.03875181720923, 259.31426377449316], "[200]": [304.0206874546957, 1.0470920558258705e+18, 411.42857142857156, 3695.3909312052456, 160.2670783721719], "[220]": [254.8905456271218, 2.7519248840114383e+25, 710.2857142857142, 7820.925549674199, 213.5317828399193], "[240]": [128.62056022674255, 6.815421478507209e+37, 472.0, 5478.892246272144, 119.61440584989032], "[260]": [131.51423021913115, 2.6401350373633098e+50, 351.1428571428571, 2866.1452673377617, 144.28531791906062], "[280]": [59.727304257386095, 6.177366410242531e+65, 182.0, 1278.6965060231244, 90.57755262168263]}