{"[20]": [9.475168866377205, Infinity, 9.593113621628177, 9.490742840805954, 272.95240418647137], "[40]": [4.879527487158887, 105.5897191152113, 20.131830772269005, 18.51364363152164, 167.15296583036624], "[60]": [24.883947109843415, 37.27411606498079, 12.995177392525472, 30.593509019315082, 785.6937608722106], "[80]": [1.6081025310407084, Infinity, 0.5045699189951711, 8.289640568107949, 423.5363155762154], "[100]": [6.222781447600321, 2397096.56118487, 10.038266870633135, 3.2098712554536535, 711.6853747043095], "[120]": [1.6959058345296787, 5.767774958158457, 14.693596638034792, 3.9572648328220543, 1238.9749173401176], "[140]": [3.257848148169487, 1950765690023380.2, 11.75003846719845, 6.821214646796653, Infinity], "[160]": [3.3199958523110475, Infinity, 0.8722470346518544, 8.925754396134856, Infinity], "[180]": [13.93849323088027, Infinity, 28.385326879696752, 29.16881322867257, Infinity], "[200]": [1.6651369331050105, 54.377854955677684, 124.68301333609548, 161.18495773016707, Infinity], "[220]": [30.41130238250858, Infinity, 363.191665529997, 29.871482304192977, 21453.782397380295], "[240]": [102.96077322889343, Infinity, 829.7042746784323, 57.936533828762215, Infinity], "[260]": [353.6146327183913, Infinity, 1422.1383096580391, 913.5272935677225, 194.85224522870925], "[280]": [62.22032427645295, Infinity, 1357.8403689199688, 1642.8869725509412, 224.02722496664987]}