{"[20]": [Infinity, Infinity, 14.737913089349062, 7.002932279786137, 213.13931878205986], "[40]": [Infinity, 18559.565046894233, 154.2139471385288, 123.95385485740351, Infinity], "[60]": [777.632692077573, 195.16238320801043, 259.68471432973803, 529.6308736029762, 118.74708666403913], "[80]": [5.8922664219627, 205.82197963269869, 3.839432255939144, 523.2209069437223, 37.712951494252394], "[100]": [8.627037237371768, 2554884.726769629, 23.102584353559756, 460.06224423678555, 24.542052619388112], "[120]": [90.56680601822633, Infinity, 11.635516731004094, 472.7046043602816, 52.13532256139651], "[140]": [111.52802467048146, 2423.110292644549, 3870.2006793724754, 4559.0589733465795, 1662.2444731998191], "[160]": [3422.5480568610446, 32436.384703818607, 16152.48970807581, 23139.643748049584, 104751456.24149731], "[180]": [6995.771505620595, Infinity, 7382.581756899405, 3860.0802290957886, 49617562804.13653], "[200]": [191.12450659885792, Infinity, 9057.627831644508, 3336.221392916676, 58337051.04517092], "[220]": [390.3640559156101, Infinity, 2054.8590331204978, 1353.3521557868405, 1795958.845406294], "[240]": [128.58541053331513, Infinity, 412.03266026749776, 47.36652855707803, 7880291.8819874795], "[260]": [115.64733930808673, Infinity, 43.990688114355805, 5.658468187589897, 1370398.2775953468], "[280]": [530.2732405610983, Infinity, 2.4651027415782107, 5091.3571334178405, 6763588.236851924]}