{"[20]": [10.0, 9.86103575116683, 10.0, 9.999999360263562, 9.999989870787624, 10.0, 9.99999999969174, Infinity, 10.0], "[40]": [120.59404333677267, 150.75852594576526, 128.14285714285714, 105.67480518950182, 140.37135866608722, 126.6575464206002, 135.23424258010112, Infinity, 1.824993356083155], "[60]": [1026.6597703854136, 1.6870674723223572e+18, 1711.5714285714287, 1713.9268817700918, 1743.2669290483873, 512.0100433184843, 503.60802781212396, 1088442.3578458682, 203.86584748964128], "[80]": [8912.251875778415, 3.729403789879908e+27, 16540.714285714286, 8893.060444222552, 4895.794957514592, 747.0817959237102, 768.9410983919988, 4471.919823224405, 4527.368173847935], "[100]": [14480.68299352283, 2.647552091869952e+35, 30249.14285714286, 32575.426279234736, 12135.27296056677, 75.0605954866187, 9045.286485568045, 37156.486556450385, 32804.49515625158], "[120]": [1116.0041694879037, 8.308450134770628e+38, 27246.0, Infinity, 14654.772735124556, 6957.683744658985, 6231.702577129734, 495711.79991285666, 466276.6882891545], "[140]": [6042.645733014289, 4.976266294395922e+53, 15838.714285714286, Infinity, 2334.5315451808146, 552.9805572559535, 520.1863095186409, 32537.233540626912, 38080.087273126264], "[160]": [2484.4451223667966, 2.135402919236706e+62, 3763.857142857143, 1478.2002451752269, 35.74000847524667, 554.3025592909237, 537.5948116703635, 3261.894382252267, 3888.6351399531895], "[180]": [485.82142763535194, 3.104745092395459e+70, 1082.142857142857, Infinity, 148.33143645119367, 398.7514935702176, 409.95905527107334, 555.9763876409329, 620.484279645904], "[200]": [689.085646130934, 2.1119689227880706e+80, 319.8571428571429, Infinity, 128.96824612618835, 244.11961769346198, 256.60656224011706, 1690.7074673954548, 1618.4047417482523], "[220]": [499.7392045249089, 1.776360035683665e+88, 125.57142857142856, Infinity, 73.5894310520963, 134.95165459708676, 144.65902192377612, 1400.1875088421568, 1397.0338904431712], "[240]": [568.6487360513183, 1.0427345148083256e+97, 28.14285714285714, Infinity, 73.94128332104803, 107.73801914267824, 113.92589589211755, 786.9352225665341, 770.9714127000046], "[260]": [410.44373020835883, 4.2491225503989994e+105, 29.0, Infinity, 49.00367329035921, 77.69298923480677, 83.33997216014302, 862.1491371860097, 856.9929215064594], "[280]": [335.68181414432183, 1.6874702090631743e+114, 15.714285714285708, Infinity, 40.35330220196035, 59.59981697358151, 63.45350716288116, 619.5710010214686, 634.9501850198601]}