{"[20]": [Infinity, 2.998543159490088, 3.0, 2.9999987085353497, 2.999985195727045, Infinity, 2.999991206360744, Infinity, Infinity], "[40]": [28.635903727283836, 8087714.36357412, 33.36694249779747, 4.5582030884823785, 8.256189770347973, 38.194450370286816, 108.398123771071, Infinity, 42.938518613643204], "[60]": [116.32794942528258, Infinity, 223.8713343176233, 222.56675335034043, 225.87224744930236, 135.9404952043079, 298468.29696206073, 208.41633830733, 77.65329568263522], "[80]": [734.6472155252152, Infinity, 1807.3759579214761, 1159.4673171143968, 296.17155919465387, 324.1684032530958, 450.0716168428219, 13.011798816655523, 23.46189526338628], "[100]": [401.49656150956054, Infinity, 6864.501338380838, 1503.4397215304487, 1193.0046693196732, 1198.3666261087494, 688.4961349180303, 1174.415004032527, 520.7099019561995], "[120]": [726.2773784126932, Infinity, 361.44584770241715, 1006.9172337073288, 606.0337262732736, 1609.5190924276828, 246.52268279060215, 1024.082008664633, 1200.9515985976016], "[140]": [532.9930953238684, Infinity, 5582.656172078225, 275.63100753340893, 749.0931493556757, 438.21719860218843, 581.1262911031828, 2027.0314586663144, 1614.7148098094526], "[160]": [109.23662419116695, Infinity, 1788.7281215134408, 129.1357259646622, 37.8506422324281, 33.09767849482248, 12.848465220262074, 433.65431804774425, 321.8765662610145], "[180]": [109.79418065475701, Infinity, 430.06272086458944, 132.79648512932408, 77.90183333527304, 113.99835434119035, 77.34064167681376, 204.0890754717741, 207.91342835252112], "[200]": [61.922353497941224, Infinity, 130.4344371126276, 46.10640751116219, 25.769512695686196, 41.02131467049657, 25.998765250365047, 126.71132940041717, 132.38384465744082], "[220]": [65.2089058306765, Infinity, 33.90874380830935, 15.510562510293232, 8.716024601873587, 14.328948562709733, 9.049612799825075, 156.53817476420244, 155.18673662851668], "[240]": [51.66664582620903, Infinity, 1.0534248109671507, 17.15072295164368, 14.17326343600743, 16.891484242794387, 14.463626783033535, 107.4859785947525, 106.61708744158467], "[260]": [45.99603470385233, Infinity, 4.5591230985887075, 6.679564656374948, 4.8281464778495495, 6.62438690383489, 5.0701466713390015, 88.16269074868885, 89.1383428318788], "[280]": [38.70125609777412, Infinity, 1.8686841734690964, 4.2534393387524725, 3.2570157224484335, 4.241939919366224, 3.3980583737303744, 59.72335931729422, 61.810303900982156]}