{"[20]": [16.78759105556379, 15.40237880779023, 16.58397881606632, 11.172285479193024, Infinity, Infinity, Infinity, Infinity, 16.705050376915914], "[40]": [131.4394312394674, 80.61337023800287, 142.59147160371793, 36.73595075744193, 162.40514648906023, 158.7142438366766, 105.09468740523339, 129.14898361777688, 121.35587421267367], "[60]": [32.76779084725116, Infinity, 135.36701360889026, 264.0284477774508, 32.0146101193508, 113.86740470658903, 36553.47716773279, 23.513121717283752, 231.2962863307959], "[80]": [60.44997633125068, Infinity, 31.4054967729036, 260.15976501992253, 19.92854247481982, 29.754512983784313, 25.859856162330907, 4833.780464537557, 2307.883782853875], "[100]": [48.42424411184723, Infinity, 5.4477642017405286, 296.93522981681986, 48.883789282768404, 29.12218718668708, 57.43193077400328, 76.6579523714701, 82.56237102083595], "[120]": [67.61509872946716, Infinity, 44.706874497857775, 352.03413038786135, 79.15656836176441, 81.19548611892273, 79.25285250507716, 100.70209912227999, 99.51448903228366], "[140]": [1821.330168707918, Infinity, 2640.810936826211, 3126.92512705026, 2552.8616528057905, 2799.7008176187155, 2551.577590104747, 1181.817517094769, 1291.0379598844372], "[160]": [9378.637775985258, Infinity, 19903.622434514855, 14687.433216968637, 11477.51916987288, 8026.549324145721, Infinity, 3308.746287163661, 3649.8496447708953], "[180]": [16473.584013571413, Infinity, 11234.178634792446, Infinity, 4009.007079403668, 8545.38653391485, 175529.53417243878, 64630.05452081517, 65753.95632099148], "[200]": [2660.0094896142955, Infinity, 22201.831023938666, Infinity, 27816.818047582135, 15986.259203741562, 74052.5053544971, 61081.62079491466, 57446.33418325279], "[220]": [417.94326445772293, Infinity, 9403.922933862521, Infinity, 6096.483091248444, 5087.295971314712, 10611.138019912883, 39362.253207113215, 34404.31995391903], "[240]": [811.9420575519711, Infinity, 2592.1388069069817, Infinity, 1663.741041230627, 2291.5397673222064, 2298.303857744754, 2464.4531882753467, 2191.7192207228964], "[260]": [423.54137283249634, Infinity, 312.5441256330394, Infinity, Infinity, 910.8267320244324, 856.0555533739501, 1138.2954638097115, 1197.634346131407], "[280]": [212.16536954622248, Infinity, 26.75358060717143, Infinity, Infinity, 332.7187277348748, 314.2452839902988, 388.6281528356977, 422.5080593589123]}