{"[20]": [60.11979768766455, 35.47951223011755, 70.38281561336213, 18.380051997210195, 6.982609259963808, 24.762872717338727, 79.51464166728424, 15.405779974176584, 26.84822006262598], "[40]": [603.9516192837244, 313.31057422147484, 879.0828169708079, 955.7154845632962, 691.6980097232789, 44.20827795316488, 36.12242893003936, 366940225032.77155, 164.56732642845253], "[60]": [67.30327883774629, Infinity, 1157.930892169009, 1856.1164289494423, 299.5897642555906, 721.3655319161512, 190.21772361520286, 18097.027990327264, 2639.676492503118], "[80]": [149.83083835622526, Infinity, 421.7030935482788, 2569.9853971863804, 229.16455339182355, 506.0289852714241, 637.6984054828424, 15170.59740731233, 8573.666681475743], "[100]": [137.12000707083135, Infinity, 435.1135403977716, 3250.360631503409, 348.3943560354524, 792.3376378297038, 172.4940742714593, 923.215068755416, 326.5157331800408], "[120]": [2772.8708499213208, Infinity, 2864.253762240454, 6019.251363897709, 2820.9630785452973, 3393.373155796724, 2656.5756494947573, 2946.0104617264396, 2928.2025966326937], "[140]": [14450.226675568278, Infinity, 35560.69959809336, 40642.85570030426, 33870.19149452124, 41660.53702531105, 47360.607580133794, 1392.0932704838995, 271.1660557215126], "[160]": [14653.909829375856, Infinity, 1754.9688925100456, Infinity, 17194.990104273722, 10495.886748847224, 238560.42673008327, 68043.43200550653, 66154.41237292261], "[180]": [10772.61268649599, Infinity, 30849.406901584487, Infinity, 26822.11776930518, 13989.8719202465, 18552.291075294732, 18711.28881039057, 8435.441786190655], "[200]": [3212.8451364436282, Infinity, 8315.904567129983, Infinity, 4672.119333600015, 4208.617035411343, 3975.246645597335, 4174.112789299677, 3500.2232046697513], "[220]": [941.1829381458491, Infinity, 1725.464845768467, Infinity, 748.6767645928403, 1493.735165683856, 1249.0885640402462, 876.8301394720744, 698.8167596880917], "[240]": [549.1438012760592, Infinity, 423.3358631877503, Infinity, 167.06834022893727, 610.9605385594863, 462.7825914071626, 1072.5641240522782, 1050.0003495769924], "[260]": [520.4525404675654, Infinity, 47.04454598058571, Infinity, 26.39876233557494, 198.8761681645556, 145.45813138478334, 1508.74002067799, 1500.2359311427601], "[280]": [465.0566786621363, Infinity, 4.939432329728724, Infinity, 8.186620335832965, 53.444576560920446, 38.902263321600806, 1233.8365478525236, 1243.4712085017165]}