{"[20]": [9.0, 8.999873281055836, 9.0, 8.999998916444348, 8.999988647800139, 9.0, 8.999999996586313, Infinity, 9.0], "[40]": [90.48301680109205, 6.901572444663884, 176.14285714285714, 17.614423006399846, 174.58656325097283, 100.7833600957792, 92.26576542830117, Infinity, 3.4159659577619834], "[60]": [2030.2422960775893, 1538405840010551.2, 4742.285714285714, 1354.4373483405034, 1005.4726009704464, 679.6939590259535, 617.9173741617342, 433.86184469177533, 88.96232385617168], "[80]": [4300.354243279435, 3.40077629912588e+24, 15188.142857142859, 2613.109098838271, 3758.2610360316976, 31.739590277888055, 521.6634620047116, 13777.610236491797, 18824.746172680945], "[100]": [710.5854527351221, 2.414254885475781e+32, 14301.0, 1092.7948054260742, 1867.797550082938, 2026.157081132802, 2058.3557568648393, 98182.12997036114, 35240.37585810271], "[120]": [411.5481568547166, 7.576325486168787e+35, 3828.5714285714284, 433.84094301907317, 257.7080763945464, 185.70652212837695, 71.73481916900164, 310.77397844112056, 656.5331595826915], "[140]": [153.5000736929178, 4.537767621226321e+50, 737.5714285714287, 297.9025260999525, 227.5746858207533, 229.038107683803, 247.27822552608512, 335.6923829081636, 345.9030510143898], "[160]": [312.671776488497, 1.9472354461076123e+59, 190.57142857142856, 141.41597953119836, 113.99760884506057, 129.3037632185131, 184.44360957786137, 416.75649504482965, 437.21642772410223], "[180]": [205.89907589112772, 2.8311610852975855e+67, 56.28571428571428, 40.69373834116608, 32.657577915834885, 38.876398016169944, 61.16985552478819, 307.93272846662535, 339.17507819692855], "[200]": [112.19396032476288, 1.9258664884755883e+77, 26.714285714285715, 7.6659574310433225, 5.263222314885633, 7.40986208424423, 15.287681403854739, 215.84941542013092, 226.22889498261287], "[220]": [110.12776959735038, 1.6198306258292654e+85, 9.142857142857142, 0.41846344548677994, 0.983745958617587, 0.4533250938374076, 1.5106123832918184, 234.74332806023148, 238.34609808511425], "[240]": [94.97035583649085, 9.5085081810186e+93, 0.7142857142857143, 0.0008938554341883175, 0.001017272092284087, 0.00553446630269387, 0.046718004230010365, 153.57674079979915, 161.48605075069813], "[260]": [88.36320271359, 3.8746981460246653e+102, 0.0, 8.685574187962955e-05, 0.00010343834550008005, 0.0006952106151021158, 0.007329994357996209, 139.27528252861137, 144.80881664785917], "[280]": [79.9099475216617, 1.5387735893052318e+111, 0.0, 8.439725446662897e-06, 1.0517810228278422e-05, 8.732921892797603e-05, 0.00115005543679768, 117.61767519240212, 122.25008700286726]}