{"[20]": [3.7875910555637913, 2.4610412883214257, 3.575297407576324, 10.036682500510334, Infinity, Infinity, Infinity, Infinity, 3.705050376915912], "[40]": [44.391514240411155, 15707943319.053352, 47.63605791524433, 50.26042600693531, 38.99809899793172, 61.70162903799082, 478.7647021144003, 38.99999999999995, 39.7533922921457], "[60]": [687.433360399692, Infinity, 739.0174448422202, 692.0901585395023, 684.1784466009292, 70.5169473052539, 1434.371077195083, 148.27730637039676, 46.95211489623711], "[80]": [3736.1093312705225, Infinity, 6449.673498265301, 2223.891828111624, 490.34006154702854, 426.41490863999394, 7533.711313892461, 5409.60003596537, 5193.20280117417], "[100]": [5247.4181045950545, Infinity, 3042.639350085473, 1548.437328226684, 4201.570925448332, 78.61996279775546, 742.8344248709197, 52608.23444544767, 50714.99864689794], "[120]": [1133.4678743343386, Infinity, 7274.509817996925, 568.6967155604341, 486.9300697714597, 846.5986565165506, 447.48896173248244, 9867.201074699939, 1286.0372335046275], "[140]": [958.7490380520525, Infinity, 2378.373559538002, 86.78079124674937, 100.43452956094976, 20.86050345466922, 25.326703063818638, 1885.3801314151779, 1454.3468829149479], "[160]": [185.42078994265054, Infinity, 494.6361101015967, 156.457352377752, 156.00870207068542, 132.75437305991906, 97.83686413283617, 76.8341785478736, 217.32901577745767], "[180]": [142.9811414054841, Infinity, 131.7726530033617, 102.72321223279344, 102.21068070911652, 95.87374372124326, 91.37613518020403, 305.09240852158314, 354.8034617472204], "[200]": [187.80138295515525, Infinity, 36.80620047484561, 74.50971225743879, 74.32789038462124, 72.94436134885603, 76.69030909178221, 575.696145944168, 579.6496323101377], "[220]": [211.076612057961, Infinity, 15.805310284391883, 50.86923079020204, 50.78018417750531, 50.54167112484374, 54.948436063809474, 513.1630348607707, 507.9165191515993], "[240]": [129.96842658347376, Infinity, 12.986695663642465, 35.19729459297123, 35.14280682273734, 35.131612002689984, 38.582296527221935, 298.5186402644537, 301.057775841585], "[260]": [124.43154272849318, Infinity, 3.4829164015270266, 42.941157301079166, 42.89724508956412, 42.92833230756244, 45.90415080399221, 220.59192905038114, 215.63357355005132], "[280]": [149.53240741696902, Infinity, 8.501001624492796, 47.10177368956528, 47.06036477908399, 47.09931635851437, 49.96718382045394, 289.9338623981077, 301.5129637412032]}