{"[20]": [Infinity, Infinity, 3.0462599703800324, 0.14400694095794062, 44.4895466808935], "[40]": [Infinity, 496.6302805554899, 31.876666378698484, 17.960260074222504, Infinity], "[60]": [86.4613852155724, 60.815627078082194, 46.07857401012469, 146.81305920489444, 97.13497668686634], "[80]": [9.284399782647599, 18.053775714932147, 3.535492715670595, 156.63613650446578, 27.022890841075284], "[100]": [1.8658480147054188, Infinity, 16.838612162787147, 146.51125456890458, 12.897205144323454], "[120]": [3.495963302348623, Infinity, 7.831320530710773, 124.62984990633377, 10.249255135170955], "[140]": [20.777371125809236, 114.05392868403689, 818.1595045385526, 1087.8076592199607, 189.51448440641838], "[160]": [338.78142851653195, Infinity, 5187.794361578156, 8054.726309172422, Infinity], "[180]": [1341.7211554296896, 4371.389030202017, 2458.3580723943933, 6537.8832705396, 5450914068.820427], "[200]": [33.10383690213639, Infinity, 2684.6366165909953, 1115.167751870093, 260583.67414129927], "[220]": [66.4555730736617, Infinity, 515.1159029666705, 174.60217608379867, 3858145.6751291137], "[240]": [29.915976446942384, Infinity, 87.74414564207939, 25.175082061366993, 17703.287529402958], "[260]": [25.68939581106551, Infinity, 17.923875462771413, 2.340481788307243, 3898.9356351839947], "[280]": [80.81154324646043, Infinity, 0.9207942159859298, 0.6561693748056961, 2175.2895497869526]}