{"[20]": [Infinity, 2.4610412883214257, 4.0, 3.9999991742219647, 3.9999863229047325, Infinity, 3.9999959716016313, Infinity, Infinity], "[40]": [58.90129389433896, 10335515465.841772, 75.31065241257396, 53.10188726695515, 138.68274568622198, 61.208376715208644, 32.200605736017515, Infinity, 94.28738371226393], "[60]": [921.1066068794269, Infinity, 1326.5680286614393, 1279.6262660048437, 1282.9159140383356, 381.9224406789767, 625.7298805587817, 199735.41153553725, 216.6884387229031], "[80]": [3895.4478807974824, Infinity, 10967.114707751452, 3543.6364905162577, 2024.6924520429964, 234.13921375514138, Infinity, 14940.274241912235, 12300.38945263217], "[100]": [1200.202957430666, Infinity, 3281.8824589579053, 4133.374532777701, 4519.714622705243, 5169.091367003711, 16156.87064341887, 151989.02241845056, 191086.19222283663], "[120]": [Infinity, Infinity, 6182.007019484445, 779.0360639866044, 510.78906666202744, 824.599644556277, 523.5634244074226, 3058.721967824307, 21550.37256054557], "[140]": [811.3238138167151, Infinity, 1106.2502419893503, 111.2258392054227, 66.259743380622, 105.71987366732132, 78.84276247233693, 629.7811319187979, 878.798980861964], "[160]": [218.53762096673088, Infinity, 185.88512187213692, 18.992673856679847, 10.907261174588246, 18.48530490635135, 16.3105244360997, 848.0212969084533, 851.3174227717512], "[180]": [244.68501792578576, Infinity, 18.13748246458046, 0.021210183771008174, 0.5078175073599456, 0.12741550414685324, 1.1793460023319184, 767.9557118032106, 773.3243163209344], "[200]": [197.321340120255, Infinity, 2.3166808525217966, 1.6783884454058196, 1.7919203538247945, 1.5948006850324479, 1.04009832080436, 702.7339722985216, 703.3612217897581], "[220]": [186.8954417019531, Infinity, 1.9332883648295436, 0.29311989620088336, 0.19886380583053748, 0.2969765666006942, 0.23659007702800566, 586.5122592536954, 587.5023260024662], "[240]": [172.1340294205701, Infinity, 0.0, 0.02056338134704543, 0.019978241865593972, 0.02136202883157188, 0.036706516449548504, 485.91881093462695, 488.45060413618006], "[260]": [161.29164575499544, Infinity, 0.0, 0.002923999735796882, 0.0028041253345184865, 0.0030730962435572533, 0.005725218455088799, 409.92786335995703, 412.02553550935585], "[280]": [152.41534943397167, Infinity, 0.0, 0.0004157702749861576, 0.0003935198851008545, 0.0004419565598562755, 0.0008913391311508895, 358.79619787084226, 360.5716851184441]}