{"[20]": [Infinity, Infinity, 10.738746302327312, 7.492052824966534, 181.41522273415407], "[40]": [Infinity, 5573.284679733626, 82.02887355388465, 98.06435203556815, Infinity], "[60]": [537.8919300097705, 1771.1910641977518, 110.93594371910835, 229.5914369170117, 91.03808992613544], "[80]": [4.767905584586067, 52.17671531098042, 1.289570958106704, 219.63697513246424, 28.377694050487236], "[100]": [7.263268753579405, 5895525.731643972, 33.82279531596754, 166.93197969828736, 14.871376257943798], "[120]": [44.825069724076435, 94.44270201612153, 31.311659408187694, 200.35303210056875, Infinity], "[140]": [147.28095510580846, 34150.99362888581, 1373.5358500188115, 1663.6014208725173, 318.302543991438], "[160]": [1510.0335158055368, Infinity, 7694.935841564897, 10265.568402473422, 2635.75450596161], "[180]": [4223.8546659650365, Infinity, 1585.8221671893755, 3607.1958070616124, 15173516.301896103], "[200]": [200.9837730823284, Infinity, 5295.254616448212, 1793.892704625551, 32686484.63945679], "[220]": [164.90478959692732, Infinity, 1253.2241742623585, 292.1657497595807, 11584089.433340909], "[240]": [64.16185074735404, Infinity, 240.21835840822575, 20.209661202122156, 68134.89715974749], "[260]": [56.94224250354354, Infinity, 16.010329796588486, 1.8221041281428147, 184375.78256248537], "[280]": [264.8007534989428, Infinity, 1.5337279266119088, 0.07387181042779686, 1741.5766018125373]}