{"[20]": [0.0, Infinity, 0.0, Infinity, Infinity], "[40]": [24.859417220872643, 1.20705838035137, 48.57142857142857, 3.9327352890041, 2.089817850938566], "[60]": [40.27450460779846, 3598.108135032033, 1754.2857142857142, 718.5288154278539, Infinity], "[80]": [2478.8813447762404, 7258.689517535058, 17387.571428571428, 15665.14934996415, Infinity], "[100]": [8581.32800360419, 34826.93313002635, 10547.0, 14811.20257075458, 12258.84516706277], "[120]": [2250.122886712037, 1337529722481418.0, 7107.0, 2319.3536290772045, 3063.3251133165195], "[140]": [58.88172046382738, 2.581736719628795e+19, 1264.0, 502.2024302473444, 585.1001229720057], "[160]": [64.06303434194746, 1.1281376591989636e+22, 345.1428571428571, 3285.885308905331, 177.25564872130428], "[180]": [202.74847310461553, 8.91374473325192e+23, 94.28571428571428, 5862.873471823643, 46.95215826059109], "[200]": [301.4657994645112, 874357868431224.2, 31.714285714285715, 6210.405149605406, Infinity], "[220]": [276.43009687539154, 1.8937090405455047e+30, 9.142857142857142, 6147.491492952817, Infinity], "[240]": [177.02256058215215, 3.951574498818835e+18, 2.857142857142857, 0.2748437143948623, Infinity], "[260]": [15.040112976133486, 1.1762238900304013e+36, 0.8571428571428571, 0.020834778075041423, Infinity], "[280]": [210.39020061564125, 4.452833342855465e+61, 0.0, 0.0, Infinity]}