{"[20]": [3.0, Infinity, 3.0, Infinity, Infinity], "[40]": [0.515689209584093, 66.88746211590404, 51.26895839998049, 16.681382866780986, 229.89302422004764], "[60]": [47.88593617897116, Infinity, 943.2456155269828, 328.4577340690674, 50592.995568369675], "[80]": [945.7282003353207, 255.7947848464137, 6986.559551400423, 5938.911737109493, 1364.5655772683283], "[100]": [758.4447709166194, 6855.812390306849, 4603.719576707599, 1395.508670018037, 2400.9862811237253], "[120]": [300.04208547163637, Infinity, 2544.2716097970506, 21086.851353033195, 712.6847839426514], "[140]": [50.2325521705357, Infinity, 400.4070616679431, 45.85392423496154, 87.57269184355417], "[160]": [75.07354351212699, Infinity, 61.05318063728986, 1.021876827362321, 6.155359702014819], "[180]": [45.611929768382105, Infinity, 7.9827697607096715, 1.1299161119128813, 1.159746115513332], "[200]": [36.511873526571755, Infinity, 0.8539560212448126, 18313.313880272202, Infinity], "[220]": [33.77521219923197, Infinity, 1.2256938658689707, 2294504.8468397628, Infinity], "[240]": [32.3233309109753, Infinity, 0.0, Infinity, Infinity], "[260]": [31.243065285508575, Infinity, 0.0, Infinity, Infinity], "[280]": [30.637407394923297, Infinity, 0.0, Infinity, Infinity]}