{"[20]": [5.0, 4.8610357511668285, 5.0, 4.999999360263568, 4.9999898707885615, 5.0, 4.99999999969174, Infinity, 5.0], "[40]": [12.71002348010461, 434.29672422578057, 48.285714285714285, 193.79143205722266, 157.98572802844782, 24.920448328096455, 12.755034490422247, Infinity, 262.76834696781367], "[60]": [27.165548297898624, 1.687067507093652e+18, 95.0, 137.81915072503978, 144.61669409655119, 104.08399941218627, 60.87098571534057, 8179.119639569331, 137.71655459592637], "[80]": [119.83991223557882, 3.729403789879908e+27, 223.0, 338.89587915833306, 194.82503173218942, 228.48728918234613, 163.11972971983224, 200.41328529550154, 129.9759268004866], "[100]": [391.50539631390586, 2.647552091869952e+35, 894.1428571428571, 1061.1720676767363, 750.8913035518932, 311.6082133117525, 275.40975355483783, 445.852343829627, 223.46304514702297], "[120]": [1118.5143847503768, 8.308450134770628e+38, 2970.142857142857, 2517.7164436304583, 2010.2981704191156, 2457.456479963974, 327.806118810865, 304.4405764959065, 174.3835320019216], "[140]": [161.01291065380428, 4.976266294395922e+53, 4459.285714285715, 276.3444574270743, 55.36461214293013, 55.5505730372588, 15.83382500991138, 406.43591870000455, 591.3742536146583], "[160]": [765.5365855166656, 2.135402919236706e+62, 301.28571428571377, 569.6960787804073, 1605.0314038951656, 375.0769013447043, 215.07991383341687, 5754.2139234124315, 5944.302608697091], "[180]": [564.4156959719021, 3.104745092395459e+70, 2521.142857142857, 2213.5586746392773, 235.28863722202095, 1466.6010638158787, 521.4405015548027, 7228.979226226758, 6437.383044120874], "[200]": [328.0535681449164, 2.1119689227880706e+80, 1954.1428571428569, 2955.6362167994535, 330.9605602059819, 126.85901152599581, 508.68250820084904, 536.4311311934807, 671.7746525447401], "[220]": [117.83698855188504, 1.776360035683665e+88, 1760.7142857142853, 2268.6293063753096, 147.94054935856866, 351.26824372128385, 117.32044048583384, 210.92008696267203, 238.45804034486355], "[240]": [175.54031014645602, 1.0427345148083256e+97, 1168.7142857142858, 1500.240482136195, 124.72116598269804, 365.44295609581195, 115.29550579860779, 168.4896959281441, 147.36059276610604], "[260]": [267.0119682843879, 4.2491225503989994e+105, 703.0, 896.2215875388434, 107.44582696182692, 315.27369060872024, 103.0365305520811, 409.77881036721374, 416.1050879885265], "[280]": [257.6792368285469, 1.6874702090631743e+114, 511.71428571428567, 391.04180297608826, 157.23448442070867, 364.96209816814167, 160.94748243918673, 205.60090844903175, 200.71073388868217]}