{"[20]": [6.0, 5.8610357511668285, 6.0, 5.999999360263568, 5.9999898707885615, 6.0, 5.99999999969174, Infinity, 6.0], "[40]": [59.17263622831413, 3377629488.7743964, 55.0, 14.274242733468036, 19.239995274829, 60.618928694799465, 60.0401056090674, 70.04699707031241, 92.13210564492451], "[60]": [544.577972323556, 1.6870674870332892e+18, 861.7142857142857, 87.77645396154935, 201.08053230161204, 380.6813827708345, 401.6155517912305, 42.8889536681138, 490.70623961464753], "[80]": [4226.4333750188625, 3.729403789879908e+27, 8474.714285714286, 3959.7653423354022, 2112.873197744273, 318.10812064721176, Infinity, 5160.189051590385, 5147.612318950069], "[100]": [5562.887972111908, 2.647552091869952e+35, 1126.1428571428569, 5179.547482640624, 9361.372262055, 4107.00017914228, 3950.95526465878, 67532.16242958842, 61952.443118606105], "[120]": [1935.0663085650021, 8.308450134770628e+38, 8298.857142857143, 1172.0170957075306, 1092.978598466284, 1481.8729295409867, 1366.825871593559, 51020.74888592668, 18088.256624185557], "[140]": [964.6374237917021, 4.976266294395922e+53, 1971.4285714285716, 263.9481340404611, 230.6091644481628, 280.021449065674, 293.39821419068585, 3501.962326887313, 2280.546661989544], "[160]": [806.7819559450886, 2.135402919236706e+62, 258.14285714285717, 58.45809930276586, 55.20858999975938, 59.961478887265926, 73.30751513465688, 426.0779834578308, 664.6906411773042], "[180]": [322.9864336044934, 3.104745092395459e+70, 27.0, 9.798525674673028, 9.570799731968926, 10.079848939736005, 13.94605595476117, 862.7227422009319, 860.1351230409753], "[200]": [259.0669524233058, 2.1119689227880706e+80, 3.142857142857143, 2.1413481522658224, 2.153662362161685, 2.1969955203415528, 3.0909712952369186, 600.7102772754093, 599.9057250733476], "[220]": [228.966022733508, 1.776360035683665e+88, 0.0, 0.303291215453676, 0.31593881026896514, 0.31378560868708805, 0.5042214069638575, 493.164889061541, 486.8169396232026], "[240]": [201.08680842819194, 1.0427345148083256e+97, 0.0, 0.04615594446415327, 0.0475372037139849, 0.048059209357126716, 0.08229462041187179, 406.55967160870847, 402.2524509901469], "[260]": [180.52018195567325, 4.2491225503989994e+105, 0.0, 0.007024127917008577, 0.007152702637677585, 0.0073612138064593925, 0.01343066241910467, 347.4396852204436, 344.08463192301394], "[280]": [163.7657946034028, 1.6874702090631743e+114, 0.0, 0.0010689483628058309, 0.0010762213446029014, 0.0011275214137092511, 0.0021919921699552, 303.3285218606428, 300.6353494237829]}