{"[20]": [2.201645834252922, Infinity, 4.607054724304208, 1.9637789571722752, 393.3014691042145], "[40]": [0.8699452702037415, 1.4851646913730598, 9.589307353011373, 0.19312577909842563, 83.42465856085774], "[60]": [11.067369707448313, 339.1482493304001, 30.085478563847204, 3.259811653739777, 519.5986785484242], "[80]": [16.240012693453963, 74.58074238085436, 82.62538745805308, 13.064859026394755, Infinity], "[100]": [17.569186814678066, 219.91590991370092, 300.6221113007173, 2.2949744059868116, Infinity], "[120]": [250.39246451297652, 406.85485399013754, 698.7396642508808, 351.4635674784836, 1321.9817694201085], "[140]": [198.3084809714722, 305.91717878669084, 731.3994713238706, 994.7653180272148, 3493.866869040007], "[160]": [210.18581049264162, 445.5282574691272, 98.4229459206308, 973.9716134862769, 1125.4792926687614], "[180]": [46.68641009203267, 208.91143619861893, 318.58885656755194, 369.43568071307965, 614.5162951250705], "[200]": [491.25160926104155, Infinity, 433.6343804123224, 914.2369599381591, 689.8962750896656], "[220]": [355.06951093307396, Infinity, 377.72842199528003, 2385.714664122304, 599.0700333275835], "[240]": [273.4181380709118, Infinity, 280.66131362611196, 1869.6706516129668, 382.06075336951534], "[260]": [113.152749927551, Infinity, 136.1994701171098, 921.8950990400737, Infinity], "[280]": [26.931603753478374, Infinity, 119.11588813448633, 474.38462090163097, Infinity]}