{"[20]": [9.0, 8.86103575116683, 9.0, 8.999999360263562, 8.999989870787624, 9.0, 8.99999999969174, Infinity, 9.0], "[40]": [12.462301806658871, 448657441.3422154, 13.142857142857142, 221.53699205497165, 22.891809584822578, 20.572521496492293, 24.741251137326458, Infinity, 1178.0890694275533], "[60]": [15.068855840629968, 1.687067564600051e+18, 2.8571428571428577, 28.41616060972793, 30.45179153861799, 25.984297853206073, 9.527873413978835, 231.53661146575686, 16.89374709481477], "[80]": [30.14095212801783, 3.729403789879908e+27, 32.857142857142854, 62.21240995362394, 64.31182540370975, 54.06897894696381, 28.999807757674525, 28.972328308998684, 28.082942577373373], "[100]": [44.63079798462414, 2.647552091869952e+35, 45.57142857142857, 87.3234918593115, 89.70694827290114, 16.010457782099706, Infinity, 61.72112561498312, 60.88868240358208], "[120]": [73.66522666120079, 8.308450134770628e+38, 113.0, 183.48151394695665, 187.0691203170669, 46.3831316759686, 42.046049630469156, 34.053710717604986, 22.434305409693195], "[140]": [119.56542840003294, 4.976266294395922e+53, 158.14285714285717, 241.88411105540945, 38.13255708178468, 33.50806053983638, 40.203807026645336, 40.72015637490716, 49.745011160345484], "[160]": [134.37332090312952, 2.135402919236706e+62, 141.14285714285717, 308.95365180684865, 34.161855902404454, 33.786192622185354, 34.19909311751212, 36.045878925177476, 57.394355205097554], "[180]": [389.2755976906359, 3.104745092395459e+70, 428.1428571428571, 703.3825026615875, 382.9611402643327, 393.3764862528318, 328.60313887445955, 256.5987610803784, 258.244896964934], "[200]": [562.9525846289284, 2.1119689227880706e+80, 1405.5714285714287, 1560.584287425546, 1198.2172911321302, 1091.455243908306, 801.014519267475, 412.03229841678694, 393.56532047883456], "[220]": [396.6537766061847, 1.776360035683665e+88, 3358.4285714285716, 2773.896340880947, 1147.5156194227948, 1245.0220806731686, 840.3097283153929, 668.9474762159452, 712.8652396151083], "[240]": [1000.0785839180335, 1.0427345148083256e+97, 3141.2857142857147, 5583.353132056336, 664.8740534085573, 2523.8486950051847, 3263.9888119392635, 455.829764055301, 505.7740045261198], "[260]": [1408.309816715875, 4.2491225503989994e+105, 2424.7142857142862, Infinity, 4964.3473708937745, 3740.905222822241, 3781.07661081313, 1897.4267079836682, 2057.894408673018], "[280]": [444.8361034158279, 1.6874702090631743e+114, 3526.5714285714284, Infinity, 2641.611308634013, 2852.165530508668, 2929.4085032819867, 4559.6991263885175, 4515.933068091185]}