{"[20]": [2.0, 1.9998732810558355, 2.0, 1.9999989164443392, 1.9999886477992106, 2.0, 1.9999999965863111, Infinity, 2.0], "[40]": [15.002144515260243, 131836.956137235, 18.57142857142857, 9.229631664497486, 10.196013685824733, 20.528581194635994, 16.7950665863626, Infinity, 2.334051962489589], "[60]": [142.17959188497423, 1538406421712258.0, 166.85714285714286, 165.3812223955851, 175.41445683268003, 132.7292632601696, 117.87150025870186, 25.433108574785592, 22.71982116260301], "[80]": [69.19317225295583, 3.40077629912588e+24, 118.71428571428572, 171.26492084348598, 25.06256685985727, 121.76528288953631, 109.72193667450551, 454.15824679908764, 571.1633148277183], "[100]": [92.06287595937386, 2.414254885475781e+32, 118.85714285714289, 389.7295185643086, 75.20666432538792, 123.845790974637, 76.04199843552567, 42.57799460912452, 113.84072453252452], "[120]": [60.05442453896774, 7.576325486168787e+35, 151.28571428571433, 558.6321350426899, 113.6028678381723, 254.97559982894757, 75.36264943818458, 124.511897367541, 115.8446159763821], "[140]": [926.8194791239637, 4.537767621226321e+50, 1566.142857142857, 2041.3391993171476, 1380.408301206422, 1758.2086231172054, 1301.0902994460503, 954.3455711354045, 940.6142230965061], "[160]": [756.6766349918489, 1.9472354461076123e+59, 5220.0, 4366.110316094457, 828.5388911734881, 324.8677613767013, Infinity, 604.1626973917646, 730.1790018796346], "[180]": [506.57291345307385, 2.8311610852975855e+67, 4287.428571428571, 649.8917965010605, 4752.439872001656, 5291.475359811453, 5697.013028877833, 795.9955407768448, 895.5076556958411], "[200]": [46.20906603388812, 1.9258664884755883e+77, 2422.2857142857147, 1768.352723735783, 1746.950974675678, 2220.0589690913384, 2843.090442239589, 578.4781981305675, 550.8860441180179], "[220]": [128.50055269507175, 1.6198306258292654e+85, 457.42857142857144, 666.9136543382774, 556.1149247408058, 750.7133560019365, 1065.551597155708, 177.69815290556448, 216.46849254801123], "[240]": [29.112067060838854, 9.5085081810186e+93, 119.14285714285714, 216.72299190755825, 175.8987303440491, 248.426038074708, 361.7930960637998, 11.165845647618227, 13.407431814419994], "[260]": [42.232407021422205, 3.8746981460246653e+102, 32.142857142857146, 83.1269367835815, 65.80187259741965, 95.82914167245153, 141.66119952586996, 74.63655640748829, 69.17896877065337], "[280]": [30.027454443768875, 1.5387735893052318e+111, 1.4285714285714288, 24.136780209889853, 17.968262178376673, 29.062350029981673, 45.38716831948552, 40.0894371475581, 37.996524767236615]}