{"[20]": [5.815632836516192, Infinity, 7.023884703621453, 6.188935459832211, 58.297673371330625], "[40]": [72.56669032716069, 49.65838879090888, 67.31226467614695, 6.814529003744617, 37122.59433987433], "[60]": [162.33126115213327, 82225.90492951291, 1212.2176606464234, 294.86685823484436, 6052.495604296209], "[80]": [2155.0797910019364, 5865.712745672502, 9933.599360032425, 6941.305766990152, Infinity], "[100]": [12697.27036734698, 5231.6254595820665, 2720.2805913981256, 5150.557345593391, 2532.011259934958], "[120]": [1414.107915595482, 272189030.95718646, 6024.28773640989, 23733.804605932022, 667.4423015512796], "[140]": [141.22376858467905, Infinity, 1076.1507153534342, 52.84483558091686, 64.47436150091376], "[160]": [226.98459865164375, Infinity, 152.5941457068112, 2.608224676461968, 14.036457168668987], "[180]": [386.77002305564645, Infinity, 11.385218376472926, 5.962618784970716, Infinity], "[200]": [358.43760223229475, Infinity, 3.6671847352324978, 1606153.3201790736, Infinity], "[220]": [272.24813351685987, 1619691056.8484344, 0.31764263861863706, 4591185.665375566, Infinity], "[240]": [178.43769657549566, Infinity, 1.5545469537424363, 0.07313325424405676, Infinity], "[260]": [105.2411806775657, Infinity, 1.0, 0.994397427348846, Infinity], "[280]": [100.57644600395285, Infinity, 1.0, 1.9220795073720325, Infinity]}