{"[20]": [12.855592442925, 3.7270624077480807, 13.760038416480201, 52.22998104853602, 40.48359269002114, 284.4896465443053, 343.0883247404337, 2.159281936665781, 0.9954959903503295], "[40]": [40.475167454816614, 4254271376.752124, 45.84042465788727, 4.812348750135169, 63.77762233482862, 11.10675098674738, 252.67478807208036, 35.286326133827636, 31.14095718818078], "[60]": [2.4546714283250655, Infinity, 7.55021683434198, 59.905767533621606, 45.02138430600289, 19.276276898517917, 24.636337318181084, 7463.854791337702, 75.36957700044162], "[80]": [61.96023621084223, Infinity, 71.73149570791047, 155.18230632954948, 63.83826779802164, 98.38611072768238, 60.00253072582498, 49.6780650992756, 20.09196692482374], "[100]": [187.26922712339152, Infinity, 197.5458018766787, 314.49252477876115, 192.67270677365357, 119.2366005838394, 82.71706566047791, 149.90045296855214, 150.9852448494839], "[120]": [13.224371111539382, Infinity, 421.67079802203403, 548.619185501864, 260.95268552029506, 82.68938823146007, 363.84221543601376, 165.22392034057884, 167.77686364294897], "[140]": [163.09125628241327, Infinity, 543.5999821453379, 777.0797014658039, 265.86604477457007, 342.3162603989204, 5565.925122037026, 152.0705977225991, 158.23332379371013], "[160]": [249.09295220411263, Infinity, 458.14281591545006, 1014.2752487149946, 277.3674126492193, 408.9829612432647, 56224.017327847614, 758.3874786493035, 694.7668008445565], "[180]": [646.4289020482747, Infinity, 1236.4045452216817, 2237.1060847993103, 1081.8423834845673, 1421.5229133910675, 900.4161722339849, 576.158532500445, 525.0414387719849], "[200]": [Infinity, Infinity, 3561.097931738987, 4709.927637200839, 3070.9504650278673, 4337.7105555588705, 1063.171967845445, 556.4850221511389, 585.1937160388068], "[220]": [474.4549463540392, Infinity, 3149.6695505662774, 5399.858331909527, 616.9759287165372, 760.572068517273, 1217.2358243734652, 236.66920436218766, 279.57442000370503], "[240]": [166.47626445125434, Infinity, 1024.9135350496751, Infinity, 3541.9462566806965, 1478.5256435189115, 25780.345224972396, 751.0690568350235, 726.8472449398816], "[260]": [309.62866468445276, Infinity, 4308.897154377426, Infinity, 2446.5650353114665, 1733.256034804491, 9608.384865218351, 844.871506606292, 849.2322544115653], "[280]": [336.04520375532655, Infinity, 2642.5803013663026, Infinity, 1391.3079475880668, 1135.1511790856896, 887.6935177254115, 1396.454647184986, 1450.9679960808974]}