{"[20]": [25.15861098380266, 18.462532656220198, 36.162930195161856, 15.837472739756763, 6.782632853694045, 22.327148476780774, 77.93278740783072, 11.165784609794411, 15.997081499630514], "[40]": [2.255791542252318, 18.822390167213854, 36.087146333740485, 145.84455659177934, 75.22990914606373, 34.15425923945548, 1021.3559380673906, 163.47271630539063, 4.228527859219326], "[60]": [56.83500362719046, Infinity, 47.65242160340849, 131.44413683805308, 45.84800312462203, 99.90241178801725, 166.6387419141395, 844.0392989772901, 45.888369707018505], "[80]": [77.1214254257991, Infinity, 120.91638923698602, 249.06837032275186, 111.75244783771066, 128.20465656050976, 706.3406912712164, 73.5771969659232, 70.4573894709943], "[100]": [318.5857845637171, Infinity, 366.95948980684057, 582.9961111478824, 320.9149319178853, 449.85353237869236, 135.8441713506232, 32.8953012929727, 9.816513004217507], "[120]": [672.7333429758838, Infinity, 809.4051537287725, 1052.0001933790313, 492.3794190040694, 661.8242556267991, 821.2333469591307, 327.1526373044298, 304.37455168733834], "[140]": [99.0687134848974, Infinity, 1300.8711285069903, 1630.5393801471355, 652.9997403501151, 862.5459763960481, 2207.4495488411076, 256.553442873709, 356.7987113467549], "[160]": [229.2836082776221, Infinity, 1547.0561895812937, 2375.362128638, 881.0989738955126, 1197.1964742688956, 41336.04033956521, 816.5264324930234, 927.137973324795], "[180]": [1876.2636418561844, Infinity, 4086.790394313257, 5777.3483356726365, 3400.866977882073, 4326.318091932879, 2615.928452523294, 1067.4892105351967, 953.0427238673545], "[200]": [1278.4387775327857, Infinity, 9405.091690675714, 13975.238922451466, 6340.807779248924, 7899.348831719377, 3364.1840950211235, 99.05641337500936, 92.45939109680754], "[220]": [3616.1398587912495, Infinity, 4253.912032747296, Infinity, 5071.203600315377, 1473.078690836907, 6182.464825567017, 1704.0712731333874, 1750.297434169472], "[240]": [635.0420580486875, Infinity, 6209.524296273724, Infinity, 6384.148340209119, 1853.6327289222188, 5405.146063493188, 7991.02640935539, 8271.062145185484], "[260]": [498.71441751041215, Infinity, 9073.932048857083, Infinity, 5585.497590347127, 3121.5593432278115, 2627.580034794068, 862.6646676600852, 470.027630144627], "[280]": [774.535864164592, Infinity, 4284.378760933146, Infinity, 2388.5225845919144, 2082.031446366722, 1838.4483278649827, 1240.3434789600863, 1332.4938616084403]}