{"[20]": [Infinity, Infinity, 44.9564953247767, 72.89027285373162, 39.26698538969751], "[40]": [Infinity, 49.98942501142255, 640.8775977056309, 555.0894396239576, 1031.4940479128], "[60]": [2884.706448207496, 5313.784568681986, 1484.139673679539, 2541.9805640308964, 522.5643062242474], "[80]": [31.85863479829103, 321.47853782687383, 591.5296278432895, 3269.3638736328185, 112.22907094085176], "[100]": [36.13541474614742, 167.3934548903629, 573.4918947700921, 3777.959610729478, 127.5767751145602], "[120]": [1338.0143728632293, Infinity, 1959.137269743638, 5839.735553091967, 561481.8549456554], "[140]": [6746.456879856052, 16765.60899158625, 31885.466607017453, 40280.59048374465, 35593699.07247597], "[160]": [15793.103996290038, Infinity, 6912.123894760457, 53182.24370077945, 1214792931.517548], "[180]": [3434.6336002867524, 12208710983271.145, 31836.799442779975, 14492.486476720233, 7282928.4220335325], "[200]": [615.7233998506058, Infinity, 9946.813677887418, 2953.350927091201, 173030.91946024605], "[220]": [1349.4627215799576, Infinity, 2129.5500864843807, 633.5125994459479, 369629256.98574436], "[240]": [310.14526323533266, Infinity, 516.4267534088666, 83.49918727501124, 44428.970947046415], "[260]": [307.8778676601862, Infinity, 66.6219066214981, 13.027061793720597, 7388.594823425012], "[280]": [1407.3100613141435, Infinity, 9.505276223443712, 6.850622793037713, 9214821.059167186]}