{"[20]": [11.399306703040375, 8.162379513333708, 21.36758939258384, 0.6274024674976638, 2.697788873260202, 2.519139816397648, 14.994542931349581, 2.537272997310131, 4.99094953144313], "[40]": [171.017487320714, 13.757933313957086, 339.2970108275707, 349.9491689080157, 235.49750830948201, 55.57591025779389, 43.961802167446194, 3071430.011980055, 22.1338352897509], "[60]": [818.6825012249601, Infinity, 2773.0145284294617, 2507.7525289396317, 1595.017799640915, 1512.43271455197, 440.71136824688136, 3081.142239299045, 70.12454507584975], "[80]": [2659.9199542961805, Infinity, 17421.29408596051, 7003.2978405888725, 3111.9012598501254, 4358.354261096748, 1871.6945365254342, 2632.331171077006, 1370.0259720305119], "[100]": [3975.7557761699586, Infinity, 4032.877346471545, 20389.70331278917, 2044.3203100713029, 1947.771368257341, 326.85755325505625, 14251.018637005058, 8950.225707875554], "[120]": [586.762797569748, Infinity, 16625.46116703247, Infinity, 3737.5486689499653, 3914.4357762962045, 1567.0690437742085, 1609.2292896086274, 958.7758519119699], "[140]": [277.37813610935217, Infinity, 5612.712379719685, 1728.4244003320257, 772.2545029567242, 636.9039597090784, 16.426466140979937, 1617.7800499507116, 545.9496412340986], "[160]": [191.98767246429856, Infinity, 1323.2982406774413, Infinity, 40.22453377646703, 9.836248295006918, 153.7232300583134, 212.46393051662358, 196.7077343150422], "[180]": [155.36136638056314, Infinity, 330.38844229770376, Infinity, 26.509185718725142, 72.61920575607749, 89.0491696788631, 103.4294000444198, 93.06750676471167], "[200]": [120.9548808004404, Infinity, 85.77900946785269, 101.46655514117987, 26.738446411934028, 58.90292164470464, 47.89027290301164, 190.05125644056355, 215.63857388367677], "[220]": [111.72565127850903, Infinity, 24.111262999693714, Infinity, 13.279338928614328, 27.252946221929957, 20.073660188744785, 189.75300345338644, 195.0814645214438], "[240]": [114.74663368491984, Infinity, 4.93774607385255, Infinity, 9.673693905758201, 21.497499788036713, 13.712674647237982, 258.8569608962921, 251.32302434669094], "[260]": [108.25483353335852, Infinity, 0.9695761312530056, Infinity, 10.448485144317884, 15.38137901549541, 12.012481053880645, 172.55178293196207, 174.76250555570235], "[280]": [105.70263612753988, Infinity, 4.324510958614332, Infinity, 0.16757302546437516, 5.468589369411743, 1.4883717752339225, 189.76716320663118, 191.77479870335293]}