{"[20]": [6.710512689975894, 11.272546011631317, 6.074809359377153, 2.967368061989838, 4.737730534766975, 6.851057803948672, 6.194159550143758, Infinity, 3.844493287752169], "[40]": [61.83840557212709, 23.165998084725967, 78.70740897350109, 2.9726132498730475, 77.53583989761356, 7.014415702159592, 37.589666554556075, 9.274365581575926, 2.573928610624262], "[60]": [148.36256296340022, Infinity, 468.983249375173, 512.0048725437148, 326.05011572850395, 236.340141701144, 129.21532800709144, 115.99001111391075, 10.281049761315506], "[80]": [643.3620461621341, Infinity, 2922.4520042872055, 348.7359693629598, 1176.4790963020146, 153.823283689987, 253.5888660028025, 373.72661810767573, 281.25582876640294], "[100]": [806.6122925258131, Infinity, 11075.251103681136, 4189.4282925715615, 1079.7325706296365, 1333.2160571710308, 770.2254307687346, 693.6226004497632, 884.2365657743775], "[120]": [2534.918369302312, Infinity, 1207.668394358669, 10920.09865300175, 912.1892780880036, 1131.864533749971, 109.75586511012175, 1069.364067063994, 6082.288534693067], "[140]": [899.485320132967, Infinity, 9702.953724666017, Infinity, 1897.6385601285112, 2301.762649884826, 1060.9154283729288, 8354.44347557426, 5882.567704393198], "[160]": [287.4316074520542, Infinity, 4079.8599864063517, 1072.8463581793842, 544.0969959710181, 522.2073772290771, 194.66574643515833, 130.06339236156256, 394.4389980893178], "[180]": [231.36837374363563, Infinity, 1073.6580955708914, 370.7947772946912, 65.63897060525198, 79.0179668757076, 40.32943425510774, 46.05898982623706, 69.31072297809352], "[200]": [224.67499320903232, Infinity, 290.9620163303733, 109.33989142799545, 11.049677104399612, 24.124132909864976, 19.527903839858492, 82.895689206048, 126.45153563253655], "[220]": [244.80243169537403, Infinity, 72.12446237403785, 45.04702822497128, 6.13607342577999, 6.056364156761551, 17.266206273668057, 154.60825644203015, 153.64752929597347], "[240]": [218.54493934366874, Infinity, 27.898437193072745, 7.865458961771831, 4.996273038601793, 1.75735994859855, 1.0106293744026418, 165.8816114443721, 169.51643198612035], "[260]": [193.37387989714455, Infinity, 4.893010408667342, 4.172039371055682, 0.29017146657221965, 1.5794020131820679, 1.5287889704056865, 108.54326963309323, 109.9796115241281], "[280]": [169.60306761099153, Infinity, 2.1255688882049064, 0.3432291843448169, 0.1681116851992294, 0.27749438515798314, 0.009851870590326973, 73.98490530107647, 76.46711143011699]}