{"[20]": [0.0, 0.00012671894416448786, 0.0, 1.0835556531333084e-06, 1.135219986086261e-05, 1.5870633693340166e-42, 3.413686555848105e-09, Infinity, 0.0], "[40]": [1.3539106523667213, 1814119.922595847, 1.0, 0.5706478478407511, 0.22154911746344563, 1.471498688402129, 1.3621532736694868, Infinity, 1.000155489066862], "[60]": [2.145556683925685, 1538406481468152.2, 4.714285714285714, 5.662492566928473, 6.809793936857133, 4.27619273846165, 5.098593076333092, 5.546875000000021, 5.482582915731072], "[80]": [58.700286130880784, 3.40077629912588e+24, 67.14285714285714, 64.23725523677027, 66.43231617680391, 47.87401068508214, 48.84638717636399, 38.320581058384676, 32.19992180170725], "[100]": [271.38393459430574, 2.414254885475781e+32, 809.2857142857142, 419.4615559617988, Infinity, Infinity, Infinity, 334.589000909433, 288.7138588214691], "[120]": [12.118407744533215, 7.576325486168787e+35, 2166.5714285714284, 427.1405812238627, 86.89888620783495, 35.26992911782327, Infinity, 902.426308449084, 664.7175685636548], "[140]": [2.7556554096245236, 4.537767621226321e+50, 1505.2857142857147, 1062.4472827613417, 1083.1122846282851, 1142.280741923012, 1181.5576669319698, 1083.062029179583, 341.447947802264], "[160]": [75.7075314170994, 1.9472354461076123e+59, 1314.4285714285716, 481.006347901189, 510.1231728772775, 523.4810221492842, 634.2147540135657, 1346.9241113835876, 1292.6564391227705], "[180]": [67.31039323393179, 2.8311610852975855e+67, 297.57142857142856, 162.5315856729332, 191.23179887983906, 172.1332670821506, 238.19119118916672, 57.21226957966712, 34.78794508905767], "[200]": [24.032767590427056, 1.9258664884755883e+77, 45.14285714285714, 44.023357893324985, 55.95555867949592, 46.919398915761946, 72.6324142707898, 22.240208267693788, 30.976851790476076], "[220]": [17.80685230385052, 1.6198306258292654e+85, 7.142857142857142, 12.045613006060591, 15.731762974387443, 12.956620459650415, 21.01134041064286, 33.22475615373403, 37.36969146101596], "[240]": [20.454697696938183, 9.5085081810186e+93, 0.0, 2.590520708996073, 3.606346438228751, 2.859077724664655, 5.137627177127409, 33.89371531299436, 35.54842360791861], "[260]": [18.422817950194485, 3.8746981460246653e+102, 0.0, 0.5811127538882747, 0.8148585234590228, 0.6561956756521404, 1.2166413336588229, 28.217646065320565, 29.32085033533366], "[280]": [16.675797127294345, 1.5387735893052318e+111, 0.0, 0.1303343657379454, 0.18407952684423348, 0.15056570938033273, 0.28808240869883206, 24.380901940540618, 25.25938622837826]}