{"[20]": [5.961342373862954, 1.1207611746427728, 8.910624606935048, 2.1835783952468844, 2.7511591611511736, 2.283451678734183, 15.767448635493254, 3.91648563477866, 1.262481134189796], "[40]": [49.376545502031576, 40.758012250502745, 80.18351388189991, 47.032313677666345, 88.45302182515512, 48.38790925374042, 35.878255088711924, 1936.0324483092115, 52.655260378123835], "[60]": [104.91986460267461, Infinity, 202.7946966981818, 195.44513511923165, 31.135510055200637, 15.370851594489599, 4326395.932326773, 1632.464926001214, 83.87988363614829], "[80]": [18.582795907283963, Infinity, 64.07523230760353, 416.0468708699106, 30.230803925066535, 68.12991350265919, 13.238463481005414, 392.0350426336092, 20.21382856349277], "[100]": [60.887116755752835, Infinity, 9.53336057746372, 504.162709755066, 20.08678321347874, 52.6894919444906, 8.685788387723356, 90.62622477197375, 46.70156507092365], "[120]": [34.06266271958039, Infinity, 7.779801060223984, 518.9411643445549, 18.548369510322342, 17.26993437318622, 26.954669806127402, 108.21110168079097, 96.3953299435555], "[140]": [1463.2416029525743, Infinity, 4451.697584573681, 5186.2084769225785, 4002.814093779575, 5283.381131965345, 8416.440494409037, 88.66441501993071, 42.15178021619956], "[160]": [3114.863367085871, Infinity, 11892.752528447401, 11114.414227470996, 2287.6514285534645, 5045.854402464562, 79548.89770853177, 1296.4610894808377, 1435.7984888974354], "[180]": [725.4643179302985, Infinity, 10521.39846146144, Infinity, 12726.117787195604, 9360.205381034662, 117814.5060838118, 5410.3924629893, 3990.1239989635565], "[200]": [650.4429572707251, Infinity, 4792.416250080841, Infinity, 3245.2511018199793, 3256.7857365379928, 41331.29255747876, 1859.4104492942886, 1975.5047828034499], "[220]": [103.11255227552809, Infinity, 875.8945888699434, Infinity, 747.5248053261552, 1066.2744561919756, 6774.871793182754, 5.631708530737406, 7.892926695513049], "[240]": [94.00245565159302, Infinity, 170.6800715617907, Infinity, 237.26108364533155, 398.8087260083614, 1671.4668609992718, 245.8178853142326, 237.02962687307428], "[260]": [73.29901870891364, Infinity, 19.184875661171844, Infinity, 54.34817729017645, 131.36089983713077, 490.4050524347557, 172.91835091746526, 168.74471587186576], "[280]": [60.17910041417941, Infinity, 3.7260406844709055, Infinity, 12.97465453879829, 42.782670239171004, 152.26225191104072, 112.71065683046002, 114.77196648026569]}