{"[20]": [8.584812313636132, 3.177130163304448, 10.58765364667961, 2.0469528316941688, 2.4757923822745083, 9.916005164154052, 9.5818343069124, 4.7310935996997765, 4.5054357347852285], "[40]": [15.373969071517738, 3879391.0051742215, 20.883238729259045, 2.9366810846109215, 33.05564385401113, 4.219632906107755, 251.9004962567175, 2.2613667404054505, 9.626220316480632], "[60]": [2.4708284064646717, Infinity, 5.401047475309447, 33.13677555706227, 29.43903594942892, 1.0866232151258137, 2.2850336661221706, 17.18460335512728, 18.98566758249932], "[80]": [3.075464552542881, Infinity, 17.41441492064696, 67.75284895782323, 9.5785307720141, 15.929559058907754, 7.0660089694230335, 14.658990916977702, 14.694843162242005], "[100]": [51.64770567833585, Infinity, 71.33780954460805, 130.89044143485694, 58.02998674017097, 51.81078898464304, 26.33640941875448, 29.930813847855156, 31.742732475107665], "[120]": [90.27281993887668, Infinity, 135.76680735214123, 198.75210350210503, 89.00196776966897, 38.7765136909649, 24.765056810902152, 17.942417352201378, 25.004597378162977], "[140]": [175.2870679756742, Infinity, 239.54008628725242, 319.5431433347755, 144.42402596725856, 24.45671085887766, 35.07480374538868, 7.8586626668922985, 3.0340896418017254], "[160]": [90.81993980907541, Infinity, 136.390201954449, 309.87334605168036, 45.98274794290981, 107.44342423473381, 6752.909806476032, 29.444682015369473, 7.172442023822944], "[180]": [69.73681320151739, Infinity, 474.7267745666094, 849.0849203432965, 358.5016830475612, 543.7276105637138, 263.6195271419745, 25.763534380702023, 8.501617482385246], "[200]": [299.7655084429701, Infinity, 1508.7303600699531, 1425.5260697385204, 1094.0936066846684, 1518.0006839888874, 624.4822936468753, 84.14492821431432, 88.72342156922431], "[220]": [21.86873513423065, Infinity, 2460.3117070489957, 2688.9275045202567, 221.68034646800567, 558.8616079541871, 914.57631690886, 85.39800668744739, 100.39529436946917], "[240]": [518.9793271801525, Infinity, 704.9001574994081, Infinity, 1362.5249176223601, 820.0409784157482, 9157.488669507466, 298.50587960108044, 285.71861247372925], "[260]": [47.57301599919682, Infinity, 2493.9123542200496, Infinity, 2137.808917490735, 1227.924718163698, 62977.14254237406, 230.96757459713322, 216.42971423926028], "[280]": [459.32759180461517, Infinity, 2085.735158501963, Infinity, 1384.9638032559092, 1210.592029308515, 12546.542560222215, 113.64385650087377, 134.5026954946985]}