{"[20]": [1.1295787600576734, Infinity, 4.909528476664672, 0.5381080797675593, 120.2135651785932], "[40]": [9.523345143820231, 14.309839592897575, 15.533512706878078, 8.658729517157823, 84.92086925143428], "[60]": [0.5631406205909324, 10.265474993097673, 6.44581399991332, 0.909099683393036, 473.4379081156523], "[80]": [1.57616211228764, 5.91803608985144, 11.786078691733923, 14.462164853060031, 1029.761735524174], "[100]": [17.64175313942468, 8.290020958875083, 55.408323386730174, 17.84348213788604, 2279.900369209125], "[120]": [39.11263451709316, 77.86524516294999, 86.09627258423053, 16.173243680157096, 10311.841599746427], "[140]": [1.3025223292776877, 17.957389177062264, 127.6144999225013, 78.07523836725665, 62.5306643028925], "[160]": [29.635324229308193, 160.80141203021748, 155.15033576082294, 84.825126439814, 178.25113985177683], "[180]": [14.02218318553329, 89.63977296069056, 246.48276346090626, 117.11718139683494, 195.00123633406153], "[200]": [56.449461221785086, 1.4865997620164896e+17, 1090.665077631295, 517.0952612518344, 287.2429076770391], "[220]": [109.36090268380494, Infinity, 1884.281468663979, 1294.3965208875527, 435.5573469345773], "[240]": [214.38277760383497, Infinity, 1359.3501460576451, 2741.7356798516093, 1141.762757517546], "[260]": [247.72869108043736, Infinity, 1693.8418767434675, 2276.145128512388, 881.8417666787511], "[280]": [145.42461703322934, Infinity, 2072.544179330747, 679.4586453624567, 695.7438521623897]}