{"[20]": [5.961342373862954, 1.1207611746427728, 8.919008870419473, 2.1835783952468844, 2.7511591611511736, 2.283451678734183, 15.767448635493254, 3.91648563477866, 1.262481134189796], "[40]": [29.170640428115238, 24.167430699171845, 65.78644683858165, 32.437310265561734, 73.86294077606073, 33.89444113836368, 22.51471771746817, 1813.8564757458864, 37.55069875194702], "[60]": [6.957278451552863, Infinity, 217.72547374102024, 191.2302164286482, 28.717239582660607, 20.57712758990842, 5090136.36827665, 200.25034909185626, 170.64716054635673], "[80]": [23.00637445754943, Infinity, 27.0082117547917, 377.8417764515618, 5.3171585331227655, 27.94237707140861, 13.234728626859956, 1280.4491905637146, 290.53211613951504], "[100]": [8.542382632777372, Infinity, 48.594282802534096, 424.66735666278583, 43.41635207609064, 12.2563149787189, 44.263210021443776, 83.51967910770922, 45.26437244709233], "[120]": [34.91344610461645, Infinity, 16.55366402343049, 556.2115410157113, 5.0186695803981864, 60.396328588202294, 4.4451778848616925, 64.08286347497203, 60.76554033511358], "[140]": [1821.4696414630291, Infinity, 4327.988908156313, 4904.427829429323, 3917.693154281358, 5258.050899916987, 7448.610705650045, 1989.629663132001, 1863.560813294706], "[160]": [1684.2198202809586, Infinity, 12156.137503864948, 11276.558175839804, 2215.9628876482484, 5038.853186615755, 79080.3668098983, 1242.9323226852882, 1044.7835449254153], "[180]": [147.102450700745, Infinity, 11096.372851403503, Infinity, 12775.914741036888, 9433.05567109953, 151739.6758492758, 1697.0063853669815, 2072.425553294693], "[200]": [637.795035724654, Infinity, 4614.250478814427, Infinity, 3150.4134109868155, 3195.6460935770087, 39983.82153454701, 3647.2198917668507, 3389.936640149395], "[220]": [175.75104604096433, Infinity, 813.570357877679, Infinity, 766.5236262958024, 1079.5198323605377, 6593.246816868008, 285.96088675841173, 218.5018905835117], "[240]": [102.00619434321557, Infinity, 151.73822142104746, Infinity, 235.56313654275166, 388.83013522774246, 1626.7042895228237, 290.85040761670564, 267.8128395389637], "[260]": [90.00320480958598, Infinity, 20.345150174123173, Infinity, 57.96720489023652, 130.2730671167055, 477.5037301802796, 96.30832387054063, 100.35461351034634], "[280]": [70.81258526276488, Infinity, 4.377139401356124, Infinity, 15.619316958853775, 43.15343776087524, 147.91481657090867, 138.3885849935766, 133.45172507979217]}