{"[20]": [10.29395880386464, 22.20410567325478, 9.860995969112436, 28.762524569170182, 16.84358455334271, 27.53453326058563, 144.3197792884508, Infinity, 8.079577245081765], "[40]": [95.39347819653756, 4518610954.120354, 100.64501232017402, 36.09091169711029, 27.369470527042807, 40.54472835961478, 37.282841848679354, 71.99999817181603, 48.35638431792942], "[60]": [623.9747921130036, Infinity, 927.1153473752255, 971.7056079513087, 968.8825323720246, 404.9914602558925, 730.9116001430514, 76.37002318615353, 8.135696589303006], "[80]": [6802.134454034469, Infinity, 7393.006652667701, 4770.0767453180715, 581.7393347899173, 625.4481487736327, 66709.52219398983, 1762.3627540396449, 1759.7177000027916], "[100]": [510.74860503766996, Infinity, 16128.223688553839, 5939.42708766671, 2660.3983032187525, 225.07786106620333, 13081.153709683762, 27272.24912094726, 23986.10057203856], "[120]": [1208.1856628681953, Infinity, 9830.048076359599, 6420.760033014822, 3907.4991274210192, 207.04465155665991, 2051.3728616223834, 98010.8086967377, 48525.479448835], "[140]": [330.0555454352728, Infinity, 10129.512631102432, 1541.1106736159597, 719.2757628044717, 116.61989050652046, 360.17096497184923, 266.3681963710653, 1854.9018045171904], "[160]": [663.7111942141488, Infinity, 2827.8671002384117, 773.2525451056758, 227.20208740678868, 273.5722917685265, 290.1421730003775, 2588.890367679163, 2894.1786168959625], "[180]": [277.10775294672453, Infinity, 785.9618707771033, 280.70495222361365, 130.93658145375198, 128.62731745123966, 134.27670082285601, 1145.8423890831452, 1139.3966831216767], "[200]": [321.6539702102229, Infinity, 199.04507734710577, 114.22859547643544, 71.35624166014244, 75.88572633148681, 75.99201116812041, 734.4424883583395, 747.2045773984283], "[220]": [289.8074708784328, Infinity, 73.33664906621306, 34.702766577228616, 20.49342649480812, 25.679211325777548, 25.163610759053984, 603.2044796988785, 654.0337915573889], "[240]": [230.59405397814598, Infinity, 20.79546033252811, 14.722585168657037, 9.987635491221623, 12.665896468213047, 12.349185132413512, 394.6000119727199, 398.40824889292026], "[260]": [218.74759098559502, Infinity, 1.797784405750639, 12.722092724402298, 10.68817860912041, 12.2617165795988, 12.04474988546558, 322.81609596988295, 327.530831945707], "[280]": [212.1845430213333, Infinity, 5.890795932181542, 6.019455694559889, 4.372983848238883, 5.9176665621286615, 5.681735760246002, 282.036300932015, 290.45738066176926]}