{"[20]": [1.0, 0.8610357511668286, 1.0, 0.9999993602635682, 0.9999898707885619, 1.0, 0.9999999996917399, Infinity, 1.0], "[40]": [4.368304420744599, 16.23428565984616, 4.714285714285714, 19.44901500673661, 19.2473578441779, 5.20135854519763, 5.948650270369005, Infinity, 8.958705919921425], "[60]": [2.459430552313675, 1.6870675712868388e+18, 3.7142857142857144, 1.034113750254415, 1.342345882089441, 0.6678687448474887, 0.8006151551088252, 7.185716121802157, 15.497807540994557], "[80]": [3.9711907931549084, 3.729403789879908e+27, 3.857142857142857, 5.8149962247110665, 5.951857407592444, 5.778096153157457, 5.8828150464397, 1.2926527859796035, 1.9980085497751583], "[100]": [0.37401299321006753, 2.647552091869952e+35, 2.0, 2.7009325454116677, 2.996979741213137, 2.6581201919098056, 0.6422835415294728, 0.3246630697282784, 0.06536200916943757], "[120]": [2.4770224520322954, 8.308450134770628e+38, 2.857142857142857, 0.7028765645171757, 0.9998211086825955, 2.4058529666092827, 2.9320690767666204, 2.7725666538101508, 2.4203337502422957], "[140]": [1.435995725588616, 4.976266294395922e+53, 2.2857142857142856, 3.777231750091988, 3.999989493966365, 2.525883518007247, 2.670533998277783, 0.05828633758068502, 0.04561482981672871], "[160]": [0.3167706248898532, 2.135402919236706e+62, 0.8571428571428572, 2.702982652931726, 2.999999383180978, 1.1641703510207297, 1.7347302613509001, 0.5299340646883901, 0.5756343420257486], "[180]": [1.4445764070370102, 3.104745092395459e+70, 2.142857142857143, 0.07425428130397198, 3.621118093861303e-08, 1.2711741445621323, 1.0002484764440063, 2.559390899283235, 2.6927809739389144], "[200]": [2.354069529046665, 2.1119689227880706e+80, 3.0, 2.999999999268646, 2.999999997874161, 2.4034991366065355, 2.4026046662063996, 0.06023396091327671, 0.17586516464967605], "[220]": [0.9364719168780402, 1.776360035683665e+88, 1.1428571428571428, 3.7772371989034754, 3.999999999875177, 3.2589870966994834, 1.5019939904282622, 0.7062051066607165, 0.6428959079106709], "[240]": [0.8959780691195549, 1.0427345148083256e+97, 1.2857142857142856, 3.554474397879923, 3.999999999992673, 2.539219594234566, Infinity, 0.43020279058673694, 0.37198081422330453], "[260]": [10.760956231941323, 4.2491225503989994e+105, 9.857142857142858, 13.628728664901436, 13.99999999999957, 10.653540202130408, Infinity, 11.164111322687836, 11.186657373922472], "[280]": [13.530461430020477, 1.6874702090631743e+114, 17.142857142857142, 33.366406125566726, 34.99999999999997, 7.647722508520875, 3.512530694751298, 2.0902159299547947, 2.605225556241578]}