{"[20]": [9.886030898105993, Infinity, 61.142857142857146, 44.93115178533043, 50.09251194531471], "[40]": [104.5934215305142, 1044.9987577519687, 1285.5714285714287, 535.319588306647, 510.4041533933438], "[60]": [4681.7446190633855, 14410.166916531234, 21620.285714285714, 13128.088626562434, 3897.9143636864974], "[80]": [79222.95652233082, 99400.761281699, 7785.0, 24776.388426056466, 13807.75133929206], "[100]": [4319.250109520263, 22865.37301241774, 24690.285714285717, Infinity, 4944.184767599281], "[120]": [2738.191758385681, 5.533736341786668e+16, 5479.0, 24.896792977722725, 624.5111688686861], "[140]": [653.3946397953104, 1.680856651449727e+19, 978.5714285714287, 36.52243629757112, 100.39371663287534], "[160]": [4276.404147659242, 1.329654901054194e+25, 181.14285714285717, 33.9884225609147, 1.4549838881638522], "[180]": [4244.4899963241705, 1.6129769178791256e+19, 53.71428571428571, 1.2239973102736403, 7.230859802845956], "[200]": [3264.924793589521, 7.38798265822625e+31, 5.428571428571429, 1.2273984868257275, 0.3755908980861866], "[220]": [2365.400660305674, 1.2450564325557439e+24, 0.2857142857142856, 3.475963134776455, Infinity], "[240]": [1556.6511359231267, 7.013593391935357e+26, 3.1428571428571432, 1.5695009655771186, Infinity], "[260]": [732.9528254364579, 6.795902522402663e+35, 1.2857142857142858, 0.08537445846346803, Infinity], "[280]": [195.59460849778856, 3.178890639200318e+27, 0.0, 0.003706332905373861, Infinity]}