{"[20]": [25.15861098380266, 18.462532656220198, 36.1529141942046, 15.837472739756763, 6.782632853694045, 22.327148476780774, 77.93278740783072, 11.165784609794411, 15.997081499630514], "[40]": [5.805002677582968, 13.231233546996755, 44.52790231643421, 137.84455659177934, 83.22990914606373, 42.15425923945548, 1021.7037641543473, 155.47271630539063, 3.5854779664837872], "[60]": [48.19627154613472, Infinity, 55.03346019631352, 145.49259307858776, 49.22091668767524, 98.62488475228203, 233.48517776824784, 19734648660259.555, 28.59149186956347], "[80]": [174.13749656791973, Infinity, 201.33727034181885, 350.6632977100782, 184.31945811078094, 187.32544140016773, 765.2323578053199, 6.812662535747185, 12.285264704677715], "[100]": [339.0259251502076, Infinity, 387.03475771559084, 622.8144823930232, 293.3369774590098, 396.9506496351641, 320.9181256096829, 46.05140144064391, 24.74520433550909], "[120]": [361.2467857126053, Infinity, 993.3016725516576, 1410.159599501496, 747.9857422442714, 979.3340674806968, 589.8530053246366, 24.53991984608355, 19.65390089884565], "[140]": [36.857736329115916, Infinity, 1689.471560612927, 2102.6326306808614, 875.9859013202671, 1165.8279866678274, 1288.699322855379, 916.2259100588825, 876.6335949956599], "[160]": [464.0651580975767, Infinity, 1647.2483862312383, 2501.2613039703238, 756.9074908533305, 1101.560985823873, 30976.871415311816, 3219.939823298756, 2964.4731538808423], "[180]": [1488.5698703360874, Infinity, 4438.784838098306, 6627.841020087802, 3671.113797643536, 4789.856046724389, 2977.7130224941434, 11.890451930621547, 7.052194381127054], "[200]": [261.69297856568824, Infinity, 9032.045773142194, 15620.129252791228, 6298.415553990869, 8936.06312665563, 4419.373521251662, 1916.995072309336, 1816.7294111619806], "[220]": [3828.6676103098807, Infinity, 2349.813314520486, Infinity, 5639.977305662279, 1556.0853711949242, 5498.709577813437, 2371.0666375452383, 2442.5215546755694], "[240]": [322.60000027157736, Infinity, 6997.830146347014, Infinity, 5783.047654059116, 1251.7554819490292, 5036.921432633269, 3092.895636788731, 2913.7293525129658], "[260]": [575.9515815160305, Infinity, 8032.212019070631, Infinity, 4194.562060615518, 2152.211107703992, 1826.4005073774024, 473.94856845707017, 251.67195827850858], "[280]": [130.38957875190687, Infinity, 3836.056538725697, Infinity, 1892.088971464555, 1677.3997982726917, 1192.272482736332, 1134.9678244483339, 1045.6868239468145]}