{"[20]": [Infinity, 235.08233805694402, 15.029765196395811, 39.060780687418884, 33.82713508140985, 15.441178338675865, 13.846298082703452, Infinity, 14.251948609680266], "[40]": [44.006246468187754, 23.22279398467198, 51.385924662727646, 121.33056168322335, 69.89817574069185, 63.04112774858185, 19.794600634731623, 824.8540322153935, 51.29070563189434], "[60]": [20.241018601702148, Infinity, 78.61512815214832, 149.924906413583, 57.75100844070246, 100.30573235629518, 32.47820088967669, 2119.7068249579966, 21.808382464589066], "[80]": [167.2627698958423, Infinity, 318.41293559356126, 467.3792479169882, 281.78267060130344, 279.51311945913176, 188.23148625398244, 132.14676118574286, 146.91968170993852], "[100]": [545.4744270442658, Infinity, 1158.4067132985645, 1372.1483355018604, 853.4199069209579, 1012.2847821100881, 297.59446552843133, 261.4805697052802, 255.14437464036249], "[120]": [1003.4466622967084, Infinity, 3338.461301647672, 2028.5968781762779, 226.25293133719123, 169.14547125091417, 270.60762483519835, 1047.7271114012299, 1102.4433870176138], "[140]": [693.0785394699474, Infinity, 3298.490063005235, 1382.6564307970093, 112.1530789336731, 103.26622109242292, 78195.80366139977, 3635.9914037964095, 3227.18374235665], "[160]": [241.7980830792289, Infinity, 799.7131406152279, 1494.2411920028399, 1496.7480638385298, 669.3438370697328, 228.15481501101408, 680.6955315928019, 1081.0452382981355], "[180]": [818.8789856869108, Infinity, 1939.8221738604097, 2396.705559489129, 73.71675847664956, 654.768702204348, 578.7705273435524, 5086.4902704184415, 3821.498190271689], "[200]": [126.157938927882, Infinity, 1615.627929966972, 2859.3694151495292, 92.0953284903349, 259.3613884519923, 195.51446181257768, 187.66607167592144, 220.07510126758754], "[220]": [85.49810091064501, Infinity, 1496.496508233474, 2088.405042896696, 280.2477722311197, 540.8359871979351, 251.83408451436003, 161.92248762899723, 163.73984046720298], "[240]": [87.6936912645339, Infinity, 981.6772413296866, 1323.839496332126, 217.57027104875965, 543.1021224344885, 204.79461115709304, 45.58797388638327, 97.29290222103035], "[260]": [98.51289039972987, Infinity, 616.4372563714982, 705.117920651889, 174.0217468662661, 501.171002173906, 166.26309066220702, 62.053014817308195, 89.08038322974052], "[280]": [80.0230979433022, Infinity, 354.71256816035896, 307.2935662632867, 120.3513284717785, 439.2825859599865, 96.21638485945688, 20.95569622014157, 8.844006894210652]}