{"[20]": [9.602605595051912, 4.245734536160635, 9.0, 6.302577410135661, 4.256021949058742, 4.521447501575397, 8.427444997184665, Infinity, 8.704173808921494], "[40]": [30.02268656222395, 10.02584048194222, 62.50264786327395, 14.693062877035775, 64.05690394847333, 17.33558420585579, 28.05324355589247, 856.9547047759721, 14.808500298534865], "[60]": [31.067887770176473, Infinity, 216.7245522831952, 181.19139259628557, 38.541918431388815, 20.69672759705137, 7574581.051903566, 693.154288750816, 110.14732808331428], "[80]": [12.323221966425201, Infinity, 246.24156721384892, 579.3323348111713, 163.02212086112374, 251.40280495360366, 143.53385658963617, 569.4058316983549, 42.84219549733787], "[100]": [25.647920427094892, Infinity, 372.2875122563697, 982.5374158178686, 274.96532563381004, 478.67351817642736, 159.27026628447211, 217.6931807371308, 146.02809019041985], "[120]": [29.509608368014685, Infinity, 388.650392855017, 1257.606488995735, 288.2917780296523, 641.0155575295995, 525.3689838761424, 62.81972816295654, 39.15445109137677], "[140]": [55.317747864325305, Infinity, 4845.683398568942, 4472.972323954991, 3047.367073734838, 3431.7333465573774, 1539.1842818526768, 697.9227111348375, 399.09981534618817], "[160]": [99.35944896293574, Infinity, 3216.629353413832, 1082.5404407906785, 2577.94115451196, 2590.9951603559975, 7181.947269383952, 2209.2477425277057, 1768.22161418115], "[180]": [138.89479386540316, Infinity, 2064.960524669902, 1358.9905249973667, 891.8976011669106, 766.3296343946611, 13894.9760148658, 1855.5843168872248, 1702.0127880092573], "[200]": [91.8672583706752, Infinity, 418.21894145152976, 363.67619136525497, 243.29461394935464, 213.33685888891773, 1928.8931394229867, 339.28894477980424, 280.4962201271625], "[220]": [79.04439679074852, Infinity, 104.7066280931989, 76.03351723514672, 48.528570011975035, 47.91654513696323, 406.7138533823032, 254.4418958995171, 261.1699372281479], "[240]": [48.701724391400454, Infinity, 30.457399801341783, 16.220119577378636, 9.74494254261859, 11.46240507758804, 102.51251330767349, 80.00812985158511, 79.69085143800653], "[260]": [37.39576742036777, Infinity, 14.869496986785109, 9.318439342521545, 7.490871488102818, 6.43077098601572, 27.581842560555568, 99.93045128398806, 102.11440605729085], "[280]": [34.75427327179005, Infinity, 1.2450287135920324, 1.8599531042157196, 1.3964791549238458, 1.3483204680239558, 7.3699989807784245, 53.5867732357708, 54.846067162809234]}