{"[20]": [0.0, 0.00012671894416448786, 0.0, 1.0835556531333084e-06, 1.135219986086261e-05, 1.5870633693340166e-42, 3.413686555848105e-09, Infinity, 0.0], "[40]": [2.0792137347101933, 4.194235851043066, 2.7142857142857144, 3.7224021438646773, 3.845449527203561, 1.7117595346550423, 2.115692919920383, Infinity, 2.183585193458793], "[60]": [2.8100607672765188, 1538406481468142.2, 3.7142857142857144, 0.4108743718068415, 0.2925279400949823, 0.9381678287811428, 0.8000537485295687, 3.317733147601013, 3.278389125036019], "[80]": [0.9432101095428367, 3.40077629912588e+24, 0.8571428571428572, 2.341350492606767, 2.8701505960180067, 2.2869311956810456, 2.7094277760810885, 2.1136833081374125, 0.2259867907614046], "[100]": [1.2928423449446784, 2.414254885475781e+32, 0.0, 3.792207354047667, 4.9918516034369755, 3.7374445939954786, 1.1454569261055547, 1.1791625637712784, 0.7214086378254851], "[120]": [2.741210706806172, 7.576325486168787e+35, 2.857142857142857, 0.20479617177254372, 0.9995174421970401, 2.7020246323870434, 2.9752645951804357, 2.490241070867986, 2.3786221052380934], "[140]": [0.7324000621864624, 4.537767621226321e+50, 0.2857142857142858, 1.0965174057415865, 1.9999716601090063, 0.019958864902726692, 0.3649576551695415, 2.1531833875203317, 1.9840588401472723], "[160]": [0.6627159307244845, 1.9472354461076123e+59, 0.8571428571428572, 1.795367306267888, 2.9999983361413327, 0.5035411967613577, 1.5030775231098645, 1.0966039191543304, 1.0496245713596437], "[180]": [1.370534500189167, 2.8311610852975855e+67, 2.142857142857143, 0.30115808796734467, 9.76790699374021e-08, 1.30366358469871, 1.0043565084335428, 1.8978598509266216, 2.102585485284714], "[200]": [0.5958590959775723, 1.9258664884755883e+77, 1.0, 0.9999999988730222, 0.9999999942655832, 0.485884022400513, 0.4809254602937586, 0.5574546605333879, 0.6830194007289632], "[220]": [1.1751590342029643, 1.6198306258292654e+85, 0.8571428571428572, 1.0965258020742032, 1.9999999996632938, 0.6562790216180072, 0.7569037906706177, 1.6988614803773094, 1.6896026790594783], "[240]": [1.6220357929448301, 9.5085081810186e+93, 1.2857142857142856, 2.193051604260847, 3.999999999980236, 1.3719947071568592, Infinity, 1.4306724522053056, 1.29048028953045], "[260]": [7.870505664640875, 3.8746981460246653e+102, 7.857142857142857, 10.494209670219693, 11.99999999999884, 8.26139738152143, Infinity, 7.889056004084809, 8.016163270358264], "[280]": [10.256680914822542, 1.5387735893052318e+111, 14.142857142857142, 25.374522548967256, 31.999999999999932, 9.361164496822422, 6.193189800435871, 5.434244382956404, 5.691509905560615]}