{"[20]": [5.4867872664206665, 6.080732624601637, 22.0, 17.80384592151082, 15.121167043504428, 9.018695706516723, 10.193280993634929, 26.15249775020309, 9.800924266633203], "[40]": [313.4148585786867, 62.51771134197219, 399.8571428571429, 385.278878892311, 305.24298329136536, 109.44119521896181, Infinity, 1623.382655516735, 83.99704380163007], "[60]": [3499.267353909925, 1538405299771858.8, 8787.0, 4965.6233604695935, 1932.3557512918906, 1813.3215837518928, 1654.458308213958, 102.54990373812507, 190.90244135443209], "[80]": [7475.411009626419, 3.40077629912588e+24, 41990.42857142857, 41141.32859261142, 5593.380042420089, 2079.0027577445144, 2497.6353356376203, 51721.26363011189, 1762.0786487231526], "[100]": [3561.536515574415, 2.414254885475781e+32, 33788.142857142855, Infinity, 12864.74022759113, 5551.72536066614, 5244.41756959317, 182654.42963392969, 71805.90522506407], "[120]": [2016.5102126761594, 7.576325486168787e+35, 12164.142857142859, Infinity, 2180.6331515544935, 23.582769380696845, 163.7134736969274, 5957.870295260927, 2231.7930419105796], "[140]": [1115.500456841397, 4.537767621226321e+50, 2357.2857142857147, Infinity, 246.47562595973523, 345.3031961014374, 324.5266900031297, 591.6999659184103, 184.63426804991286], "[160]": [307.576981696704, 1.9472354461076123e+59, 495.0, Infinity, 41.164811461790805, 131.49708949245155, 138.97269687189487, 794.0520983985698, 779.5839691675565], "[180]": [268.47791725229035, 2.8311610852975855e+67, 143.85714285714286, Infinity, 24.45202103976544, 28.611179179265378, 35.26530313508826, 802.230606407204, 794.3075281011076], "[200]": [257.5009677658636, 1.9258664884755883e+77, 24.857142857142854, Infinity, 2.9026984889621517, 6.3762683657939885, 7.4913122935430785, 648.5637405753687, 677.2971821967614], "[220]": [143.2954642084569, 1.6198306258292654e+85, 4.142857142857142, Infinity, 0.5730645792677374, 2.662127179420126, 2.9813949957356436, 437.72803248149233, 464.75349952080694], "[240]": [143.38793811980577, 9.5085081810186e+93, 2.4285714285714284, Infinity, 0.6321475099999944, 0.3324786881177796, 0.29275809389885943, 391.5949429562872, 403.7522661274914], "[260]": [136.62146903712892, 3.8746981460246653e+102, 0.0, Infinity, 3.9260717150130344e-05, 0.0042694734539946814, 0.01196369094365944, 355.41498750338326, 360.95103917856716], "[280]": [123.39606479685244, 1.5387735893052318e+111, 0.0, Infinity, 3.478157122931525e-06, 0.0005819908748273452, 0.001809419692201757, 306.98641947661724, 312.2056784956667]}