{"[20]": [8.0, 7.8610357511668285, 8.0, 7.999999360263563, 7.9999898707876245, 8.0, 7.99999999969174, Infinity, 8.0], "[40]": [4.082801388609097, 404663937.94183093, 8.285714285714286, 79.27870243400264, 75.21648260591209, 14.838640664078453, 3.738953107366383, Infinity, 75.35751671377857], "[60]": [7.946947976907623, 1.6870675686121236e+18, 6.857142857142858, 20.55564612896688, 21.5747063488147, 19.24087585299238, 6.8064093738631755, 101126.48843380241, 21.916833724657227], "[80]": [1.6479629826332456, 3.729403789879908e+27, 4.714285714285715, 25.535769313113732, 26.310926407218933, 7.455783471562196, 12.452215122629696, 0.8486463448861343, 1.9655200504938222], "[100]": [33.64246890081638, 2.647552091869952e+35, 35.57142857142857, 58.35498540914826, 59.947155658485045, 39.83399808401243, 29.63889225385863, 21.13644317795235, 26.110688341462236], "[120]": [10.766514848412356, 8.308450134770628e+38, 50.0, 78.61430594611068, 79.80116037982211, 20.915713940908148, 16.94297274604851, 30.73314285742191, 24.809707854507437], "[140]": [43.047737272392396, 4.976266294395922e+53, 93.42857142857142, 145.25152086887607, 146.2589202227506, 15.039779916113702, 14.36041621224362, 2.8013032898010692, 7.312896180776875], "[160]": [19.486012234986276, 2.135402919236706e+62, 28.428571428571416, 103.59483246308201, 80.41816173703944, 79.50729433038487, 76.76389925357796, 100.36002724271924, 107.48902487941928], "[180]": [112.79819388393702, 3.104745092395459e+70, 148.57142857142856, 278.24804418603435, 167.49537215173746, 165.27367607436844, 167.50017733106347, 27.62804875617701, 32.30326043509672], "[200]": [281.20945085830397, 2.1119689227880706e+80, 567.0, 759.3154835023723, 469.21407318967715, 468.8969834061404, 395.73439002943826, 253.88583359730717, 265.226791497244], "[220]": [330.7120926105363, 1.776360035683665e+88, 1393.857142857143, 919.1161974073091, 573.6429746341848, 711.6894823410541, 566.7866596144413, 189.11166785107434, 171.6267668687915], "[240]": [56.030781728754846, 1.0427345148083256e+97, 1658.7142857142858, 1453.3242418838863, 10.586715422678935, Infinity, 970.4624789152149, 232.78271101964674, 223.460393171139], "[260]": [702.1310376399679, 4.2491225503989994e+105, 842.8571428571431, 128.4181221958579, 2419.1706847677788, Infinity, 1788.8803798174658, 1015.4823699221629, 1126.853448058937], "[280]": [263.872663943082, 1.6874702090631743e+114, 1623.4285714285716, 953.0684614762313, 1326.1034146007864, Infinity, 1412.7477821219259, 2014.50168143249, 1901.1166698823804]}