{"[20]": [1.916026729478363, Infinity, 5.199470454352281, 2.730035639057625, 34.03230571646554], "[40]": [15.824929847368253, 107.75397850909788, 64.56305625519923, 13.374159303942822, 1093.5933076534561], "[60]": [23.87100649122747, 1579.6865432938075, 1479.1602102519878, 401.0782762602966, 21871.187281629554], "[80]": [2143.321688515939, 4239.867480973685, 7063.825417241663, 5552.380230074596, Infinity], "[100]": [207.6451822817491, 4567.696072219571, 5999.698406293381, 583.8680004115976, 1247.8593013842853], "[120]": [92.31180075256717, Infinity, 1834.0539955904098, 390.17664628058645, 214.8959646985199], "[140]": [62.989232851102926, Infinity, 260.71892501662575, 37.12662307830614, 20.804060826910167], "[160]": [159.5688040905743, Infinity, 42.683038811630574, 0.9726280348068551, 2.1000752255300297], "[180]": [138.60061911592, Infinity, 11.217795358324793, 255.09274276238224, 0.25619638569837944], "[200]": [100.26742157055655, Infinity, 0.9428016706991224, 22579.153577492147, Infinity], "[220]": [72.7388770704308, Infinity, 0.0, Infinity, Infinity], "[240]": [53.86175450777182, Infinity, 0.0, Infinity, Infinity], "[260]": [40.698113130165964, Infinity, 0.0, Infinity, Infinity], "[280]": [35.93632296897006, Infinity, 0.0, Infinity, Infinity]}