{"[20]": [3.319023487076411, 2.5759637455935267, 3.754797005580673, 2.9610132694083213, 2.8210395480070822, 5.054190022301819, 13.793013955319353, 0.5428111718568391, 0.27340389961857686], "[40]": [7.024612260396575, 27.91796602550654, 10.324560824592297, 8.047595260942227, 12.274156431456888, 3.739400148158037, 9.32220866026015, 2.7078256511333736, 8.55295448374865], "[60]": [2.1379470013023836, Infinity, 3.0073284998438523, 22.137167956686458, 21.51845574587964, 10.906269195652134, 4.452533406518927, 108.97992925556763, 24.668151815441146], "[80]": [11.503173367066692, Infinity, 15.560908721680962, 42.81736327032637, 46.554308200652756, 20.44249631980641, 13.202417093020225, 21.3208603497624, 14.41733371895643], "[100]": [18.570943670098387, Infinity, 23.96849119455317, 57.687091832236646, 21.299579165556285, 14.533925530107942, 204.1376809246266, 10.088827756081242, 10.660775632526084], "[120]": [63.193099614319614, Infinity, 85.04616173568942, 121.91677993527578, 72.84628943971323, 38.47022172565429, 35.511489302558736, 2.233240292495213, 2.517364940636365], "[140]": [2.3764991662282484, Infinity, 104.01318726994968, 126.34521526596383, 8.305396156003827, 11.856745782229414, 17.488280004801833, 18.681032290635834, 22.408970784583527], "[160]": [16.212789313615676, Infinity, 95.3299643107694, 178.42251649582602, 27.38127867441512, 15.764517563704853, 8286.200785162599, 57.55547812322984, 48.02388585487784], "[180]": [117.59404394820936, Infinity, 223.82548968833098, 439.3097563946376, 188.81177584593522, 192.83237045217743, 133.67839533615023, 10.545037396823536, 19.213341883528017], "[200]": [156.54481367680788, Infinity, 691.824992639532, 904.9548158143247, 547.5851537890242, 857.4655361660917, 247.60033683137266, 25.81351314014094, 24.791376007620634], "[220]": [23.343640482619115, Infinity, 1037.72044123372, 547.4716527673363, 84.21138956860747, 220.57440804859834, 300.37176756276165, 136.49390773989452, 139.89552494872046], "[240]": [21.53165909374553, Infinity, 340.5863740986076, 653.6232178370456, 504.2191288036063, 403.69490271951616, 1052.096314783133, 367.0687887261839, 338.3475526014527], "[260]": [23.00079472543953, Infinity, 1110.99393715802, 236.89142852121515, 779.7172351823041, 569.0426410517977, 37091.17255663317, 161.2007139462015, 163.00619311239188], "[280]": [65.61727147985317, Infinity, 924.0123848262953, 200.1759194971075, 603.6320887281219, 450.7138602801024, 6962.049281768878, 555.9502187623037, 557.0761615521834]}