{"[20]": [13.172808771417188, 10.240102015635177, 23.0, 0.5242260145671516, 2.297551746511555, 1.7491494422039935, 3.2315098906643094, 4.294753086419725, 5.9042963963074655], "[40]": [188.09601954498504, 25.977795672037416, 364.8571428571429, 353.5635596091456, 278.42934742926843, 81.60856757843118, 80.04149012257267, 3206199.6804988654, 28.31997264837895], "[60]": [15.930155021753762, 1538405682689820.5, 978.0, 923.3847865059338, 342.9294007248684, 515.2466518620995, 67.30987613624757, 4015.6272015187187, 248.8791716080068], "[80]": [2.7288750635052565, 3.40077629912588e+24, 256.14285714285734, 1497.4021847835609, 91.37123231089208, 284.3617354030057, 32.45274646931193, 3963.5156851906613, 1691.559596355998], "[100]": [113.80333612496543, 2.414254885475781e+32, 338.57142857142844, 2192.470926413861, 235.1297868498782, 579.2886789184822, 171.98628178847366, 323.7349997467827, 130.34255388875135], "[120]": [292.95052025995574, 7.576325486168787e+35, 314.57142857142844, 2449.370287035563, 275.43444243869817, 728.0405927808451, 212.99091368763447, 309.20815088077734, 298.4684561288682], "[140]": [4445.159373171773, 4.537767621226321e+50, 17180.571428571428, 18336.20653582365, 13840.633709641468, 19831.367851311392, 13454.44981086978, 91.41598224950576, 297.0600676164795], "[160]": [3770.8310273748793, 1.9472354461076123e+59, 12537.857142857145, Infinity, 6469.867307308363, 4707.095842376075, 23111.000685503474, 10919.317648297343, 10594.091808805664], "[180]": [3522.9755248610527, 2.8311610852975855e+67, 23039.142857142855, Infinity, 17393.009967080085, 19796.22244987032, 19969.62836171264, 2157.1142017147686, 442.83622497589386], "[200]": [1420.0904950739296, 1.9258664884755883e+77, 7420.428571428571, Infinity, 3781.16322859693, 7114.453688488122, 7220.060543324853, 757.8917359844309, 656.3213302064032], "[220]": [427.40173711068746, 1.6198306258292654e+85, 1474.2857142857142, Infinity, 735.100704360771, 2388.9911580502144, 2332.11052259879, 278.4508377886432, 234.17367598484452], "[240]": [162.41078269004902, 9.5085081810186e+93, 404.42857142857144, Infinity, 221.56479146695835, 885.152248558587, 845.9833654388783, 157.81072157080143, 150.36744114695944], "[260]": [182.41267038611113, 3.8746981460246653e+102, 48.28571428571429, Infinity, 37.46114780511543, 287.2487534343022, 270.02605410237413, 282.90176497780453, 281.0798114712999], "[280]": [151.10195262798698, 1.5387735893052318e+111, 8.571428571428573, Infinity, 10.000048712263581, 87.07967539739359, 80.68529534047711, 244.14410577145907, 247.63132863720244]}