{"[20]": [Infinity, Infinity, 4.0, Infinity, Infinity], "[40]": [Infinity, 84.56961798318373, 100.14603119328088, 20.568953836306065, Infinity], "[60]": [425.99285865626854, 15.674069303665437, 275.90457122303457, 419.9483090474162, 98.21467327113608], "[80]": [105.81844898074364, 151.38247051855632, 14.122810334733071, 423.7468149414656, 108.82004804897966], "[100]": [13.93042781731004, Infinity, 1.5440542633822871, 436.3456405000252, 28.05172109863429], "[120]": [15.387416806070862, Infinity, 4.768437827328669, 449.3132051376692, 15.39031057554175], "[140]": [296.2203657121384, 2123499450605887.2, 1937.6888957353965, 310.3762553526962, Infinity], "[160]": [624.5257204061079, Infinity, 16084.735261404738, 15283.941310084174, Infinity], "[180]": [7830.683688277699, Infinity, 19800.47641368428, 44965.48736317105, 121159698.41943957], "[200]": [10088.608723121195, Infinity, 22542.567661733494, 7270.1150830958095, 176586251.2298099], "[220]": [2111.5553145847084, Infinity, 11079.12568753099, 6186.133504497358, 113740909.04268], "[240]": [193.678714938762, Infinity, 3310.3386988074535, 932.75346597115, 689185.4411421552], "[260]": [291.7146091078407, Infinity, 644.5606967858157, 92.5440506540355, 21199127.073732693], "[280]": [179.74890081933216, Infinity, 60.97844712979403, 10029.30353948525, 4238134.017529165]}