{"[20]": [46.44335082736545, Infinity, 50.857142857142854, 47.82524635216306, 49.26593752946862], "[40]": [55.685728246383974, 90.58390989983036, 854.4285714285714, 318.07034328593556, 305.77767058201425], "[60]": [4303.525172785587, 64275.15374622487, 23014.428571428572, 14911.316909435674, 6016.432652748357], "[80]": [76935.41072823547, 68093.74177492238, 35023.28571428572, 53044.13854455989, 33294.48503599805], "[100]": [550.6686756978124, 34507.246397756615, 44218.0, 1745.161255045652, 18558.015520223482], "[120]": [6485.652293134783, 740798.8878696228, 11334.285714285714, 1349.9737522240912, 3661.6417750893106], "[140]": [772.839058664, 1.1282535068556577e+23, 2170.4285714285716, 222.91418222677157, 1017.4397594072302], "[160]": [5858.046655274975, 1.9098488430471484e+27, 646.2857142857143, Infinity, 344.5327505386741], "[180]": [5361.176854392961, 3.0057383360136217e+28, 196.42857142857144, 14.9332233986554, 102.73832373606288], "[200]": [3775.8093285339623, 6.688255362864104e+27, 77.85714285714286, 0.9429206937084906, Infinity], "[220]": [2565.555624222181, 378759702002721.0, 21.285714285714285, 71775.55070620718, Infinity], "[240]": [1711.8974533799728, 7.789844431628352e+21, 1.1428571428571428, 1.624652595941875, Infinity], "[260]": [990.0023101129325, 8.156186627934784e+40, 1.4285714285714286, 0.49670547250450836, 1.1511555334579224], "[280]": [265.94057724678265, 1.3002220059250086e+55, 1.0, 0.8812711304688254, Infinity]}