{"[20]": [8.566137744375201, 2.0608355539459904, 9.285714285714286, 4.466780465326183, 3.7647876828995397, 1.8573006799606713, 0.06958332107871179, Infinity, 3.08263443941882], "[40]": [133.7137592980887, 41.89050023267299, 174.42857142857144, 47.29190681747329, 184.39047198075295, 93.10536952377143, 86.6655328150733, 148.6690495390862, 49.802666623234245], "[60]": [1811.2977083151923, 1538405905863635.0, 4253.142857142857, 2669.975500634011, 1478.8931929029477, 1470.0222718799846, 1479.999345466274, 514.7877197809967, 347.9171469599005], "[80]": [2416.0182962347826, 3.40077629912588e+24, 41869.57142857143, 28882.582453704235, 8011.169471169145, 5421.216858113818, 2034.1031575741654, 1485.7035124324539, 6540.3252481050295], "[100]": [516.8253705736279, 2.414254885475781e+32, 22805.28571428571, Infinity, 18694.282572208656, 10614.548711706753, 10041.217519612546, 109612.93916537012, 1806.9553244988201], "[120]": [2411.8258224018937, 7.576325486168787e+35, 18118.857142857145, Infinity, 4169.993194726445, 959.0258156905511, 1161.8054183303902, 68.77117470493977, 4758.330330577279], "[140]": [70.09337428029175, 4.537767621226321e+50, 3723.142857142857, Infinity, 243.53953161630216, 931.6808510522887, 916.5291590881325, 2102.359005853975, 2102.975305855902], "[160]": [297.8083935648101, 1.9472354461076123e+59, 1032.2857142857142, Infinity, 46.14549974589431, 405.12169390689337, 432.8502946675187, 623.4045971697508, 658.5247857454401], "[180]": [375.26060193784724, 2.8311610852975855e+67, 290.28571428571433, Infinity, 18.219346887204836, 119.2841326129749, 132.931365515295, 627.4383053435449, 625.1370309558454], "[200]": [321.28790922304506, 1.9258664884755883e+77, 57.71428571428571, Infinity, 4.734704082695167, 33.17942074953454, 36.1635915176883, 590.4228209333498, 627.9902461800461], "[220]": [142.0063609139852, 1.6198306258292654e+85, 22.142857142857146, Infinity, 4.648389526629902, 4.2727885787706565, 5.478262452958493, 283.5446610394742, 304.3704739942544], "[240]": [146.74834998722326, 9.5085081810186e+93, 0.8571428571428568, Infinity, 2.3863687905662543, 3.70903360017417, 3.876313793063651, 319.5520568383241, 331.8116355174723], "[260]": [138.63532754959488, 3.8746981460246653e+102, 0.14285714285714285, Infinity, 0.00020398123122605352, 0.01250615648404994, 0.02655578067084959, 279.7811878648338, 287.22904530703386], "[280]": [125.75268923291878, 1.5387735893052318e+111, 0.0, Infinity, 2.0595946197615063e-05, 0.0018115133145704435, 0.004164090372991794, 236.21362736629027, 242.39937227545013]}