{"[20]": [1.0, Infinity, 1.0, Infinity, Infinity], "[40]": [0.1167491367399108, 0.08733620282024487, 0.0, 0.6196928996910829, 793.1111175549562], "[60]": [0.6476094480072121, 1.6636520411893119, 0.8645419665369611, 0.4854835147080669, 2663.507650489528], "[80]": [0.2527782383750833, 1.9046514135084434, 0.0, 0.11273459617703935, 5.445877005549627], "[100]": [0.11677666847870719, 3.526998243701593e-127, 0.0, Infinity, Infinity], "[120]": [0.09415416458311808, 7.498744224981757e-70, 0.0, Infinity, Infinity], "[140]": [0.08119088890279866, Infinity, 0.0, Infinity, Infinity], "[160]": [0.07554582429138205, Infinity, 0.0, Infinity, Infinity], "[180]": [0.08009448082240504, Infinity, 0.0, Infinity, Infinity], "[200]": [0.07679286574920786, Infinity, 0.0, Infinity, Infinity], "[220]": [0.07155423174083655, Infinity, 0.0, Infinity, Infinity], "[240]": [0.06658890136592492, Infinity, 0.0, Infinity, Infinity], "[260]": [0.05961199894151324, Infinity, 0.0, Infinity, Infinity], "[280]": [0.05707141871159862, Infinity, 0.0, Infinity, Infinity]}