{"[20]": [7.851208202476462, 0.6713101394309984, 10.0, 3.711145839012133, 1.3817283374163942, 2.6823758976584067, 1.019648230160083, 4.359317225000019, 2.168030473447441], "[40]": [61.135951419092265, 56.69224876826833, 91.28571428571428, 56.194612958031954, 107.6781013600103, 61.17720881502857, 56.777736490694885, 3313.122295024504, 62.2057213655497], "[60]": [118.94449275257625, 1538406229029770.5, 298.7142857142857, 238.30153499388575, 77.57992835485243, 54.89336504813548, 79.2717450073668, 159.1584425741422, 92.57623600467946], "[80]": [46.31667367415821, 3.40077629912588e+24, 20.85714285714289, 396.61959099745684, 35.382133602494946, 19.80905673802272, 60.224550272963484, 1753.4178211155468, 552.3687494513192], "[100]": [46.62137705425255, 2.414254885475781e+32, 75.14285714285711, 588.4582224231283, 61.883695643438045, 89.23611244594929, 82.28541929323126, 1.4280229064651166, 68.26992865510374], "[120]": [105.00603724767802, 7.576325486168787e+35, 60.85714285714289, 647.5063487881116, 71.9125845898227, 105.72421991445583, 70.7742483805439, 124.92300650619552, 116.77738724706967], "[140]": [1724.6630086626983, 4.537767621226321e+50, 5264.571428571428, 5625.414660064121, 4395.979051177006, 5889.879867374247, 4305.422290892557, 662.6958639361983, 651.961842567358], "[160]": [2245.876999732667, 1.9472354461076123e+59, 13748.142857142859, 19034.700443907164, 2950.046883125062, 4147.153119979899, 2043.3269056543868, 503.8330553724081, 718.146139683653], "[180]": [2144.6538668453977, 2.8311610852975855e+67, 12418.428571428572, Infinity, 12843.376312219065, 15127.292664684697, 16046.534610509982, 659.3224973956239, 286.218049449868], "[200]": [1105.92496708204, 1.9258664884755883e+77, 5472.0, Infinity, 3301.0747149616654, 5599.084269472032, 7153.103247460293, 321.4675226906602, 541.1938454834881], "[220]": [360.2759683177828, 1.6198306258292654e+85, 994.0, Infinity, 788.196433668943, 1894.0980371751125, 2628.35623574259, 162.3225961281521, 110.50452874407267], "[240]": [373.6075247481094, 9.5085081810186e+93, 206.42857142857144, Infinity, 237.94663526726032, 659.8986246623108, 938.7410299764085, 152.5189876415734, 157.9259282779043], "[260]": [404.7649536117069, 3.8746981460246653e+102, 26.714285714285715, Infinity, 66.53591617201603, 224.04163443859332, 328.1809460894745, 160.2418227454538, 156.33175347168773], "[280]": [330.3727859805085, 1.5387735893052318e+111, 0.0, Infinity, 13.283374319877549, 65.04616802451918, 99.92047584668848, 67.1317119833403, 70.55900060671283]}