{"[20]": [Infinity, Infinity, 3.5714285714285716, 0.809313239502599, 2.3243967238961734], "[40]": [Infinity, 10.577559191496311, 9.0, 9.094595890264959, 10.463432862829425], "[60]": [10.947348613266513, 34.477378811491675, 49.857142857142854, 80.53566980843745, 3.3789422900669024], "[80]": [25.559752417184797, 25.459665209957166, 28.14285714285714, 47.37428812676893, 27.35372696835023], "[100]": [5.461925447074407, 9305745847405120.0, 12.857142857142861, 41.376007986895075, 4.689827070422936], "[120]": [11.711315187777828, 4.3496946816753077e+27, 2.0, 54.916235977804085, Infinity], "[140]": [5.5882898522559685, 163.79829018152023, 247.71428571428572, 1494.0180255028679, 60.07415323933924], "[160]": [143.91479124989064, 2.808607647855087e+25, 2079.4285714285716, 1021.964639012403, 500.45599430323364], "[180]": [398.90777135672124, 1.8061008533976462e+20, 171.42857142857156, 4205.565761605269, 11761.123955634608], "[200]": [23.729511385090973, 9.149765479695523e+27, 2084.0, 996.7482799987781, 5282.496115524819], "[220]": [17.644804802290878, 1.1328415282313926e+57, 508.1428571428571, 199.19371196299213, 2619.0871980913366], "[240]": [19.136433338591623, 2.0584355194835672e+38, 113.14285714285714, 19.625925398812093, 460.59078437763253], "[260]": [1.7680805167633293, 1.62547266692569e+71, 6.857142857142858, 4.278556780467696, 19.909365206585576], "[280]": [66.06992735279685, 1.0688982298317121e+85, 1.5714285714285714, 0.3070357331176356, 3.9211553032762025]}