{"[20]": [16.0, 371.1862722641289, 15.428571428571429, 61.15064765247202, 58.369270290233615, 15.84194296879359, 15.962889297904564, Infinity, 15.086057857782258], "[40]": [49.93832931809206, 40.234260860986026, 55.0, 142.42248155352542, 72.81736834316919, 63.4177634380281, 37.377858156375055, 947.0455981189817, 76.0388555032076], "[60]": [28.636004557752386, 1.6870675044189368e+18, 87.0, 150.38216637761218, 66.16480158233884, 104.35485651020078, 54.59563054533804, 2218.130645072589, 34.21873599777442], "[80]": [187.33557043419148, 3.729403789879908e+27, 333.7142857142857, 468.8558407680684, 295.30985201672, 294.61206077838693, 236.9427811355564, 144.52792953687288, 150.3853918561024], "[100]": [598.9281543181746, 2.647552091869952e+35, 1211.7142857142858, 1387.4630225595884, 1007.1439992485335, 1158.694912805131, 390.57857807715845, 268.9095761564265, 263.87621228349553], "[120]": [1171.0576835943994, 8.308450134770628e+38, 3583.714285714286, 2268.3055591637144, 82.13037250385969, 111.36378415266154, 204.02730291745593, 1066.2302407800325, 1117.321303476052], "[140]": [915.215126720921, 4.976266294395922e+53, 3759.7142857142853, 1587.1522089579848, 80.38258742780272, 62.8969694169391, 130.86602588698042, 3696.6218297967152, 3294.7912358462745], "[160]": [442.0110584304657, 2.135402919236706e+62, 886.0, 1543.9278936680075, 1664.790981461132, 1109.4791130141748, 431.57666204520865, 724.6820527277923, 1123.1463186184246], "[180]": [1125.1121940923258, 3.104745092395459e+70, 2118.5714285714294, 2425.621128611465, 120.4164479582214, 784.3918734118306, 635.356369821, 5163.385601664393, 3888.6655379618683], "[200]": [230.45569937833716, 2.1119689227880706e+80, 1799.8571428571431, 2946.169225542696, 108.02574883359921, 306.52637627669264, 215.1186010659876, 199.1797151214796, 230.21076362463828], "[220]": [69.28737924177221, 1.776360035683665e+88, 1674.0, 2137.0148404500665, 286.9304999181304, 562.8514356261662, 259.48917820765473, 167.9501267762107, 169.2269485949646], "[240]": [43.69452129358319, 1.0427345148083256e+97, 1097.5714285714284, 1341.4799796289446, 220.85484725820356, 555.2829018942048, 208.25341145472407, 52.52179344157912, 103.6132497350809], "[260]": [134.64286534641542, 4.2491225503989994e+105, 699.0, 710.6091586392878, 175.9638955654782, 508.5068027282548, 168.27025162530663, 65.74727910701131, 92.67680992500061], "[280]": [50.36489447736767, 1.6874702090631743e+114, 409.71428571428567, 308.9218417627486, 121.59172137675858, 443.8166308481375, 102.47854994727095, 23.72307953730524, 11.44333900113054]}