{"[20]": [1.0, Infinity, 1.0, Infinity, Infinity], "[40]": [2.0747934288132117, 5.689993216018249, 6.873451418847231, 5.205431379308855, 58.32399708920644], "[60]": [0.4461119781044635, 297480.73379152326, 0.5381537382732416, 2.4239353939499377, 111.2728908493258], "[80]": [2.4166508653945153, 23.69180424568708, 2.4046719473599536, 3.2780888397826167, 284.12927704162104], "[100]": [3.4996686572759903, 21.390440664406807, 13.900256296214831, 5.814231163685552, 997.3617903878895], "[120]": [0.921138293171988, 2.044468504260527, 23.315520826230948, 0.418293275766233, 2608.606763061999], "[140]": [23.606748851145333, 23.54571652948737, 58.47255290045231, 38.507977494509824, Infinity], "[160]": [1.830929799407781, 28.05694565027135, 26.81282140486111, 23.34540619605593, Infinity], "[180]": [7.9329948889016775, 49.679369131654354, 64.8203115632883, 34.36386625080478, 34.99497027515543], "[200]": [1.4700281232056465, Infinity, 225.3000534729199, 106.00076270699708, 54.638092561520196], "[220]": [62.500753577681, Infinity, 687.872823264341, 332.8858371201808, 132.54630716850346], "[240]": [8.496475455094581, Infinity, 908.651215573557, 735.5636493139044, 1072.8387483834395], "[260]": [54.96203815059263, Infinity, 194.71528480776175, 652.0848430548452, 255.88971768678687], "[280]": [18.446439034261886, Infinity, 869.7150179139484, 59.488356119269106, 153.61118746432825]}