{"[20]": [11.0, Infinity, 11.0, Infinity, Infinity], "[40]": [8.605182552255158, 166.04059245848123, 167.8849124511803, 58.40905855163192, 384.39852329689927], "[60]": [3.119763342849693, Infinity, 3283.13680262662, 1767.9658418869224, 82380.68954598396], "[80]": [13122.419134571419, 30822.893132652956, 10220.800967136938, 12604.26395832861, 2997.5836314361727], "[100]": [1433.445552564016, 1306.666541575682, 9032.048125387171, 2777.2232998311442, 4661.619248474368], "[120]": [194.24551692301128, Infinity, 3787.988659484065, 5234.680239332878, 729.1310015400253], "[140]": [138.2260499968376, Infinity, 531.8702025746353, 19.05678441454631, 65.95041843126131], "[160]": [562.8407846917901, Infinity, 96.46507289918979, 2.3384372890980574, 12.896548911822645], "[180]": [544.8046315828034, Infinity, 11.791716147904312, 2.946351310093934, 0.5211643823146898], "[200]": [383.35621783276287, Infinity, 2.8657500711372186, 407335.508155938, Infinity], "[220]": [256.5738705411899, Infinity, 1.2128158578840589, 2303834.486280367, Infinity], "[240]": [167.62152841569366, Infinity, 0.0, Infinity, Infinity], "[260]": [104.75953750789145, Infinity, 0.0, Infinity, Infinity], "[280]": [83.45240831132209, Infinity, 0.0, Infinity, Infinity]}