{"[20]": [20.99889468850722, 30.881072855946357, 21.142857142857142, 143.36770047362242, 142.86048125124543, 21.134538136310155, 18.928536685484023, Infinity, 15.73712426292714], "[40]": [390.41271932167103, 117.76371674540593, 459.2857142857143, 35.2024959630495, 479.81148104671723, 459.28736213612626, 455.37766331269484, 90.63679573430136, 176.65521217943387], "[60]": [6143.805841039977, 1.6870671272840187e+18, 9304.142857142857, 2796.2574267981636, 1642.1758050174922, 375.66525054041995, 4.642422162090952, 6976.025152192476, 2102.493400489615], "[80]": [4777.194191953076, 3.729403789879908e+27, 2300.4285714285706, 3494.6776232867232, 8884.041205616824, 3268.0643204974112, 2728.915068775361, 257051.55405247002, 219384.64217983844], "[100]": [1665.1604527642921, 2.647552091869952e+35, 9718.857142857143, 104.13946820222327, 68.74189275606705, 312.9212684660574, 457.7527896358629, 126535.20309360647, 31069.97331091418], "[120]": [1522.6328574825302, 8.308450134770628e+38, 1959.2857142857142, 381.474130672843, 377.81025082601644, 335.46454643970867, 252.3759035994242, 15521.213992379919, 9412.123350821614], "[140]": [628.0548813733467, 4.976266294395922e+53, 450.1428571428571, 225.3850046527834, 214.67059659734565, 209.5879545946812, 203.52023699648487, 353.6831793985499, 424.8279014425342], "[160]": [425.9720759121833, 2.135402919236706e+62, 165.14285714285717, 82.53395027247234, 78.08782744968266, 79.65082074615277, 85.39792688317206, 1068.5420709955047, 1034.2472883102257], "[180]": [337.1120924211509, 3.104745092395459e+70, 50.57142857142857, 36.648461590901405, 35.0155085246867, 36.21050301592204, 40.17048996069065, 1013.3628994922758, 975.1712372074076], "[200]": [317.35955809216284, 2.1119689227880706e+80, 24.42857142857143, 10.728265548719893, 10.111873010516073, 10.665394023061609, 12.546640895403613, 747.6756578312018, 763.3248441635966], "[220]": [296.6847419894584, 1.776360035683665e+88, 7.7142857142857135, 1.549743434503348, 1.4263226914855704, 1.5410024232077588, 1.9274616173440668, 692.6525784919547, 685.2291207006538], "[240]": [314.30100798128024, 1.0427345148083256e+97, 2.0, 0.1490159881149479, 0.19018949338549665, 0.1502050589833082, 0.01163777994630109, 621.92233529944, 617.6860305789063], "[260]": [269.1774812169747, 4.2491225503989994e+105, 0.8571428571428571, 0.07430869771246855, 0.09490116104282167, 0.07446790909591954, 0.0018865520173713662, 515.7145072682495, 506.7163474971624], "[280]": [247.70212139070327, 1.6874702090631743e+114, 0.0, 5.838361407099475e-06, 5.69773416172491e-06, 2.6903822777030833e-05, 0.000295589017836011, 456.17215809765383, 452.59583164852415]}