{"[20]": [7.982977326427301, 42.3788813143802, 7.428571428571429, 39.790347849922824, 32.64558850483544, 5.962120488211026, 12.727687845529562, Infinity, 6.994368924728606], "[40]": [190.94664459222724, 2695541425.2942357, 284.2857142857143, 412.31944256828956, 261.6998280259646, 596.6846241940242, 591.7292816100628, 680.882657605392, 1013.768902164697], "[60]": [4884.926834216734, 1.6870672382847165e+18, 6243.285714285715, 5778.69163284708, 1965.4457811785342, 1721.7750872522156, 1657.5735584718232, 17837.151356212435, 3173.790802503877], "[80]": [Infinity, 3.729403789879908e+27, 32291.285714285714, 16806.85082470383, 699.1344913953071, 6707.115787712362, 7379.055996276744, 421951.03823931626, 103616.24547287286], "[100]": [801.3813894921841, 2.647552091869952e+35, 21734.142857142855, 7669.897425352938, 10761.156187227549, 8727.94593462133, 8302.072342614145, 813159.1551279285, 317062.87443295337], "[120]": [934.326257224453, 8.308450134770628e+38, 13423.142857142859, 1534.9431430905252, 646.975662998495, 419.28095441900405, 413.48863041741515, 19185.419912858903, 15484.910595777015], "[140]": [2048.57840342712, 4.976266294395922e+53, 2575.1428571428573, 639.2163555424813, 281.3301729947998, 333.4305526249756, 299.52405567807693, 437.47106575318367, 1336.1363181817196], "[160]": [786.1866102054901, 2.135402919236706e+62, 614.0, 193.70186329632583, 117.71560073636167, 143.06797996683457, 140.86881652005715, 658.4833147355847, 758.1444616912092], "[180]": [786.8136451315186, 3.104745092395459e+70, 150.57142857142858, 45.87341317542041, 29.25080470247966, 38.008300455151655, 39.59420001541184, 2019.0117474222952, 2004.8730280909149], "[200]": [686.8751004610149, 2.1119689227880706e+80, 38.42857142857143, 8.432794074435478, 4.1300155456850485, 7.246598422615214, 8.530781331699739, 2102.6449289134844, 2067.4850754734034], "[220]": [611.892557885737, 1.776360035683665e+88, 5.2857142857142865, 3.5113199537147057, 2.9136017913162853, 3.335422340792708, 3.4464506693265307, 1500.8877283942961, 1500.2271980199125], "[240]": [526.9384895309313, 1.0427345148083256e+97, 2.5714285714285716, 0.7722614524925291, 0.479378894053764, 0.7464891960697806, 0.906742230098833, 1234.4151917827198, 1235.5567580101897], "[260]": [467.0691504898605, 4.2491225503989994e+105, 1.0, 0.07482796927035655, 0.17205605690878806, 0.07857032651454808, 0.016112072162311367, 1070.5991330237334, 1072.6902959905087], "[280]": [420.93357200030096, 1.6874702090631743e+114, 0.0, 6.614899852766866e-05, 9.257902153708565e-05, 0.0006057806636475695, 0.0022163040003375257, 916.5350327293431, 918.2507741187612]}