{"[20]": [5.0, 4.9998732810558355, 5.0, 4.999998916444347, 4.999988647800139, 5.0, 4.999999996586314, Infinity, 5.0], "[40]": [2.814662435342335, 52.27756611353229, 27.0, 60.79182329237176, 32.30914307621573, 17.538489453410683, 14.246829484191153, 637.7500000000005, 76.06242065823392], "[60]": [10.367090824680261, 1538406420492619.8, 29.714285714285708, 68.333123256274, 12.975070119047558, 37.09885452131651, 4.758197035857094, 1088.5914333113333, 75.07679383755845], "[80]": [34.36579379216917, 3.40077629912588e+24, 97.14285714285714, 163.71580304787386, 74.16101187164148, 56.5960298224322, 39.34879541506558, 46.9474021103224, 45.13519464288888], "[100]": [58.02621493291463, 2.414254885475781e+32, 255.85714285714283, 334.7893346479618, 176.78990698837248, 256.84793155155967, 52.82296133685486, 59.72493711359948, 37.028142216589], "[120]": [126.27619187897358, 7.576325486168787e+35, 756.2857142857142, 704.118495011935, 461.57676188168875, 652.5894395859796, 138.81772928064493, 61.30987030207939, 61.43272225571809], "[140]": [72.54835216378706, 4.537767621226321e+50, 1128.8571428571427, 936.187851122043, 477.3605317114775, 842.9374246642747, 16.19081815231766, 487.0132707396624, 455.64753399363326], "[160]": [68.62756335782342, 1.9472354461076123e+59, 692.0, 1120.1263940668377, 228.85127148103493, 630.2129599911023, 255.9209761015045, 130.49186898401604, 193.13179625430894], "[180]": [170.15876409115845, 2.8311610852975855e+67, 604.4285714285716, 2012.1374382965369, 358.80676995567865, 871.2777383897155, 307.8037038766988, 295.8616536003192, 276.0200575086001], "[200]": [160.87834314912652, 1.9258664884755883e+77, 984.5714285714284, 3096.8727642297754, 586.9268851928373, 1823.340561810688, 487.45970202907665, 348.1799105932296, 376.22583383493475], "[220]": [173.92616587600787, 1.6198306258292654e+85, 984.4285714285706, 2617.879387062898, 807.8926524629587, 12.249009407173617, 1126.776307625596, 288.0640651804406, 248.1957758849503], "[240]": [226.629239172923, 9.5085081810186e+93, 1359.8571428571431, 1735.6378341349373, 971.1229736949708, 1825.9815041024158, 972.2413614122052, 180.5487444079572, 207.91286101985133], "[260]": [42.705852124655394, 3.8746981460246653e+102, 1163.4285714285716, 767.4818376997832, 608.9115093553273, 2079.183257245947, 669.4229252937225, 148.8428675010805, 139.8539714860285], "[280]": [35.45857941236591, 1.5387735893052318e+111, 540.2857142857142, 298.04326834810036, 213.99081054437875, 1192.179634705803, 222.69030798718222, 39.838495027146564, 25.26949360897561]}