{"[20]": [6.491059606157364, Infinity, 18.142857142857142, 10.709936412654422, 12.830861566601394], "[40]": [0.391915219444968, 308.41547938585734, 356.57142857142856, 101.33252589603939, 102.66424574612626], "[60]": [22.775009236904225, 275.3983739009691, 7713.428571428572, 2774.6099879140356, 1742.1577429689642], "[80]": [7177.004672367417, 8619.516402711008, 14841.571428571428, 13223.763795853127, 2693.8761936194132], "[100]": [239.05729002512453, 27230.95199662263, 17004.142857142855, Infinity, 3981.0410799039455], "[120]": [614.8686406813467, 3.2127505395224e+17, 4268.0, 976.1021542470517, 697.5690605337218], "[140]": [242.1881963353548, 2.9083714934594675e+17, 719.7142857142858, 141.7004382034827, 103.25719384649938], "[160]": [821.8693281355372, 3.3107963309812007e+22, 134.85714285714286, 30.522194511262484, 26.38814336025513], "[180]": [764.3383758890025, 2.1385951361068704e+16, 22.714285714285715, 56982.68370976298, 1.284974916036294], "[200]": [563.2971093280969, 3.078963154449246e+23, 8.428571428571429, 1.454904237932599, 2.275594690476262], "[220]": [405.2227903943078, 5.301756280258163e+29, 0.8571428571428572, 0.5569948810433647, Infinity], "[240]": [268.42176434025896, 6.984157725882719e+30, 0.5714285714285714, 0.6180022540945929, Infinity], "[260]": [131.19064555040904, 1.7886980442189376e+30, 0.0, 0.028975402956235755, Infinity], "[280]": [23.362727489347705, 1.92903022514339e+49, 1.0, 0.9855138831794454, Infinity]}