{"[20]": [3.5025456213502513, Infinity, 3.0, 2.3372928592568685, 697806.2386107568], "[40]": [25.59091438842091, 40.86899868983074, 55.79752636569892, 1.9276735817912476, 250.35305735673802], "[60]": [32.135738191807526, 510.99980426899714, 1287.5364926523441, 430.27373728608194, Infinity], "[80]": [314.09707821878584, 8611.781630927724, 9328.631537247165, 8163.26616645728, Infinity], "[100]": [1030.3566289324413, 40707.94269918039, 6420.048123176838, 864.308053846111, 3185.4552296643706], "[120]": [389.7005094292225, Infinity, 3253.9324968891888, 644.8908488015504, 854.983812179283], "[140]": [70.27839068715414, Infinity, 534.5183902263918, 118.81360863914743, 93.40297482898914], "[160]": [101.93824826612534, Infinity, 119.41446226804125, 2598.928918970417, 36.47711439497869], "[180]": [73.67930849356817, Infinity, 16.347672214849105, 496.9265460245632, 2.8501403956444027], "[200]": [53.917155756689816, Infinity, 2.952171130625152, 0.8477996712243012, Infinity], "[220]": [47.42405292960025, Infinity, 0.8888092747601144, 1299391.1879547648, Infinity], "[240]": [44.7368130711744, 103403.1076493722, 0.0, Infinity, Infinity], "[260]": [43.07273377638273, Infinity, 0.0, Infinity, Infinity], "[280]": [42.4347884342252, Infinity, 0.0, Infinity, Infinity]}