{"[20]": [5.0, Infinity, 5.0, Infinity, Infinity], "[40]": [39.25711985357674, 102.08223139759501, 92.71428571428571, 5.969709841015614, 94.76959240090105], "[60]": [189.67227828989826, 890.8344089743596, 2623.0, 1812.9883031595577, Infinity], "[80]": [5769.246562985849, 27312.92786123586, 13308.142857142857, 15355.175060944823, Infinity], "[100]": [6379.048018105335, 101872.92009397275, 9738.714285714286, 3365.9892530082425, 11945.41348971063], "[120]": [1333.3853759024942, 8.232476046752275e+16, 4912.0, 1237.1761947908249, Infinity], "[140]": [298.9994705307099, 1.0989140214076891e+19, 896.0, 277.0709667708566, 339.87776743799], "[160]": [734.1242811146624, 7.898304463762803e+23, 214.85714285714283, 2506.172748645314, 92.28785199296351], "[180]": [446.51695070238003, 9.195723455636697e+20, 68.28571428571429, 2211.3162819161626, 29.16766935432652], "[200]": [214.15765032837172, 1.8722052873553387e+21, 15.142857142857146, 2135.3711419817414, Infinity], "[220]": [104.42347603353619, 1.4999986700655185e+30, 8.857142857142858, 2165.5927742929466, Infinity], "[240]": [74.40473949100753, 2.725015213268538e+36, 2.0, 3.594404481393592, Infinity], "[260]": [85.49321404987211, 1.141674172965055e+41, 1.1428571428571428, 1.9143455927761148, Infinity], "[280]": [122.45411487506746, 1.033536424698695e+56, 1.0, 0.8476918370203856, Infinity]}