{"[20]": [Infinity, Infinity, 12.8720253522927, 4.4975769380255715, 128.8511502845542], "[40]": [Infinity, 190.6696027553551, 169.5650321132175, 65.33955874115169, 118.11530091341507], "[60]": [1057.1770767828718, 1796.1009829873321, 377.51370777020463, 646.108923813198, 116.98821256580005], "[80]": [29.1564089415105, 152.93501922450284, 50.649062781366, 664.3485116478373, 35.92416111966593], "[100]": [22.690626202001656, 18.266107775430147, 112.85867023730468, 829.4707988715883, 38.156897546346976], "[120]": [258.39541035266785, Infinity, 393.61324892030547, 1188.4745571349122, 205.97982257130238], "[140]": [553.9613855906154, 5131.3774967014315, 11874.011498763233, 9920.507543454494, Infinity], "[160]": [6601.405049754476, Infinity, 32924.09710620007, 32399.75450925221, Infinity], "[180]": [10846.515570964168, 48972.45283116389, 26540.962145497942, 23048.00100885404, 58622673.18738211], "[200]": [294.9758177155856, Infinity, 15266.183864547786, 4078.435774332907, 2927502.3251936324], "[220]": [1016.9955618644717, Infinity, 3001.732481851403, 750.7624124644557, 77009188.52523212], "[240]": [281.42884017694087, Infinity, 595.6219085663506, 86.64924710358753, 96964.85323554504], "[260]": [256.4084096796076, Infinity, 74.41023845329818, 10.135744870943686, 21040597.669100486], "[280]": [1087.6882239375125, Infinity, 7.373626216321555, 3.5441596495755667, 6022825.384288927]}