{"[20]": [Infinity, Infinity, 4.0, Infinity, Infinity], "[40]": [Infinity, 49.83245151424727, 38.906146087517115, 43.258791345645065, 365.036029947671], "[60]": [238.63861410680832, 96.77840197484025, 201.5323688493012, 276.50114237412055, 119.26272185104422], "[80]": [35.59242906665725, 100.07738243207547, 36.17071765700042, 310.43853116636785, 53.22248791349784], "[100]": [6.225568875916195, Infinity, 34.37522222148793, 344.3787468939201, 22.468916516481766], "[120]": [6.731119088432988, Infinity, 3.0910247046860517, 352.1073042479601, 18.895002687539904], "[140]": [396.3951185204645, 63362858.97019052, 1949.3376396188555, 727.1750938715319, 546.2026942864796], "[160]": [1080.4473797519072, Infinity, 14416.2501677402, 18147.304571124114, 7183.698833342204], "[180]": [6366.484971061107, 1.9653838551939885e+22, 1013.6884066572399, 21343.324534320862, 30156111661.52626], "[200]": [3816.9006006523136, Infinity, 12789.089293280647, 3450.5587030941124, 311056079.4152723], "[220]": [366.3795791908951, Infinity, 3230.076427027721, 1673.1701794498406, 40587833.237011544], "[240]": [127.30624915392607, Infinity, 745.6379589335762, 152.77285588472125, 7489792.077273202], "[260]": [145.73043721044942, Infinity, 107.55113742230539, 15.53476431344095, 33132448.879892975], "[280]": [119.45107377233231, Infinity, 5.391897082237706, 5049.638694826269, 42339334.718291715]}