{"[20]": [0.0, Infinity, 0.0, Infinity, Infinity], "[40]": [1.378173641281145, 43.8274542187665, 0.5714285714285716, 0.16394747054693104, 0.23425932097552105], "[60]": [1.1071935818749363, 0.3630052743426244, 3.571428571428571, 3.899245445675838, 1.5418813121070114], "[80]": [3.3643450948596048, 659.7911124537354, 4.2857142857142865, 2.224780112145039, 2.809275839044254], "[100]": [2.4470166115669585, 86.94358056373285, 0.7142857142857135, 6.367336572660971, 0.5415243686274724], "[120]": [4.88195240793852, 29.024490626319952, 4.714285714285715, 5.889526738779132, Infinity], "[140]": [6.267496385498518, 0.048540332093537586, 15.42857142857143, 8.777187091433937, 2.386101912835656], "[160]": [8.384151401746934, 2088461120.5177271, 1.857142857142854, 1.4766287630098276, 22.27859954473513], "[180]": [3.985742329902081, 604150.3306560029, 9.0, 16.085478978594907, 12.469412990355991], "[200]": [12.06870671683481, 4.129828205221222e+17, 41.28571428571429, 58.29955387047616, 12.325079930003895], "[220]": [7.8880253362420945, 1.925033806246914e+27, 138.42857142857142, 38.938364720345305, 42.55379940621049], "[240]": [28.704130696838206, 1.7314463453373763e+24, 237.71428571428572, 333.6527523411504, Infinity], "[260]": [25.03149468679635, 8.274710994707784e+31, 481.8571428571429, 543.1732601094232, Infinity], "[280]": [159.60439037269134, 5.414341150691727e+52, 40.14285714285711, 372.18758965091706, 239.97415064550432]}