{"[20]": [0.35118769226063806, Infinity, 19.18098927464978, 2.6455509983608922, 3235.0230978408995], "[40]": [11.531288976979424, 113.39902909789589, 41.630963582361744, 0.8526526760370979, 446.87003078035474], "[60]": [1.2969343655754058, 5.876910267924501, 15.459743149277632, 12.973700756184543, 1052.4172475935284], "[80]": [25.845267794548135, 30.298846455758724, 87.76337357499254, 11.407869140496256, 2754.374611407498], "[100]": [16.601488115308992, 77.53585690448176, 216.46871817033716, 7.461577484633216, 10696.066142328296], "[120]": [4.078110233486885, 159.21751822179564, 568.5007653928693, 92.90846880432528, Infinity], "[140]": [89.51751896937849, 148.72586404341467, 773.1802644580065, 259.459594231044, 226.33828795385406], "[160]": [39.378358141569365, 183.34607431194257, 879.7553240199809, 432.62348235485223, 320.6809281957102], "[180]": [136.57558394386578, 702.514378677882, 1985.4563142655, 1347.5468873475445, 772.2778984498626], "[200]": [333.6356504640367, Infinity, 4751.838475303523, Infinity, 695.2164746037255], "[220]": [66.75982818423913, Infinity, 2605.78086243715, Infinity, 987.1444199463161], "[240]": [443.3141933486433, Infinity, 3102.9434675272564, Infinity, 1213.275798279872], "[260]": [425.1598585360336, Infinity, 5002.7431360322, Infinity, 586.9975805418252], "[280]": [79.47352949015965, Infinity, 2299.3467915701995, Infinity, 235.33386291423793]}