{"[20]": [12.0, 375.1862722641289, 11.428571428571429, 65.15062957219071, 62.36925746183874, 11.841960370317674, 11.96286333896115, Infinity, 11.086057857782253], "[40]": [45.85455797137078, 3241900925.12843, 92.57142857142857, 52.523539004182965, 105.91937758594672, 72.97204106919654, 56.23073559561648, 2705.6557012509898, 37.17672442042277], "[60]": [511.1451915394927, 1.6870674790091438e+18, 800.7142857142858, 854.8068759111595, 707.9045258519416, 465.4493482326335, 419.6152806875581, 126.75751666931046, 190.92865670117612], "[80]": [1919.5121056694725, 3.729403789879908e+27, 4887.0, 4165.098391776593, 1317.3881763504387, 1276.8550678744614, 1321.0950752840963, 1429.46607413109, 1571.587543393117], "[100]": [2854.811766334118, 2.647552091869952e+35, 4340.428571428572, 1821.1059632941215, 252.17930884593807, 47.373823956184424, 373.3328796034348, 2522.12970954553, 14609.771247570126], "[120]": [758.3744838455405, 8.308450134770628e+38, 6126.857142857143, 106.56359864933256, 1499.1039484011544, 2491.81051007272, 690.6111295255905, 15097.647104979376, 11441.419295703137], "[140]": [658.6327362164302, 4.976266294395922e+53, 3128.0, 25.3927170593995, 172.75963453369877, 186.79017786302006, 63.18828651804188, 6276.362466126443, 5371.648710043823], "[160]": [435.4040589751744, 2.135402919236706e+62, 706.2857142857143, 35.79540933922891, 4.683979522403831, 16.18194276290069, 18.651810043729995, 440.04345006038557, 576.0237671341772], "[180]": [758.8038441213689, 3.104745092395459e+70, 148.85714285714286, 19.808993637247852, 8.54818250403153, 5.579139299302376, 14.39717188273454, 554.014981372825, 544.4552646070858], "[200]": [571.3202320939813, 2.1119689227880706e+80, 33.142857142857146, 9.603159687600215, 6.566268120424738, 6.100616619900908, 7.939350745541745, 252.00096199553616, 283.809381293133], "[220]": [577.3792671535261, 1.776360035683665e+88, 11.428571428571429, 2.2214242487496407, 0.9594171972392078, 1.4263098688114537, 1.3436600237924852, 206.7205300076717, 210.5513830939025], "[240]": [500.762730805965, 1.0427345148083256e+97, 2.142857142857143, 0.7281311342570913, 0.5535658765293323, 0.5549492495086643, 0.6167249718597871, 211.99603595739515, 210.45155399389517], "[260]": [443.3436897128488, 4.2491225503989994e+105, 1.0, 1.9051542217409947, 1.806925229844153, 1.8684387230780242, 1.8294216053216323, 162.5080986607667, 163.07969936397325], "[280]": [420.0486487328749, 1.6874702090631743e+114, 1.5714285714285714, 0.07769142478010128, 0.18068138330370126, 0.08532890336981173, 0.16275311271158513, 135.3549774311805, 135.6138135252671]}