{"[20]": [Infinity, Infinity, 10.0, Infinity, Infinity], "[40]": [Infinity, 757.7819264656957, 82.2955733577925, 59.320502236414406, Infinity], "[60]": [661.1104184234594, 1462.5650664604204, 321.18948483436526, 455.42840514341293, 4205.906012509597], "[80]": [155.36900469433957, 207.00039932177708, 41.06948774961276, 506.56131160350174, 88.67118967029741], "[100]": [44.00307278735981, Infinity, 48.459591954126786, 445.62341282642495, 115601.8798730897], "[120]": [7.723052579462136, Infinity, 5.695564108028067, 444.2836909900484, 21.778930705700958], "[140]": [700.6529325336458, 425832348716.2895, 1916.8076794677818, 2389.635804192583, 391.8624583216077], "[160]": [457.26857668486997, Infinity, 13588.024597593474, 17407.252982341714, Infinity], "[180]": [5180.726312625136, 25445.945718270767, 1110.3087266572386, 20723.359381234328, 7366036224.996106], "[200]": [3574.3990151320763, Infinity, 12175.323920562549, 3316.611723136899, 685519722.1341951], "[220]": [407.11018937124356, Infinity, 3368.3762261007714, 1698.3524015707112, 43842428.2028868], "[240]": [116.93296651034325, Infinity, 718.5131827746178, 163.95610794322153, 103071360.8493798], "[260]": [134.58927005563362, Infinity, 112.144942712779, 15.312002627745382, 28401.87254427022], "[280]": [111.25016081757879, Infinity, 6.858671790671209, 5026.47574879015, 18251365.06644642]}