{"[20]": [1.0, Infinity, 1.0, Infinity, Infinity], "[40]": [3.092330193475965, 8.62668357879556, 6.2061459584128515, 2.8724233870618976, 6895.514153699714], "[60]": [7.0220899148561635, 20.03915813012311, 57.68747222433958, 14.818877396664403, 248.63651910861336], "[80]": [12.6063150945424, Infinity, 671.5644997385683, 151.75899901635555, 13907.768349304302], "[100]": [575.2404999768456, 1462.9049078894918, 3411.4976154255205, 2057.510658831627, 2408.6867338279953], "[120]": [2500.6006410440687, 8166.617002722163, 240.07941618133805, 45385.54480984836, Infinity], "[140]": [889.272937672855, Infinity, 2628.6244402626853, 136589.85193789515, 307.5874845877525], "[160]": [35.83501463378793, Infinity, 655.0106404092302, 3086302.626525113, 39.379052853392146], "[180]": [108.9216058464229, Infinity, 107.891123224543, 2761633.5808278923, 11.690396567399969], "[200]": [51.56249379278, Infinity, 8.151967532449625, 2584281.7190244994, 0.09525128950594042], "[220]": [33.79230843491814, Infinity, 2.183301365263426, 2511339.5886434615, Infinity], "[240]": [30.34810571643362, Infinity, 0.0, Infinity, Infinity], "[260]": [32.09607036700599, Infinity, 0.0, Infinity, Infinity], "[280]": [42.68638976624359, Infinity, 0.0, Infinity, Infinity]}