{"[20]": [11.0, Infinity, 11.0, Infinity, Infinity], "[40]": [9.83387061369882, 203.63369576712702, 211.0, 118.30833238115929, 106.55327767473528], "[60]": [160.51098104943503, 4383.6829820537205, 4563.0, 1995.1728711735127, 1442.2258424068764], "[80]": [19696.51069904409, 69326.31033280637, 25396.857142857145, 25949.40290006433, Infinity], "[100]": [4909.331203881129, 6594.691899589594, 17359.714285714283, 14251.92319438003, 15215.186123541702], "[120]": [536.6803051497836, 1.465811187430149e+18, 10608.57142857143, 2111.6200620971667, 2374.580353506576], "[140]": [398.9318119500522, 2.6066313227990592e+22, 1757.2857142857142, 306.26288628653214, 315.4171180594101], "[160]": [1798.8520487602955, 5.362798266758983e+21, 281.7142857142857, 9404.20383726139, 42.21477153135224], "[180]": [1766.51702776368, 4.874260451561695e+29, 43.57142857142857, 8118.177342955723, 3.806039914971347], "[200]": [1346.5636067788196, 3.650031161769578e+26, 9.428571428571429, 7715.225946371415, Infinity], "[220]": [972.4529888385332, 783325692826.5829, 1.4285714285714286, 7587.852621678429, Infinity], "[240]": [646.9655919077526, 1.1551885691618919e+41, 0.0, 0.004700730458497053, Infinity], "[260]": [317.2090741672433, 5.119705593978072e+26, 0.0, 0.0, Infinity], "[280]": [57.958500371990155, 2.167776765516918e+61, 0.0, 0.0, Infinity]}