{"[20]": [0.566150656749148, Infinity, 26.967869142006002, 16.957486634513234, 58.702243475802064], "[40]": [84.77088527346112, 199.4263150336495, 356.68564985071276, 137.8253130434672, 3684.431798114843], "[60]": [764.5228371000004, 1611.264746038853, 10152.852159428676, 3677.2385122964156, 10821.80149439248], "[80]": [11890.100482047657, 7136.819612393124, 20181.2041962154, Infinity, 2577.301892917377], "[100]": [2252.188916304162, 30845.5573755422, 24052.941055702864, Infinity, 6269.568660951071], "[120]": [3493.653270210986, Infinity, 4746.465715321855, 5401.031023759261, 1941.0652537565954], "[140]": [309.9837278970914, Infinity, 932.2802752809661, 1498.9063378076153, 629.2365220033275], "[160]": [1219.942673023083, Infinity, 257.2197961797008, 13622901.24015171, 200.7913907857234], "[180]": [951.793535164242, Infinity, 77.35604810215605, 18541257.703446116, 60.13112233720269], "[200]": [552.3713942575447, Infinity, 34.44236532461204, 17572619.650897916, 26.046013062527894], "[220]": [376.2325813979466, Infinity, 8.814560685761975, 16788848.19076737, Infinity], "[240]": [306.221222539389, Infinity, 1.915093794888238, 0.3246480421311344, Infinity], "[260]": [279.4045716952622, Infinity, 0.8739734962083148, 1.650321496486788, Infinity], "[280]": [266.25260054481055, Infinity, 0.859059074486203, 0.6027049211251958, Infinity]}