{"[20]": [Infinity, Infinity, 4.774522660157407, 2.357851932029961, 17.581414502366474, 4.439226292393317, 304.75302923937323, Infinity, 2.651632908763744], "[40]": [1.0264371231288176, 4376880.861390348, 1.0057974262321812, 9.963634809653668, 4.805302869445737, 5.696833024707409, 186.16300033370425, 4181.040634910111, 2.182618299727846], "[60]": [6.3009521094735454, Infinity, 4.200707302628273, 1.0526455040932234, 3.487594037358505, 0.09760190959503619, 138.0908193407301, 58.66351356615062, 14.124979265030264], "[80]": [0.5044894714212874, Infinity, 0.39527215029902435, 6.481866631162998, 7.7119192989323935, 3.0943105824864117, 194022.22054989106, 0.7321483283807954, 1.2095033549444956], "[100]": [1.9565016314941805, Infinity, 3.3495030228956497, 10.959552780992933, 11.102070135519197, 2.8796187902323367, 3.6340292851173457, 4.268745728832969, 4.058645815366778], "[120]": [2.317493786535588, Infinity, 3.0409894742048222, 4.126908651645598, 3.572429756128781, 4.439966655813516, Infinity, 5.834901987275473, 6.151696029427617], "[140]": [21.089051167124172, Infinity, 24.221366915953226, 38.98310658562475, 35.846084963218985, 23.030543243799723, 21.364294962972984, 20.59726294251868, 19.51294005184406], "[160]": [21.59976521678858, Infinity, 19.092872993302382, 28.322975569454137, 15.430411638835771, 4.844761764077395, 5.6487462441434175, 9.273912386588448, 8.338614788145343], "[180]": [14.65810918634774, Infinity, 19.485739986505724, 33.70221876510377, 19.33924461835263, 3.6150567257059976, 16.37598651985901, 8.146235387135102, 9.701163369074214], "[200]": [46.080068257759805, Infinity, 101.82883032009602, 111.02042533163014, 55.91676319182796, 51.56963017583833, 43.174377685360696, 53.0059973519598, 52.872404088868564], "[220]": [109.27288591136302, Infinity, 332.30962280587136, 187.75569662933702, 134.66221176769434, 114.00975801253142, 836.8925799042256, 59.86306721203285, 55.81240289004229], "[240]": [26.25803648194244, Infinity, 644.5357542841821, 340.4686020414749, 170.21846891204896, Infinity, Infinity, 165.51808518916755, 162.37300620146843], "[260]": [136.6995948014684, Infinity, 528.055712044288, 441.56944432842, Infinity, Infinity, Infinity, 2.546616574598526, 10.962208626110138], "[280]": [14.496354172350236, Infinity, 344.4882838427215, 184.06334917430326, Infinity, Infinity, 11063.336793893846, 514.3873375376579, 460.60000003570434]}