{"[20]": [2.9737733508538025, Infinity, 8.532668849886393, 2.412866318038954, 89.88578339860524], "[40]": [3.0812977955021226, 54.90231571135922, 162.6908820698893, 45.9831016200755, 3043.0532574776594], "[60]": [281.5177973074366, Infinity, 4016.313073892182, 1788.5396239584607, Infinity], "[80]": [6730.595815161399, 9257.223017348128, 36819.73949432016, 38173.02874540319, 9653.866607336822], "[100]": [19930.573758888437, 119800.5480267805, 21982.2506739281, Infinity, 26990.95019806328], "[120]": [3587.8772544289177, Infinity, 14111.771146077772, 3087.851647201531, 6860.2528455441225], "[140]": [509.8513615836831, Infinity, 2831.218936690758, 293.193786172167, 957.1066761854141], "[160]": [450.6209947430014, Infinity, 832.1321298003801, 29.300301999816508, 260.47734776675713], "[180]": [487.1415176089311, Infinity, 225.318411561909, 5.857088255202276, 74.58002650184106], "[200]": [520.2227557210662, Infinity, 36.817070061033164, 6.780927234686766, 7.249982945513067], "[220]": [486.5317152049676, Infinity, 17.891629327540674, 19039863.460007373, Infinity], "[240]": [411.60852544649015, Infinity, 0.49720554933851163, 2.836468889425465, Infinity], "[260]": [354.74409403681597, Infinity, 0.10632383314911234, Infinity, Infinity], "[280]": [385.13834518434066, Infinity, 0.0, Infinity, Infinity]}