{"[20]": [16.0, Infinity, 16.0, Infinity, Infinity], "[40]": [23.09906327931603, 124.32144128551757, 111.99301548460775, 18.55073400396424, 450888.11236909026], "[60]": [220.19327715974586, 678.6188178209062, 1932.818108652095, 822.4623041861049, 1633.7900922783942], "[80]": [2535.624099883553, 3448.9909564713826, 17768.80418127557, 14252.707524113415, 6991.9369642946185], "[100]": [10761.086068934872, 167998.62194142787, 691.0531607786536, 15731.475600339654, 12888.367124001927], "[120]": [672.2927777901016, 20753.587203258056, 13898.316279842518, 1556.535191536709, 4091.9676132939735], "[140]": [210.32545267328445, Infinity, 3052.289404246681, 33774.10211491366, 578.5501739346815], "[160]": [606.3107566190225, Infinity, 430.94045984974184, 8561819.051713528, 68.03734242387534], "[180]": [673.4808601588513, Infinity, 69.21598604780152, 6754159.077470072, 15.423729431956367], "[200]": [530.2418248014494, Infinity, 7.270201617008871, 6188700.173160509, Infinity], "[220]": [381.0765934126884, Infinity, 0.23296427712796805, Infinity, Infinity], "[240]": [257.19822117614893, Infinity, 0.0, Infinity, Infinity], "[260]": [168.08364121752496, Infinity, 0.0, Infinity, Infinity], "[280]": [142.94685943270935, Infinity, 0.0, Infinity, Infinity]}