{"[20]": [18.050920383704756, Infinity, 13.428571428571429, 2.775647927368933, 7.589493077060902], "[40]": [16.663889390693384, 15.726665776986067, 32.0, 14.44068794391648, 22.491540008865872], "[60]": [8.755715027519201, 12.422509515003185, 3.0, 24.004928643143742, 4.724689823914261], "[80]": [6.773535813345092, 25.017821407880817, 16.57142857142857, 36.59498209935404, 2.9512963976940654], "[100]": [31.40545076246532, 55.10595092954661, 57.42857142857143, 37.52053852385558, 35.433452621359464], "[120]": [18.13509492462032, 26.663139117462947, 111.71428571428572, 1.2915348197984713, 59.65693181662948], "[140]": [70.8238416096828, 111.86918255694877, 65.14285714285717, 34.611914470032445, 23.379422898257303], "[160]": [11.046142270610517, 109.06456506920586, 73.28571428571428, 33.04416321978698, Infinity], "[180]": [57.40102911435895, 267.97066818515805, 227.14285714285717, 196.92324020582214, 183.62828338993359], "[200]": [30.873427639374313, 8.383518921311493e+23, 829.2857142857143, 748.5777209122261, 219.4267976596459], "[220]": [79.76145373879444, 9.950203411314159e+28, 2330.285714285714, 1323.3650419012956, 1042.9130858467497], "[240]": [218.49657632356684, 6.379919808841037e+36, 3322.7142857142853, 4584.137104741827, 620.3514543590245], "[260]": [1219.0417239907547, 8.513037038083993e+52, 311.28571428571377, 3929.080244034887, 1313.8605945766303], "[280]": [362.22761749119763, 2.2947554689727698e+52, 3074.2857142857147, 750.6569592756268, 941.3785295964881]}