{"[20]": [0.0, Infinity, 0.0, Infinity, Infinity], "[40]": [0.06535535180352815, 0.15268770818176658, 0.0, 0.4448376448293617, 1040.468045482354], "[60]": [0.7755851102047032, Infinity, 1.0, 0.6763082723636685, 2282.6895889999614], "[80]": [0.6656406212227317, 0.7564177050028968, 1.0, 0.405701099485655, 1111.3279533055907], "[100]": [0.12686182267457188, Infinity, 0.0, Infinity, Infinity], "[120]": [0.09970091740851868, 1.2617704898998498e-40, 0.0, Infinity, Infinity], "[140]": [0.09297499472302757, Infinity, 0.0, Infinity, Infinity], "[160]": [0.08026560538048426, Infinity, 0.0, Infinity, Infinity], "[180]": [0.06602745279876202, Infinity, 0.0, Infinity, Infinity], "[200]": [0.0628870989720963, Infinity, 0.0, Infinity, Infinity], "[220]": [0.060236120438752115, Infinity, 0.0, Infinity, Infinity], "[240]": [0.0577229500766303, Infinity, 0.0, Infinity, Infinity], "[260]": [0.05631527158309946, Infinity, 0.0, Infinity, Infinity], "[280]": [0.05464738019497875, Infinity, 0.0, Infinity, Infinity]}