{"[20]": [Infinity, Infinity, 0.0, Infinity, Infinity], "[40]": [Infinity, 1.7231964441047267, 2.0, 1.576532176717818, Infinity], "[60]": [12.0320392327159, 1.1243065188285994, 12.826981760319251, 19.992173465822706, 280.60446539305394], "[80]": [1.2105246457278838, 6.867573090991863, 5.3720857950400696, 30.532524260572007, 6.66072544717612], "[100]": [6.857358483826722, 18670.491426101078, 13.204069002894768, 11.97048235893675, 6.58393056821927], "[120]": [0.7555161469024005, Infinity, 3.3518081059577822, 7.391585325046293, 1.8933620029689753], "[140]": [4.415474405023982, 14.410901200058982, 15.062938927339731, 22.78360546369865, 4.119377284176174], "[160]": [37.729464771463576, 426.37333814208034, 110.25606386762793, 419.395301917959, 240.6770095487679], "[180]": [212.69560674060983, Infinity, 1074.5361005516388, 1188.6103727071686, Infinity], "[200]": [29.889514317369255, Infinity, 2855.989233018895, 2494.5138661211536, 1862823.6057052955], "[220]": [1003.7290928072581, Infinity, 608.9159675843064, 1684.343187468394, 5607078.823907352], "[240]": [731.1918768287109, Infinity, 2585.9568409411113, 1607.5513492562525, 1784177.4140117858], "[260]": [44.4823552612714, Infinity, 661.5527406746698, 128.38704557731037, Infinity], "[280]": [21.67128981471916, Infinity, 62.80349249669548, 4073.206401575981, Infinity]}