{"[20]": [Infinity, Infinity, 9.0, 3.5445671873588216, 9.657351478729243], "[40]": [Infinity, 22.12409986884053, 67.85714285714286, 16.32965622723971, Infinity], "[60]": [95.2828084244934, 58.304484464429606, 272.85714285714283, 468.6796929150915, 170.88845201680857], "[80]": [15.741318905945263, 35.22732722424189, 299.28571428571433, 851.585607387326, 207.97425611504127], "[100]": [23.719855653151853, 340.42010561785423, 426.8571428571429, 1344.6268438493898, 301.8403473418723], "[120]": [74.33636689187779, 3.013740015083462e+23, 455.14285714285734, 1936.9430618833173, 122.9053325258028], "[140]": [1628.0518706410676, 636.845600766057, 5544.714285714285, 5629.493708936132, 1690.9414587872816], "[160]": [575.418456045627, 4.463276418931589e+19, 3510.142857142857, 1302.3475956425882, 1690.2803193105829], "[180]": [555.6461483227827, 2.6061180730096752e+23, 2612.7142857142853, 84.38770214634269, 482811.4273869158], "[200]": [521.2702655410135, 4.511567207855312e+39, 578.0, 47.06324191323233, 231.76085837111646], "[220]": [290.3625678229053, 1.60738265276656e+64, 133.71428571428572, 35.64691914756375, 127519.5427800638], "[240]": [101.92040312287389, 4.085139716889437e+38, 43.85714285714286, 36.605343736287935, 4.3992842248166255], "[260]": [73.4201989320515, 2.6852433826416007e+73, 18.142857142857142, 4.772072242618652, 24593.7226759553], "[280]": [52.85485530319929, 3.054213171857062e+67, 2.0, 3252.013061170731, 2.248654341568865]}