{"[20]": [5.0, Infinity, 5.0, Infinity, Infinity], "[40]": [38.36915851168607, 101.98570434080698, 90.46778488086272, 3.3792686886613668, 190.1730736216736], "[60]": [183.2764114471265, 1556.9484054272177, 2571.4166519984624, 1804.8769397762524, Infinity], "[80]": [5714.293159785609, 21681.332223938964, 12414.617184458346, 15266.74386646448, Infinity], "[100]": [6093.575706482697, 101177.32674103214, 9557.072368817551, 3149.36025018499, 8774.134550504556], "[120]": [885.7405140157406, Infinity, 4132.162220576601, 10344.455239146802, Infinity], "[140]": [175.7904854443863, Infinity, 726.065865066575, 76741.08967736125, 181.15262124045995], "[160]": [415.7987081833715, Infinity, 185.97546517475834, 2947051.766692234, 48.8005682413025], "[180]": [236.22651062396704, Infinity, 55.66465862603339, 2615473.7928288965, 15.554615973396835], "[200]": [138.7208816720798, Infinity, 12.462642602050646, 2323517.616598345, Infinity], "[220]": [110.64307522443343, Infinity, 7.071652336361515, 2235053.432249914, Infinity], "[240]": [102.68952221129743, Infinity, 1.4087231605308361, 3.4904471261920493, Infinity], "[260]": [100.47183902142766, Infinity, 0.5683311781688876, 1.8879149924323064, Infinity], "[280]": [103.26375484125903, Infinity, 1.0, 0.8392045497399884, Infinity]}