{"[20]": [18.90437943740777, 614.1222796883932, 20.67640628738966, 436.2606859579432, 274.75578203983525, 14.873809861658698, 210.37038529117743, Infinity, 379.62385892105425], "[40]": [155.78626798251398, 50.48005325582312, 219.39058154993066, 5.130905537839543, 243.7471452130574, 24.74664002360803, 26.25255424700744, 255.3758667158324, 37.92869628569462], "[60]": [163.50041938078502, Infinity, 273.6178343205975, 405.5367488501927, 71.75498879316055, 443.8501003182581, 494919.6621916361, 1582.9011989415787, 1770.6608782780124], "[80]": [21.000103025528237, Infinity, 31.783526561138775, 577.2175641264647, 4.283557218701311, 31.984682077218018, 30.40254077255928, 4827.046409988765, 2638.17348025685], "[100]": [23.856449448461934, Infinity, 10.351256983356173, 633.2354330543249, 22.539071371680762, 13.322728552328272, 18.586395158908857, 60.24778296358575, 99.44772922203447], "[120]": [598.6170274646151, Infinity, 695.7521816646273, 1364.0664328190135, 689.0576068963533, 717.8623755451242, 687.218182300129, 625.6777463636771, 645.7845248155984], "[140]": [7985.342856870195, Infinity, 14247.430661585973, 15139.056064579674, 13763.432968367117, 15685.467586400468, 17357.756836007455, 1393.022338175751, 2633.0909441401905], "[160]": [7078.275110743587, Infinity, 31046.12700694846, Infinity, 6831.355064484523, 11270.917643336381, 278373.86518408323, 7412.1088147227265, 8247.994065710367], "[180]": [7308.216055959302, Infinity, 30624.236380996248, Infinity, 41020.58970008716, 18027.224637492174, 42701.46922252885, 50975.015490135615, 40720.46539133354], "[200]": [3658.6198247398, Infinity, 12418.684207807062, Infinity, 8401.524416247266, 6904.765482961112, 9551.835606357336, 72531.41403718847, 75045.4629355463], "[220]": [686.8453008175348, Infinity, 2390.346349243776, Infinity, 1466.1031359441288, 2249.4589185315203, 2286.4098178558984, 3540.3332137609077, 3507.159551057226], "[240]": [527.7005257250815, Infinity, 465.5916331313126, Infinity, 298.1627618357726, 846.5925264454, 815.9258677037824, 33.45016040281331, 125.57371960659428], "[260]": [438.89436474502463, Infinity, 52.601148897487114, Infinity, 56.04108978488357, 291.8788519499355, 280.94305208494444, 1282.7831711518604, 1194.4489745231397], "[280]": [394.2601828124846, Infinity, 7.00346302714957, Infinity, Infinity, 94.4452312154538, 92.13644246624618, 774.065665342231, 786.4355329207734]}