{"[20]": [41.86292553237711, 19.37453478612656, 44.90284888968422, 9.796127358361092, 6.559586182130781, 23.963273565770326, 82.46899216723544, 14.384667029717516, 24.845738399736682], "[40]": [475.82811609384675, 66.8139525288209, 637.617053948982, 696.1238679163149, 682.979216371354, 196.1179178520799, 144.80656956604628, 3.766949669147158, 26.074370441311547], "[60]": [160.63990296868428, Infinity, 1575.4757909605867, 1839.6710945330517, 417.02465068110325, 48.31685281263195, 317655.1741763471, 5760.607619616882, 3514.1284083200917], "[80]": [70.15133772688858, Infinity, 739.351090353136, 2771.083764961266, 446.5567370033793, 719.8613080827, 446.7909592394808, 6545.792791683899, 6976.590391817373], "[100]": [97.60596850330103, Infinity, 450.32851856696715, 3422.3307647373913, 316.19285592963354, 817.2097021392293, 77.5909160903554, 1815.2728163362863, 1958.6015864030574], "[120]": [899.0663212281643, Infinity, 1882.2466340409057, 5450.326449669683, 1756.2138130178969, 2544.8090852542023, 1531.5926191680614, 1065.241695784713, 1004.4295657281618], "[140]": [15314.350943276479, Infinity, 31374.46732290656, 37340.61135662909, 29891.180026073678, 35724.791314222944, 30381.037140178225, 2907.5582467051763, 4917.496400126714], "[160]": [23043.85695269803, Infinity, 7146.188172624475, Infinity, 11534.7147382219, 10154.977675603724, 537103.6517953867, 33648.51908110375, 34946.74547197514], "[180]": [765.6467205484014, Infinity, 31187.078995676315, Infinity, 29385.200460717875, 14468.103174701379, 21538.33575354749, 8814.27527841368, 5284.951545026186], "[200]": [684.1704173145285, Infinity, 9888.32640014569, Infinity, 5553.30122780539, 4447.234489935927, 4267.077425185925, 4407.015084913412, 491.1071186115484], "[220]": [493.43112570799894, Infinity, 2219.2639757805473, Infinity, 975.2080914826979, 1602.4650892253746, 1363.4533274891846, 1940.186346408707, 1124.3390083829804], "[240]": [423.15165909417897, Infinity, 586.6033610807339, Infinity, 238.90564206759905, 690.3905078501576, 528.338420415636, 254.84260224239733, 334.68684369910955], "[260]": [470.6473888846394, Infinity, 76.72096436883372, Infinity, 37.667391000702764, 248.49314160089853, 183.6511090930737, 1075.1450590969973, 1050.6601110301192], "[280]": [433.99341072248774, Infinity, 7.497639575146701, Infinity, 9.904693920922249, 80.48754470217366, 58.53850698624786, 989.386056222352, 988.717791068851]}