{"[20]": [Infinity, 0.00038431969908012077, 0.0, 8.75646669766874e-07, 7.900190661321851e-06, Infinity, 1.5413033922042188e-06, Infinity, Infinity], "[40]": [1.248756532220721, 14829768.293023137, 3.570815515917543, 11.182444999776301, 12.789914658297398, 2.801576618052699, 6.405792326942177, Infinity, 16.936801805437373], "[60]": [158.60982218266517, Infinity, 243.44034038988016, 203.3306846889298, 192.78179320395682, 162.33736539326932, 40999.66608569112, 2019.3514668745418, 14.169969836812092], "[80]": [674.2308115047865, Infinity, 2818.013985603409, 596.1339809723092, Infinity, 300.34636974449734, Infinity, 49.79844341535421, 384.02302663769314], "[100]": [128.22460888798958, Infinity, 270.0614091565495, 788.4450486531078, 727.8740031349726, 592.2151679848608, 6022.177492576392, 15890.492831049207, 12333.47560840935], "[120]": [128.53824221581246, Infinity, 1983.6836658111085, 469.3365815715398, 380.8404256932426, 346.95525812207194, 915.4151910643753, 1160.7021500085787, 452.56693431519795], "[140]": [49.04243564959977, Infinity, 343.7387253453319, 95.70123635603638, 91.06440403387442, 65.55190751328608, 98.20179178446696, 250.79964398235694, 227.17667074085176], "[160]": [67.33914221176664, Infinity, 48.84788949236142, 21.53490429716501, 21.68803553611532, 16.11551515470149, 15.736318251179828, 226.9600223550054, 197.19733549212705], "[180]": [30.97946993942975, Infinity, 3.4385159616292453, 1.4466097171974255, 1.8778635101685033, 0.5385554769338271, 1.9585060084652433, 63.89429012927003, 70.84700058538893], "[200]": [28.576769380571108, Infinity, 1.3547870402899513, 0.8876812100037211, 0.9796831998325639, 0.7347402383535819, 0.6434296805948934, 57.443934950652704, 59.27744207176902], "[220]": [26.059310240173705, Infinity, 0.0, 0.0851876416568297, 0.12981598124807647, 0.06029615858212339, 0.0935090492611127, 49.648009236987065, 50.584935157673065], "[240]": [24.342704337335604, Infinity, 0.0, 0.012372197685717031, 0.018712913720101393, 0.008379345118522293, 0.014086546604532728, 39.079932433332985, 40.27681010499041], "[260]": [22.90996184137977, Infinity, 0.0, 0.0017968360334392475, 0.0026973538334562476, 0.0011638913779974944, 0.0021197068743309187, 33.42637793442467, 34.370252889852715], "[280]": [21.683376041747916, Infinity, 0.0, 0.0002609541581280164, 0.0003887949225467414, 0.00016161495248650902, 0.0003199348536326491, 29.20264197827626, 29.96693275845602]}