{"[20]": [468623.87257371616, Infinity, 42.60317307788297, 35.77083090567181, 21016.723324392602], "[40]": [165.63684572010325, 367.60159228012884, 787.445721905325, 312.1693261629039, 4360.296722463771], "[60]": [1432.6985375760987, 14901.69473112581, 17614.341340674357, 8708.786681593256, 14705.535744529581], "[80]": [124322.09599314784, 126680.68780378127, 37104.2908988002, 52075.10454205835, 12268.963548292904], "[100]": [16892.18459063661, 10892.786507957318, 40789.67358702087, 5081.150824950414, 10990.810745797267], "[120]": [1336.2908001421058, 17915081.870623413, 10922.181851051328, Infinity, 1684.7057746062978], "[140]": [661.3163181907408, Infinity, 1711.8234021080248, 216357.1496345338, 196.8635995277463], "[160]": [3686.3248009127096, Infinity, 343.8499367176228, 31.810496442143968, 40.017407451953225], "[180]": [3894.683598982014, Infinity, 66.09784601815417, 12.806662958468653, 2.114522740011293], "[200]": [2800.527343941544, Infinity, 13.81737721075857, 2903663.578054004, 0.20775384291592208], "[220]": [1872.6233377285673, Infinity, 2.6798801756843034, 11400194.61999902, Infinity], "[240]": [1161.4610456554608, Infinity, 2.0, 0.5080555082075772, Infinity], "[260]": [648.4513976320707, 2.6611694755297237, 0.09738040192301162, 0.3495862725613902, Infinity], "[280]": [478.66050531712887, Infinity, 0.3256874144572545, 0.3710227381906969, Infinity]}