{"[20]": [9.842410316148142, 7.9335863865092335, 9.0, 7.040024528620065, 7.645263256759746, 7.162061037601246, 7.677052765757827, Infinity, 9.017717223146533], "[40]": [36.31483726624552, 18.013741715971207, 67.85714285714286, 21.822258276540452, 74.15225055599247, 30.414305618007596, 24.760808711847545, 869.4701810117672, 19.29946800281064], "[60]": [285.2019803247845, 1538406310737565.8, 837.2857142857142, 619.3003054558397, 603.8557893542207, 95.20584733466671, 94.03253327951234, 81.08496830753734, 67.9270089963095], "[80]": [17.868500767104706, 3.40077629912588e+24, 6134.714285714286, 270.27635538623144, 74.42377497712914, 76.82602708551894, 89.86635110482166, 1878.2824348510603, 1864.701118463474], "[100]": [719.6627692190705, 2.414254885475781e+32, 1934.7142857142862, 3.4612524145013595, 642.874371744263, 82.47207572769184, 480.32257440795183, 9166.96480968338, 9732.964528142531], "[120]": [1092.529645573003, 7.576325486168787e+35, 3926.4285714285716, 66.47800952712123, 310.41521289127104, 336.54154933125074, 254.85791442903155, 7908.868394180319, 6139.869459357749], "[140]": [184.41899960162982, 4.537767621226321e+50, 963.0, 152.79892442705068, 45.16827832996785, 28.219053629694486, 49.73017840279772, 404.2782443718388, 510.80337048960564], "[160]": [134.61043056940616, 1.9472354461076123e+59, 175.42857142857144, 128.21601898075787, 86.79837685750027, 91.07220197942948, 86.35669564656618, 200.95158490837463, 207.89951154398108], "[180]": [93.66619443494756, 2.8311610852975855e+67, 51.28571428571428, 81.56012088601233, 58.519462347186135, 72.97444379530407, 57.987856455117665, 166.7514058246294, 159.75725655537485], "[200]": [2873.006192937473, 1.9258664884755883e+77, 23.14285714285714, 39.49265093512966, 28.148080187438715, 37.71161432533826, 27.866998705619054, 126.70760569731911, 127.6505962093049], "[220]": [53.70192767434946, 1.6198306258292654e+85, 2.0, 35.15711226082465, 29.46289584047969, 34.805969023672745, 29.314782585299415, 43.1013745034995, 48.70018826858322], "[240]": [40.323056080485, 9.5085081810186e+93, 3.2857142857142847, 28.832230900929282, 21.931340505092244, 28.764936906862296, 21.747416200988255, 54.957815375912915, 62.8933932905432], "[260]": [49.484366906944615, 3.8746981460246653e+102, 9.142857142857146, 37.9518563500273, 32.075186288550256, 37.93919448875835, 31.918138880138986, 39.54663392328419, 39.21530090976472], "[280]": [71.74976761453172, 1.5387735893052318e+111, 3.0, 44.02679326287087, 34.77004313393368, 44.024440620734794, 34.52249255477307, 60.18336380605999, 59.71100557982051]}