{"[20]": [Infinity, Infinity, 16.0, 171.83935819364098, 20.53356352032182], "[40]": [Infinity, 223.9948004938022, 246.28571428571428, 131.7677911662555, Infinity], "[60]": [1320.5949263081545, 4278.720300766803, 351.85714285714283, 703.1266175787472, 232.22657910475272], "[80]": [105.40735265195462, 119.5194483626401, 99.0, 792.4730747344792, 103.9962420018768], "[100]": [21.34560667240305, 161.06281702942215, 22.285714285714334, 802.4952417621765, 4.921283386846085], "[120]": [511.094396143101, 1.0590808053904355e+28, 564.7142857142857, 1333.7342821617242, 572.4347657436034], "[140]": [1624.1603779918605, 39690.37346412355, 12525.0, 14326.898213581217, 320777.8212704068], "[160]": [16122.70436005028, 1.1558906387654705e+34, 16652.14285714286, 33452.64449236708, 681513.4902954526], "[180]": [12715.50978694782, 15798.803399977987, 20405.285714285717, 2757.502571818206, 473211.1559970878], "[200]": [460.5990432342246, 4.085271303666028e+38, 7984.857142857143, 5413.875213204075, 166649.86301772296], "[220]": [1597.098008480145, 1.608205057974189e+67, 1538.2857142857142, 1992.1129171504422, 117071.32783746556], "[240]": [11.80109908402001, 3.818306205036792e+27, 309.57142857142856, 52.65383578303701, 38243.089233903054], "[260]": [116.72656438506866, 5.725947879726666e+83, 38.42857142857143, 17.36146621048133, 13822.580567146455], "[280]": [1977.7859629124234, 8.771273077025397e+76, 4.428571428571429, 10209.426756195211, 6763.974331055122]}