{"[20]": [0.7610590325228781, Infinity, 1.4285714285714286, 0.8333845157492772, 0.4810707690913747], "[40]": [2.3680609229332044, 0.7320740490536384, 3.8571428571428568, 3.1840381530174593, 2.454469580049686], "[60]": [0.7896095632068869, 1108.1932239272512, 1.0, 0.7416858745670396, 0.4993082980048804], "[80]": [2.984739026287963, 1.069223887385995, 3.142857142857143, 3.51478681636038, 3.2969195676477314], "[100]": [1.6802117785873252, 0.12454422110857877, 0.0, 0.2313549191385063, 0.03516651280716275], "[120]": [1.3239592042020027, 1.0, 1.0, 0.31388869009450127, 0.8604644412333761], "[140]": [0.4513610283937989, 0.7563130460455194, 0.0, 0.04824036102709117, 0.11327055180254253], "[160]": [1.212984836027283, 7.183902596237081e+16, 0.2857142857142858, 0.8611142092161981, 0.859085844693495], "[180]": [0.22798028455782576, 4.049948251887559e+29, 1.1428571428571428, 0.48313955344597115, 0.9161956829067551], "[200]": [0.31752232189009977, 5.601527847439764e+40, 0.0, 0.0, 0.0], "[220]": [0.25316698042879654, 4.451384869816575e+49, 0.0, 0.0, 0.0], "[240]": [0.20891892445517177, 8.342358640230597e+78, 0.0, 0.0, 0.0], "[260]": [0.2273937073661495, 5.548286879071344e+93, 0.0, 0.0, 0.0], "[280]": [0.20027662628803455, 7.116745107729867e+102, 0.0, 0.0, 0.0]}