{"[20]": [Infinity, 0.5478876864646284, 1.0, 0.9999991742219545, 0.9999863229533286, Infinity, 0.9999975103198938, Infinity, Infinity], "[40]": [16.67485969856336, 471268165.77568346, 21.385214343642684, 32.74468725127529, 50.12065328991445, 98.26252973542013, 1267.3098915616968, Infinity, 8.406660333880492], "[60]": [178.46511118114674, Infinity, 230.62283214513718, 244.23714405813763, 241.84675380777622, 44.02601828350399, 106.22087170810559, 255761836.56117037, 5.060583166456585], "[80]": [1586.0314075332255, Infinity, 2672.351346212633, 1065.8633591741618, 490.02207143675633, 169.69797603575478, Infinity, 768.6544825026064, 616.872756025923], "[100]": [9672.735217922229, Infinity, 13469.77688216849, 5070.677660099, 2674.676682613927, 2855.47555851298, Infinity, 12091.732167997587, 13255.190102246663], "[120]": [1217.94235208017, Infinity, 421.40425624763503, 2053.522481638875, 10768.704245526282, 6351.014134096005, 10833.475718773592, 5708.298327102636, 18475.899987707344], "[140]": [331.6784999429748, Infinity, 10905.25462513108, 238.2479412244591, 2413.944783779844, 2193.2724731360167, 1879.460774974706, 42506.46499529616, 35522.98326210885], "[160]": [443.60410479885655, Infinity, 3075.761609670646, 180.88107832860086, 618.7403278862032, 649.1833424383709, 550.101997775504, 8215.80283106929, 6276.2677134946825], "[180]": [349.81123122037883, Infinity, 549.7330380319783, 73.13306462125948, 146.70432097283333, 178.016745567325, 134.80135424671462, 1627.9003364338664, 1409.572852603558], "[200]": [298.5363018941105, Infinity, 84.7841425622282, 27.002331383304497, 38.59377258156447, 51.19462336437355, 36.29076318100361, 763.8458177135394, 799.0266561799754], "[220]": [196.17538594083896, Infinity, 9.83434010283152, 4.689572305137472, 6.365570155056152, 10.202719500504266, 7.983846437042876, 387.89076317605054, 403.9045444924531], "[240]": [203.97268158315984, Infinity, 2.0562654630689234, 1.4753423180485925, 1.7914796317455133, 2.7121002346412064, 2.101756817755832, 394.8891021860951, 402.51755180410834], "[260]": [188.4320275434705, Infinity, 0.0, 0.25322798592371465, 0.2868472868745268, 0.5271605443859199, 0.4505050554837822, 312.27550260811404, 323.2431030373962], "[280]": [177.65098547879523, Infinity, 0.0, 0.04830454428715724, 0.0544292394612675, 0.10838376543553939, 0.09691713829873941, 271.53512204058154, 280.19119250461813]}