{"[20]": [62.27305461844061, 42.4909615495846, 72.0, 21.649908237516016, 0.9042110792372, 10.506955882493912, 11.448376534535058, 29.025888060127677, 28.636854157650703], "[40]": [653.076747022784, 430.59449915132586, 908.8571428571429, 964.093911038435, 808.7745406509455, 4.675302827329688, 45.270076874272945, 383040434103.47675, 172.18513695796537], "[60]": [4532.194995977676, 1.6870666926426903e+18, 8187.714285714286, 8504.184401758679, 7012.215672285486, 7435.761683871855, 4314.227889396848, 26902.911007302413, 3241.4511644769264], "[80]": [13401.670679325951, 3.729403789879908e+27, 38299.57142857143, 19704.618535381887, 1935.3749269319378, 9253.524631970555, 2540.202079022907, 25470.158075297833, 21104.08284115199], "[100]": [11074.925806079213, 2.647552091869952e+35, 4182.142857142855, 38768.45947879821, 22986.354490619895, 6985.263197819826, 569.1410978859349, 124212.04072553711, 152173.12781737154], "[120]": [4466.3964183791795, 8.308450134770628e+38, 30418.428571428572, 11067.615133582196, 4109.6173311200655, 5581.351594786742, 759.7638624702922, 61058.01856810553, 8424.568016961508], "[140]": [3538.114420121783, 4.976266294395922e+53, 9735.42857142857, 2789.4802673254167, 638.8977607051665, 593.9323549260653, 330.49506125599646, 5322.910882485396, 7561.617598431871], "[160]": [1644.2992572586481, 2.135402919236706e+62, 2249.714285714286, Infinity, 40.64035108284406, 49.21749569716599, 278.5087976009178, 2688.7709497096175, 2629.5460898201036], "[180]": [14.101111562247752, 3.104745092395459e+70, 591.0, Infinity, 59.795840240381324, 96.53012304863765, 131.54930650416316, 752.4587805249053, 781.1178360969618], "[200]": [723.5094923912784, 2.1119689227880706e+80, 160.85714285714283, Infinity, 42.93454218939979, 72.732386599143, 67.75138288245185, 2116.131083732453, 2147.5673854924153], "[220]": [678.8811118270278, 1.776360035683665e+88, 59.71428571428571, Infinity, 20.108811466545298, 38.8007408687874, 30.118038020622773, 1380.1800528713309, 1376.811191868459], "[240]": [512.5277085754478, 1.0427345148083256e+97, 28.0, Infinity, 5.330527212555673, 14.756417441098368, 9.469421936042268, 1108.2520293309012, 1134.590603065309], "[260]": [531.5294589923178, 4.2491225503989994e+105, 4.571428571428573, Infinity, 8.136631501372833, 13.871669229784775, 10.364446446555016, 995.4552601521252, 999.9922463242788], "[280]": [458.72282828502284, 1.6874702090631743e+114, 8.571428571428571, Infinity, 1.6399406756259962, 5.774889104472278, 3.160167089491886, 775.3663611380541, 791.0207439209]}