{"[20]": [19.88421671835739, Infinity, 21.067128251632372, 19.3292714072701, 64.73855991058923], "[40]": [7.419551556435986, 20.192984246175747, 168.26495100213842, 34.60060455343624, 7906.08444053083], "[60]": [189.98753946009714, 3603.13250077072, 2768.5837858715827, 1008.7575203315681, 5754.542196429021], "[80]": [2595.8628692123743, 986.953639879261, 20783.17782480167, 15650.338256137045, 8081.82091097425], "[100]": [25933.53534089937, 167182.38795124096, 6976.5354792045355, 10432.71189197543, 5044.46549245773], "[120]": [2301.6493856995708, Infinity, 11513.75029621039, 450.6256156854217, 1573.1648269518475], "[140]": [270.2068226649455, Infinity, 2119.992693772378, Infinity, 180.5778773027005], "[160]": [588.8143019346437, Infinity, 306.0640491434155, 12159850.094917381, 21.330051439128102], "[180]": [880.2718056019061, Infinity, 41.26462240671373, 10292514.906077925, 0.40639532679426776], "[200]": [785.2614160474801, Infinity, 10.615101839025751, 9032798.604061544, Infinity], "[220]": [579.0529343605446, Infinity, 3.1121368770198132, 8515650.974858431, Infinity], "[240]": [377.33701035388935, Infinity, 2.0, 1.952685167763381, Infinity], "[260]": [219.71879925839704, Infinity, 0.30947448396515026, 0.9097115178334182, Infinity], "[280]": [203.57083622162867, Infinity, 0.4230905940261031, 0.004078500790318025, Infinity]}