{"[20]": [11.399306703040375, 8.162379513333708, 21.260515312494093, 0.6274024674976638, 2.697788873260202, 2.519139816397648, 14.994542931349581, 2.537272997310131, 4.99094953144313], "[40]": [171.017487320714, 13.757933313957086, 339.9718471040523, 349.9491689080157, 235.49750830948201, 55.57591025779389, 43.961802167446194, 3071430.011980055, 22.1338352897509], "[60]": [969.903229843752, Infinity, 2782.3763021601903, 2660.9249024390037, 1779.2451058308031, 1771.5052731575602, 548.5927529516201, 2012.89200245156, 55.06513410985986], "[80]": [1996.3942285294793, Infinity, 17736.074504128304, 6204.51786205641, 1948.6654968349937, 2876.983136053745, 9761.012855837194, 6047.363622576846, 5231.773641500736], "[100]": [4151.3991615967325, Infinity, 3473.440459413521, 20664.1924688218, 5772.810583843973, 2810.6695483104795, 5960.141691534441, 7305.603162093483, 6969.945071956024], "[120]": [273.96064165653723, Infinity, 17432.22306395909, Infinity, 3808.0485629464206, 4735.594008235247, 1914.5165322277292, 14714.579745293458, 7310.8698957822935], "[140]": [165.13646588289149, Infinity, 5321.691028386503, Infinity, 635.0793818702986, 629.035342017233, 68.81147097664888, 574.4676495559396, 609.0486853649148], "[160]": [192.72915289520017, Infinity, 1328.7473109086955, Infinity, 6.238933719696112, 14.098621714297293, 193.53992913217007, 477.6871195387165, 434.74517660601646], "[180]": [182.41844386232998, Infinity, 363.6112065790157, 260.21175534040094, 8.773140965611177, 62.48602150114202, 73.72082736811464, 333.1267116241047, 379.93865597930125], "[200]": [114.98789564667769, Infinity, 112.3292563224008, Infinity, 24.2212591782711, 64.31540320910446, 47.41655735220506, 173.0812002511392, 197.924757720487], "[220]": [91.44345915367154, Infinity, 32.096816925518254, Infinity, 18.372022491055795, 41.12186839074159, 27.441195904020965, 154.4898150295117, 167.78233594495467], "[240]": [87.43861651910971, Infinity, 3.901094668557871, Infinity, 26.950991425847484, 42.87472652245679, 31.91538691309528, 136.39222491571581, 134.30381899831514], "[260]": [97.42064525821152, Infinity, 0.67259499163037, Infinity, 16.3936101329411, 27.949774779531822, 19.65311061171626, 232.8607419434809, 234.02346533527697], "[280]": [80.64354471974809, Infinity, 9.730475206741309, Infinity, 3.6078565371045115, 12.42931759941756, 6.010351625317583, 146.82128050822973, 146.27887099435694]}