{"[20]": [277.16482308302164, Infinity, 1156.0231795847549, 150.37383610708264, 115181.57152438562], "[40]": [2382.98314644674, 8822.303332016145, 330.934596031728, 1396.1537385364275, 870.939119694438], "[60]": [138.8493859056312, 114.78514561900136, 250.9476384311562, 2928.583838128401, 8772.637792438974], "[80]": [267.4081983452329, 358.09660682211813, 193.0724934994104, 10206.251930489128, 712.1668282797526], "[100]": [173.047487844896, 36.36710405709578, 352.7705060384615, 21744.706477642318, 657.6622638416673], "[120]": [213.71832708438149, 577.8067492188704, 481.25916592402535, 6740.170983707173, 546.8277744332097], "[140]": [49.174866174114534, 329.653765725302, 85.83575837957575, 32.42956860582515, 789.7672901395442], "[160]": [137.98037269073893, 2638914825827078.5, 18.272153589343926, 23416.188259639424, 665.677446678638], "[180]": [148.12091074683582, Infinity, 53.18698543531375, 3409.227164607851, 187.52559242248938], "[200]": [110.57075015030256, Infinity, 8.385966373234629, 810.9971349190633, 124.62094626006207], "[220]": [71.07790484767278, Infinity, 110.90397352985252, 158.5445726575778, 186.39007191395507], "[240]": [972.8012071926305, Infinity, 650.1116172653443, 111.47698232280025, 346.3813300036242], "[260]": [119.53637398161779, 1.356622920575853e+19, 730.1657190278347, 5873.156222028023, 585.7646730480079], "[280]": [48.26217639607954, Infinity, 411.8847710959716, 1870.0754582510838, Infinity]}