{"[20]": [3.694205843474712, 28.305236553198014, 2.899569904767256, 22.636978916003876, 14.201049175458333, 6.892914708180509, 82.73809330155137, Infinity, 2.378609734471613], "[40]": [92.89854580343653, 139.14447616201977, 95.18616403611809, 4.331661861081439, 5.792382566587393, 32.30103740251959, 426.52343438127946, 29.966541969249487, 37.6116387466585], "[60]": [1689.0247633036909, Infinity, 2130.8173849237387, 1944.8567468820233, 1395.0223068021637, 1476.522059094139, 421594.95854991936, 1186.418747110551, 75.36746518312849], "[80]": [3373.624887973927, Infinity, 14913.920963566208, 4238.185135363276, 1750.2464935545445, Infinity, Infinity, 605291.2850484989, 356412.259519956], "[100]": [1663.4179575896599, Infinity, 7100.489796609719, 3878.23445825807, 4321.371811747753, 5618.800667365398, 13013.47034400148, 78019.22301905688, 110985.64225572807], "[120]": [649.2956826080836, Infinity, 7104.405917413313, 606.8416748446646, 423.01815762141524, 718.7567850122542, 411.64937998117335, 41877.12282855412, 32792.248647270164], "[140]": [395.98399294728597, Infinity, 1262.0783416472802, 10.706721732289546, 22.517182389658792, 8.276006746801295, 49.81758698969248, 3304.179346077578, 2643.7236698506645], "[160]": [250.32103301840957, Infinity, 234.41512318987054, 34.43359985864753, 38.468049506186034, 27.046893229999178, 14.023885827241017, 525.2993911025798, 588.6827602115969], "[180]": [305.0989313764519, Infinity, 51.94173368499059, 6.232554501169576, 7.290207138396565, 4.897530113052679, 2.7242626227009556, 1018.6424698797211, 1014.1314842603699], "[200]": [222.1328089201749, Infinity, 11.73941614838032, 0.32416217043773665, 0.5481167894668284, 0.09684072498117191, 0.15458169079525363, 821.9303874937132, 834.6482247984047], "[220]": [236.56289972482924, Infinity, 1.0, 0.7359521232264445, 0.7795543946137344, 0.6986534723496518, 0.6418107881008559, 734.9810015253404, 735.841452685939], "[240]": [217.71704133884376, Infinity, 1.0, 0.08970117130824996, 0.065703332783567, 0.09476023890266833, 0.03352770819077004, 608.3520339674643, 607.3897370437949], "[260]": [205.50428126824107, Infinity, 0.0, 0.0020781111314420024, 0.001978864021931142, 0.0028910550388425937, 0.0051437918568465095, 505.8675232621903, 505.087157072907], "[280]": [193.54724645268803, Infinity, 0.0, 0.00027956981457435314, 0.0002639435543955828, 0.00040752082620483255, 0.0008011694402144812, 450.84143672125964, 449.46953952844854]}