{"[20]": [0.0, 0.00012671894416448786, 0.0, 1.0835556531333084e-06, 1.135219986086261e-05, 1.5870633693340166e-42, 3.413686555848105e-09, Infinity, 0.0], "[40]": [0.35391065236672126, 1814120.922595847, 0.0, 1.570647847840751, 1.2215491174634456, 0.47149868840212894, 0.3621532736694868, Infinity, 0.00015548906686202457], "[60]": [0.06697998905169711, 1538406481468142.2, 0.2857142857142858, 1.0060134181775584, 0.5495357239708425, 0.1457452750210142, 0.4468839595236975, 1.0658141036401503e-14, 6.217248937900877e-15], "[80]": [0.3226112375996642, 3.40077629912588e+24, 0.5714285714285714, 0.12011127656583441, 0.2497241037162789, 0.21199492473134557, 0.38072309264757714, 2.313417728890467, 2.7132721970118014], "[100]": [0.19331631569771796, 2.414254885475781e+32, 0.0, 0.007505225656323542, 0.01850472475151564, 0.009844310644095652, 0.02136248397726474, 0.18374902652644068, 0.36273962152982314], "[120]": [0.12473878934676258, 7.576325486168787e+35, 0.0, 0.0004999962497035467, 0.0014031217732826447, 0.0006704497174937675, 0.0015657739489983557, 0.2757569082442255, 0.3362294039817916], "[140]": [0.14953001348613007, 4.537767621226321e+50, 0.0, 3.329304206564526e-05, 0.00010619892154274591, 4.605742522412743e-05, 0.0001150965228028421, 0.1631610794665593, 0.19428320650719513], "[160]": [0.09425436335388235, 1.9472354461076123e+59, 0.0, 2.216700783001613e-06, 8.036608408418634e-06, 3.1644573591856196e-06, 8.456910007311549e-06, 0.11584029244007599, 0.13494524995063883], "[180]": [0.0799234203462815, 2.8311610852975855e+67, 0.0, 1.4759048766049814e-07, 6.081629829820978e-07, 2.1735114011521022e-07, 6.212003434307813e-07, 0.08979408979164606, 0.10275054064637201], "[200]": [0.0866633177689411, 1.9258664884755883e+77, 0.0, 9.826740974363277e-09, 4.602213089365336e-08, 1.493284594681549e-08, 4.566578847549317e-08, 0.07330969019833233, 0.08268397328871842], "[220]": [0.07717414461529029, 1.6198306258292654e+85, 0.0, 6.542754340487173e-10, 3.4826789576707547e-09, 1.0254160739024996e-09, 3.35174507300279e-09, 0.06193862400709153, 0.06903888622417415], "[240]": [0.06350993106043737, 9.5085081810186e+93, 0.0, 4.35623933732203e-11, 2.635482642131666e-10, 7.042923558130715e-11, 2.4639008330499265e-10, 0.05362126740723193, 0.0591863892439095], "[260]": [0.07083027906703104, 3.8746981460246653e+102, 0.0, 2.9004330858939737e-12, 1.9943751830771444e-11, 4.83691666367847e-12, 1.8114850266478242e-11, 0.047273165796694855, 0.051752726946282544], "[280]": [0.047843192532079803, 1.5387735893052318e+111, 0.0, 1.9311409301176696e-13, 1.5092235931419172e-12, 3.322385713971988e-13, 1.3305894966839246e-12, 0.04226899220575153, 0.0459524635546333]}