{"[20]": [3.9656114550610395, 3.511455334091408, 4.863991848663436, 6.508760438849995, 5.402454991225805, 1.610763792300402, 42.38917458619069, Infinity, 3.519858091258886], "[40]": [79.1296943613886, 25.798796466601996, 168.93564128282483, 5.293054900622095, 175.17525819842373, 100.80984919552456, 56.22875252303555, 121.1478265686999, 83.17935628358586], "[60]": [1512.2838189746458, Infinity, 4782.86376603803, 1162.2975494548982, 700.837789516172, 518.3103345950931, 2421.463645495624, 237.81363176217363, 44.054685238152736], "[80]": [1208.1602803241847, Infinity, 739.4909314500784, 939.033562635315, 1350.433542448846, 798.9606227197182, 584.0584109659717, 278.35420587502506, 4323.171601855139], "[100]": [383.3278541234482, Infinity, 4429.779155951758, 154.20305659401347, 69.69655889142199, 174.95729389767598, 179.02680194400799, 302.61281336398577, 1911.9950904548257], "[120]": [153.56889707028716, Infinity, 828.2543357621304, 280.6157386300332, 236.0877250697037, 216.42909970615278, 115.51861068739922, 752.533291924844, 657.4765330179163], "[140]": [94.92547594789882, Infinity, 175.93874328627604, 195.88880931825156, 169.65292988749457, 179.0924558935309, 168.4531254780429, 58.721259934896885, 2.7987310926919675], "[160]": [95.9904550745054, Infinity, 68.77728402194484, 72.22126220538736, 61.84600527104405, 69.46716671501828, 92.55722194615304, 208.4195014497249, 236.3235115535684], "[180]": [79.17782429093576, Infinity, 26.82710444894907, 27.865828907442175, 23.31276110664357, 27.469518805463746, 45.185546094824815, 143.23565501106495, 170.85917179526948], "[200]": [61.21127791217491, Infinity, 20.848985126910602, 2.6396072682288376, 0.7740035495286367, 2.585336041613202, 11.010639373284254, 122.07844721618794, 132.09617744684434], "[220]": [57.120669162271554, Infinity, 0.2393232707589707, 4.889456505939432, 4.4678543030976385, 4.8822389799967025, 6.836142964562479, 117.36058631463966, 122.1514035487392], "[240]": [58.18117072537153, Infinity, 0.6286009804963322, 2.7951252472601893, 2.5540866549568735, 2.7941842295661323, 3.962587268967269, 113.6400992886967, 118.00017133546902], "[260]": [46.96888587897706, Infinity, 3.3778095751778916, 0.20465629331515944, 0.44571676777358116, 0.20477337516199287, 0.9805749498709729, 77.08959445070828, 79.1712569498407], "[280]": [45.557544075144506, Infinity, 1.0, 0.3011604573404073, 0.36142613232898513, 0.30117538423853946, 0.004237675008857458, 67.73754446102366, 70.13290865326833]}