{"[20]": [3.7533873935920106, 24.14639339588218, 5.857142857142858, 18.105651580168995, 17.249252721624625, 6.143208104800879, 2.667194652929365, Infinity, 5.603691774362099], "[40]": [19.212864992429715, 14.66690329254861, 41.42857142857143, 5.9134059587293635, 51.348226209427736, 12.8981868475922, 6.977499557437952, 190.28077229272952, 13.430160843401566], "[60]": [7.568431996173672, 1538406343663495.0, 95.42857142857142, 82.93663176921382, 102.40966568869456, 97.38607932355546, 96.56333201124886, 10541.415702599254, 205.40409785845463], "[80]": [35.0810659889832, 3.40077629912588e+24, 3.2857142857142776, 155.74617644878762, 0.17619847621000417, 7.12226880016641, 7.704029319599101, 94.46000233542406, 77.28936314027732], "[100]": [50.84304059131682, 2.414254885475781e+32, 55.571428571428555, 112.87727619452822, 48.99447237690447, 58.358646679699575, 43.21366845022851, 99.23466662072917, 76.26296876496798], "[120]": [18.545664713777967, 7.576325486168787e+35, 1.7142857142857224, 142.0361053975655, 17.085999265118573, 10.00579702436201, 21.02052656074335, 9.523384514630607, 6.976005189771655], "[140]": [334.7857738431769, 4.537767621226321e+50, 797.8571428571429, 1028.6536469253929, 669.5688265028031, 854.9041731525192, 668.9362083579042, 200.21250900455777, 195.85471015164558], "[160]": [669.5985669951315, 1.9472354461076123e+59, 4985.142857142857, 4158.8366635485145, 2546.652252528208, 2636.690920679809, Infinity, 821.1989013248876, 834.2410380948731], "[180]": [374.59912700032874, 2.8311610852975855e+67, 1728.4285714285706, 1300.5639535728878, 5399.746715331599, 6398.707522228131, 5971.558760522083, 2199.9193926669413, 2021.984033053841], "[200]": [237.04643242135262, 1.9258664884755883e+77, 3559.4285714285716, 2233.315672440085, 2641.6828548776157, 3472.8446913636217, 4126.750316007974, 595.6119265595189, 767.1374256270051], "[220]": [167.8357771599276, 1.6198306258292654e+85, 742.8571428571429, 1063.7894469978114, 874.6307505383711, 1208.013030206961, 1634.135623635465, 106.80378217147853, 48.37054684586525], "[240]": [42.97658672410944, 9.5085081810186e+93, 143.0, 404.7460807398326, 316.475898928257, 456.35130658432706, 642.4337602395731, 54.03553285976611, 63.55547415449632], "[260]": [15.174202963438347, 3.8746981460246653e+102, 18.857142857142858, 134.64567629481041, 99.94786732898585, 156.3918056521908, 229.09283746511102, 14.985863134369467, 17.757621794830037], "[280]": [24.228399653163706, 1.5387735893052318e+111, 3.2857142857142856, 44.986241216767894, 33.0151776174127, 54.00484286871602, 79.78741355686172, 36.34945985034766, 38.65197962781218]}