{"[20]": [Infinity, Infinity, 13.0, 12.642302905749192, 7.6736305046272575], "[40]": [Infinity, 73.04398717106068, 197.20633316792436, 133.14080737514104, Infinity], "[60]": [789.2984866168765, 677.6157275742174, 403.72082455240627, 744.0982820612162, 304.2515163758121], "[80]": [7.433773840654845, 37.33111326752561, 399.9308233819858, 1211.4428711414732, 133622.85610754212], "[100]": [12.4048977323671, 17132.961330415983, 655.1546776636179, 1988.568126954429, 245459.4213729946], "[120]": [1463.7686221238894, Infinity, 2024.1745764519924, 4119.35896232625, 991.7990319189431], "[140]": [9675.312227112707, 16611.4004293517, 6703.083821037889, 7986.994302044075, 2834.5796214320317], "[160]": [3897.82482068537, Infinity, 6259.304227862785, 2466.159496850552, 6379.6172173198665], "[180]": [383.7527772061887, Infinity, 3187.253690758258, 2022.1336290545225, 73273008.20355578], "[200]": [1043.7517705594098, Infinity, 701.4020409789891, 1110.1296138529465, 313.6815377722929], "[220]": [686.6778387571155, Infinity, 183.89612173245766, 531.6709519709914, 35248113.655380145], "[240]": [149.14556657200185, Infinity, 55.47340050047809, 29.984536919532108, 19.202063778761843], "[260]": [126.971757542475, Infinity, 22.878874023993852, 2.217765210458537, 4684103.211380077], "[280]": [356.97368852704113, Infinity, 2.1890703493332286, 1563.01664188777, 1.8641558365028026]}