{"[20]": [Infinity, 0.9985431594900871, 1.0, 0.9999987085353498, 0.9999851957270451, Infinity, 0.9999912063607439, Infinity, Infinity], "[40]": [4.493845130460618, 0.5369375956840298, 4.928085017849849, 1.3522318799998911, 1.2128237751127122, 5.713671022832455, 81.02936887531325, Infinity, 2.4925656451007856], "[60]": [0.6090266241837928, Infinity, 2.3373349368784706, 9.021373061223022, 9.678356611253452, 3.322382326448478, 0.42533170731057857, 959.2271118509962, 10.220961737396706], "[80]": [0.6102372282030957, Infinity, 2.362605583594541, 4.207846061466547, 3.59320103528743, 0.3997400290213589, 0.6681134356858177, 3.2747985696782185, 2.259415811538686], "[100]": [1.4320360386481017, Infinity, 3.3950059609028655, 0.2463736232145633, 1.1321118021345253, 1.0630536639769694, 1.4406566215773948, 0.2221273707536038, 0.5410700542819238], "[120]": [0.6439814020202739, Infinity, 1.0, 0.32084967574878925, 0.02760117365775212, 0.6326796080707491, 0.591755674790815, 0.8934927922711372, 1.0854241008534569], "[140]": [3.160312020526788, Infinity, 4.95642712200726, 5.6971491533501935, 5.992999420444744, 5.62632441747788, 5.454042976829133, 2.364468857699886, 2.4113065483774387], "[160]": [11.13916796863017, Infinity, 13.932306189580824, 26.277857206448125, 31.999232179709793, 26.25523318240361, 289.0429198286037, 9.566073376304832, 9.740109413065095], "[180]": [28.262895314272694, Infinity, 72.70026694175968, 133.9807063028907, 164.9998324935948, 133.96570750748256, Infinity, 20.12102011116954, 18.649132922441947], "[200]": [58.357575859331995, Infinity, 352.10347063881034, 642.1313879873485, 789.9999446399124, Infinity, Infinity, 26.0017959004253, 29.423580934628113], "[220]": [110.87485090679571, Infinity, 1073.5486307977765, 2142.4791746119804, 2667.99998157457, Infinity, Infinity, 82.15283110507026, 93.27895780866993], "[240]": [125.89935915450951, Infinity, 634.2043229135859, 1733.2749080941396, 2727.999995444859, Infinity, Infinity, 218.97831040573018, 233.99048396068096], "[260]": [43.45132713598287, Infinity, 529.3054524750771, 643.7339494119566, 1102.9999994678608, Infinity, 15422.467084971166, 1118.9306988494284, 1052.6380074383221], "[280]": [106.8389485263284, Infinity, 460.0047681335003, 1121.9268791861518, 1426.999999951708, Infinity, 3982.209135206381, 39.950855931361396, 53.358947615457275]}