{"[20]": [10.083761000414546, 10178.69597231865, 9.49136822243165, 163.82937061449385, 920.273144260433, 5.502909547145983, 9.54905376839845, Infinity, 6.7278096302013015], "[40]": [53.0331027436299, 27.078876631330672, 58.9611970306876, 6.1402781598561305, 5.479789169643307, 49.13586295882446, 25.577431199354173, 17.767593767385073, 13.757589500667319], "[60]": [175.28675908300926, Infinity, 267.5063438449825, 326.93191665076955, 315.0326386489446, 145.8754969933798, 68.27861389323975, 814.0728899128209, 76.23281747374499], "[80]": [851.969192350517, Infinity, 1719.4921809961284, 1652.7239063875509, 111.37022163985212, 122.9027818938432, 532.6200373776455, 679.5512091159028, 636.6706131079266], "[100]": [2348.497475796026, Infinity, 7366.0172452167835, 5110.562367067209, 1278.0667305889133, 1306.8243369352742, 3571.329511132649, 2134.6067484311625, 2154.730366576427], "[120]": [3563.281065079938, Infinity, 5588.382599286127, 1596.5728492276064, 521.1296412945303, 276.34310778506716, 17673.869184682026, 14108.801173027823, 17452.455490107975], "[140]": [438.74227773581674, Infinity, 7972.555177118355, 606.5722186903532, 1275.9589882452174, 671.5400400708667, 1215.6628465155986, 3028.1992124040084, 10914.366391627487], "[160]": [1266.4121159544916, Infinity, 4995.83967503901, 141.43991689650105, 274.13783769828234, 129.464971887248, 63.3913515281789, 2277.9762451585093, 630.581220211734], "[180]": [479.80461101422844, Infinity, 1450.4480851747376, 112.91500277767047, 21.695311004807706, 51.465867863793896, 48.79534733400371, 981.3941958139545, 897.0475207188414], "[200]": [217.01306034199743, Infinity, 371.25561761414434, 57.16343844406676, 32.74824793481667, 40.436666677839405, 37.93779233106516, 457.62125968725394, 490.58974669211204], "[220]": [251.7700203518597, Infinity, 89.52291957474453, 31.03114421004535, 23.48657868817521, 26.736443378324033, 25.809103233134305, 637.8642448028115, 653.9848327987789], "[240]": [149.28920251462117, Infinity, 33.00986197388218, 10.179445692090255, 7.584439678439437, 9.11447440749708, 8.761495270191471, 454.0163367420624, 447.1328005446726], "[260]": [144.62112740969468, Infinity, 7.000806365077165, 4.9221716088927865, 4.19996402623801, 4.663728642401966, 4.562564781419165, 345.9019900577971, 356.9269956829102], "[280]": [124.06058605127551, Infinity, 0.8714389307032683, 2.6159861968624627, 2.5121126191445384, 2.554198143957148, 2.5411164556278396, 255.49688761426248, 262.9907805490836]}