{"[20]": [6.6441017074190505, 5.648377134173188, 6.285714285714286, 6.448780367237625, 6.833237312923563, 6.4517386005380555, 6.833241369691805, 7.0, 6.28937942945644], "[40]": [55.15940505694452, 50.179714388740024, 103.28571428571428, 0.329277118583434, 100.23711741963471, 32.76773421208982, 34.08716496722248, 4053.3392775742477, 28.66179974852318], "[60]": [704.152948497047, 1538406192446528.5, 2219.4285714285716, 1439.8014642754126, 564.6161036402314, 541.4731206825372, 521.5617515743247, 287.59288275197105, 190.38909861207594], "[80]": [1569.0527938815103, 3.40077629912588e+24, 10766.42857142857, 236.81530930365625, 1540.4479147630009, 123.60352112952387, 388.18375687831576, 936.4202097945963, 1852.5999200489823], "[100]": [1083.3094169705291, 2.414254885475781e+32, 8832.285714285714, 1303.5471775844035, 1245.1231617716785, 1689.1463393940248, 1427.3328778758842, 46712.484654724285, 19364.40239016164], "[120]": [216.55927008843082, 7.576325486168787e+35, 2926.4285714285716, 89.42104244426719, 0.7279770206466765, 115.34554348031588, 144.54455565045646, 6644.416905208684, 5194.07442178171], "[140]": [5036.884118158367, 4.537767621226321e+50, 485.71428571428567, 34.62766611254574, 50.27589368242786, 27.468547307477763, 7.39510067185023, 84.81267559139201, 173.63250122288497], "[160]": [146.74346075588073, 1.9472354461076123e+59, 80.0, 14.301758408885256, 17.741219131951304, 12.964385297884768, 12.29580756424199, 256.4078761667454, 299.2657925820625], "[180]": [152.32268486783687, 2.8311610852975855e+67, 10.857142857142858, 2.0017905470716864, 2.558697321407023, 1.7933269753381031, 1.5166814318023878, 244.36753668056787, 260.3060648084895], "[200]": [83.12492610044364, 1.9258664884755883e+77, 0.5714285714285714, 1.529945476034261, 1.5636191585996269, 1.4996595867752365, 1.121707222120837, 160.724978435674, 168.88177153821167], "[220]": [65.80567269921312, 1.6198306258292654e+85, 0.0, 0.6795790816100533, 0.7230030952212723, 0.675356745320679, 0.8469508745828661, 128.16081135389572, 132.89954569916836], "[240]": [60.14584480816984, 9.5085081810186e+93, 0.0, 0.002196945126401328, 0.0022921746313871887, 0.0027688848216297413, 0.016857508240427057, 104.03070062987635, 108.4226426109863], "[260]": [54.582417233165415, 3.8746981460246653e+102, 0.0, 0.00025056341123828966, 0.0002588953117900971, 0.0003264717924663992, 0.002381559253455605, 92.42470728115035, 95.39413098525159], "[280]": [49.321206574335065, 1.5387735893052318e+111, 0.0, 2.857696326095116e-05, 2.924156652523973e-05, 3.849176536077369e-05, 0.00033645587950122374, 80.7983692926962, 83.18352984129282]}