{"[20]": [5.0, 4.9998732810558355, 5.0, 4.999998916444347, 4.999988647800139, 5.0, 4.999999996586314, Infinity, 5.0], "[40]": [33.051150929448355, 31.390246961196524, 73.57142857142857, 15.47480947571259, 73.63713874868934, 18.867132909459542, 14.9334263771255, Infinity, 47.08497566930424], "[60]": [676.7012388245387, 1538406219275484.5, 2031.142857142857, 630.2367837655763, 475.63005212820417, 297.39222152237016, 262.2818039497447, 139.26603574978662, 517.7921755486082], "[80]": [2401.0743738817073, 3.40077629912588e+24, 8359.714285714286, 785.6970332704295, 1620.608236717755, 266.5762392360666, 25.010236955004075, 2204.88159306534, 1391.701574608669], "[100]": [495.33207550293537, 2.414254885475781e+32, 7191.857142857143, 924.3937424342676, 721.213076992175, 1183.029646500101, 1026.6967954717766, 179108.9972302679, 47492.30425320461], "[120]": [387.15549615760574, 7.576325486168787e+35, 2055.0, 56.13054018601929, 127.47725748256244, 42.77469569234427, 7.3058784174425, 1350.0895398262955, 1410.0595004902007], "[140]": [271.1628015448259, 4.537767621226321e+50, 347.8571428571429, 143.8179797756514, 160.50216420515997, 135.8597105755457, 162.3632878765835, 374.57249232840695, 394.84594005342626], "[160]": [139.25746969016882, 1.9472354461076123e+59, 104.28571428571428, 52.33995371363887, 57.57465778524395, 50.61491891346668, 74.87335555565315, 172.24488703506154, 198.72414053793864], "[180]": [80.46042120247103, 2.8311610852975855e+67, 31.0, 18.26420746775689, 19.919793542631197, 17.988982188630896, 28.54225558801, 211.8399824354197, 215.6496941973697], "[200]": [90.8746969474796, 1.9258664884755883e+77, 4.714285714285715, 8.756684946866313, 9.31434458744966, 8.716067581930481, 12.879566598169083, 201.47545789936603, 201.4394958208149], "[220]": [71.88487674164662, 1.6198306258292654e+85, 5.428571428571429, 0.9176837783056523, 0.8187130656809978, 0.9234407524361415, 0.17554404122625336, 149.69619365436785, 151.59861228431737], "[240]": [61.6653021979123, 9.5085081810186e+93, 1.0, 0.9983667804086801, 0.9982684018447326, 0.9975728050038573, 0.981037116726041, 113.8780030027234, 117.50538140621595], "[260]": [58.676693986872124, 3.8746981460246653e+102, 1.0, 0.30134578475197893, 0.2680643302752132, 0.30145312272318847, 0.019247936716339318, 109.99597640044348, 111.84230620226629], "[280]": [51.737241557085326, 1.5387735893052318e+111, 0.0, 2.157599938529151e-05, 2.2724261690290322e-05, 3.586820089150035e-05, 0.00042732779469781295, 89.12396813846787, 90.55336474552401]}