{"[20]": [0.0, Infinity, 0.0, Infinity, Infinity], "[40]": [0.3453570558329408, 1.490245731796756, 1.1408206391847913, 1.9152451483808073, 2258.0137595105757], "[60]": [2.342444816321144, Infinity, 3.0, 1.3102006828459474, 11950.045222288749], "[80]": [0.20135487406947467, 3.305092478575147, 0.10521358836861049, Infinity, Infinity], "[100]": [0.17810628345160848, 5.219583851608584e+18, 0.0, Infinity, Infinity], "[120]": [0.16214963795511347, Infinity, 0.0, Infinity, Infinity], "[140]": [0.15216693598842823, Infinity, 0.0, Infinity, Infinity], "[160]": [0.1418052552109397, Infinity, 0.0, Infinity, Infinity], "[180]": [0.1359299973265411, Infinity, 0.0, Infinity, Infinity], "[200]": [0.13256647114151415, Infinity, 0.0, Infinity, Infinity], "[220]": [0.12664115043556154, Infinity, 0.0, Infinity, Infinity], "[240]": [0.12060210484799999, Infinity, 0.0, Infinity, Infinity], "[260]": [0.10899128590990431, Infinity, 0.0, Infinity, Infinity], "[280]": [0.10523690655149566, Infinity, 0.0, Infinity, Infinity]}