{"[20]": [12.8653057603318, 6.009195912178962, 14.740349189761782, 31.865379488879626, 11.49037848334369, 20.670115283903463, 67.42931976665552, 29.037681180183082, 15.612471731048696], "[40]": [199.41686704230668, 114.29998493143997, 241.11931674842586, 156.67816326704, 263.8923683109478, 169.9297933284817, 123.36682467049246, 128041.24930405708, 179.952969595387], "[60]": [2156.3200857817924, Infinity, 2417.7675945170326, 2473.0394014200974, 1650.6796503754783, 491.9373702655577, 4211.790564990154, 8539.11747414006, 495.33957076530874], "[80]": [7176.53529031965, Infinity, 14182.501167387236, 10900.583620293126, 4471.364773055196, 4361.947744507313, 183612.03480244594, 14613.019941803756, 13259.011836169946], "[100]": [7847.733159261889, Infinity, 5517.61770169705, 5927.490638880322, 4058.7658558536737, 108.19956274122113, 6539.028531095617, 74258.3982380749, 60609.65477332682], "[120]": [2073.9352170449997, Infinity, 14951.329856193206, 3131.494131988075, 200.3543849704055, 3395.617620381491, 849.7850278412047, 111410.48835066345, 82086.39867004383], "[140]": [408.0508154316792, Infinity, 5803.851621313115, 924.2786365747144, 4.345153478015133, 346.2549548757877, 43.06675751628074, 846.3520868007275, 3595.0564432967235], "[160]": [634.6000833349896, Infinity, 1290.332441316739, 400.30858004468814, 153.92940486724385, 49.99236101337326, 167.79367194898222, 2333.3678107302007, 2271.7661350094113], "[180]": [356.1221149482237, Infinity, 318.6549225495623, 157.2155071886749, 88.24378473566162, 68.69347991507615, 91.26792176858413, 1292.2103948345782, 1269.7913285039074], "[200]": [313.1453650429974, Infinity, 77.26210491533973, 71.06911998023759, 50.174716040630535, 50.240404844555115, 50.867103641289034, 819.4441472992464, 870.3390428248434], "[220]": [341.2719559254064, Infinity, 25.41664388862509, 33.71442790996833, 24.589223979801996, 29.015055425246807, 24.788659549144683, 718.5199008161887, 793.2291762982239], "[240]": [285.0068062541699, Infinity, 14.236147429984833, 11.832181619696934, 7.773455000314069, 10.795350403630708, 7.841609221759249, 604.2595031708171, 620.9890515669555], "[260]": [262.86135074044466, Infinity, 2.321843836095462, 16.724721141361513, 14.260664734178421, 16.499016444662267, 14.296043208481839, 448.3415928175354, 478.4687417183438], "[280]": [226.5351811476094, Infinity, 6.435824145668403, 6.1070554221946916, 4.3678772392702285, 6.058343690823016, 4.391567166433618, 326.49100318402503, 350.56863741955533]}