{"[20]": [2.845129889805382, 1.8558919440829982, 2.142857142857143, 1.3590859150824057, 0.8058380448993732, 0.8231514450708111, 0.5611144682243796, Infinity, 2.024699315357724], "[40]": [25.04475909312758, 2316277.199941014, 39.0, 10.591438319022906, 11.496459305066857, 36.90011686737067, 31.57938462850597, 280.7472296257391, 13.51493389491533], "[60]": [228.1275701709609, 1538406371712870.5, 613.4285714285714, 427.29746188743036, 415.61070402276, 135.35600607571894, 137.42996823754902, 13.065766484365781, 33.35094031825383], "[80]": [1544.846459457729, 3.40077629912588e+24, 4974.428571428572, 593.1116381356269, 623.7958737296749, 623.3785967420745, 573.5778888600335, 1058.0944047879148, 709.486257294855], "[100]": [463.8315986893831, 2.414254885475781e+32, 352.71428571428623, 0.08937982718998683, 18.194550808411805, 8.371044532832457, 133.4894877776478, 2587.8129092176787, 1692.6975430351831], "[120]": [616.8856838954889, 7.576325486168787e+35, 4603.285714285714, 201.75537470640484, 462.35672618770514, 474.6026620020966, 436.51954882140035, 13315.691051272199, 7411.050678310644], "[140]": [173.4457773013487, 4.537767621226321e+50, 1162.1428571428573, 152.98878016941705, 73.03523224666378, 49.06778512718029, 79.0481295996342, 13.07937553079364, 12.417377675199532], "[160]": [24.547254523980882, 1.9472354461076123e+59, 251.28571428571433, 144.93165459007238, 102.81970775320195, 107.35395623549462, 102.91492930481314, 135.9339012856563, 113.83531603850986], "[180]": [83.98804017734801, 2.8311610852975855e+67, 76.0, 70.32236909121337, 49.893342394047494, 60.8972287203684, 51.43307059738031, 193.50683492127558, 188.16285985722863], "[200]": [66.52218307648764, 1.9258664884755883e+77, 22.14285714285714, 43.493024916168835, 33.1359357610619, 41.47156617056977, 34.48582735432574, 132.42689631275275, 136.58965700052556], "[220]": [61.04776588658979, 1.6198306258292654e+85, 7.857142857142854, 29.549198189144846, 22.92841298991656, 29.141677643513514, 23.934633240157467, 109.99053755545714, 118.25530903712027], "[240]": [3.0670668202988054, 9.5085081810186e+93, 1.0, 29.432334005090784, 25.111630820267173, 29.352915712758996, 25.792992300316513, 25.77794649680169, 28.563855591914688], "[260]": [35.34458804756241, 3.8746981460246653e+102, 2.0, 30.046292571771232, 24.72877442683106, 30.03115109569083, 25.577478671556243, 87.51222616597391, 85.01137822426989], "[280]": [38.977692268966166, 1.5387735893052318e+111, 11.57142857142857, 24.339216963946356, 17.907406324602334, 24.336374108481735, 18.93564093978526, 61.02982950702449, 57.455003493871544]}