{"[20]": [Infinity, Infinity, 20.857142857142858, 16.564880873045382, 17.9667205895964], "[40]": [Infinity, 99.87480391067342, 117.0, 167.22064823876315, Infinity], "[60]": [224.65176235056413, 1156.304575191331, 170.71428571428572, 350.10037300086896, 218.5092689979142], "[80]": [26.9816172538728, 158.1320070847804, 14.428571428571445, 334.48128530261306, 20.158242934311033], "[100]": [20.282111660192925, 29.912742997298665, 17.857142857142833, 353.560450925668, 47.359569546772605], "[120]": [256.9494806140953, 2.164698585536603e+19, 243.28571428571428, 585.5310811362077, 258.42274586191115], "[140]": [798.2450975349848, 813.0969245640517, 5409.428571428572, 6186.9474745040225, 3200.2771271278248], "[160]": [4938.932650436156, 62797.57808313436, 18222.571428571428, 23089.901986152232, 666008.9744656767], "[180]": [18675.399885274044, 30963.48494342898, 13104.285714285714, 12126.273816289335, 51105.58891431193], "[200]": [1467.6363596686738, 5.3318797924043455e+43, 9022.285714285714, 2042.695992865544, 71158.26013098563], "[220]": [1177.6364347450285, 7.962923365970103e+69, 1669.5714285714284, 370.82598559151484, 46059.261317748365], "[240]": [157.0278618887699, 2.1175457912765687e+36, 316.85714285714283, 46.798938018241, 210.18030883331306], "[260]": [21.972881087641323, 3.1782785937038005e+81, 40.42857142857143, 4.101411312317648, 9116.509124191303], "[280]": [1663.7377568206941, 6.553357877895178e+69, 1.2857142857142856, 5.424134144575987, 623138.1638299266]}