{"[20]": [Infinity, Infinity, 0.0, Infinity, Infinity], "[40]": [Infinity, 0.8478177311358879, 2.7142857142857144, 0.3984907807247806, 0.07971733373353374], "[60]": [6.434373989544037, 1.4850957615050078, 5.571428571428571, 11.86295878136378, Infinity], "[80]": [2.249788726075357, 4.988062877388824, 5.571428571428571, 1.992639462148266, 3.5998718253284636], "[100]": [2.6782567292194814, 5.950061295444357, 0.1428571428571428, 1.5862171716222595, Infinity], "[120]": [1.0126250911989465, 7.109915335172529e+18, 0.8571428571428571, 5.475113888214641e-06, 0.036674684765926724], "[140]": [0.4243438562822895, 1.191727882685882, 0.0, 0.0, Infinity], "[160]": [0.2693076908684944, 7.563217413021015e+35, 0.0, 0.0, 0.0], "[180]": [0.38301570602461416, 1.3277288656138148e+57, 0.0, 0.0, Infinity], "[200]": [0.3203488344541337, 4.648489115818834e+56, 0.0, 0.0, Infinity], "[220]": [0.2753040127666677, 9.082409193381921e+76, 0.0, 0.0, Infinity], "[240]": [0.5616664004647101, 4.2272281910739696e+77, 0.0, 0.0, Infinity], "[260]": [0.40871164926404846, 8.603035038763147e+81, 0.0, 0.0, Infinity], "[280]": [0.10748130474864599, 8.671413251078722e+99, 0.0, 0.0, Infinity]}