{"[20]": [5.0, Infinity, 5.0, Infinity, Infinity], "[40]": [0.8874298072256827, 0.7428475962380435, 13.583486554610658, 5.16323743218147, 133.41131332059018], "[60]": [1.0690608177509164, 0.48137427036796615, 0.8356163132665274, 0.1773361553222031, 288.6878475791384], "[80]": [0.8754797281016959, 4.400888309879354, 12.81484986038018, 1.3852591962255443, 508.0337738910405], "[100]": [6.048664506299556, 8.62748020106103, 29.71579121702709, 0.9595581268461393, 1109.5382048702957], "[120]": [3.4786139634333337, 139.22262534919028, 53.7362778697116, 1.9669479631649418, 4250.93557196602], "[140]": [5.1314883411550625, 11.559638947031896, 90.80848148858114, 49.81197765435279, 10440.488720310264], "[160]": [4.631995459326787, 1.4678503174960634e+16, 70.49647866786577, 16.528913832536887, 41405.45838838585], "[180]": [31.950618970296485, 246.6351468124189, 174.84807536030684, 63.813036785423776, 111.67567055866975], "[200]": [41.51871005312727, 602.4937470901925, 697.9994343981108, 7.905822721578896, 119.0674447804851], "[220]": [66.61225220981085, Infinity, 1710.658316488634, 859.7619605075677, 225.21252159973008], "[240]": [134.8142082657472, Infinity, 1638.3658286497123, 1377.641556221555, 1001.4837701048347], "[260]": [240.2034797458271, Infinity, 1435.3399988841081, 67.25619775701618, 391.8203463002408], "[280]": [199.47514392074822, Infinity, 1770.8031844926115, 512.4520622030562, 185.93746292800333]}