{"[20]": [10.22257972278692, Infinity, 103.35285020219862, 4.618956742623966, 63885.43459164509], "[40]": [249.94883925178257, 893.6109298273016, 2306.533655939801, 751.8237703030471, 10376.667485530992], "[60]": [11381.107892394999, Infinity, 39543.84016464257, 25033.30225476454, 12834.202058341012], "[80]": [178329.79585560074, 160321.5870181601, 12521.854063623428, 54313.34943528689, 17863.762542916636], "[100]": [6936.929345744933, Infinity, 44132.98817073603, 3670.7804833692826, 9151.86772714997], "[120]": [3149.760842441418, 20428482.787087344, 9511.986878208665, 578.7482749432139, 1150.533214684523], "[140]": [975.0188338270576, Infinity, 1916.8268258377936, 239.37543557447339, 165.52325938945555], "[160]": [6048.414840908529, Infinity, 413.6164823337976, 77.43842307856696, 23.495709084511216], "[180]": [6026.25709298588, Infinity, 96.10590633784604, 19.523584069026178, 2.9767000412462763], "[200]": [4169.470899380136, Infinity, 13.690301891740239, 5654655.842840164, 0.5617351842054563], "[220]": [2754.2382365940102, Infinity, 7.460228540389339, 3208176.1714625843, Infinity], "[240]": [1662.7241084967623, Infinity, 0.17561302041273644, 7601.790041328689, Infinity], "[260]": [883.8190575379356, Infinity, 1.3560030700730052, Infinity, Infinity], "[280]": [631.4252177117951, Infinity, 0.21588185785191666, 1.787280990316893, Infinity]}