{"[20]": [Infinity, Infinity, 4.911274649164907, 14.649809850728793, 89.95475856104395], "[40]": [Infinity, 29.367456675469725, 32.63478292046406, 75.84952017188262, Infinity], "[60]": [20.774509748682636, 34.079025019502005, 213.6529672172738, 281.3581672969686, 153.61304895533837], "[80]": [104.53495286188813, 204.25811476528168, 18.09650733407506, 312.93850667053795, 69.86510053087288], "[100]": [25.408114312417688, Infinity, 1.240325863175734, 300.8150485930179, 36.896973559348645], "[120]": [4.143957815830947, Infinity, 9.32947721115428, 312.49553996862386, 29.26587815592527], "[140]": [80.93825130054347, 886.4175192899833, 1558.3372330169068, 1928.4725643882757, 407.0459423849514], "[160]": [1265.9391128672798, Infinity, 10291.27080519051, 11174.66675739088, 4431.336277055683], "[180]": [4944.9555026987655, 3.3588040863407386e+17, 719.6045526515343, 12691.967079669039, 116743922.55276866], "[200]": [1937.4119137840712, Infinity, 7686.106809135914, 1673.7169336589013, 40568133.44067805], "[220]": [184.68661418055916, Infinity, 1809.4987356951297, 497.05658955365305, 7153048202.497329], "[240]": [81.75175345391924, Infinity, 358.1252083549756, 58.78299424957772, 669234644.6649625], "[260]": [89.64363216963835, Infinity, 42.571615803117545, 2.0297881692975346, 768065709.8218148], "[280]": [82.92511472174311, Infinity, 2.0457809973828414, 1789.8159314879435, 22958909.804036766]}