{"[20]": [22.983016942940722, 27.3788813143802, 22.428571428571427, 24.790351141000414, 17.645584128629103, 9.037896713229319, 2.2723201466009826, Infinity, 21.994368924728576], "[40]": [88.8870937461862, 64.15596047108082, 58.285714285714285, 164.3453782955637, 84.46228007179457, 78.04381198242764, 85.01726862972188, 5952.395010665459, 380.8301711746474], "[60]": [38.83950156879574, 1.687067485695931e+18, 57.71428571428571, 133.7094545618476, 52.68016468233729, 89.37454786010353, 13.298625932275371, 363.66801564311015, 50.28707039259123], "[80]": [111.25138419111815, 3.729403789879908e+27, 142.85714285714286, 269.2349190441212, 136.40672589901433, 167.31655978387994, 96.14533173035935, 48.94500216762077, 57.81195901744272], "[100]": [314.5044741285544, 2.647552091869952e+35, 347.0, 548.245525236656, 314.30600659191754, 403.77114639372303, 123.08755071271719, 119.966651521941, 128.71074611610004], "[120]": [953.5353605266025, 8.308450134770628e+38, 1101.5714285714284, 1364.567032133099, 904.4264444776161, 1129.167366697096, 409.8858979131203, 160.76896522313382, 82.31913202299597], "[140]": [439.3310661300884, 4.976266294395922e+53, 1873.1428571428573, 1729.6019691243955, 1087.0796030283723, 1527.3586711236053, 435.2572212734003, 113.9071298597346, 147.99479028866426], "[160]": [143.94414484962726, 2.135402919236706e+62, 2310.2857142857147, 2545.9604690679616, 1245.950793029987, 2026.0222015925174, 404.20505295551175, 212.49483850390243, 146.10395061667623], "[180]": [1070.0683421675785, 3.104745092395459e+70, 4104.285714285715, 5314.392208872683, 3014.7081708311907, 4339.5739292252665, 2175.822379433941, 35.07120539879361, 32.86645664233947], "[200]": [1789.0647632605214, 2.1119689227880706e+80, 8751.42857142857, 15487.605642687828, 6604.935973660553, 9973.2894333656, 3821.9888528311567, 1405.476491912039, 1315.382129756872], "[220]": [2196.925896838933, 1.776360035683665e+88, 4817.0, Infinity, 4075.228972199591, 4922.866293567615, 1024.7454376843161, 2917.754820177164, 2465.2182657927406], "[240]": [3237.9088146745853, 1.0427345148083256e+97, 6227.857142857141, Infinity, 7805.955345056966, 5119.392975066163, 10613.41617409416, 9078.324184929734, 8707.214646109529], "[260]": [297.9539950152539, 4.2491225503989994e+105, 8727.571428571428, Infinity, 4245.632302198368, 2184.551582041444, 3100.324375444581, 3412.0921577755635, 3389.141824658216], "[280]": [1031.6407437981889, 1.6874702090631743e+114, 5343.428571428571, Infinity, 2214.1206177624044, 1827.7490379485616, 1887.795630916522, 443.11478451282164, 517.8542635441363]}