{"[20]": [Infinity, 1.9985431594900873, 2.0, 1.9999987085353497, 1.9999851957270454, Infinity, 1.999991206360744, Infinity, Infinity], "[40]": [14.063629193385236, 817033.237036633, 18.008765004180756, 6.281019775354032, 5.690287040263557, 20.25162800008819, 15.261700683258042, Infinity, 1.3077918922005665], "[60]": [133.8356837732854, Infinity, 156.6442130535811, 164.36667103572972, 173.50620538675332, 120.25904681324269, 74.81370917102068, 24.407223267732622, 19.055038514424712], "[80]": [46.55264583297991, Infinity, 93.48347841639901, 168.89891769580572, 13.917697250090555, 99.58906989410131, 63.7954631804605, 414.33974453053366, 535.281757437949], "[100]": [61.461142993156066, Infinity, 101.59517032220695, 387.0292857998661, 72.38486474203279, 114.48696223117744, 71.82660917232513, 32.97861887021931, 106.17876630972098], "[120]": [36.487639075266195, Infinity, 127.10771946423878, 552.8448829662022, 108.30201429859675, 236.24992237015553, 41.10995600453727, 117.85901952535163, 110.59562180230719], "[140]": [878.5964367176529, Infinity, 1486.901782321281, 2030.445146736122, 1372.8259225330335, 1726.8605311284862, 690.7788996243531, 945.3857424506242, 931.7988684252086], "[160]": [598.7968813323903, Infinity, 4284.101916024441, 2328.0994078464437, 630.2712384233664, 1920.2136399757137, Infinity, 576.0383546438759, 700.7522951637595], "[180]": [312.75280132773145, Infinity, 3868.7546556424, 937.017464430854, 4594.062490094046, 3024.9585623329476, 111973.97047870904, 769.3297877273571, 869.3758650618995], "[200]": [48.18134442835274, Infinity, 1951.0851566754145, 1298.5693279195991, 1463.5486229469038, 1181.6697619846925, 19954.830054593433, 554.9582374393032, 527.6268744095117], "[220]": [70.66268679651319, Infinity, 350.5245920531652, 589.5294327798568, 471.80187908097224, 400.33966880937476, 3618.7473857078444, 171.04964123092083, 210.28376995860972], "[240]": [39.489493303808096, Infinity, 99.19951012826176, 195.3865357226156, 156.11035051077772, 134.90818395639445, 883.4927585885631, 9.22396938687491, 11.702972228354483], "[260]": [32.434961758742936, Infinity, 22.24394851952216, 76.82865376635993, 60.846066297692204, 55.19158528840942, 256.06590588834706, 73.32486747013665, 68.06063394100337], "[280]": [27.39514935696436, Infinity, 1.0683884286137444, 22.266213075035402, 16.618159237373956, 16.70181263256913, 78.66073496665527, 39.620342400237426, 37.58918435796108]}