{"[20]": [5.0, Infinity, 5.0, Infinity, Infinity], "[40]": [1.410323005943411, 31.525434483922254, 46.57142857142857, 10.817874876274047, 7.888035829185036], "[60]": [54.3900272191313, 28.377710605417178, 747.1428571428571, 173.94909986650111, 145.54264205928814], "[80]": [352.30157303029773, 6821.8649872435935, 7974.714285714285, 5710.01007155066, Infinity], "[100]": [858.8776618378342, 18956.352444136293, 4223.714285714286, 2056.7925939339984, 3640.130897846713], "[120]": [543.067061142387, 322353381457149.75, 3918.7142857142853, 964.0857509314981, 1073.1732633135098], "[140]": [77.39358353516201, 2.2991878184519872e+17, 616.1428571428571, 107.97019038411835, 128.91338012538762], "[160]": [168.01346100140785, 2.419679807459513e+25, 86.42857142857142, 1008.3995310989012, 17.88708678996653], "[180]": [98.05489373354675, 8.458346583513525e+19, 11.571428571428573, 2.6358028959173225, Infinity], "[200]": [44.16684578683632, 1.2397497205640082e+20, 3.4285714285714284, 5334.5796396831165, Infinity], "[220]": [22.547005815490095, 8.185437407153719e+25, 0.0, 0.0, Infinity], "[240]": [15.545432992177126, 4.15916048404391e+50, 0.0, 0.0, Infinity], "[260]": [16.663868904381225, 3.7302752886618883e+52, 0.0, 0.0, Infinity], "[280]": [22.823986695080023, 3.0284855948823276e+79, 0.0, 0.0, Infinity]}