{"[20]": [14.0, Infinity, 14.0, Infinity, Infinity], "[40]": [88.0340483809369, 761.7734749427527, 306.8571428571429, 55.13577610263093, 37.708985287935775], "[60]": [382.35690574344517, 25071888695.78272, 6653.142857142857, 2423.2170133906984, 1565.6269946006987], "[80]": [5485.267381251739, 16119.748722205819, 10530.142857142859, 7288.308164675029, 3470.3146157531155], "[100]": [1549.7514889665763, Infinity, 13684.857142857141, 8625.342554337487, 4010.619321117363], "[120]": [1829.5419592527896, 1.2308578702596356e+16, 2868.7142857142853, 3096.907195865425, 1252.1172306570757], "[140]": [80.94639221040188, 435752026990690.4, 602.0, 969.1813760825778, 459.48084733314], "[160]": [905.9353276500706, 6.069742925849381e+20, 165.85714285714283, 291.4064265503946, 155.46726843243619], "[180]": [790.70456839757, 5.622209504994227e+17, 46.0, 76.94062593150315, 42.619936489111794], "[200]": [507.29238035389244, 8.457382447101907e+28, 12.0, 35992.849095514015, 10.39284846251929], "[220]": [321.98763207308207, 1.0935443490162673e+33, 5.142857142857142, 36082.89316789331, Infinity], "[240]": [215.99532056809898, 2.295146681954581e+19, 0.8571428571428571, 0.21567082150691702, Infinity], "[260]": [161.52193848682978, 1.9310134847926976e+36, 1.0, 0.96087743749898, Infinity], "[280]": [128.41818104333834, 9.592845311559409e+38, 1.0, 0.3304963520693935, Infinity]}