{"[20]": [Infinity, Infinity, 1.0, Infinity, Infinity], "[40]": [Infinity, 28.891861325696475, 6.714285714285714, 0.23263244683557005, 2.9253349171143777], "[60]": [6.319053306412261, 11.733252826517607, 4.571428571428571, 13.10634627624079, Infinity], "[80]": [3.3085630873249734, 8.443441922108812, 8.571428571428571, 1.17622194982305, 5.719862517318518], "[100]": [3.7043768587603116, 9.310793565659878, 0.1428571428571428, 1.8667704271070353, Infinity], "[120]": [1.7325843254916233, 7.796969255869938e+21, 0.8571428571428571, 1.3499574295914018e-06, 0.040657665982190255], "[140]": [0.09640101188658264, 1.4489044349811593, 0.0, 0.0, Infinity], "[160]": [0.08286449531031334, 8.294075563109935e+38, 0.0, 0.0, 0.0], "[180]": [0.3987473604057, 1.4560316379221524e+60, 0.0, 0.0, Infinity], "[200]": [0.33594844074384317, 5.09768685663095e+59, 0.0, 0.0, Infinity], "[220]": [0.29021572522634975, 9.960071891938891e+79, 0.0, 0.0, Infinity], "[240]": [0.8969678532100962, 4.635718837469752e+80, 0.0, 0.0, Infinity], "[260]": [0.6700176806957713, 9.434373011736774e+84, 0.0, 0.0, Infinity], "[280]": [0.027244337282312465, 9.50935968089109e+102, 0.0, 0.0, Infinity]}