{"[20]": [0.6787183839533144, Infinity, 1.4285714285714286, 2.6465498427118908, 2.830993265724392], "[40]": [73.01190528576686, 35.09992068605274, 86.28571428571428, 2.3631555955975614, 8.057093709050505], "[60]": [172.51536652540244, 972.4872107127399, 1867.7142857142858, 768.3510328922862, Infinity], "[80]": [2793.304446344162, 3440.2580919684333, 19931.714285714286, 18282.65473255312, Infinity], "[100]": [10827.980644204305, 89343.36789284313, 9260.428571428572, Infinity, 12661.24478660852], "[120]": [3100.5547081349123, 18599998331911.535, 10205.142857142859, 2610.9615720795955, 4384.57321390242], "[140]": [170.0860745388377, 7610736009967737.0, 2001.5714285714284, 629.6451713620568, 700.8219630786361], "[160]": [189.45916167092105, 1.0602096102708291e+17, 519.2857142857143, 119.3456285876581, 170.27177631383745], "[180]": [203.56471086040762, 2.936652169771463e+21, 93.71428571428572, 5.6251887172203965, 24.47980789259654], "[200]": [362.52879872635555, 3.7616104598947034e+23, 21.857142857142854, 7540.770207930074, Infinity], "[220]": [345.3323514625012, 2.7977362190366266e+27, 6.857142857142858, 15379.074615523217, Infinity], "[240]": [224.70196035413997, 1.2177736796714949e+26, 1.0, 0.4341949916415153, Infinity], "[260]": [29.620210785479344, 4.0318649476507715e+40, 0.0, 0.013105049917541217, Infinity], "[280]": [237.44614447378297, 1.2131491683055499e+40, 0.0, 0.0, Infinity]}