{"[20]": [27.191439210558638, 23.679424221476946, 37.142857142857146, 18.84833378064956, 6.392371166324075, 1.8747854769966636, 1.7476824721205588, 13.756575923083489, 17.268599186946197], "[40]": [2.634187761974644, 32.347102219676884, 42.285714285714285, 160.046478243235, 85.98323209768026, 35.707484194005346, 42.26837859444616, 194.63071421966492, 5.885800192209473], "[60]": [62.137580057490894, 1.687067485695931e+18, 49.42857142857143, 131.7695940142074, 49.37872091640145, 101.4148183407826, 32.331757124919534, 921.4446003937501, 52.73192112360414], "[80]": [85.30140714800407, 3.729403789879908e+27, 128.42857142857142, 250.07638333857201, 115.88170426748312, 137.38527713950702, 81.41567464663859, 76.1285023518709, 73.24924634581942], "[100]": [341.4918995585253, 2.647552091869952e+35, 392.0, 587.4333362569994, 338.9197561735738, 470.2019490220574, 185.35243526176305, 37.7709115651578, 15.783089288209453], "[120]": [725.0208021189244, 8.308450134770628e+38, 860.1428571428571, 1073.4200771041237, 645.2069725925182, 851.0175291882897, 144.04328170936583, 332.2036863943574, 308.99565654802655], "[140]": [165.46176309971224, 4.976266294395922e+53, 1408.7142857142858, 1669.378227266458, 902.3347186170281, 1283.8548117383534, 341.4409991089651, 266.2494992567217, 364.93795553549444], "[160]": [325.26168408992453, 2.135402919236706e+62, 1690.2857142857142, 2414.9393074467616, 1078.0246711275176, 1621.6774191751983, 747.6728353392418, 831.6078468703608, 942.3985108488278], "[180]": [2005.3498133509174, 3.104745092395459e+70, 4305.714285714285, 5845.673846103786, 3578.0543995436865, 4757.65682322057, 2807.045781679173, 1078.4693824254955, 962.7721993550713], "[200]": [1611.0494013004609, 2.1119689227880706e+80, 10083.57142857143, 15036.992132614101, 7381.14179436729, 10736.023757226372, 3726.343319475851, 115.26752613587814, 109.92982176561782], "[220]": [3994.3149606836705, 1.776360035683665e+88, 5057.0, Infinity, 6415.508486840517, 789.5137581010167, 8612.336222953752, 1731.4728680048793, 1777.924014602002], "[240]": [1081.1507752816688, 1.0427345148083256e+97, 6367.857142857141, Infinity, 7271.700286821924, 3440.2918090898347, 5761.664784494802, 8034.398909721516, 8313.486728337128], "[260]": [900.9801303597615, 4.2491225503989994e+105, 10042.714285714286, Infinity, 5758.292449911123, 4202.368673085401, 4179.35867092929, 886.736563814753, 492.6767395507086], "[280]": [1226.1559067461194, 1.6874702090631743e+114, 5014.428571428571, Infinity, 2436.2807117908487, 2752.6446916029363, 2835.297561609029, 1252.3255605624736, 1343.9976001177702]}