{"[20]": [4.666828416545519, 7.06083555394599, 4.428571428571429, 3.827810022465238, 2.8036299068192534, 2.0418729157502717, 1.8923015586444718, Infinity, 3.995719478817862], "[40]": [29.74620817085038, 685003.6755764354, 35.285714285714285, 13.379079628608459, 12.83351472524619, 16.79090730908223, 12.830794926360738, 26.91370603016513, 14.43430078535156], "[60]": [159.4296367625904, 1538406396102787.2, 371.0, 328.7837536429786, 343.1616547439874, 125.27161437735055, 120.16519936892871, 80.19688647204958, 54.81805829097743], "[80]": [861.1513183094567, 3.40077629912588e+24, 2660.285714285714, 1435.7364318090463, 618.5085953690436, 613.2519368918079, 588.027297820699, 865.1298834573295, 35.260226904844785], "[100]": [1093.5669102377797, 2.414254885475781e+32, 11577.0, 4664.841501501105, 367.07188943216534, 494.15014308847094, 523.9817544110156, 2287.5113314315786, 1176.0052152125318], "[120]": [1300.8455967168557, 7.576325486168787e+35, 2785.1428571428587, 7850.361272486083, 2462.0890146336496, 649.3418023341619, 347.7030039669953, 12184.248095664676, 14248.609747004419], "[140]": [1399.5784832566878, 4.537767621226321e+50, 8365.0, 2260.7896734449487, 1107.2584676226088, 636.7548350940924, 651.2335248155305, 4014.318847135248, 2237.8411127363106], "[160]": [788.9777114251283, 1.9472354461076123e+59, 2475.2857142857147, 725.1861151067881, 40.7142940903409, 53.05643898926701, 53.20406315344144, 1548.4542452916903, 1605.888532790541], "[180]": [145.73266038509155, 2.8311610852975855e+67, 679.7142857142858, 270.7522004094459, 63.02976796472706, 102.16542900553702, 102.8341851104168, 380.0328030696976, 309.58777146613966], "[200]": [0.33943661275770864, 1.9258664884755883e+77, 184.28571428571428, 109.16121254461902, 50.29391840527043, 69.80044984043607, 71.68883820332238, 39.06633862833701, 66.91117973839755], "[220]": [83.89675867928509, 1.6198306258292654e+85, 38.28571428571429, 43.84569882886689, 27.820284557919194, 35.12000266971063, 36.091614888972586, 133.20914132547412, 139.10211363282167], "[240]": [58.74872667211184, 9.5085081810186e+93, 23.857142857142854, 13.454650048095257, 6.03639715929916, 11.561591570072398, 12.643554686858785, 127.54841699502617, 126.83054029259932], "[260]": [72.28164216575897, 3.8746981460246653e+102, 8.571428571428573, 5.476288973673322, 2.3813359304441715, 5.070771941906863, 5.641475080809863, 92.63245039498241, 92.32654525400645], "[280]": [39.922551483010466, 1.5387735893052318e+111, 5.7142857142857135, 1.4764425651314943, 0.6174703858571697, 1.3903665541437653, 1.5560690150311351, 61.905820344663496, 60.571736158459004]}