{"[20]": [6.0, 46.88107285594636, 5.285714285714286, 27.773370775167315, 24.10245929512746, 1.6637315276538738, 3.7737047442500025, Infinity, 5.047943843843072], "[40]": [9.447868416115876, 6.118325469134049, 16.57142857142857, 18.277177301166823, 14.22380293803689, 18.49694727279531, 19.952347494438325, 158.78638862021407, 19.743787412700698], "[60]": [7.664927574364004, 1.687067564600051e+18, 7.857142857142858, 27.958028104067477, 29.768631351381178, 11.049339284320467, 0.3672233685022803, 129.10741426069933, 10.36694335329603], "[80]": [10.963822017504562, 3.729403789879908e+27, 13.42857142857143, 42.1948375117874, 44.28327793415807, 28.233875045011203, 9.64323665562388, 34.587807709457394, 33.680334335922964], "[100]": [54.677171967868205, 2.647552091869952e+35, 57.857142857142854, 101.2318462897, 103.66545782913285, 66.91337321178413, 53.394444422448935, 36.14204480109191, 39.07070238662912], "[120]": [78.5697062567626, 8.308450134770628e+38, 95.0, 141.03513774493973, 142.17315789407633, 23.450895059661008, 17.814717289193396, 0.03918610308440407, 11.95405667084205], "[140]": [122.65013017639887, 4.976266294395922e+53, 135.0, 221.40663607421348, 212.66442337799052, 34.04913150307988, 31.072075114889174, 32.74474336889034, 31.70987547375063], "[160]": [152.03038466929667, 2.135402919236706e+62, 164.0, 315.1555247671521, 40.25034114593518, 40.08630991436348, 40.419671067265085, 33.69845905721161, 32.092978137330874], "[180]": [215.58978384534157, 3.104745092395459e+70, 263.57142857142856, 479.4868943543125, 201.92804249099538, 155.69121727769198, 145.90882540519988, 69.3882684340125, 73.18973599835545], "[200]": [335.5136343536949, 2.1119689227880706e+80, 1150.4285714285716, 1447.195353351181, 981.5470409096265, 888.994181930419, 740.9781120388977, 36.01542536732495, 57.567443600689785], "[220]": [225.5220964306527, 1.776360035683665e+88, 2077.0, 1418.3138719571912, 439.01359662219056, 688.0447163097424, 348.63516526169224, 11.225200957225752, 20.012263681622244], "[240]": [369.47428457426213, 1.0427345148083256e+97, 1579.2857142857147, 2267.080714275473, 1261.3459876988236, 1846.804833113576, 2228.4036205822704, 296.564934448279, 351.6057637282447], "[260]": [1037.0754839813444, 4.2491225503989994e+105, 1709.4285714285716, 1163.6772816668135, 2509.569407614059, 1804.595202979206, 1815.571168481787, 888.7444292107757, 737.2037645175442], "[280]": [488.48068068472253, 1.6874702090631743e+114, 2301.142857142857, Infinity, 1566.240173767722, 1603.4395158152633, 1654.7199418014698, 2229.456392741671, 2269.8779274188473]}