{"[20]": [Infinity, 1.661580491672295, 3.0, 2.999999174221955, 2.999986322953329, Infinity, 2.999997510319894, Infinity, Infinity], "[40]": [15.774742945673747, 1657575078.9061713, 18.632278742234906, 44.58401578572961, 44.14011002713536, 4.909101820719862, 71.79045768633172, Infinity, 32.79191333124761], "[60]": [8.213010040201397, Infinity, 11.833050054556274, 31.795036370454344, 31.410743561729326, 30.104353354989122, 15.713730841729591, 62081.090249081324, 42.34622772283898], "[80]": [1.158525285119704, Infinity, 0.35384602365411305, 29.27561901776707, 24.075463306641833, 12.69419833822036, 1.3950816346591788, 12.767722272326298, 9.079925472020204], "[100]": [1.620428529614786, Infinity, 0.6304325291712413, 33.02850635600324, 30.82583978877272, 16.99839152501525, 0.49641117686226816, 1.1685956626057787, 2.530314692202031], "[120]": [36.328497922690886, Infinity, 38.207778760054566, 75.8813309937058, 75.8435521354455, 56.83638557718751, 39.69508069562838, 37.50784427642412, 37.34814578740933], "[140]": [24.319265895306344, Infinity, 75.0876617247015, 105.44471316181539, 69.4501553826572, 61.368103670490676, Infinity, 14.045393916750285, 15.593500244609187], "[160]": [3.488874332561797, Infinity, 13.587462999277317, 35.594642147442286, 55.10837224327803, 38.05096882384028, 66.15651700874886, 96.75114856574561, 96.38436919151233], "[180]": [92.82723707385594, Infinity, 110.97549801689223, 206.58096948849968, 45.06145148382575, 45.02463968477132, 30089.315957304418, 34.41082680782016, 34.868845995789385], "[200]": [136.7354180923389, Infinity, 379.6551222686261, 547.3072662408504, 216.88671482801584, 231.782298639609, 147.3585499748019, 157.11657839834896, 157.15860801745868], "[220]": [635.006401493916, Infinity, 1190.2248467182296, 748.5985787445018, 456.41642005527495, 482.8872783329759, 737.8122328296749, 350.55940450279877, 343.8951295270691], "[240]": [607.6907136949004, Infinity, 2775.518570969653, 1913.894829361367, 1035.0706538905908, 430.10160780876225, 14175.600906361986, 665.9139860191997, 648.864950729463], "[260]": [283.30863698889925, Infinity, 3623.4528829960623, 4516.627973816, 522.476673920494, Infinity, Infinity, 2393.820777196727, 2379.0674421683475], "[280]": [769.9657320358027, Infinity, 1241.335359813548, Infinity, 1705.3061249226316, Infinity, 3485.8869728312375, 341.3926700511575, 413.97344877714806]}