{"[20]": [16.22723720790428, Infinity, Infinity, 49.142857142857146, 2.4463869262344815, 2.891779593651016], "[40]": [59.832111637189854, 582.4756498146309, 63.14285714285714, 52.98742512377538, 34.08086849686592], "[60]": [26.374889722390975, 28.264514220203637, 45.14285714285714, 44.046685217833726, 17.81617042055109], "[80]": [37.60775128633503, 358.5718462849047, 185.14285714285714, 20.75966193190351, 128.58364248246357], "[100]": [100.45512027218979, 207.93341946783914, 572.2857142857142, 72.31299892018569, Infinity, 458.2867306586618], "[120]": [366.0113008233425, 1602.8216092748808, 1173.7142857142858, 107.81208135600127, 719.24463055515], "[140]": [3.155134224323774, 411.9583542995915, 1678.0, 819.1463413603897, 434.38862882850117], "[160]": [411.8965130788283, 7247061860518192.0, 1994.8571428571431, 1766.922853323017, 17.112059980181584], "[180]": [1190.5242349150776, 6.525509167522443e+21, 4969.285714285715, 5551.552578616097, 1134.6893831778889], "[200]": [2219.560749823784, 2.409616969709171e+26, 8616.285714285714, Infinity, 11313.421781717778, 2544.656418638533], "[220]": [4.011420091304899, 1151512903917347.5, 2459.1428571428587, Infinity, 11356.184254553273, 4747.862533557647], "[240]": [2686.309279542178, 3.383968842389012e+42, 6851.5714285714275, Infinity, 5561.436540558836, 839.7241820041272], "[260]": [2548.9136010976654, 1.779329775122606e+38, 8734.428571428572, Infinity, 768.6354368910424, 1514.3640238791359], "[280]": [630.1327307625395, 1.0452593631489517e+26, 3992.7142857142853, Infinity, 11.55681019588701, 546.8878201513317]}