{"[5]": [Infinity, Infinity, 0.0, 8.113565427888047e-06], "[10]": [Infinity, Infinity, 0.0, 3.793271029083133e-06], "[15]": [Infinity, 4.999997353246441, 5.0, 4.999995535046486], "[20]": [92.80703309963904, Infinity, 92.59613739930643, 64.38633387181761], "[25]": [390.02454423388394, 149598.54791178738, 413.87759929827297, 183.44831346855457], "[30]": [17.128068743346493, 7621.813337606209, 479.6275441296057, 83.90735348718364], "[35]": [55.60241156908844, 2994.764381601536, 93.6999357302761, 214.72909456259052], "[40]": [53.50742722757251, 1248.1067864773254, 267.9295590955574, 101.61591538433126], "[45]": [28.59587963704362, 3183854.526485932, 195.66928836803024, 144.61696414482248], "[50]": [23.79816053727336, 134118002415.93279, 125.03849022392806, 144.80514947982348], "[55]": [27.88767685332166, 12544374230907.748, 103.64154746288823, 102.9725204583495], "[60]": [37.94440607875382, 1.2603977543591746e+16, 64.15888630127843, 91.21961841277651], "[65]": [24.82538320707099, 6.950403455053341e+17, 8.181762438456502, 113.3243849001893], "[70]": [25.55086818127683, Infinity, 4.273861855990367, 113.50184011610055], "[75]": [21.269104938082922, Infinity, 9.093437130504022, 125.90319396094189], "[80]": [56.35172370650356, Infinity, 3.288043716177111, 115.5193028545674], "[85]": [20.959271037909165, 1.0142486737835727e+21, 2.418874572973765, 125.7895144588338], "[90]": [22.271282540986732, Infinity, 17.938758384646285, 142.90791213829465], "[95]": [24.93540487868048, Infinity, 2.968675687900027, 138.95970585546357], "[100]": [27.200701618467736, Infinity, 21.607813650411202, 114.98237301620105]}