{"[20]": [5.438829315363165, Infinity, 26.57142857142857, 22.679172399798922, 32.31636851730491], "[40]": [13.940576707501862, 4.98335027940584, 69.14285714285714, 48.0470045215808, 23.367239811932592], "[60]": [12.48125426194207, 3.412958296663845, 14.428571428571416, 4.0516139652533525, 26.259555923976052], "[80]": [24.96403558227223, 48.67540687600763, 86.42857142857144, 15.90050400455425, 7.865988613101763], "[100]": [31.36094439775684, 136.10071537986812, 128.28571428571428, 163.4165417303018, 8.610050574595903], "[120]": [26.976796082017472, 59.592305631069394, 377.8571428571429, 66.32043407808169, 86.23333966760447], "[140]": [85.7404547932565, 84.77678668144927, 383.57142857142867, 360.14632115115637, 86.34870793054733], "[160]": [114.36747582700809, 183.08031175682754, 20.142857142857338, 126.53703115434973, 195.00113637097274], "[180]": [14.416916978402242, 3867514435340264.0, 317.14285714285734, 118.29733127568579, 77.23476204135841], "[200]": [14.039855361002083, 7.249891808798085e+20, 909.4285714285716, 657.1081325090108, 181.2567947949965], "[220]": [145.1607100034089, 1.8693550128076394e+20, 738.8571428571431, 1216.164855851388, 71.58093328727591], "[240]": [26.57258380525127, 4.501778561345922e+17, 8.714285714285325, 173.43960172066363, 456.0411671953134], "[260]": [93.08878487888796, 4.768573687967986e+40, 1358.5714285714284, 60.71226633101833, 1078.9293713095321], "[280]": [5.328007069303567, 3.605385200079172e+46, 1005.4285714285716, 41.09986559057165, 578.0607215899031]}