{"[10]": [7.0, Infinity, Infinity, 7.0, Infinity], "[15]": [207.0, Infinity, Infinity, 207.0, Infinity], "[20]": [580.5977274898431, 580.6029033424908, 580.8743983832129, 548.3845565137016, Infinity]}