{"[20]": [14.828779795960967, 7.855841265527624, 23.954431621863225, 1.1607519706719318, 5.668167317074014, 2.5841885691107636, 31.658938042918116, Infinity, Infinity], "[40]": [28.899608324655784, 2.4109715162085963, 59.02780954470101, 108.35319057016441, 36.002551100153894, 48.75357178858275, 309.9820916361121, Infinity, Infinity], "[60]": [13.47540791724587, Infinity, 12.155145412631683, 130.03532784667118, 5.880066084006286, 19.80545130335402, 409.6780214987047, Infinity, Infinity], "[80]": [17.09124652106942, Infinity, 68.48736251144459, 254.6487080812961, 44.82208849645608, 109.00288535091062, 42.7427383771336, Infinity, Infinity], "[100]": [79.04313762553629, Infinity, 122.95593388869574, 338.9519382802093, 110.91902289121073, 203.1489327000734, 1350.359234599453, Infinity, Infinity], "[120]": [60.229202089848556, Infinity, 327.42630264090076, 612.9496600247913, 259.34091946171486, 496.3394828367956, 115.7928037355133, Infinity, Infinity], "[140]": [138.23655125266419, Infinity, 301.54087584570124, 633.8582293894135, 106.36987818963236, 252.12048054179618, 176.4004520305207, Infinity, Infinity], "[160]": [16.845484925073492, Infinity, 11.096878823809963, 597.2503154210874, 15.927803200216651, 78.36542060173541, 2277.3789396578313, Infinity, Infinity], "[180]": [34.59345550890955, Infinity, 279.01388903841956, 1222.5933726466346, 199.68406908082855, 363.6755976598615, 1998.5499668717173, Infinity, Infinity], "[200]": [119.44955750694052, Infinity, 784.7063216811908, 2168.5243176240197, 645.6374596828388, 1300.6734954328376, 569.9772730538425, Infinity, Infinity], "[220]": [70.31143811079183, Infinity, 602.325400510886, 1555.7138650015897, 443.82183886134334, 1855.2102510802183, 125.35382084531624, Infinity, Infinity], "[240]": [43.15290396733772, Infinity, 8.569849882379867, 1408.94195876567, 54.204328338733454, 444.98783435168457, 286.03446181860164, Infinity, Infinity], "[260]": [24.209279914505615, Infinity, 1187.9308111138596, 512.532116992001, 954.0944887420302, 1018.6016232115514, 588.6853003799054, Infinity, Infinity], "[280]": [26.982066864005194, Infinity, 814.5155877929869, 112.01079013196114, 519.108234091945, 683.1253949459401, 459.0986608651371, Infinity, Infinity]}