{"[5]": [0.0, Infinity, Infinity, 0.0, Infinity], "[10]": [7.0, Infinity, Infinity, 7.0, Infinity], "[15]": [207.0, Infinity, Infinity, 207.0, Infinity], "[20]": [580.8571428571429, 580.6327806493225, 580.8840146475104, 549.0481153968623, Infinity], "[25]": [623.2857142857143, 572.7957177697003, 628.0021515966323, 560571387.838557, 1.0761246997469469e+35], "[30]": [306.1428571428571, 398.83236160266415, 399.20294648437084, 13988.127004809357, 9559263595210.877], "[35]": [97.42857142857144, 282.38716768801805, 270.17582095588205, 484.9873369522852, 22967.192332692983], "[40]": [404.8571428571429, 177.3238939389057, 169.30559511409047, 835.5155768070022, 639.7469043967671], "[45]": [386.0, 112.42307163105943, 105.03516351789403, 533.829336902995, 186.4810164537011], "[50]": [240.42857142857144, 113.4979033440959, 110.95320118530071, 173.19891446918126, 165720070.7751136], "[55]": [163.14285714285717, 94.93730686913295, 93.61591712960035, 26.40173408135388, 902.8327613313513], "[60]": [88.0, 103.14614241908203, 102.72388734812375, 20.3862281619987, 1454.0227805808358], "[65]": [12.142857142857139, 119.16472117221201, 118.93322670294947, 19.66735920191212, 554.1574504118098], "[70]": [20.0, 127.13400507495317, 127.03131024150935, 26.976863100263273, 179.36925415461883], "[75]": [8.42857142857143, 120.59200514448094, 120.55419089922361, 17.746710538588275, 106.56437655046466], "[80]": [24.14285714285714, 142.80956904099185, 142.7969165742652, 35.99536439041191, 130.7604734132765], "[85]": [6.142857142857139, 135.91274927803715, 135.90823562316473, 1.9829344581417558, 4545512.44513441], "[90]": [15.142857142857139, 136.95921139401435, 136.95816767130054, 23.793097714596144, 3034103.8459512033], "[95]": [3.2857142857142776, 130.9806545353058, 130.98100405254445, 28.875165438114834, 31.830183799768093], "[100]": [31.14285714285714, 109.9908672923575, 109.99140423506287, 84.40040811410398, 35.01041869431941]}