{"[25]": [48.27884773295512, 3.22247663957894, 88.30598271937777, 33.962923194877625, 10.91869998299052, 13.289271817651302, 49.70506561766249], "[50]": [19.57187767459532, 147584410525644.2, 43.98674862435527, 193.09059004611458, 13.638921763121145, 10.94595097076595, 718.278852899594], "[75]": [112.10830293119722, Infinity, 148.6166656919097, 382.2051065626763, 129.6723155767703, 178.8866849992697, 128.0463276965797], "[100]": [267.56266044827015, Infinity, 334.3626262101423, 681.3949244531746, 318.1981971417919, 446.80460307418275, 2928.069960497947], "[125]": [104.87317947286061, Infinity, 646.0631446795737, 1177.5938660843929, 510.9503512378315, 850.5034948792606, 859.729743991269], "[150]": [315.06971863447734, Infinity, 149.989628875097, 1057.6150030992335, 37.451318250805876, 204.39573987785195, 1834.3273673815006], "[175]": [122.9530221144845, Infinity, 445.0975728403262, 1846.1779328807427, 342.2601954311889, 520.8209951815735, 10041.604041368773], "[200]": [316.23665235661707, Infinity, 1468.2252243924952, 3665.565435042174, 1335.018793401533, 2234.258072962368, 1188.483350939071], "[250]": [Infinity, Infinity, 1722.860743990507, 1209.3363501802228, 1576.7295344831696, 691.8811011628546, 1367.767408717861], "[275]": [239.566633813356, Infinity, 1619.9320970526444, 161.35624300586392, 675.0158616917848, 2016.6482017104174, 1879.9349728456193]}