{"[5]": [6.532873494514666, Infinity, 6.557999402593327, 115.88956563965293, Infinity, Infinity, Infinity], "[10]": [11.51261314063072, Infinity, 11.564825180903641, 36.08373758944935, 22.741686905914698, 86.35686073773729, 296.69636166973635], "[15]": [13.157372551869514, 3.968836753816299, 15.12071418940871, 6.641015854823622, 7.566251906942891, 5.760511621175343, 44.34103962808757], "[20]": [14.828779795960967, 3.209398428355742, 24.238690262547497, 1.1607519706719318, 5.668167317074014, 2.5841885691107636, 31.658938042918116], "[25]": [18.304839470796495, 2.1348929751005308, 39.63710095820406, 0.9567386479901507, 5.641071103407407, 3.1722455981413016, 21.32430941517387], "[30]": [44.95758754621983, 1.098527565615607, 58.08088256015738, 1.0830513785027147, 5.685002693880071, 5.341447350836649, 14.968725180024661], "[35]": [4.218205581096717, 60.05464794872034, 44.52958182394523, 47.58377192424801, 33.627460415047395, 32.885871956474034, 2084.1838475695827], "[40]": [28.899608324655784, 52.75719978806778, 60.69085289133071, 108.35319057016441, 36.002551100153894, 48.75357178858275, 309.9820916361121], "[45]": [16.940731863100886, 389592426.7931045, 75.61198091957932, 140.64965438060696, 47.634441412514505, 88.21845014373088, 311.4460451626295], "[50]": [12.554472017483338, 134579570508.8764, 36.631125818890816, 125.99421949150975, 12.065573520796235, 9.175214841738043, 331.45606525062783], "[55]": [14.748931717119033, 63.02162295327012, 13.397327297486703, 118.12830269417637, 2.9030059141943227, 3.4470486501656836, 331.3742823598997], "[60]": [13.47540791724587, 1.332150647829769e+16, 12.056566290209275, 130.03532784667118, 5.880066084006286, 19.80545130335402, 409.6780214987047], "[65]": [7.215729363606976, 6.95040679009343e+17, 28.254311809729, 156.68362621990036, 17.919321612461143, 33.871007690555025, 437.3027212393299], "[70]": [26.036096722479098, Infinity, 54.822187036894185, 198.2629532717504, 47.328420754332335, 65.36231739406264, 322.56675621580575], "[75]": [50.01481137089645, Infinity, 80.59353998282019, 240.8716598102247, 66.00178390646946, 99.69748412333247, 65.08033913933055], "[80]": [17.09124652106942, Infinity, 67.27170792805644, 254.6487080812961, 44.82208849645608, 109.00288535091062, 42.7427383771336], "[85]": [5.273782207666662, 1.0142486737835809e+21, 69.3899117124927, 261.6833034583007, 51.568979921756835, 124.15430437970902, 46.39829066984453], "[90]": [6.676847422767025, Infinity, 52.62625519091852, 253.07645214178828, 43.21438280942355, 126.15898364217497, 1368.1985387189795], "[95]": [16.173590887049063, Infinity, 78.29523185802019, 284.4014322296784, 63.98469392275247, 157.78478483681374, 1364.4609362062408], "[100]": [79.04313762553629, Infinity, 122.21221084695563, 338.9519382802093, 110.91902289121073, 203.1489327000734, 1350.359234599453]}