{"[30]": [17.128068743346493, 7621.813337606209, 485.4409130882505, 83.90735348718364], "[40]": [53.50742722757251, 1248.1067864773254, 268.59604834712303, 101.61591538433126], "[50]": [23.79816053727336, 134118002415.93279, 127.73757975631392, 144.80514947982348], "[60]": [37.94440607875382, 1.2603977543591746e+16, 65.55906687404355, 91.21961841277651], "[70]": [25.55086818127683, Infinity, 4.273571129883561, 113.50184011610055], "[80]": [56.35172370650356, Infinity, 3.050650555733547, 115.5193028545674], "[90]": [22.271282540986732, Infinity, 17.931038568078307, 142.90791213829465], "[100]": [27.200701618467736, Infinity, 21.147665348764207, 114.98237301620105]}