{"[20]": [7.903638012817062, 5.5687129642819535], "[40]": [46.87323437006151, 33.54010222061669], "[60]": [61.780985869289786, 2.1636347680422547], "[80]": [72.85120683047813, 62.61158847744122]}