{"[5]": [0.0, Infinity, 0.0, 4.628788464625089e-06], "[10]": [7.0, Infinity, 7.0, 6.999997274411423], "[15]": [207.0, 207.00092705571672, 207.0, 206.99999846687493], "[20]": [580.970464691887, Infinity, 580.8571428571429, 579.7194484527453], "[25]": [623.8967592948412, 2300008984.84297, 623.2857142857143, 567.3677552759377], "[30]": [345.1282312897964, 251555.16666672437, 306.1428571428571, 39.95227973173314], "[35]": [74.42010005314, 19514.793602260528, 97.42857142857144, 191.92315603961106], "[40]": [16.329794274216113, 3351.370719311521, 404.8571428571429, 139.30610835276093], "[45]": [2.741661533906438, 771351817.7333328, 386.0, 98.53190482428909], "[50]": [48.36916335020052, 31012100869855.453, 240.42857142857144, 108.55714237622306], "[55]": [81.72945235186779, 2628502264395481.5, 163.14285714285717, 93.33979944976636], "[60]": [6.443096474566758, 2.414448034476967e+18, 88.0, 103.06926541160283], "[65]": [70.98051893599836, 1.2262497292012185e+20, 12.142857142857139, 119.25773519701215], "[70]": [80.44485182572905, Infinity, 20.0, 127.23390439701507], "[75]": [33.86918684512858, Infinity, 8.42857142857143, 120.66404682427674], "[80]": [99.17566732860368, Infinity, 24.14285714285714, 142.85293856065982], "[85]": [10.375673029594338, 1.3597322667469487e+23, 6.142857142857139, 135.9356806728938], "[90]": [57.64157728893551, Infinity, 15.142857142857139, 136.97188304074552], "[95]": [60.857172231733585, Infinity, 3.2857142857142776, 130.98771099526857], "[100]": [70.21232996725794, Infinity, 31.14285714285714, 109.99462945371852]}