{"[20]": [4.306237906740608, Infinity, 24.284110725633635, Infinity, Infinity, Infinity, Infinity], "[40]": [10.208648569786511, 2.6936920265297464, 60.04136644468784, Infinity, Infinity, Infinity, Infinity], "[60]": [7.342074297888089, 1.8627006929613328, 12.230238072976155, Infinity, Infinity, Infinity, Infinity], "[80]": [18.152294057577787, 33.68259076746006, 67.54771335927661, Infinity, Infinity, Infinity, Infinity], "[100]": [22.791452608812673, 112.13209250433165, 122.62616621698253, Infinity, Infinity, Infinity, Infinity], "[120]": [17.42340155360629, 31.639913032403694, 330.43079620859424, Infinity, Infinity, Infinity, Infinity], "[140]": [72.8857605160144, 75.67167832866554, 299.7540040251143, Infinity, Infinity, Infinity, Infinity], "[160]": [99.47934150149564, 139.0433724348194, 12.112458800599063, Infinity, Infinity, Infinity, Infinity], "[180]": [7.916407260832427, 4.128659915861582e+17, 282.4744294214143, Infinity, Infinity, Infinity, Infinity], "[200]": [8.334897706451848, Infinity, 771.9649093216482, Infinity, Infinity, Infinity, Infinity], "[220]": [122.34400193393705, Infinity, 609.7216532859744, Infinity, Infinity, Infinity, Infinity], "[240]": [14.181147792512087, 1.5898560668832357e+20, 8.79080554368948, Infinity, Infinity, Infinity, Infinity], "[260]": [65.289830158344, Infinity, 1174.319082326625, Infinity, Infinity, Infinity, Infinity], "[280]": [8.386125934272853, Infinity, 787.3168759424216, Infinity, Infinity, Infinity, Infinity]}