{"[5]": [15.541381142559088, Infinity, 15.510795436630033, 64.1265084349848, Infinity, Infinity, Infinity], "[10]": [28.92247140542193, Infinity, 25.315434848666, 538.5008636570057, 311.8926967440534, 5120.3361509996475, 17606.27813272822], "[15]": [41.0580318692588, 12.13879913190317, 42.22642799079553, 60.65805140243641, 19.696953402836737, 79.9639641597382, 142.697442588623], "[20]": [58.60735714180985, 17.053785592706397, 69.06982330712155, 14.650689373588687, 13.951295129231298, 17.648432796095847, 63.60613409204722], "[25]": [48.27884773295512, 3.22247663957894, 88.5085173180082, 33.962923194877625, 10.91869998299052, 13.289271817651302, 49.70506561766249], "[30]": [80.49726503768645, 42.732849816526716, 92.80890097563011, 73.21171976224765, 21.649450409595435, 11.628354756971692, 31.913217355176727], "[35]": [54.32294844778774, 176.49950991934205, 107.98219563922677, 176.29613567410794, 126.6932129341346, 104.15465935267048, 2070.7427069756304], "[40]": [78.85566049413828, 156.57913911262293, 109.30207157641782, 197.77149154654217, 69.5820733543576, 105.9719272298312, 669.8347368445278], "[45]": [27.290198136003518, 427239960425.245, 88.89471170838738, 201.0595132877647, 50.831893895814424, 160.63893601126063, 671.6387464170319], "[50]": [19.57187767459532, 147584410525644.2, 43.95358354393337, 193.09059004611458, 13.638921763121145, 10.94595097076595, 718.278852899594], "[55]": [13.536289564856524, 114.81978344822645, 28.538033081528994, 202.27996511209574, 10.270004668105086, 33.54716571116883, 717.0471842004537], "[60]": [57.82985635646798, 1.4608806573503912e+19, 47.10606228897634, 231.88666756789368, 31.862846594616574, 61.992150259716524, 886.1983606848936], "[65]": [55.527588373460176, 7.622046929352752e+20, 97.62731192476886, 292.6141481419432, 81.56911076887887, 109.80057372005307, 906.2443469339191], "[70]": [73.7468111199929, Infinity, 116.05378899015817, 326.9622208913334, 104.34941431404987, 133.63211712988098, 650.0276812898417], "[75]": [112.10830293119722, Infinity, 148.1534581842216, 382.2051065626763, 129.6723155767703, 178.8866849992697, 128.0463276965797], "[80]": [12.472075677717529, Infinity, 132.68357751705867, 407.7882161209533, 104.22538127973844, 194.18660311942142, 100.10911276962486], "[85]": [11.233717660700588, 1.1122588743284536e+24, 107.48778188601781, 403.7672011540099, 87.64499006863845, 189.17860957659852, 98.93044708323552], "[90]": [43.455324900207536, Infinity, 131.8219032655524, 446.14968087281466, 116.85917525980575, 232.68596396452904, 2964.320453315907], "[95]": [91.8487477134521, Infinity, 194.1321668535065, 526.1726359758649, 175.3495970305349, 305.9242718116274, 2956.8152545942335], "[100]": [267.56266044827015, Infinity, 334.86435486072907, 681.3949244531746, 318.1981971417919, 446.80460307418275, 2928.069960497947]}