{"[5]": [9.449716199605994, Infinity, 15.8, Infinity, Infinity], "[10]": [37.67645684522486, Infinity, 27.285714285714285, Infinity, Infinity], "[15]": [1.279811110898514, Infinity, 43.85714285714286, Infinity, Infinity], "[20]": [22.288902966729395, Infinity, 71.57142857142857, Infinity, Infinity], "[25]": [89.53316767000237, 61.08941156292644, 92.42857142857143, Infinity, Infinity], "[30]": [76.75956714670521, 725.8960455319192, 99.42857142857143, Infinity, Infinity], "[35]": [6.328074582589153, 172.88476446338632, 119.85714285714286, Infinity, Infinity], "[40]": [24.5761119020124, 43.25245335640636, 119.14285714285714, Infinity, Infinity], "[45]": [13.656628606186047, 44.539112528909186, 99.14285714285714, Infinity, Infinity], "[50]": [109.68376264428707, 56.56781656701844, 58.85714285714286, Infinity, Infinity], "[55]": [45.423248193846064, 15.8562826625394, 38.0, Infinity, Infinity], "[60]": [10.336790243007897, 14.823007253800654, 49.428571428571416, Infinity, Infinity], "[65]": [46.04014828447032, 29.169783220587135, 100.71428571428572, Infinity, Infinity], "[70]": [66.7885001525463, 16.080181345117126, 121.85714285714286, Infinity, Infinity], "[75]": [34.3632821006143, 110.48139430415176, 158.57142857142856, Infinity, Infinity], "[80]": [49.61085839477562, 91.8345330815576, 149.42857142857144, Infinity, Infinity], "[85]": [112.9319431879253, 584.1379119055262, 120.57142857142856, Infinity, Infinity], "[90]": [94.57581622636599, 467.9248086188095, 146.14285714285717, Infinity, Infinity], "[95]": [25.052383600139024, 88.12416648108047, 205.71428571428572, Infinity, Infinity], "[100]": [125.79156407714095, 176.5722858584436, 340.2857142857143, Infinity, Infinity]}