{"[20]": [22.288902966729538, Infinity, 71.57142857142857, 78.39830189766245, 82.89700812389748], "[40]": [24.57611190201132, 43.252752975927024, 119.14285714285714, 97.41254258802678, 53.30192642566922], "[60]": [10.336790243014264, 14.8224216817718, 49.428571428571416, 38.76918969581561, 42.577230264677326], "[80]": [49.61085839477954, 91.8414509322734, 149.42857142857144, 79.30339995566283, 34.701325994297804], "[100]": [125.79156407713651, 176.5720656492772, 340.2857142857143, 442.2807392472214, 109.56679671917084], "[120]": [33.975471937859766, 1800.135645909978, 631.8571428571429, 107.3943640777336, 147.68760132672378], "[140]": [132.6652055197942, 58.27721475175167, 595.5714285714287, 865.4962746027034, 166.97033715317912], "[160]": [79.93746359603847, 182.26824411052803, 121.14285714285734, 425.9819328753333, 430.6591030616687], "[180]": [105.15981024785151, 4.241243798557033e+18, 627.1428571428573, 583.946662439449, 242.91290695995622], "[200]": [168.5819176921941, 7.950461964540113e+23, 1617.4285714285716, 406.7200636071175, 686.137749477487], "[220]": [368.5933405759506, 2.0499946868111498e+23, 1186.8571428571431, 343.45713315279863, 446.57177606290406], "[240]": [306.4081567697158, 4.936800831356446e+20, 564.7142857142853, 1721.4981035062565, 1195.0768039705254], "[260]": [205.55256868526158, 5.229376645537382e+43, 2225.5714285714284, 972.6983923993689, 1869.4625433191286], "[280]": [99.93510965762016, 3.953628228464477e+49, 1557.4285714285716, 322.56799854681526, 947.0819518117005]}