{"[25]": [20.8351665529174, 4.220389648608418, 44.42857142857143, Infinity, Infinity], "[50]": [43.23258651720454, 27.464792195635766, 51.85714285714286, Infinity, Infinity], "[75]": [22.788410085689748, 15.012758154310177, 91.57142857142856, Infinity, Infinity], "[100]": [31.36094439775684, 136.10071537986812, 128.28571428571428, Infinity, Infinity], "[125]": [21.830817039943895, 396.6435049654433, 360.42857142857133, Infinity, Infinity], "[150]": [53.09473512113436, 68.59784829212185, 263.14285714285734, Infinity, Infinity], "[175]": [72.47725579617463, 1.7007063947105788e+19, 287.2857142857142, Infinity, Infinity], "[200]": [14.039855361002083, 7.249891808798085e+20, 909.4285714285716, Infinity, Infinity], "[250]": [246.0985535885784, 6.119188996947235e+39, 834.4285714285716, Infinity, Infinity], "[275]": [50.2103251640865, 2.306285764424317e+51, 1193.7142857142858, Infinity, Infinity]}