{"[5]": [6.5328347749581726, Infinity, 6.531843989252536, Infinity, Infinity, Infinity, Infinity], "[10]": [11.475115340242578, Infinity, 11.655656237573357, Infinity, Infinity, Infinity, Infinity], "[15]": [13.157380690827868, 3.9688390708962626, 15.114417675959025, Infinity, Infinity, Infinity, Infinity], "[20]": [14.656487057696609, 3.2093987368275707, 23.925206616017626, Infinity, Infinity, Infinity, Infinity], "[25]": [18.304868624594487, 2.1348925551114495, 39.77915541107651, Infinity, Infinity, Infinity, Infinity], "[30]": [44.917656968149906, 1.0985275541068018, 58.80033135910824, Infinity, Infinity, Infinity, Infinity], "[35]": [4.7015862720138255, 60.05466036567209, 46.05749119357684, Infinity, Infinity, Infinity, Infinity], "[40]": [29.647095642003617, 52.757199814817945, 59.48936228029589, Infinity, Infinity, Infinity, Infinity], "[45]": [14.76682202373255, 389592426.7931224, 74.72683878715071, Infinity, Infinity, Infinity, Infinity], "[50]": [12.974888314014883, 134579570508.87285, 35.69066270608535, Infinity, Infinity, Infinity, Infinity], "[55]": [18.399292557166497, 63.02161858730495, 12.77409748216832, Infinity, Infinity, Infinity, Infinity], "[60]": [13.465627663935601, 1.3321506478302322e+16, 12.196704414759424, Infinity, Infinity, Infinity, Infinity], "[65]": [7.236945934209836, 6.950406790110081e+17, 28.756409419279873, Infinity, Infinity, Infinity, Infinity], "[70]": [26.056602704698168, Infinity, 55.705300908123135, Infinity, Infinity, Infinity, Infinity], "[75]": [Infinity, Infinity, 83.0998939017904, Infinity, Infinity, Infinity, Infinity], "[80]": [Infinity, Infinity, 69.57211567360301, Infinity, Infinity, Infinity, Infinity], "[85]": [Infinity, 1.0142486737835736e+21, 69.94216838831471, Infinity, Infinity, Infinity, Infinity], "[90]": [Infinity, Infinity, 54.086065269836276, Infinity, Infinity, Infinity, Infinity], "[95]": [Infinity, Infinity, 76.63816115969358, Infinity, Infinity, Infinity, Infinity], "[100]": [Infinity, Infinity, 122.57669087955529, Infinity, Infinity, Infinity, Infinity]}