{"[5]": [4.829017796016148, Infinity, 6.8, Infinity, Infinity], "[10]": [6.704414003903203, Infinity, 13.285714285714285, Infinity, Infinity], "[15]": [0.905642975640518, Infinity, 16.857142857142858, Infinity, Infinity], "[20]": [5.438829315363115, Infinity, 26.57142857142857, Infinity, Infinity], "[25]": [20.835166552917194, 4.220393172851757, 44.42857142857143, Infinity, Infinity], "[30]": [38.42344630904964, 130.00877965611267, 64.42857142857143, Infinity, Infinity], "[35]": [17.778798859972227, 68.76468214929398, 55.85714285714286, Infinity, Infinity], "[40]": [13.940576707502345, 4.983519516731008, 69.14285714285714, Infinity, Infinity], "[45]": [16.985079306568963, 37.33271585393328, 85.14285714285714, Infinity, Infinity], "[50]": [43.232586517207494, 27.464815675993577, 51.85714285714286, Infinity, Infinity], "[55]": [33.38778424168265, 33.98240174949535, 22.0, Infinity, Infinity], "[60]": [12.481254261945281, 3.412833693748098, 14.428571428571416, Infinity, Infinity], "[65]": [6.228815972184691, 32.7081265897213, 31.714285714285722, Infinity, Infinity], "[70]": [25.56474505108031, Infinity, 60.85714285714286, Infinity, Infinity], "[75]": [22.78841008568986, Infinity, 91.57142857142856, Infinity, Infinity], "[80]": [24.964035582270924, Infinity, 86.42857142857144, Infinity, Infinity], "[85]": [34.19812327467588, Infinity, 80.57142857142856, Infinity, Infinity], "[90]": [44.65493591578661, Infinity, 68.14285714285717, Infinity, Infinity], "[95]": [5.02340215378149, Infinity, 89.71428571428572, Infinity, Infinity], "[100]": [31.360944397759226, Infinity, 128.28571428571428, Infinity, Infinity]}