{"[0, 5, 6, 10]": 68850.90687852912, "[0, 3, 5, 6]": 29768.725120089555, "[5, 6, 10, 12]": 50492.80444607358, "[6, 10, 11, 12]": 30876.524524297965}