{"[0, 5, 10, 12]": 62353.75702502689, "[0, 3, 5, 10]": 56830.04207821869, "[3, 5, 10, 12]": 36743.39723729739, "[5, 10, 11, 12]": 36713.76619687437, "[3, 10, 11, 12]": 25465.441584478922, "[9, 10, 11, 12]": 50082.721474998165, "[2, 9, 10, 11]": 47153.778630221386}