{"[0, 5, 10, 12]": 62353.75702502689, "[0, 3, 5, 10]": 56830.04207821869, "[3, 5, 10, 12]": 36743.39723729739, "[5, 10, 11, 12]": 36713.76619687437, "[9, 10, 11, 12]": 50082.721474998165, "[2, 9, 10, 11]": 47153.778630221386, "[5, 9, 10, 12]": 61050.048774128634, "[2, 5, 9, 10]": 63702.39060215365, "[2, 3, 5, 9]": 22365.298802266585, "[5, 6, 9, 12]": 25969.637413928693, "[5, 6, 9, 10]": 77591.87429379195, "[2, 5, 6, 9]": 26821.446621833045, "[6, 9, 10, 12]": 65974.62883798902, "[3, 5, 9, 10]": 63063.8387715625, "[3, 6, 10, 12]": 31143.63264865022, "[3, 8, 9, 10]": 51224.67711179244, "[8, 9, 10, 12]": 49087.13091385201, "[3, 9, 10, 12]": 48091.76506185384, "[3, 9, 10, 11]": 47556.995801940786, "[2, 6, 9, 11]": 21867.13466194086, "[2, 8, 9, 11]": 16885.35036686089, "[2, 9, 10, 12]": 48139.707520576405, "[2, 3, 9, 10]": 48491.56886797172, "[2, 3, 4, 9]": 28888.43405760602, "[3, 4, 9, 12]": 26865.761703776123, "[4, 9, 11, 12]": 30077.34542541022, "[2, 4, 9, 11]": 28602.66874254391, "[4, 6, 9, 12]": 35966.41986536303, "[2, 4, 6, 9]": 36470.06592410107, "[2, 3, 4, 6]": 15140.494036083626, "[4, 6, 7, 12]": 14129.304152989595, "[6, 9, 11, 12]": 21610.771292170426, "[2, 3, 10, 12]": 24123.392322784464, "[3, 10, 11, 12]": 25465.441584478922, "[2, 3, 10, 11]": 24354.175010040024, "[3, 6, 7, 10]": 31941.36246269611, "[2, 3, 6, 7]": 11963.372171968307, "[6, 7, 10, 12]": 33817.98476513927, "[2, 6, 7, 10]": 32332.751698344233, "[5, 6, 7, 12]": 16057.43560467474, "[7, 10, 11, 12]": 26223.267231008234, "[2, 6, 10, 12]": 31453.019667616656, "[6, 10, 11, 12]": 30876.524524297965, "[2, 4, 6, 10]": 38498.04073676863, "[2, 3, 6, 9]": 21165.85216834033, "[2, 3, 6, 8]": 11481.68298866637, "[3, 6, 8, 12]": 10139.55563253573, "[6, 8, 11, 12]": 11260.699606132186, "[2, 6, 8, 11]": 12092.369589405038, "[2, 3, 8, 9]": 16539.75455675089, "[2, 3, 4, 8]": 12499.205402193726, "[3, 4, 8, 12]": 11645.26026026806, "[4, 8, 11, 12]": 11943.96422358498, "[2, 4, 8, 11]": 12317.32610344494, "[3, 4, 7, 12]": 11880.743659063251, "[2, 3, 4, 7]": 12538.93190129097, "[2, 3, 4, 5]": 18410.011203325226, "[1, 3, 6, 7]": 11591.166433292074, "[3, 6, 7, 12]": 10463.876187405689, "[6, 7, 11, 12]": 11136.880306610354, "[2, 6, 7, 11]": 12293.996985357195, "[2, 3, 7, 9]": 16023.198269149238, "[2, 3, 7, 8]": 9174.80054162696, "[3, 7, 8, 12]": 7134.1794470191035, "[7, 8, 11, 12]": 8821.444848501682, "[2, 7, 8, 11]": 10029.30775005485, "[1, 3, 6, 8]": 11134.450869383227, "[3, 6, 7, 8]": 10328.98153094593, "[6, 7, 8, 12]": 10536.137455415277, "[2, 6, 7, 8]": 11904.013531148861, "[3, 8, 9, 12]": 14849.066969515638, "[1, 8, 9, 12]": 16169.432282179498, "[1, 3, 8, 9]": 16270.11896163758, "[1, 3, 4, 8]": 11292.20083130848, "[3, 4, 7, 8]": 11933.44850230028, "[4, 7, 8, 12]": 11848.372801190542, "[2, 4, 7, 8]": 12634.593658767446, "[1, 6, 7, 10]": 34501.71424521226, "[1, 3, 7, 9]": 15901.327890726847, "[1, 3, 4, 7]": 11505.72923413114, "[1, 9, 11, 12]": 16777.333127202164, "[1, 3, 9, 11]": 16287.816839377181, "[3, 9, 11, 12]": 16021.1648809653, "[2, 6, 10, 11]": 31838.843125953492, "[5, 6, 10, 12]": 50492.80444607358, "[2, 5, 6, 10]": 48129.75058293967, "[4, 6, 7, 10]": 38857.036645266264, "[2, 4, 6, 7]": 15570.208406568578, "[5, 7, 10, 12]": 38169.50223569615, "[2, 5, 7, 10]": 37710.095992352035, "[4, 7, 9, 10]": 99564.16500610202, "[2, 4, 7, 9]": 26834.27226797309, "[7, 9, 10, 12]": 45299.415123882536, "[5, 7, 9, 12]": 22265.86852361258, "[2, 5, 10, 11]": 38320.9466717863, "[2, 3, 5, 10]": 36065.68495828581, "[3, 5, 7, 12]": 13612.832758605844, "[5, 6, 7, 10]": 50750.12764675035, "[2, 5, 6, 7]": 17047.15952942819}